adjacency	T030/T033	true
adjacency	T030/T034	true
adjacency	T030/T036	true
adjacency	T031/T044	true
adjacency	T032/T044	true
adjacency	T033/T041	true
adjacency	T034/T036	true
adjacency	T034/T037	true
adjacency	T034/T043	true
adjacency	T035/T036	true
adjacency	T035/T042	true
adjacency	T036/T043	true
adjacency	T036/T050	true
adjacency	T037/T040	true
adjacency	T037/T043	true
adjacency	T037/T046	true
adjacency	T037/T051	true
adjacency	T037/T052	true
adjacency	T040/T048	true
adjacency	T040/T051	true
adjacency	T040/T057	true
adjacency	T040/T081	true
adjacency	T041/T042	true
adjacency	T041/T076	true
adjacency	T042/T070	true
adjacency	T043/T050	true
adjacency	T043/T052	true
adjacency	T043/T067	true
adjacency	T044/T053	true
adjacency	T044/T094	true
adjacency	T044/T105	true
adjacency	T046/T051	true
adjacency	T046/T052	true
adjacency	T046/T064	true
adjacency	T048/T051	true
adjacency	T049/T060	true
adjacency	T049/T083	true
adjacency	T049/T114	true
adjacency	T050/T067	true
adjacency	T050/T101	true
adjacency	T051/T064	true
adjacency	T051/T078	true
adjacency	T051/T081	true
adjacency	T051/T093	true
adjacency	T052/T064	true
adjacency	T052/T067	true
adjacency	T052/T080	true
adjacency	T053/T094	true
adjacency	T053/T156	true
adjacency	T054/T056	true
adjacency	T054/T066	true
adjacency	T055/T061	true
adjacency	T055/T072	true
adjacency	T056/T058	true
adjacency	T056/T066	true
adjacency	T056/T069	true
adjacency	T057/T063	true
adjacency	T057/T068	true
adjacency	T057/T081	true
adjacency	T058/T059	true
adjacency	T058/T069	true
adjacency	T058/T085	true
adjacency	T059/T065	true
adjacency	T059/T085	true
adjacency	T059/T097	true
adjacency	T059/T103	true
adjacency	T060/T077	true
adjacency	T060/T083	true
adjacency	T060/T107	true
adjacency	T061/T072	true
adjacency	T061/T079	true
adjacency	T062/T066	true
adjacency	T062/T072	true
adjacency	T062/T074	true
adjacency	T062/T075	true
adjacency	T062/T082	true
adjacency	T062/T087	true
adjacency	T062/T091	true
adjacency	T062/T100	true
adjacency	T063/T081	true
adjacency	T064/T078	true
adjacency	T064/T080	true
adjacency	T064/T116	true
adjacency	T065/T077	true
adjacency	T065/T103	true
adjacency	T065/T118	true
adjacency	T066/T069	true
adjacency	T066/T082	true
adjacency	T066/T086	true
adjacency	T067/T080	true
adjacency	T067/T090	true
adjacency	T067/T101	true
adjacency	T067/T112	true
adjacency	T068/T079	true
adjacency	T069/T086	true
adjacency	T070/T089	true
adjacency	T070/T096	true
adjacency	T072/T079	true
adjacency	T072/T088	true
adjacency	T072/T104	true
adjacency	T074/T088	true
adjacency	T074/T100	true
adjacency	T075/T082	true
adjacency	T075/T087	true
adjacency	T075/T092	true
adjacency	T076/T119	true
adjacency	T076/T121	true
adjacency	T077/T124	true
adjacency	T078/T093	true
adjacency	T078/T116	true
adjacency	T078/T132	true
adjacency	T079/T104	true
adjacency	T079/T110	true
adjacency	T080/T090	true
adjacency	T080/T109	true
adjacency	T080/T116	true
adjacency	T081/T084	true
adjacency	T081/T093	true
adjacency	T081/T099	true
adjacency	T082/T086	true
adjacency	T082/T092	true
adjacency	T082/T095	true
adjacency	T082/T117	true
adjacency	T083/T107	true
adjacency	T083/T114	true
adjacency	T083/T184	true
adjacency	T085/T086	true
adjacency	T085/T097	true
adjacency	T085/T098	true
adjacency	T086/T095	true
adjacency	T086/T098	true
adjacency	T086/T115	true
adjacency	T087/T091	true
adjacency	T087/T092	true
adjacency	T088/T100	true
adjacency	T088/T102	true
adjacency	T088/T104	true
adjacency	T088/T106	true
adjacency	T089/T096	true
adjacency	T090/T109	true
adjacency	T090/T112	true
adjacency	T090/T135	true
adjacency	T091/T092	true
adjacency	T091/T100	true
adjacency	T092/T100	true
adjacency	T092/T113	true
adjacency	T092/T117	true
adjacency	T093/T123	true
adjacency	T093/T132	true
adjacency	T093/T136	true
adjacency	T094/T105	true
adjacency	T094/T156	true
adjacency	T094/T191	true
adjacency	T095/T115	true
adjacency	T095/T117	true
adjacency	T096/T101	true
adjacency	T096/T108	true
adjacency	T097/T098	true
adjacency	T097/T103	true
adjacency	T097/T125	true
adjacency	T098/T115	true
adjacency	T099/T123	true
adjacency	T099/T130	true
adjacency	T100/T102	true
adjacency	T100/T111	true
adjacency	T100/T113	true
adjacency	T100/T120	true
adjacency	T101/T112	true
adjacency	T101/T119	true
adjacency	T101/T168	true
adjacency	T102/T106	true
adjacency	T103/T118	true
adjacency	T103/T125	true
adjacency	T103/T163	true
adjacency	T103/T165	true
adjacency	T104/T106	true
adjacency	T104/T110	true
adjacency	T104/T122	true
adjacency	T104/T197	true
adjacency	T105/T191	true
adjacency	T105/T227	true
adjacency	T106/T122	true
adjacency	T106/T128	true
adjacency	T107/T124	true
adjacency	T107/T184	true
adjacency	T109/T116	true
adjacency	T109/T126	true
adjacency	T109/T131	true
adjacency	T109/T134	true
adjacency	T109/T135	true
adjacency	T110/T174	true
adjacency	T111/T128	true
adjacency	T112/T135	true
adjacency	T112/T168	true
adjacency	T112/T176	true
adjacency	T112/T181	true
adjacency	T113/T117	true
adjacency	T113/T120	true
adjacency	T113/T128	true
adjacency	T114/T184	true
adjacency	T115/T117	true
adjacency	T115/T125	true
adjacency	T115/T162	true
adjacency	T116/T126	true
adjacency	T116/T132	true
adjacency	T116/T139	true
adjacency	T116/T140	true
adjacency	T116/T143	true
adjacency	T116/T144	true
adjacency	T116/T145	true
adjacency	T116/T164	true
adjacency	T116/T170	true
adjacency	T116/T171	true
adjacency	T116/T186	true
adjacency	T117/T128	true
adjacency	T117/T153	true
adjacency	T117/T162	true
adjacency	T117/T193	true
adjacency	T118/T124	true
adjacency	T118/T163	true
adjacency	T118/T172	true
adjacency	T119/T121	true
adjacency	T119/T161	true
adjacency	T120/T128	true
adjacency	T121/T161	true
adjacency	T122/T128	true
adjacency	T122/T155	true
adjacency	T122/T197	true
adjacency	T123/T130	true
adjacency	T123/T142	true
adjacency	T123/T185	true
adjacency	T124/T172	true
adjacency	T124/T184	true
adjacency	T124/T192	true
adjacency	T125/T162	true
adjacency	T125/T165	true
adjacency	T125/T198	true
adjacency	T126/T131	true
adjacency	T126/T139	true
adjacency	T127/T133	true
adjacency	T128/T138	true
adjacency	T128/T155	true
adjacency	T128/T159	true
adjacency	T128/T193	true
adjacency	T130/T141	true
adjacency	T130/T147	true
adjacency	T130/T185	true
adjacency	T130/T188	true
adjacency	T131/T134	true
adjacency	T131/T139	true
adjacency	T131/T146	true
adjacency	T132/T136	true
adjacency	T132/T149	true
adjacency	T132/T171	true
adjacency	T132/T187	true
adjacency	T132/T200	true
adjacency	T133/T141	true
adjacency	T133/T174	true
adjacency	T134/T135	true
adjacency	T134/T146	true
adjacency	T134/T148	true
adjacency	T134/T150	true
adjacency	T134/T160	true
adjacency	T135/T148	true
adjacency	T135/T176	true
adjacency	T135/T180	true
adjacency	T136/T142	true
adjacency	T136/T185	true
adjacency	T136/T200	true
adjacency	T138/T193	true
adjacency	T139/T140	true
adjacency	T139/T146	true
adjacency	T139/T158	true
adjacency	T139/T167	true
adjacency	T140/T145	true
adjacency	T140/T152	true
adjacency	T141/T147	true
adjacency	T141/T188	true
adjacency	T142/T185	true
adjacency	T143/T145	true
adjacency	T143/T166	true
adjacency	T143/T170	true
adjacency	T144/T157	true
adjacency	T144/T164	true
adjacency	T144/T171	true
adjacency	T145/T152	true
adjacency	T146/T150	true
adjacency	T146/T158	true
adjacency	T147/T188	true
adjacency	T148/T179	true
adjacency	T148/T180	true
adjacency	T149/T171	true
adjacency	T150/T158	true
adjacency	T150/T160	true
adjacency	T152/T167	true
adjacency	T152/T169	true
adjacency	T153/T162	true
adjacency	T153/T193	true
adjacency	T155/T159	true
adjacency	T155/T190	true
adjacency	T155/T197	true
adjacency	T156/T191	true
adjacency	T156/T222	true
adjacency	T157/T164	true
adjacency	T157/T171	true
adjacency	T157/T173	true
adjacency	T158/T160	true
adjacency	T158/T167	true
adjacency	T158/T175	true
adjacency	T159/T190	true
adjacency	T159/T193	true
adjacency	T159/T194	true
adjacency	T160/T175	true
adjacency	T160/T179	true
adjacency	T162/T193	true
adjacency	T162/T195	true
adjacency	T162/T198	true
adjacency	T163/T165	true
adjacency	T163/T172	true
adjacency	T163/T199	true
adjacency	T163/T201	true
adjacency	T163/T215	true
adjacency	T164/T173	true
adjacency	T164/T186	true
adjacency	T165/T198	true
adjacency	T165/T201	true
adjacency	T166/T169	true
adjacency	T166/T170	true
adjacency	T166/T177	true
adjacency	T167/T169	true
adjacency	T167/T175	true
adjacency	T167/T182	true
adjacency	T168/T181	true
adjacency	T168/T202	true
adjacency	T168/T206	true
adjacency	T169/T178	true
adjacency	T169/T182	true
adjacency	T170/T177	true
adjacency	T170/T183	true
adjacency	T170/T186	true
adjacency	T171/T173	true
adjacency	T171/T187	true
adjacency	T172/T192	true
adjacency	T172/T199	true
adjacency	T173/T187	true
adjacency	T174/T197	true
adjacency	T174/T207	true
adjacency	T175/T179	true
adjacency	T175/T189	true
adjacency	T176/T180	true
adjacency	T176/T181	true
adjacency	T176/T205	true
adjacency	T177/T178	true
adjacency	T177/T183	true
adjacency	T177/T189	true
adjacency	T178/T182	true
adjacency	T178/T189	true
adjacency	T179/T180	true
adjacency	T179/T189	true
adjacency	T180/T189	true
adjacency	T180/T205	true
adjacency	T181/T202	true
adjacency	T181/T205	true
adjacency	T182/T189	true
adjacency	T183/T186	true
adjacency	T183/T189	true
adjacency	T183/T196	true
adjacency	T184/T192	true
adjacency	T184/T210	true
adjacency	T184/T219	true
adjacency	T184/T224	true
adjacency	T185/T188	true
adjacency	T185/T200	true
adjacency	T185/T208	true
adjacency	T185/T217	true
adjacency	T186/T187	true
adjacency	T186/T196	true
adjacency	T186/T200	true
adjacency	T186/T203	true
adjacency	T186/T204	true
adjacency	T187/T200	true
adjacency	T188/T217	true
adjacency	T188/T218	true
adjacency	T189/T196	true
adjacency	T189/T205	true
adjacency	T190/T194	true
adjacency	T190/T197	true
adjacency	T190/T212	true
adjacency	T191/T222	true
adjacency	T191/T227	true
adjacency	T191/T269	true
adjacency	T192/T199	true
adjacency	T192/T213	true
adjacency	T192/T214	true
adjacency	T192/T224	true
adjacency	T193/T194	true
adjacency	T193/T195	true
adjacency	T193/T211	true
adjacency	T193/T242	true
adjacency	T193/T243	true
adjacency	T194/T211	true
adjacency	T194/T212	true
adjacency	T195/T198	true
adjacency	T195/T243	true
adjacency	T196/T203	true
adjacency	T196/T205	true
adjacency	T197/T207	true
adjacency	T197/T212	true
adjacency	T197/T246	true
adjacency	T197/T250	true
adjacency	T198/T201	true
adjacency	T198/T209	true
adjacency	T198/T226	true
adjacency	T198/T243	true
adjacency	T199/T213	true
adjacency	T200/T204	true
adjacency	T200/T208	true
adjacency	T200/T228	true
adjacency	T200/T229	true
adjacency	T201/T215	true
adjacency	T201/T216	true
adjacency	T202/T205	true
adjacency	T203/T204	true
adjacency	T203/T205	true
adjacency	T203/T228	true
adjacency	T204/T228	true
adjacency	T205/T228	true
adjacency	T205/T230	true
adjacency	T206/T245	true
adjacency	T207/T231	true
adjacency	T207/T237	true
adjacency	T207/T250	true
adjacency	T208/T217	true
adjacency	T208/T229	true
adjacency	T208/T240	true
adjacency	T209/T216	true
adjacency	T209/T226	true
adjacency	T210/T219	true
adjacency	T210/T236	true
adjacency	T211/T212	true
adjacency	T211/T238	true
adjacency	T211/T242	true
adjacency	T212/T238	true
adjacency	T212/T246	true
adjacency	T213/T214	true
adjacency	T213/T225	true
adjacency	T213/T244	true
adjacency	T214/T224	true
adjacency	T214/T244	true
adjacency	T214/T259	true
adjacency	T214/T263	true
adjacency	T215/T216	true
adjacency	T215/T225	true
adjacency	T216/T226	true
adjacency	T217/T218	true
adjacency	T217/T240	true
adjacency	T217/T252	true
adjacency	T218/T239	true
adjacency	T219/T224	true
adjacency	T219/T236	true
adjacency	T219/T254	true
adjacency	T220/T223	true
adjacency	T220/T232	true
adjacency	T222/T260	true
adjacency	T222/T269	true
adjacency	T223/T233	true
adjacency	T224/T251	true
adjacency	T224/T254	true
adjacency	T224/T263	true
adjacency	T225/T244	true
adjacency	T226/T241	true
adjacency	T226/T255	true
adjacency	T227/T269	true
adjacency	T227/T304	true
adjacency	T228/T229	true
adjacency	T228/T230	true
adjacency	T228/T256	true
adjacency	T228/T268	true
adjacency	T229/T240	true
adjacency	T229/T268	true
adjacency	T230/T245	true
adjacency	T230/T256	true
adjacency	T231/T233	true
adjacency	T231/T237	true
adjacency	T231/T247	true
adjacency	T231/T253	true
adjacency	T232/T239	true
adjacency	T233/T247	true
adjacency	T234/T249	true
adjacency	T235/T242	true
adjacency	T236/T249	true
adjacency	T236/T254	true
adjacency	T236/T303	true
adjacency	T237/T250	true
adjacency	T237/T253	true
adjacency	T238/T242	true
adjacency	T238/T246	true
adjacency	T238/T265	true
adjacency	T239/T252	true
adjacency	T240/T252	true
adjacency	T240/T268	true
adjacency	T241/T243	true
adjacency	T241/T255	true
adjacency	T242/T243	true
adjacency	T242/T265	true
adjacency	T242/T288	true
adjacency	T243/T255	true
adjacency	T243/T277	true
adjacency	T243/T288	true
adjacency	T244/T259	true
adjacency	T244/T261	true
adjacency	T244/T262	true
adjacency	T246/T250	true
adjacency	T246/T265	true
adjacency	T246/T270	true
adjacency	T247/T253	true
adjacency	T247/T266	true
adjacency	T249/T276	true
adjacency	T249/T303	true
adjacency	T250/T253	true
adjacency	T250/T266	true
adjacency	T250/T270	true
adjacency	T252/T267	true
adjacency	T252/T268	true
adjacency	T252/T279	true
adjacency	T253/T266	true
adjacency	T254/T280	true
adjacency	T254/T303	true
adjacency	T255/T275	true
adjacency	T255/T277	true
adjacency	T256/T264	true
adjacency	T256/T268	true
adjacency	T256/T274	true
adjacency	T256/T284	true
adjacency	T256/T289	true
adjacency	T259/T261	true
adjacency	T259/T263	true
adjacency	T259/T278	true
adjacency	T259/T302	true
adjacency	T261/T262	true
adjacency	T261/T278	true
adjacency	T261/T282	true
adjacency	T261/T290	true
adjacency	T262/T282	true
adjacency	T263/T280	true
adjacency	T263/T308	true
adjacency	T265/T270	true
adjacency	T265/T285	true
adjacency	T265/T288	true
adjacency	T266/T270	true
adjacency	T266/T272	true
adjacency	T266/T281	true
adjacency	T266/T286	true
adjacency	T267/T279	true
adjacency	T268/T279	true
adjacency	T268/T284	true
adjacency	T268/T306	true
adjacency	T268/T313	true
adjacency	T269/T304	true
adjacency	T269/T317	true
adjacency	T270/T281	true
adjacency	T270/T285	true
adjacency	T272/T283	true
adjacency	T272/T287	true
adjacency	T273/T292	true
adjacency	T273/T296	true
adjacency	T275/T277	true
adjacency	T275/T296	true
adjacency	T276/T303	true
adjacency	T276/T318	true
adjacency	T277/T288	true
adjacency	T277/T296	true
adjacency	T277/T319	true
adjacency	T277/T322	true
adjacency	T278/T290	true
adjacency	T278/T302	true
adjacency	T279/T299	true
adjacency	T279/T306	true
adjacency	T280/T303	true
adjacency	T280/T308	true
adjacency	T280/T316	true
adjacency	T281/T285	true
adjacency	T281/T286	true
adjacency	T281/T297	true
adjacency	T282/T290	true
adjacency	T282/T292	true
adjacency	T282/T312	true
adjacency	T283/T287	true
adjacency	T283/T300	true
adjacency	T284/T289	true
adjacency	T284/T313	true
adjacency	T285/T297	true
adjacency	T285/T298	true
adjacency	T285/T314	true
adjacency	T285/T326	true
adjacency	T286/T287	true
adjacency	T286/T297	true
adjacency	T286/T307	true
adjacency	T286/T328	true
adjacency	T287/T300	true
adjacency	T287/T307	true
adjacency	T288/T298	true
adjacency	T288/T319	true
adjacency	T288/T334	true
adjacency	T290/T302	true
adjacency	T290/T312	true
adjacency	T292/T296	true
adjacency	T292/T312	true
adjacency	T296/T312	true
adjacency	T296/T322	true
adjacency	T296/T329	true
adjacency	T297/T314	true
adjacency	T297/T328	true
adjacency	T298/T326	true
adjacency	T298/T334	true
adjacency	T299/T306	true
adjacency	T299/T320	true
adjacency	T300/T305	true
adjacency	T300/T309	true
adjacency	T300/T324	true
adjacency	T300/T325	true
adjacency	T302/T308	true
adjacency	T302/T312	true
adjacency	T302/T331	true
adjacency	T302/T349	true
adjacency	T303/T316	true
adjacency	T303/T318	true
adjacency	T303/T344	true
adjacency	T303/T350	true
adjacency	T304/T317	true
adjacency	T304/T393	true
adjacency	T304/T401	true
adjacency	T305/T309	true
adjacency	T305/T325	true
adjacency	T306/T313	true
adjacency	T306/T320	true
adjacency	T306/T333	true
adjacency	T307/T324	true
adjacency	T307/T328	true
adjacency	T308/T316	true
adjacency	T308/T349	true
adjacency	T308/T350	true
adjacency	T309/T311	true
adjacency	T309/T323	true
adjacency	T309/T325	true
adjacency	T310/T315	true
adjacency	T311/T315	true
adjacency	T311/T323	true
adjacency	T312/T329	true
adjacency	T312/T331	true
adjacency	T313/T330	true
adjacency	T313/T333	true
adjacency	T313/T345	true
adjacency	T313/T360	true
adjacency	T314/T326	true
adjacency	T314/T328	true
adjacency	T315/T321	true
adjacency	T316/T350	true
adjacency	T317/T401	true
adjacency	T318/T344	true
adjacency	T318/T373	true
adjacency	T319/T322	true
adjacency	T319/T334	true
adjacency	T320/T321	true
adjacency	T320/T333	true
adjacency	T320/T337	true
adjacency	T321/T323	true
adjacency	T321/T337	true
adjacency	T322/T329	true
adjacency	T322/T338	true
adjacency	T323/T325	true
adjacency	T323/T335	true
adjacency	T323/T337	true
adjacency	T324/T325	true
adjacency	T324/T328	true
adjacency	T324/T342	true
adjacency	T324/T354	true
adjacency	T325/T342	true
adjacency	T326/T334	true
adjacency	T326/T340	true
adjacency	T326/T346	true
adjacency	T326/T352	true
adjacency	T328/T351	true
adjacency	T328/T353	true
adjacency	T328/T354	true
adjacency	T328/T359	true
adjacency	T329/T331	true
adjacency	T329/T338	true
adjacency	T330/T360	true
adjacency	T331/T349	true
adjacency	T331/T355	true
adjacency	T331/T361	true
adjacency	T332/T339	true
adjacency	T333/T337	true
adjacency	T333/T345	true
adjacency	T337/T345	true
adjacency	T338/T355	true
adjacency	T340/T351	true
adjacency	T340/T352	true
adjacency	T342/T347	true
adjacency	T342/T348	true
adjacency	T344/T350	true
adjacency	T344/T362	true
adjacency	T344/T373	true
adjacency	T345/T360	true
adjacency	T346/T357	true
adjacency	T347/T348	true
adjacency	T348/T354	true
adjacency	T349/T350	true
adjacency	T349/T361	true
adjacency	T349/T396	true
adjacency	T349/T406	true
adjacency	T350/T394	true
adjacency	T350/T396	true
adjacency	T351/T352	true
adjacency	T351/T353	true
adjacency	T351/T358	true
adjacency	T351/T371	true
adjacency	T352/T358	true
adjacency	T352/T375	true
adjacency	T353/T359	true
adjacency	T353/T365	true
adjacency	T353/T367	true
adjacency	T353/T368	true
adjacency	T353/T371	true
adjacency	T354/T359	true
adjacency	T355/T361	true
adjacency	T355/T364	true
adjacency	T355/T395	true
adjacency	T355/T400	true
adjacency	T356/T391	true
adjacency	T357/T369	true
adjacency	T357/T374	true
adjacency	T357/T378	true
adjacency	T357/T391	true
adjacency	T358/T370	true
adjacency	T358/T375	true
adjacency	T358/T376	true
adjacency	T359/T366	true
adjacency	T360/T419	true
adjacency	T361/T400	true
adjacency	T361/T406	true
adjacency	T361/T409	true
adjacency	T362/T373	true
adjacency	T362/T394	true
adjacency	T362/T432	true
adjacency	T363/T378	true
adjacency	T363/T399	true
adjacency	T364/T382	true
adjacency	T364/T387	true
adjacency	T364/T395	true
adjacency	T364/T399	true
adjacency	T364/T407	true
adjacency	T365/T366	true
adjacency	T365/T367	true
adjacency	T367/T368	true
adjacency	T368/T371	true
adjacency	T369/T374	true
adjacency	T369/T378	true
adjacency	T369/T391	true
adjacency	T370/T375	true
adjacency	T370/T376	true
adjacency	T370/T379	true
adjacency	T371/T376	true
adjacency	T372/T377	true
adjacency	T372/T383	true
adjacency	T373/T432	true
adjacency	T375/T379	true
adjacency	T375/T381	true
adjacency	T375/T386	true
adjacency	T375/T402	true
adjacency	T376/T379	true
adjacency	T377/T390	true
adjacency	T377/T392	true
adjacency	T378/T391	true
adjacency	T378/T399	true
adjacency	T378/T423	true
adjacency	T379/T384	true
adjacency	T379/T388	true
adjacency	T380/T399	true
adjacency	T381/T391	true
adjacency	T381/T402	true
adjacency	T382/T387	true
adjacency	T382/T395	true
adjacency	T382/T403	true
adjacency	T382/T414	true
adjacency	T383/T385	true
adjacency	T383/T392	true
adjacency	T384/T386	true
adjacency	T384/T388	true
adjacency	T384/T402	true
adjacency	T385/T404	true
adjacency	T386/T402	true
adjacency	T387/T403	true
adjacency	T387/T407	true
adjacency	T388/T389	true
adjacency	T388/T398	true
adjacency	T389/T398	true
adjacency	T389/T408	true
adjacency	T390/T392	true
adjacency	T390/T397	true
adjacency	T390/T404	true
adjacency	T390/T410	true
adjacency	T391/T423	true
adjacency	T392/T404	true
adjacency	T393/T401	true
adjacency	T393/T426	true
adjacency	T393/T438	true
adjacency	T393/T461	true
adjacency	T394/T396	true
adjacency	T394/T429	true
adjacency	T394/T432	true
adjacency	T395/T400	true
adjacency	T395/T414	true
adjacency	T395/T427	true
adjacency	T396/T406	true
adjacency	T396/T428	true
adjacency	T397/T419	true
adjacency	T398/T402	true
adjacency	T398/T408	true
adjacency	T399/T407	true
adjacency	T399/T417	true
adjacency	T399/T423	true
adjacency	T400/T409	true
adjacency	T401/T426	true
adjacency	T401/T432	true
adjacency	T401/T440	true
adjacency	T401/T442	true
adjacency	T402/T408	true
adjacency	T402/T415	true
adjacency	T403/T407	true
adjacency	T403/T414	true
adjacency	T404/T410	true
adjacency	T404/T411	true
adjacency	T404/T418	true
adjacency	T406/T409	true
adjacency	T406/T428	true
adjacency	T406/T437	true
adjacency	T407/T417	true
adjacency	T408/T412	true
adjacency	T408/T415	true
adjacency	T408/T421	true
adjacency	T409/T420	true
adjacency	T409/T437	true
adjacency	T410/T416	true
adjacency	T410/T418	true
adjacency	T410/T422	true
adjacency	T411/T413	true
adjacency	T411/T418	true
adjacency	T412/T413	true
adjacency	T412/T421	true
adjacency	T412/T425	true
adjacency	T412/T431	true
adjacency	T412/T441	true
adjacency	T413/T418	true
adjacency	T413/T431	true
adjacency	T414/T427	true
adjacency	T414/T433	true
adjacency	T415/T421	true
adjacency	T415/T425	true
adjacency	T415/T435	true
adjacency	T416/T418	true
adjacency	T416/T422	true
adjacency	T417/T423	true
adjacency	T417/T430	true
adjacency	T417/T654	true
adjacency	T418/T422	true
adjacency	T420/T436	true
adjacency	T420/T437	true
adjacency	T421/T425	true
adjacency	T425/T435	true
adjacency	T425/T441	true
adjacency	T426/T438	true
adjacency	T426/T440	true
adjacency	T427/T433	true
adjacency	T428/T429	true
adjacency	T428/T437	true
adjacency	T428/T446	true
adjacency	T429/T432	true
adjacency	T429/T446	true
adjacency	T430/T433	true
adjacency	T430/T654	true
adjacency	T431/T441	true
adjacency	T432/T442	true
adjacency	T432/T446	true
adjacency	T432/T468	true
adjacency	T433/T654	true
adjacency	T435/T441	true
adjacency	T435/T444	true
adjacency	T436/T437	true
adjacency	T436/T439	true
adjacency	T436/T445	true
adjacency	T436/T447	true
adjacency	T437/T446	true
adjacency	T437/T447	true
adjacency	T438/T440	true
adjacency	T438/T449	true
adjacency	T438/T461	true
adjacency	T439/T445	true
adjacency	T440/T449	true
adjacency	T440/T451	true
adjacency	T441/T444	true
adjacency	T441/T460	true
adjacency	T441/T462	true
adjacency	T443/T444	true
adjacency	T443/T448	true
adjacency	T443/T450	true
adjacency	T444/T450	true
adjacency	T444/T454	true
adjacency	T444/T455	true
adjacency	T444/T462	true
adjacency	T445/T447	true
adjacency	T445/T448	true
adjacency	T446/T447	true
adjacency	T446/T468	true
adjacency	T448/T450	true
adjacency	T448/T454	true
adjacency	T448/T463	true
adjacency	T448/T466	true
adjacency	T449/T451	true
adjacency	T449/T461	true
adjacency	T449/T465	true
adjacency	T450/T454	true
adjacency	T451/T465	true
adjacency	T451/T476	true
adjacency	T452/T464	true
adjacency	T454/T455	true
adjacency	T454/T466	true
adjacency	T455/T462	true
adjacency	T455/T466	true
adjacency	T457/T464	true
adjacency	T457/T467	true
adjacency	T460/T462	true
adjacency	T460/T464	true
adjacency	T460/T469	true
adjacency	T461/T465	true
adjacency	T461/T476	true
adjacency	T462/T466	true
adjacency	T462/T469	true
adjacency	T463/T466	true
adjacency	T464/T467	true
adjacency	T464/T469	true
adjacency	T465/T476	true
adjacency	T467/T470	true
adjacency	T468/T471	true
adjacency	T469/T470	true
adjacency	T469/T474	true
adjacency	T469/T475	true
adjacency	T470/T472	true
adjacency	T470/T475	true
adjacency	T471/T476	true
adjacency	T471/T501	true
adjacency	T472/T473	true
adjacency	T472/T475	true
adjacency	T473/T475	true
adjacency	T473/T477	true
adjacency	T473/T478	true
adjacency	T474/T475	true
adjacency	T474/T479	true
adjacency	T475/T477	true
adjacency	T475/T479	true
adjacency	T476/T501	true
adjacency	T477/T478	true
adjacency	T477/T479	true
adjacency	T477/T485	true
adjacency	T477/T503	true
adjacency	T478/T483	true
adjacency	T478/T485	true
adjacency	T478/T491	true
adjacency	T479/T503	true
adjacency	T480/T481	true
adjacency	T480/T486	true
adjacency	T481/T482	true
adjacency	T481/T484	true
adjacency	T481/T486	true
adjacency	T482/T484	true
adjacency	T482/T492	true
adjacency	T483/T488	true
adjacency	T483/T491	true
adjacency	T484/T486	true
adjacency	T484/T492	true
adjacency	T485/T491	true
adjacency	T485/T503	true
adjacency	T486/T492	true
adjacency	T486/T493	true
adjacency	T487/T488	true
adjacency	T487/T496	true
adjacency	T488/T513	true
adjacency	T489/T492	true
adjacency	T490/T508	true
adjacency	T491/T496	true
adjacency	T491/T498	true
adjacency	T491/T503	true
adjacency	T491/T511	true
adjacency	T492/T497	true
adjacency	T493/T504	true
adjacency	T493/T506	true
adjacency	T494/T495	true
adjacency	T496/T498	true
adjacency	T496/T507	true
adjacency	T496/T517	true
adjacency	T497/T502	true
adjacency	T498/T507	true
adjacency	T498/T511	true
adjacency	T500/T510	true
adjacency	T500/T512	true
adjacency	T500/T655	true
adjacency	T502/T509	true
adjacency	T502/T655	true
adjacency	T503/T511	true
adjacency	T503/T512	true
adjacency	T503/T655	true
adjacency	T504/T506	true
adjacency	T506/T508	true
adjacency	T507/T511	true
adjacency	T507/T517	true
adjacency	T507/T519	true
adjacency	T507/T525	true
adjacency	T509/T515	true
adjacency	T509/T516	true
adjacency	T509/T524	true
adjacency	T509/T655	true
adjacency	T510/T512	true
adjacency	T510/T514	true
adjacency	T510/T655	true
adjacency	T511/T512	true
adjacency	T511/T519	true
adjacency	T511/T523	true
adjacency	T512/T514	true
adjacency	T512/T523	true
adjacency	T512/T533	true
adjacency	T512/T655	true
adjacency	T513/T543	true
adjacency	T514/T516	true
adjacency	T514/T518	true
adjacency	T514/T534	true
adjacency	T514/T535	true
adjacency	T514/T655	true
adjacency	T515/T516	true
adjacency	T515/T524	true
adjacency	T516/T524	true
adjacency	T516/T535	true
adjacency	T516/T655	true
adjacency	T517/T525	true
adjacency	T517/T538	true
adjacency	T518/T534	true
adjacency	T518/T535	true
adjacency	T519/T523	true
adjacency	T519/T525	true
adjacency	T519/T536	true
adjacency	T523/T533	true
adjacency	T523/T536	true
adjacency	T523/T540	true
adjacency	T524/T537	true
adjacency	T525/T536	true
adjacency	T525/T538	true
adjacency	T533/T534	true
adjacency	T533/T540	true
adjacency	T534/T535	true
adjacency	T534/T540	true
adjacency	T534/T541	true
adjacency	T535/T537	true
adjacency	T535/T541	true
adjacency	T535/T544	true
adjacency	T536/T538	true
adjacency	T536/T540	true
adjacency	T536/T547	true
adjacency	T536/T552	true
adjacency	T536/T553	true
adjacency	T537/T544	true
adjacency	T537/T548	true
adjacency	T537/T549	true
adjacency	T538/T547	true
adjacency	T540/T541	true
adjacency	T540/T550	true
adjacency	T540/T552	true
adjacency	T541/T544	true
adjacency	T541/T550	true
adjacency	T541/T557	true
adjacency	T542/T543	true
adjacency	T542/T547	true
adjacency	T543/T558	true
adjacency	T544/T548	true
adjacency	T544/T557	true
adjacency	T547/T553	true
adjacency	T548/T551	true
adjacency	T548/T557	true
adjacency	T549/T551	true
adjacency	T549/T564	true
adjacency	T549/T567	true
adjacency	T550/T552	true
adjacency	T550/T556	true
adjacency	T550/T557	true
adjacency	T551/T561	true
adjacency	T551/T564	true
adjacency	T551/T569	true
adjacency	T551/T573	true
adjacency	T552/T553	true
adjacency	T552/T556	true
adjacency	T552/T563	true
adjacency	T552/T566	true
adjacency	T552/T568	true
adjacency	T554/T557	true
adjacency	T554/T559	true
adjacency	T554/T561	true
adjacency	T555/T558	true
adjacency	T556/T557	true
adjacency	T556/T565	true
adjacency	T556/T566	true
adjacency	T557/T559	true
adjacency	T557/T561	true
adjacency	T557/T565	true
adjacency	T557/T575	true
adjacency	T558/T560	true
adjacency	T558/T581	true
adjacency	T560/T562	true
adjacency	T560/T581	true
adjacency	T561/T569	true
adjacency	T561/T575	true
adjacency	T563/T568	true
adjacency	T564/T567	true
adjacency	T564/T573	true
adjacency	T565/T566	true
adjacency	T565/T576	true
adjacency	T566/T568	true
adjacency	T566/T576	true
adjacency	T566/T580	true
adjacency	T566/T582	true
adjacency	T566/T583	true
adjacency	T567/T570	true
adjacency	T567/T587	true
adjacency	T568/T577	true
adjacency	T568/T579	true
adjacency	T568/T580	true
adjacency	T569/T573	true
adjacency	T569/T575	true
adjacency	T572/T573	true
adjacency	T573/T575	true
adjacency	T573/T589	true
adjacency	T574/T577	true
adjacency	T574/T578	true
adjacency	T574/T581	true
adjacency	T574/T586	true
adjacency	T575/T576	true
adjacency	T575/T589	true
adjacency	T576/T583	true
adjacency	T576/T589	true
adjacency	T577/T578	true
adjacency	T577/T585	true
adjacency	T577/T590	true
adjacency	T578/T586	true
adjacency	T578/T590	true
adjacency	T579/T580	true
adjacency	T579/T585	true
adjacency	T580/T582	true
adjacency	T580/T585	true
adjacency	T580/T591	true
adjacency	T581/T586	true
adjacency	T581/T594	true
adjacency	T582/T583	true
adjacency	T582/T584	true
adjacency	T582/T591	true
adjacency	T583/T584	true
adjacency	T583/T588	true
adjacency	T583/T589	true
adjacency	T584/T588	true
adjacency	T585/T590	true
adjacency	T585/T591	true
adjacency	T585/T592	true
adjacency	T586/T590	true
adjacency	T586/T594	true
adjacency	T588/T589	true
adjacency	T588/T591	true
adjacency	T588/T593	true
adjacency	T589/T593	true
adjacency	T589/T604	true
adjacency	T590/T592	true
adjacency	T590/T594	true
adjacency	T590/T595	true
adjacency	T590/T605	true
adjacency	T591/T593	true
adjacency	T591/T596	true
adjacency	T591/T597	true
adjacency	T591/T598	true
adjacency	T592/T595	true
adjacency	T593/T597	true
adjacency	T593/T604	true
adjacency	T594/T605	true
adjacency	T595/T599	true
adjacency	T595/T603	true
adjacency	T595/T605	true
adjacency	T595/T606	true
adjacency	T596/T597	true
adjacency	T596/T598	true
adjacency	T596/T602	true
adjacency	T596/T609	true
adjacency	T596/T610	true
adjacency	T597/T602	true
adjacency	T597/T604	true
adjacency	T597/T607	true
adjacency	T598/T610	true
adjacency	T598/T612	true
adjacency	T599/T603	true
adjacency	T599/T605	true
adjacency	T599/T608	true
adjacency	T600/T601	true
adjacency	T600/T604	true
adjacency	T600/T618	true
adjacency	T602/T607	true
adjacency	T602/T609	true
adjacency	T603/T606	true
adjacency	T603/T608	true
adjacency	T603/T611	true
adjacency	T604/T607	true
adjacency	T604/T613	true
adjacency	T604/T618	true
adjacency	T605/T608	true
adjacency	T605/T615	true
adjacency	T606/T611	true
adjacency	T606/T612	true
adjacency	T607/T609	true
adjacency	T607/T613	true
adjacency	T608/T611	true
adjacency	T608/T614	true
adjacency	T608/T615	true
adjacency	T608/T616	true
adjacency	T609/T610	true
adjacency	T609/T613	true
adjacency	T609/T617	true
adjacency	T609/T620	true
adjacency	T610/T612	true
adjacency	T610/T617	true
adjacency	T611/T612	true
adjacency	T611/T614	true
adjacency	T611/T621	true
adjacency	T612/T619	true
adjacency	T612/T621	true
adjacency	T612/T623	true
adjacency	T613/T618	true
adjacency	T613/T620	true
adjacency	T614/T616	true
adjacency	T614/T621	true
adjacency	T614/T624	true
adjacency	T615/T616	true
adjacency	T615/T624	true
adjacency	T615/T634	true
adjacency	T616/T624	true
adjacency	T617/T619	true
adjacency	T617/T620	true
adjacency	T617/T622	true
adjacency	T618/T620	true
adjacency	T618/T633	true
adjacency	T619/T622	true
adjacency	T619/T623	true
adjacency	T619/T625	true
adjacency	T620/T622	true
adjacency	T620/T626	true
adjacency	T620/T633	true
adjacency	T621/T623	true
adjacency	T621/T624	true
adjacency	T621/T627	true
adjacency	T621/T630	true
adjacency	T622/T625	true
adjacency	T622/T626	true
adjacency	T622/T628	true
adjacency	T622/T629	true
adjacency	T623/T625	true
adjacency	T623/T627	true
adjacency	T624/T630	true
adjacency	T624/T631	true
adjacency	T624/T634	true
adjacency	T625/T627	true
adjacency	T625/T628	true
adjacency	T626/T629	true
adjacency	T626/T633	true
adjacency	T627/T628	true
adjacency	T627/T630	true
adjacency	T627/T632	true
adjacency	T628/T629	true
adjacency	T628/T632	true
adjacency	T628/T635	true
adjacency	T628/T640	true
adjacency	T629/T633	true
adjacency	T629/T635	true
adjacency	T630/T631	true
adjacency	T630/T632	true
adjacency	T630/T639	true
adjacency	T631/T634	true
adjacency	T631/T639	true
adjacency	T632/T639	true
adjacency	T632/T640	true
adjacency	T632/T646	true
adjacency	T633/T635	true
adjacency	T633/T637	true
adjacency	T633/T648	true
adjacency	T634/T639	true
adjacency	T634/T642	true
adjacency	T634/T647	true
adjacency	T635/T640	true
adjacency	T635/T645	true
adjacency	T635/T648	true
adjacency	T636/T642	true
adjacency	T637/T648	true
adjacency	T638/T642	true
adjacency	T639/T646	true
adjacency	T639/T647	true
adjacency	T640/T645	true
adjacency	T640/T646	true
adjacency	T642/T647	true
adjacency	T643/T644	true
adjacency	T645/T646	true
adjacency	T645/T648	true
adjacency	T645/T649	true
adjacency	T646/T647	true
adjacency	T646/T649	true
adjacency	T647/T649	true
adjacency	T648/T649	true
adjacency	T649/T651	true
adjacency	T649/T652	true
automaticEdgeStats	T030|T033	bridge=0;bridgePixels=[];river=0;riverMarkerImageHeight=0;riverMarkerImageWidth=0;riverMarkerSamples=0;riverMarkerX=0;riverMarkerY=0;total=24;
automaticEdgeStats	T030|T034	bridge=0;bridgePixels=[];river=0;riverMarkerImageHeight=0;riverMarkerImageWidth=0;riverMarkerSamples=0;riverMarkerX=0;riverMarkerY=0;total=31;
automaticEdgeStats	T030|T036	bridge=0;bridgePixels=[];river=32;riverMarkerImageHeight=4000;riverMarkerImageWidth=3200;riverMarkerSamples=32;riverMarkerX=22827;riverMarkerY=15625;total=73;
automaticEdgeStats	T031|T044	bridge=0;bridgePixels=[];river=0;riverMarkerImageHeight=0;riverMarkerImageWidth=0;riverMarkerSamples=0;riverMarkerX=0;riverMarkerY=0;total=1;
automaticEdgeStats	T032|T044	bridge=0;bridgePixels=[];river=0;riverMarkerImageHeight=0;riverMarkerImageWidth=0;riverMarkerSamples=0;riverMarkerX=0;riverMarkerY=0;total=2;
automaticEdgeStats	T033|T041	bridge=0;bridgePixels=[];river=9;riverMarkerImageHeight=4000;riverMarkerImageWidth=3200;riverMarkerSamples=9;riverMarkerX=5255;riverMarkerY=4391;total=66;
automaticEdgeStats	T034|T036	bridge=0;bridgePixels=[];river=1;riverMarkerImageHeight=4000;riverMarkerImageWidth=3200;riverMarkerSamples=1;riverMarkerX=722;riverMarkerY=507;total=2;
automaticEdgeStats	T034|T037	bridge=0;bridgePixels=[];river=0;riverMarkerImageHeight=0;riverMarkerImageWidth=0;riverMarkerSamples=0;riverMarkerX=0;riverMarkerY=0;total=206;
automaticEdgeStats	T034|T043	bridge=0;bridgePixels=[];river=0;riverMarkerImageHeight=0;riverMarkerImageWidth=0;riverMarkerSamples=0;riverMarkerX=0;riverMarkerY=0;total=175;
automaticEdgeStats	T035|T036	bridge=0;bridgePixels=[];river=3;riverMarkerImageHeight=4000;riverMarkerImageWidth=3200;riverMarkerSamples=3;riverMarkerX=2013;riverMarkerY=1476;total=3;
automaticEdgeStats	T035|T042	bridge=0;bridgePixels=[];river=0;riverMarkerImageHeight=0;riverMarkerImageWidth=0;riverMarkerSamples=0;riverMarkerX=0;riverMarkerY=0;total=1;
automaticEdgeStats	T036|T043	bridge=0;bridgePixels=[];river=13;riverMarkerImageHeight=4000;riverMarkerImageWidth=3200;riverMarkerSamples=13;riverMarkerX=9298;riverMarkerY=6732;total=24;
automaticEdgeStats	T036|T050	bridge=0;bridgePixels=[];river=123;riverMarkerImageHeight=4000;riverMarkerImageWidth=3200;riverMarkerSamples=123;riverMarkerX=84195;riverMarkerY=63080;total=123;
automaticEdgeStats	T037|T040	bridge=0;bridgePixels=[];river=0;riverMarkerImageHeight=0;riverMarkerImageWidth=0;riverMarkerSamples=0;riverMarkerX=0;riverMarkerY=0;total=101;
automaticEdgeStats	T037|T043	bridge=0;bridgePixels=[];river=0;riverMarkerImageHeight=0;riverMarkerImageWidth=0;riverMarkerSamples=0;riverMarkerX=0;riverMarkerY=0;total=80;
automaticEdgeStats	T037|T046	bridge=0;bridgePixels=[];river=0;riverMarkerImageHeight=0;riverMarkerImageWidth=0;riverMarkerSamples=0;riverMarkerX=0;riverMarkerY=0;total=141;
automaticEdgeStats	T037|T051	bridge=0;bridgePixels=[];river=0;riverMarkerImageHeight=0;riverMarkerImageWidth=0;riverMarkerSamples=0;riverMarkerX=0;riverMarkerY=0;total=86;
automaticEdgeStats	T037|T052	bridge=0;bridgePixels=[];river=0;riverMarkerImageHeight=0;riverMarkerImageWidth=0;riverMarkerSamples=0;riverMarkerX=0;riverMarkerY=0;total=1;
automaticEdgeStats	T040|T048	bridge=0;bridgePixels=[];river=0;riverMarkerImageHeight=0;riverMarkerImageWidth=0;riverMarkerSamples=0;riverMarkerX=0;riverMarkerY=0;total=2;
automaticEdgeStats	T040|T051	bridge=0;bridgePixels=[];river=0;riverMarkerImageHeight=0;riverMarkerImageWidth=0;riverMarkerSamples=0;riverMarkerX=0;riverMarkerY=0;total=51;
automaticEdgeStats	T040|T057	bridge=0;bridgePixels=[];river=0;riverMarkerImageHeight=0;riverMarkerImageWidth=0;riverMarkerSamples=0;riverMarkerX=0;riverMarkerY=0;total=110;
automaticEdgeStats	T040|T081	bridge=0;bridgePixels=[];river=0;riverMarkerImageHeight=0;riverMarkerImageWidth=0;riverMarkerSamples=0;riverMarkerX=0;riverMarkerY=0;total=23;
automaticEdgeStats	T041|T042	bridge=0;bridgePixels=[];river=6;riverMarkerImageHeight=4000;riverMarkerImageWidth=3200;riverMarkerSamples=6;riverMarkerX=3467;riverMarkerY=3092;total=6;
automaticEdgeStats	T041|T076	bridge=0;bridgePixels=[];river=68;riverMarkerImageHeight=4000;riverMarkerImageWidth=3200;riverMarkerSamples=68;riverMarkerX=38631;riverMarkerY=37002;total=68;
automaticEdgeStats	T042|T070	bridge=0;bridgePixels=[];river=3;riverMarkerImageHeight=4000;riverMarkerImageWidth=3200;riverMarkerSamples=3;riverMarkerX=1827;riverMarkerY=1694;total=3;
automaticEdgeStats	T043|T050	bridge=0;bridgePixels=[];river=47;riverMarkerImageHeight=4000;riverMarkerImageWidth=3200;riverMarkerSamples=47;riverMarkerX=33629;riverMarkerY=25081;total=47;
automaticEdgeStats	T043|T052	bridge=0;bridgePixels=[];river=0;riverMarkerImageHeight=0;riverMarkerImageWidth=0;riverMarkerSamples=0;riverMarkerX=0;riverMarkerY=0;total=176;
automaticEdgeStats	T043|T067	bridge=0;bridgePixels=[];river=2;riverMarkerImageHeight=4000;riverMarkerImageWidth=3200;riverMarkerSamples=2;riverMarkerX=1447;riverMarkerY=1088;total=81;
automaticEdgeStats	T044|T053	bridge=0;bridgePixels=[];river=0;riverMarkerImageHeight=0;riverMarkerImageWidth=0;riverMarkerSamples=0;riverMarkerX=0;riverMarkerY=0;total=91;
automaticEdgeStats	T044|T094	bridge=0;bridgePixels=[];river=0;riverMarkerImageHeight=0;riverMarkerImageWidth=0;riverMarkerSamples=0;riverMarkerX=0;riverMarkerY=0;total=194;
automaticEdgeStats	T044|T105	bridge=0;bridgePixels=[];river=0;riverMarkerImageHeight=0;riverMarkerImageWidth=0;riverMarkerSamples=0;riverMarkerX=0;riverMarkerY=0;total=258;
automaticEdgeStats	T046|T051	bridge=0;bridgePixels=[];river=0;riverMarkerImageHeight=0;riverMarkerImageWidth=0;riverMarkerSamples=0;riverMarkerX=0;riverMarkerY=0;total=49;
automaticEdgeStats	T046|T052	bridge=0;bridgePixels=[];river=0;riverMarkerImageHeight=0;riverMarkerImageWidth=0;riverMarkerSamples=0;riverMarkerX=0;riverMarkerY=0;total=63;
automaticEdgeStats	T046|T064	bridge=0;bridgePixels=[];river=0;riverMarkerImageHeight=0;riverMarkerImageWidth=0;riverMarkerSamples=0;riverMarkerX=0;riverMarkerY=0;total=159;
automaticEdgeStats	T048|T051	bridge=0;bridgePixels=[];river=0;riverMarkerImageHeight=0;riverMarkerImageWidth=0;riverMarkerSamples=0;riverMarkerX=0;riverMarkerY=0;total=2;
automaticEdgeStats	T049|T060	bridge=0;bridgePixels=[];river=188;riverMarkerImageHeight=4000;riverMarkerImageWidth=3200;riverMarkerSamples=188;riverMarkerX=440073;riverMarkerY=95183;total=188;
automaticEdgeStats	T049|T083	bridge=0;bridgePixels=[];river=2;riverMarkerImageHeight=4000;riverMarkerImageWidth=3200;riverMarkerSamples=2;riverMarkerX=4595;riverMarkerY=1063;total=163;
automaticEdgeStats	T049|T114	bridge=0;bridgePixels=[];river=81;riverMarkerImageHeight=4000;riverMarkerImageWidth=3200;riverMarkerSamples=81;riverMarkerX=188854;riverMarkerY=47985;total=81;
automaticEdgeStats	T050|T067	bridge=0;bridgePixels=[];river=79;riverMarkerImageHeight=4000;riverMarkerImageWidth=3200;riverMarkerSamples=79;riverMarkerX=56772;riverMarkerY=44556;total=79;
automaticEdgeStats	T050|T101	bridge=0;bridgePixels=[];river=150;riverMarkerImageHeight=4000;riverMarkerImageWidth=3200;riverMarkerSamples=150;riverMarkerX=100980;riverMarkerY=87045;total=150;
automaticEdgeStats	T051|T064	bridge=0;bridgePixels=[];river=0;riverMarkerImageHeight=0;riverMarkerImageWidth=0;riverMarkerSamples=0;riverMarkerX=0;riverMarkerY=0;total=19;
automaticEdgeStats	T051|T078	bridge=0;bridgePixels=[];river=0;riverMarkerImageHeight=0;riverMarkerImageWidth=0;riverMarkerSamples=0;riverMarkerX=0;riverMarkerY=0;total=142;
automaticEdgeStats	T051|T081	bridge=0;bridgePixels=[];river=0;riverMarkerImageHeight=0;riverMarkerImageWidth=0;riverMarkerSamples=0;riverMarkerX=0;riverMarkerY=0;total=6;
automaticEdgeStats	T051|T093	bridge=0;bridgePixels=[];river=0;riverMarkerImageHeight=0;riverMarkerImageWidth=0;riverMarkerSamples=0;riverMarkerX=0;riverMarkerY=0;total=5;
automaticEdgeStats	T052|T064	bridge=0;bridgePixels=[];river=0;riverMarkerImageHeight=0;riverMarkerImageWidth=0;riverMarkerSamples=0;riverMarkerX=0;riverMarkerY=0;total=35;
automaticEdgeStats	T052|T067	bridge=0;bridgePixels=[];river=0;riverMarkerImageHeight=0;riverMarkerImageWidth=0;riverMarkerSamples=0;riverMarkerX=0;riverMarkerY=0;total=88;
automaticEdgeStats	T052|T080	bridge=0;bridgePixels=[];river=0;riverMarkerImageHeight=0;riverMarkerImageWidth=0;riverMarkerSamples=0;riverMarkerX=0;riverMarkerY=0;total=94;
automaticEdgeStats	T053|T094	bridge=0;bridgePixels=[];river=0;riverMarkerImageHeight=0;riverMarkerImageWidth=0;riverMarkerSamples=0;riverMarkerX=0;riverMarkerY=0;total=379;
automaticEdgeStats	T053|T156	bridge=0;bridgePixels=[];river=18;riverMarkerImageHeight=4000;riverMarkerImageWidth=3200;riverMarkerSamples=18;riverMarkerX=43137;riverMarkerY=11165;total=24;
automaticEdgeStats	T054|T056	bridge=0;bridgePixels=[];river=0;riverMarkerImageHeight=0;riverMarkerImageWidth=0;riverMarkerSamples=0;riverMarkerX=0;riverMarkerY=0;total=79;
automaticEdgeStats	T054|T066	bridge=0;bridgePixels=[];river=0;riverMarkerImageHeight=0;riverMarkerImageWidth=0;riverMarkerSamples=0;riverMarkerX=0;riverMarkerY=0;total=81;
automaticEdgeStats	T055|T061	bridge=1;bridgePixels=[imageHeight=4000;imageWidth=3200;x=1256;y=574;];river=11;riverMarkerImageHeight=4000;riverMarkerImageWidth=3200;riverMarkerSamples=11;riverMarkerX=13815;riverMarkerY=6242;total=14;
automaticEdgeStats	T055|T072	bridge=0;bridgePixels=[];river=31;riverMarkerImageHeight=4000;riverMarkerImageWidth=3200;riverMarkerSamples=31;riverMarkerX=39221;riverMarkerY=17641;total=31;
automaticEdgeStats	T056|T058	bridge=0;bridgePixels=[];river=0;riverMarkerImageHeight=0;riverMarkerImageWidth=0;riverMarkerSamples=0;riverMarkerX=0;riverMarkerY=0;total=77;
automaticEdgeStats	T056|T066	bridge=0;bridgePixels=[];river=0;riverMarkerImageHeight=0;riverMarkerImageWidth=0;riverMarkerSamples=0;riverMarkerX=0;riverMarkerY=0;total=3;
automaticEdgeStats	T056|T069	bridge=0;bridgePixels=[];river=0;riverMarkerImageHeight=0;riverMarkerImageWidth=0;riverMarkerSamples=0;riverMarkerX=0;riverMarkerY=0;total=129;
automaticEdgeStats	T057|T063	bridge=0;bridgePixels=[];river=0;riverMarkerImageHeight=0;riverMarkerImageWidth=0;riverMarkerSamples=0;riverMarkerX=0;riverMarkerY=0;total=20;
automaticEdgeStats	T057|T068	bridge=0;bridgePixels=[];river=0;riverMarkerImageHeight=0;riverMarkerImageWidth=0;riverMarkerSamples=0;riverMarkerX=0;riverMarkerY=0;total=1;
automaticEdgeStats	T057|T081	bridge=0;bridgePixels=[];river=0;riverMarkerImageHeight=0;riverMarkerImageWidth=0;riverMarkerSamples=0;riverMarkerX=0;riverMarkerY=0;total=147;
automaticEdgeStats	T058|T059	bridge=0;bridgePixels=[];river=0;riverMarkerImageHeight=0;riverMarkerImageWidth=0;riverMarkerSamples=0;riverMarkerX=0;riverMarkerY=0;total=137;
automaticEdgeStats	T058|T069	bridge=0;bridgePixels=[];river=0;riverMarkerImageHeight=0;riverMarkerImageWidth=0;riverMarkerSamples=0;riverMarkerX=0;riverMarkerY=0;total=72;
automaticEdgeStats	T058|T085	bridge=0;bridgePixels=[];river=0;riverMarkerImageHeight=0;riverMarkerImageWidth=0;riverMarkerSamples=0;riverMarkerX=0;riverMarkerY=0;total=115;
automaticEdgeStats	T059|T065	bridge=0;bridgePixels=[];river=0;riverMarkerImageHeight=0;riverMarkerImageWidth=0;riverMarkerSamples=0;riverMarkerX=0;riverMarkerY=0;total=181;
automaticEdgeStats	T059|T085	bridge=0;bridgePixels=[];river=3;riverMarkerImageHeight=4000;riverMarkerImageWidth=3200;riverMarkerSamples=3;riverMarkerX=5244;riverMarkerY=1825;total=67;
automaticEdgeStats	T059|T097	bridge=0;bridgePixels=[];river=0;riverMarkerImageHeight=0;riverMarkerImageWidth=0;riverMarkerSamples=0;riverMarkerX=0;riverMarkerY=0;total=28;
automaticEdgeStats	T059|T103	bridge=0;bridgePixels=[];river=0;riverMarkerImageHeight=0;riverMarkerImageWidth=0;riverMarkerSamples=0;riverMarkerX=0;riverMarkerY=0;total=30;
automaticEdgeStats	T060|T077	bridge=0;bridgePixels=[];river=0;riverMarkerImageHeight=0;riverMarkerImageWidth=0;riverMarkerSamples=0;riverMarkerX=0;riverMarkerY=0;total=196;
automaticEdgeStats	T060|T083	bridge=0;bridgePixels=[];river=275;riverMarkerImageHeight=4000;riverMarkerImageWidth=3200;riverMarkerSamples=275;riverMarkerX=619225;riverMarkerY=159545;total=275;
automaticEdgeStats	T060|T107	bridge=0;bridgePixels=[];river=2;riverMarkerImageHeight=4000;riverMarkerImageWidth=3200;riverMarkerSamples=2;riverMarkerX=4401;riverMarkerY=1314;total=136;
automaticEdgeStats	T061|T072	bridge=1;bridgePixels=[imageHeight=4000;imageWidth=3200;x=1255;y=594;];river=37;riverMarkerImageHeight=4000;riverMarkerImageWidth=3200;riverMarkerSamples=37;riverMarkerX=46476;riverMarkerY=21690;total=37;
automaticEdgeStats	T061|T079	bridge=0;bridgePixels=[];river=86;riverMarkerImageHeight=4000;riverMarkerImageWidth=3200;riverMarkerSamples=86;riverMarkerX=106198;riverMarkerY=50590;total=86;
automaticEdgeStats	T062|T066	bridge=0;bridgePixels=[];river=0;riverMarkerImageHeight=0;riverMarkerImageWidth=0;riverMarkerSamples=0;riverMarkerX=0;riverMarkerY=0;total=41;
automaticEdgeStats	T062|T072	bridge=0;bridgePixels=[];river=52;riverMarkerImageHeight=4000;riverMarkerImageWidth=3200;riverMarkerSamples=52;riverMarkerX=67828;riverMarkerY=29831;total=52;
automaticEdgeStats	T062|T074	bridge=0;bridgePixels=[];river=4;riverMarkerImageHeight=4000;riverMarkerImageWidth=3200;riverMarkerSamples=4;riverMarkerX=5610;riverMarkerY=2471;total=212;
automaticEdgeStats	T062|T075	bridge=0;bridgePixels=[];river=0;riverMarkerImageHeight=0;riverMarkerImageWidth=0;riverMarkerSamples=0;riverMarkerX=0;riverMarkerY=0;total=37;
automaticEdgeStats	T062|T082	bridge=0;bridgePixels=[];river=0;riverMarkerImageHeight=0;riverMarkerImageWidth=0;riverMarkerSamples=0;riverMarkerX=0;riverMarkerY=0;total=17;
automaticEdgeStats	T062|T087	bridge=0;bridgePixels=[];river=12;riverMarkerImageHeight=4000;riverMarkerImageWidth=3200;riverMarkerSamples=12;riverMarkerX=17395;riverMarkerY=7411;total=15;
automaticEdgeStats	T062|T091	bridge=0;bridgePixels=[];river=4;riverMarkerImageHeight=4000;riverMarkerImageWidth=3200;riverMarkerSamples=4;riverMarkerX=5787;riverMarkerY=2523;total=9;
automaticEdgeStats	T062|T100	bridge=0;bridgePixels=[];river=32;riverMarkerImageHeight=4000;riverMarkerImageWidth=3200;riverMarkerSamples=32;riverMarkerX=46012;riverMarkerY=20205;total=32;
automaticEdgeStats	T063|T081	bridge=0;bridgePixels=[];river=0;riverMarkerImageHeight=0;riverMarkerImageWidth=0;riverMarkerSamples=0;riverMarkerX=0;riverMarkerY=0;total=77;
automaticEdgeStats	T064|T078	bridge=0;bridgePixels=[];river=0;riverMarkerImageHeight=0;riverMarkerImageWidth=0;riverMarkerSamples=0;riverMarkerX=0;riverMarkerY=0;total=111;
automaticEdgeStats	T064|T080	bridge=0;bridgePixels=[];river=0;riverMarkerImageHeight=0;riverMarkerImageWidth=0;riverMarkerSamples=0;riverMarkerX=0;riverMarkerY=0;total=138;
automaticEdgeStats	T064|T116	bridge=0;bridgePixels=[];river=0;riverMarkerImageHeight=0;riverMarkerImageWidth=0;riverMarkerSamples=0;riverMarkerX=0;riverMarkerY=0;total=73;
automaticEdgeStats	T065|T077	bridge=0;bridgePixels=[];river=0;riverMarkerImageHeight=0;riverMarkerImageWidth=0;riverMarkerSamples=0;riverMarkerX=0;riverMarkerY=0;total=232;
automaticEdgeStats	T065|T103	bridge=0;bridgePixels=[];river=0;riverMarkerImageHeight=0;riverMarkerImageWidth=0;riverMarkerSamples=0;riverMarkerX=0;riverMarkerY=0;total=213;
automaticEdgeStats	T065|T118	bridge=0;bridgePixels=[];river=0;riverMarkerImageHeight=0;riverMarkerImageWidth=0;riverMarkerSamples=0;riverMarkerX=0;riverMarkerY=0;total=207;
automaticEdgeStats	T066|T069	bridge=0;bridgePixels=[];river=0;riverMarkerImageHeight=0;riverMarkerImageWidth=0;riverMarkerSamples=0;riverMarkerX=0;riverMarkerY=0;total=28;
automaticEdgeStats	T066|T082	bridge=0;bridgePixels=[];river=0;riverMarkerImageHeight=0;riverMarkerImageWidth=0;riverMarkerSamples=0;riverMarkerX=0;riverMarkerY=0;total=134;
automaticEdgeStats	T066|T086	bridge=0;bridgePixels=[];river=0;riverMarkerImageHeight=0;riverMarkerImageWidth=0;riverMarkerSamples=0;riverMarkerX=0;riverMarkerY=0;total=3;
automaticEdgeStats	T067|T080	bridge=0;bridgePixels=[];river=0;riverMarkerImageHeight=0;riverMarkerImageWidth=0;riverMarkerSamples=0;riverMarkerX=0;riverMarkerY=0;total=10;
automaticEdgeStats	T067|T090	bridge=0;bridgePixels=[];river=6;riverMarkerImageHeight=4000;riverMarkerImageWidth=3200;riverMarkerSamples=6;riverMarkerX=4672;riverMarkerY=3747;total=217;
automaticEdgeStats	T067|T101	bridge=0;bridgePixels=[];river=106;riverMarkerImageHeight=4000;riverMarkerImageWidth=3200;riverMarkerSamples=106;riverMarkerX=76081;riverMarkerY=65678;total=106;
automaticEdgeStats	T067|T112	bridge=0;bridgePixels=[];river=117;riverMarkerImageHeight=4000;riverMarkerImageWidth=3200;riverMarkerSamples=117;riverMarkerX=87694;riverMarkerY=74469;total=117;
automaticEdgeStats	T068|T079	bridge=0;bridgePixels=[];river=0;riverMarkerImageHeight=0;riverMarkerImageWidth=0;riverMarkerSamples=0;riverMarkerX=0;riverMarkerY=0;total=1;
automaticEdgeStats	T069|T086	bridge=0;bridgePixels=[];river=1;riverMarkerImageHeight=4000;riverMarkerImageWidth=3200;riverMarkerSamples=1;riverMarkerX=1604;riverMarkerY=602;total=167;
automaticEdgeStats	T070|T089	bridge=0;bridgePixels=[];river=0;riverMarkerImageHeight=0;riverMarkerImageWidth=0;riverMarkerSamples=0;riverMarkerX=0;riverMarkerY=0;total=1;
automaticEdgeStats	T070|T096	bridge=0;bridgePixels=[];river=3;riverMarkerImageHeight=4000;riverMarkerImageWidth=3200;riverMarkerSamples=3;riverMarkerX=1884;riverMarkerY=1854;total=4;
automaticEdgeStats	T072|T079	bridge=0;bridgePixels=[];river=82;riverMarkerImageHeight=4000;riverMarkerImageWidth=3200;riverMarkerSamples=82;riverMarkerX=103311;riverMarkerY=50307;total=82;
automaticEdgeStats	T072|T088	bridge=0;bridgePixels=[];river=0;riverMarkerImageHeight=0;riverMarkerImageWidth=0;riverMarkerSamples=0;riverMarkerX=0;riverMarkerY=0;total=69;
automaticEdgeStats	T072|T104	bridge=0;bridgePixels=[];river=6;riverMarkerImageHeight=4000;riverMarkerImageWidth=3200;riverMarkerSamples=6;riverMarkerX=7607;riverMarkerY=3790;total=57;
automaticEdgeStats	T074|T088	bridge=0;bridgePixels=[];river=191;riverMarkerImageHeight=4000;riverMarkerImageWidth=3200;riverMarkerSamples=191;riverMarkerX=261875;riverMarkerY=118179;total=191;
automaticEdgeStats	T074|T100	bridge=0;bridgePixels=[];river=38;riverMarkerImageHeight=4000;riverMarkerImageWidth=3200;riverMarkerSamples=38;riverMarkerX=53983;riverMarkerY=23909;total=38;
automaticEdgeStats	T075|T082	bridge=0;bridgePixels=[];river=0;riverMarkerImageHeight=0;riverMarkerImageWidth=0;riverMarkerSamples=0;riverMarkerX=0;riverMarkerY=0;total=10;
automaticEdgeStats	T075|T087	bridge=0;bridgePixels=[];river=5;riverMarkerImageHeight=4000;riverMarkerImageWidth=3200;riverMarkerSamples=5;riverMarkerX=7312;riverMarkerY=3059;total=17;
automaticEdgeStats	T075|T092	bridge=0;bridgePixels=[];river=3;riverMarkerImageHeight=4000;riverMarkerImageWidth=3200;riverMarkerSamples=3;riverMarkerX=4406;riverMarkerY=1829;total=10;
automaticEdgeStats	T076|T119	bridge=0;bridgePixels=[];river=175;riverMarkerImageHeight=4000;riverMarkerImageWidth=3200;riverMarkerSamples=175;riverMarkerX=97700;riverMarkerY=109208;total=175;
automaticEdgeStats	T076|T121	bridge=0;bridgePixels=[];river=27;riverMarkerImageHeight=4000;riverMarkerImageWidth=3200;riverMarkerSamples=27;riverMarkerX=13892;riverMarkerY=17769;total=152;
automaticEdgeStats	T077|T124	bridge=0;bridgePixels=[];river=0;riverMarkerImageHeight=0;riverMarkerImageWidth=0;riverMarkerSamples=0;riverMarkerX=0;riverMarkerY=0;total=308;
automaticEdgeStats	T078|T093	bridge=0;bridgePixels=[];river=0;riverMarkerImageHeight=0;riverMarkerImageWidth=0;riverMarkerSamples=0;riverMarkerX=0;riverMarkerY=0;total=153;
automaticEdgeStats	T078|T116	bridge=0;bridgePixels=[];river=0;riverMarkerImageHeight=0;riverMarkerImageWidth=0;riverMarkerSamples=0;riverMarkerX=0;riverMarkerY=0;total=132;
automaticEdgeStats	T078|T132	bridge=0;bridgePixels=[];river=0;riverMarkerImageHeight=0;riverMarkerImageWidth=0;riverMarkerSamples=0;riverMarkerX=0;riverMarkerY=0;total=67;
automaticEdgeStats	T079|T104	bridge=0;bridgePixels=[];river=18;riverMarkerImageHeight=4000;riverMarkerImageWidth=3200;riverMarkerSamples=18;riverMarkerX=22812;riverMarkerY=11482;total=18;
automaticEdgeStats	T079|T110	bridge=0;bridgePixels=[];river=59;riverMarkerImageHeight=4000;riverMarkerImageWidth=3200;riverMarkerSamples=59;riverMarkerX=73883;riverMarkerY=37487;total=61;
automaticEdgeStats	T080|T090	bridge=0;bridgePixels=[];river=0;riverMarkerImageHeight=0;riverMarkerImageWidth=0;riverMarkerSamples=0;riverMarkerX=0;riverMarkerY=0;total=117;
automaticEdgeStats	T080|T109	bridge=0;bridgePixels=[];river=111;riverMarkerImageHeight=4000;riverMarkerImageWidth=3200;riverMarkerSamples=111;riverMarkerX=92287;riverMarkerY=71911;total=111;
automaticEdgeStats	T080|T116	bridge=0;bridgePixels=[];river=4;riverMarkerImageHeight=4000;riverMarkerImageWidth=3200;riverMarkerSamples=4;riverMarkerX=3414;riverMarkerY=2601;total=25;
automaticEdgeStats	T081|T084	bridge=0;bridgePixels=[];river=0;riverMarkerImageHeight=0;riverMarkerImageWidth=0;riverMarkerSamples=0;riverMarkerX=0;riverMarkerY=0;total=1;
automaticEdgeStats	T081|T093	bridge=0;bridgePixels=[];river=0;riverMarkerImageHeight=0;riverMarkerImageWidth=0;riverMarkerSamples=0;riverMarkerX=0;riverMarkerY=0;total=210;
automaticEdgeStats	T081|T099	bridge=0;bridgePixels=[];river=144;riverMarkerImageHeight=4000;riverMarkerImageWidth=3200;riverMarkerSamples=144;riverMarkerX=167021;riverMarkerY=91173;total=144;
automaticEdgeStats	T082|T086	bridge=0;bridgePixels=[];river=0;riverMarkerImageHeight=0;riverMarkerImageWidth=0;riverMarkerSamples=0;riverMarkerX=0;riverMarkerY=0;total=12;
automaticEdgeStats	T082|T092	bridge=0;bridgePixels=[];river=32;riverMarkerImageHeight=4000;riverMarkerImageWidth=3200;riverMarkerSamples=32;riverMarkerX=48124;riverMarkerY=20095;total=66;
automaticEdgeStats	T082|T095	bridge=0;bridgePixels=[];river=0;riverMarkerImageHeight=0;riverMarkerImageWidth=0;riverMarkerSamples=0;riverMarkerX=0;riverMarkerY=0;total=62;
automaticEdgeStats	T082|T117	bridge=0;bridgePixels=[];river=0;riverMarkerImageHeight=0;riverMarkerImageWidth=0;riverMarkerSamples=0;riverMarkerX=0;riverMarkerY=0;total=1;
automaticEdgeStats	T083|T107	bridge=0;bridgePixels=[];river=32;riverMarkerImageHeight=4000;riverMarkerImageWidth=3200;riverMarkerSamples=32;riverMarkerX=70423;riverMarkerY=21284;total=32;
automaticEdgeStats	T083|T114	bridge=0;bridgePixels=[];river=130;riverMarkerImageHeight=4000;riverMarkerImageWidth=3200;riverMarkerSamples=130;riverMarkerX=296174;riverMarkerY=84193;total=130;
automaticEdgeStats	T083|T184	bridge=0;bridgePixels=[];river=102;riverMarkerImageHeight=4000;riverMarkerImageWidth=3200;riverMarkerSamples=102;riverMarkerX=227088;riverMarkerY=69005;total=102;
automaticEdgeStats	T085|T086	bridge=0;bridgePixels=[];river=1;riverMarkerImageHeight=4000;riverMarkerImageWidth=3200;riverMarkerSamples=1;riverMarkerX=1650;riverMarkerY=624;total=56;
automaticEdgeStats	T085|T097	bridge=0;bridgePixels=[];river=0;riverMarkerImageHeight=0;riverMarkerImageWidth=0;riverMarkerSamples=0;riverMarkerX=0;riverMarkerY=0;total=203;
automaticEdgeStats	T085|T098	bridge=0;bridgePixels=[];river=0;riverMarkerImageHeight=0;riverMarkerImageWidth=0;riverMarkerSamples=0;riverMarkerX=0;riverMarkerY=0;total=1;
automaticEdgeStats	T086|T095	bridge=0;bridgePixels=[];river=0;riverMarkerImageHeight=0;riverMarkerImageWidth=0;riverMarkerSamples=0;riverMarkerX=0;riverMarkerY=0;total=64;
automaticEdgeStats	T086|T098	bridge=0;bridgePixels=[];river=11;riverMarkerImageHeight=4000;riverMarkerImageWidth=3200;riverMarkerSamples=11;riverMarkerX=17870;riverMarkerY=6923;total=85;
automaticEdgeStats	T086|T115	bridge=0;bridgePixels=[];river=0;riverMarkerImageHeight=0;riverMarkerImageWidth=0;riverMarkerSamples=0;riverMarkerX=0;riverMarkerY=0;total=1;
automaticEdgeStats	T087|T091	bridge=0;bridgePixels=[];river=12;riverMarkerImageHeight=4000;riverMarkerImageWidth=3200;riverMarkerSamples=12;riverMarkerX=17441;riverMarkerY=7470;total=39;
automaticEdgeStats	T087|T092	bridge=1;bridgePixels=[imageHeight=4000;imageWidth=3200;x=1468;y=617;];river=11;riverMarkerImageHeight=4000;riverMarkerImageWidth=3200;riverMarkerSamples=11;riverMarkerX=16143;riverMarkerY=6777;total=19;
automaticEdgeStats	T088|T100	bridge=1;bridgePixels=[imageHeight=4000;imageWidth=3200;x=1396;y=651;];river=12;riverMarkerImageHeight=4000;riverMarkerImageWidth=3200;riverMarkerSamples=12;riverMarkerX=16923;riverMarkerY=7604;total=12;
automaticEdgeStats	T088|T102	bridge=0;bridgePixels=[];river=19;riverMarkerImageHeight=4000;riverMarkerImageWidth=3200;riverMarkerSamples=19;riverMarkerX=26640;riverMarkerY=12219;total=127;
automaticEdgeStats	T088|T104	bridge=0;bridgePixels=[];river=0;riverMarkerImageHeight=0;riverMarkerImageWidth=0;riverMarkerSamples=0;riverMarkerX=0;riverMarkerY=0;total=18;
automaticEdgeStats	T088|T106	bridge=0;bridgePixels=[];river=0;riverMarkerImageHeight=0;riverMarkerImageWidth=0;riverMarkerSamples=0;riverMarkerX=0;riverMarkerY=0;total=75;
automaticEdgeStats	T089|T096	bridge=0;bridgePixels=[];river=7;riverMarkerImageHeight=4000;riverMarkerImageWidth=3200;riverMarkerSamples=7;riverMarkerX=4364;riverMarkerY=4346;total=7;
automaticEdgeStats	T090|T109	bridge=0;bridgePixels=[];river=65;riverMarkerImageHeight=4000;riverMarkerImageWidth=3200;riverMarkerSamples=65;riverMarkerX=51938;riverMarkerY=42260;total=122;
automaticEdgeStats	T090|T112	bridge=0;bridgePixels=[];river=2;riverMarkerImageHeight=4000;riverMarkerImageWidth=3200;riverMarkerSamples=2;riverMarkerX=1556;riverMarkerY=1255;total=146;
automaticEdgeStats	T090|T135	bridge=0;bridgePixels=[];river=0;riverMarkerImageHeight=0;riverMarkerImageWidth=0;riverMarkerSamples=0;riverMarkerX=0;riverMarkerY=0;total=26;
automaticEdgeStats	T091|T092	bridge=0;bridgePixels=[];river=23;riverMarkerImageHeight=4000;riverMarkerImageWidth=3200;riverMarkerSamples=23;riverMarkerX=33693;riverMarkerY=14430;total=23;
automaticEdgeStats	T091|T100	bridge=0;bridgePixels=[];river=36;riverMarkerImageHeight=4000;riverMarkerImageWidth=3200;riverMarkerSamples=36;riverMarkerX=52432;riverMarkerY=22796;total=36;
automaticEdgeStats	T092|T100	bridge=0;bridgePixels=[];river=34;riverMarkerImageHeight=4000;riverMarkerImageWidth=3200;riverMarkerSamples=34;riverMarkerX=49790;riverMarkerY=21869;total=34;
automaticEdgeStats	T092|T113	bridge=0;bridgePixels=[];river=3;riverMarkerImageHeight=4000;riverMarkerImageWidth=3200;riverMarkerSamples=3;riverMarkerX=4401;riverMarkerY=1950;total=11;
automaticEdgeStats	T092|T117	bridge=0;bridgePixels=[];river=33;riverMarkerImageHeight=4000;riverMarkerImageWidth=3200;riverMarkerSamples=33;riverMarkerX=49455;riverMarkerY=21243;total=97;
automaticEdgeStats	T093|T123	bridge=0;bridgePixels=[];river=89;riverMarkerImageHeight=4000;riverMarkerImageWidth=3200;riverMarkerSamples=89;riverMarkerX=98678;riverMarkerY=59757;total=89;
automaticEdgeStats	T093|T132	bridge=0;bridgePixels=[];river=0;riverMarkerImageHeight=0;riverMarkerImageWidth=0;riverMarkerSamples=0;riverMarkerX=0;riverMarkerY=0;total=190;
automaticEdgeStats	T093|T136	bridge=0;bridgePixels=[];river=3;riverMarkerImageHeight=4000;riverMarkerImageWidth=3200;riverMarkerSamples=3;riverMarkerX=3280;riverMarkerY=2069;total=126;
automaticEdgeStats	T094|T105	bridge=0;bridgePixels=[];river=1;riverMarkerImageHeight=4000;riverMarkerImageWidth=3200;riverMarkerSamples=1;riverMarkerX=2697;riverMarkerY=724;total=340;
automaticEdgeStats	T094|T156	bridge=0;bridgePixels=[];river=575;riverMarkerImageHeight=4000;riverMarkerImageWidth=3200;riverMarkerSamples=575;riverMarkerX=1438582;riverMarkerY=384678;total=584;
automaticEdgeStats	T094|T191	bridge=0;bridgePixels=[];river=197;riverMarkerImageHeight=4000;riverMarkerImageWidth=3200;riverMarkerSamples=197;riverMarkerX=522481;riverMarkerY=139690;total=201;
automaticEdgeStats	T095|T115	bridge=0;bridgePixels=[];river=6;riverMarkerImageHeight=4000;riverMarkerImageWidth=3200;riverMarkerSamples=6;riverMarkerX=9603;riverMarkerY=3837;total=31;
automaticEdgeStats	T095|T117	bridge=0;bridgePixels=[];river=34;riverMarkerImageHeight=4000;riverMarkerImageWidth=3200;riverMarkerSamples=34;riverMarkerX=52613;riverMarkerY=22032;total=133;
automaticEdgeStats	T096|T101	bridge=0;bridgePixels=[];river=0;riverMarkerImageHeight=0;riverMarkerImageWidth=0;riverMarkerSamples=0;riverMarkerX=0;riverMarkerY=0;total=1;
automaticEdgeStats	T096|T108	bridge=0;bridgePixels=[];river=0;riverMarkerImageHeight=0;riverMarkerImageWidth=0;riverMarkerSamples=0;riverMarkerX=0;riverMarkerY=0;total=1;
automaticEdgeStats	T097|T098	bridge=0;bridgePixels=[];river=3;riverMarkerImageHeight=4000;riverMarkerImageWidth=3200;riverMarkerSamples=3;riverMarkerX=4961;riverMarkerY=1965;total=62;
automaticEdgeStats	T097|T103	bridge=0;bridgePixels=[];river=0;riverMarkerImageHeight=0;riverMarkerImageWidth=0;riverMarkerSamples=0;riverMarkerX=0;riverMarkerY=0;total=157;
automaticEdgeStats	T097|T125	bridge=0;bridgePixels=[];river=3;riverMarkerImageHeight=4000;riverMarkerImageWidth=3200;riverMarkerSamples=3;riverMarkerX=4966;riverMarkerY=1967;total=82;
automaticEdgeStats	T098|T115	bridge=0;bridgePixels=[];river=115;riverMarkerImageHeight=4000;riverMarkerImageWidth=3200;riverMarkerSamples=115;riverMarkerX=187580;riverMarkerY=74685;total=115;
automaticEdgeStats	T099|T123	bridge=0;bridgePixels=[];river=1;riverMarkerImageHeight=4000;riverMarkerImageWidth=3200;riverMarkerSamples=1;riverMarkerX=1132;riverMarkerY=657;total=91;
automaticEdgeStats	T099|T130	bridge=0;bridgePixels=[];river=0;riverMarkerImageHeight=0;riverMarkerImageWidth=0;riverMarkerSamples=0;riverMarkerX=0;riverMarkerY=0;total=38;
automaticEdgeStats	T100|T102	bridge=0;bridgePixels=[];river=2;riverMarkerImageHeight=4000;riverMarkerImageWidth=3200;riverMarkerSamples=2;riverMarkerX=2821;riverMarkerY=1280;total=38;
automaticEdgeStats	T100|T111	bridge=0;bridgePixels=[];river=1;riverMarkerImageHeight=4000;riverMarkerImageWidth=3200;riverMarkerSamples=1;riverMarkerX=1434;riverMarkerY=660;total=12;
automaticEdgeStats	T100|T113	bridge=0;bridgePixels=[];river=46;riverMarkerImageHeight=4000;riverMarkerImageWidth=3200;riverMarkerSamples=46;riverMarkerX=67381;riverMarkerY=30326;total=46;
automaticEdgeStats	T100|T120	bridge=0;bridgePixels=[];river=6;riverMarkerImageHeight=4000;riverMarkerImageWidth=3200;riverMarkerSamples=6;riverMarkerX=8787;riverMarkerY=4006;total=6;
automaticEdgeStats	T101|T112	bridge=0;bridgePixels=[];river=43;riverMarkerImageHeight=4000;riverMarkerImageWidth=3200;riverMarkerSamples=43;riverMarkerX=30782;riverMarkerY=28844;total=43;
automaticEdgeStats	T101|T119	bridge=0;bridgePixels=[];river=23;riverMarkerImageHeight=4000;riverMarkerImageWidth=3200;riverMarkerSamples=23;riverMarkerX=14178;riverMarkerY=16584;total=72;
automaticEdgeStats	T101|T168	bridge=1;bridgePixels=[imageHeight=4000;imageWidth=3200;x=687;y=706;];river=33;riverMarkerImageHeight=4000;riverMarkerImageWidth=3200;riverMarkerSamples=33;riverMarkerX=22869;riverMarkerY=23030;total=34;
automaticEdgeStats	T102|T106	bridge=0;bridgePixels=[];river=0;riverMarkerImageHeight=0;riverMarkerImageWidth=0;riverMarkerSamples=0;riverMarkerX=0;riverMarkerY=0;total=83;
automaticEdgeStats	T103|T118	bridge=0;bridgePixels=[];river=0;riverMarkerImageHeight=0;riverMarkerImageWidth=0;riverMarkerSamples=0;riverMarkerX=0;riverMarkerY=0;total=85;
automaticEdgeStats	T103|T125	bridge=0;bridgePixels=[];river=0;riverMarkerImageHeight=0;riverMarkerImageWidth=0;riverMarkerSamples=0;riverMarkerX=0;riverMarkerY=0;total=32;
automaticEdgeStats	T103|T163	bridge=0;bridgePixels=[];river=0;riverMarkerImageHeight=0;riverMarkerImageWidth=0;riverMarkerSamples=0;riverMarkerX=0;riverMarkerY=0;total=239;
automaticEdgeStats	T103|T165	bridge=0;bridgePixels=[];river=0;riverMarkerImageHeight=0;riverMarkerImageWidth=0;riverMarkerSamples=0;riverMarkerX=0;riverMarkerY=0;total=129;
automaticEdgeStats	T104|T106	bridge=0;bridgePixels=[];river=0;riverMarkerImageHeight=0;riverMarkerImageWidth=0;riverMarkerSamples=0;riverMarkerX=0;riverMarkerY=0;total=30;
automaticEdgeStats	T104|T110	bridge=0;bridgePixels=[];river=99;riverMarkerImageHeight=4000;riverMarkerImageWidth=3200;riverMarkerSamples=99;riverMarkerX=126085;riverMarkerY=66001;total=99;
automaticEdgeStats	T104|T122	bridge=0;bridgePixels=[];river=0;riverMarkerImageHeight=0;riverMarkerImageWidth=0;riverMarkerSamples=0;riverMarkerX=0;riverMarkerY=0;total=64;
automaticEdgeStats	T104|T197	bridge=0;bridgePixels=[];river=2;riverMarkerImageHeight=4000;riverMarkerImageWidth=3200;riverMarkerSamples=2;riverMarkerX=2567;riverMarkerY=1384;total=22;
automaticEdgeStats	T105|T191	bridge=0;bridgePixels=[];river=268;riverMarkerImageHeight=4000;riverMarkerImageWidth=3200;riverMarkerSamples=268;riverMarkerX=739412;riverMarkerY=199889;total=276;
automaticEdgeStats	T105|T227	bridge=0;bridgePixels=[];river=137;riverMarkerImageHeight=4000;riverMarkerImageWidth=3200;riverMarkerSamples=137;riverMarkerX=391542;riverMarkerY=104573;total=137;
automaticEdgeStats	T106|T122	bridge=0;bridgePixels=[];river=0;riverMarkerImageHeight=0;riverMarkerImageWidth=0;riverMarkerSamples=0;riverMarkerX=0;riverMarkerY=0;total=24;
automaticEdgeStats	T106|T128	bridge=0;bridgePixels=[];river=0;riverMarkerImageHeight=0;riverMarkerImageWidth=0;riverMarkerSamples=0;riverMarkerX=0;riverMarkerY=0;total=55;
automaticEdgeStats	T107|T124	bridge=0;bridgePixels=[];river=0;riverMarkerImageHeight=0;riverMarkerImageWidth=0;riverMarkerSamples=0;riverMarkerX=0;riverMarkerY=0;total=98;
automaticEdgeStats	T107|T184	bridge=0;bridgePixels=[];river=130;riverMarkerImageHeight=4000;riverMarkerImageWidth=3200;riverMarkerSamples=130;riverMarkerX=282186;riverMarkerY=88696;total=130;
automaticEdgeStats	T109|T116	bridge=1;bridgePixels=[imageHeight=4000;imageWidth=3200;x=863;y=657;];river=85;riverMarkerImageHeight=4000;riverMarkerImageWidth=3200;riverMarkerSamples=85;riverMarkerX=72895;riverMarkerY=56608;total=85;
automaticEdgeStats	T109|T126	bridge=0;bridgePixels=[];river=0;riverMarkerImageHeight=0;riverMarkerImageWidth=0;riverMarkerSamples=0;riverMarkerX=0;riverMarkerY=0;total=80;
automaticEdgeStats	T109|T131	bridge=0;bridgePixels=[];river=0;riverMarkerImageHeight=0;riverMarkerImageWidth=0;riverMarkerSamples=0;riverMarkerX=0;riverMarkerY=0;total=18;
automaticEdgeStats	T109|T134	bridge=0;bridgePixels=[];river=0;riverMarkerImageHeight=0;riverMarkerImageWidth=0;riverMarkerSamples=0;riverMarkerX=0;riverMarkerY=0;total=27;
automaticEdgeStats	T109|T135	bridge=0;bridgePixels=[];river=0;riverMarkerImageHeight=0;riverMarkerImageWidth=0;riverMarkerSamples=0;riverMarkerX=0;riverMarkerY=0;total=19;
automaticEdgeStats	T110|T174	bridge=0;bridgePixels=[];river=1;riverMarkerImageHeight=4000;riverMarkerImageWidth=3200;riverMarkerSamples=1;riverMarkerX=1280;riverMarkerY=692;total=83;
automaticEdgeStats	T111|T128	bridge=0;bridgePixels=[];river=0;riverMarkerImageHeight=0;riverMarkerImageWidth=0;riverMarkerSamples=0;riverMarkerX=0;riverMarkerY=0;total=1;
automaticEdgeStats	T112|T135	bridge=0;bridgePixels=[];river=0;riverMarkerImageHeight=0;riverMarkerImageWidth=0;riverMarkerSamples=0;riverMarkerX=0;riverMarkerY=0;total=1;
automaticEdgeStats	T112|T168	bridge=0;bridgePixels=[];river=1;riverMarkerImageHeight=4000;riverMarkerImageWidth=3200;riverMarkerSamples=1;riverMarkerX=724;riverMarkerY=703;total=40;
automaticEdgeStats	T112|T176	bridge=0;bridgePixels=[];river=0;riverMarkerImageHeight=0;riverMarkerImageWidth=0;riverMarkerSamples=0;riverMarkerX=0;riverMarkerY=0;total=61;
automaticEdgeStats	T112|T181	bridge=0;bridgePixels=[];river=0;riverMarkerImageHeight=0;riverMarkerImageWidth=0;riverMarkerSamples=0;riverMarkerX=0;riverMarkerY=0;total=5;
automaticEdgeStats	T113|T117	bridge=0;bridgePixels=[];river=9;riverMarkerImageHeight=4000;riverMarkerImageWidth=3200;riverMarkerSamples=9;riverMarkerX=13366;riverMarkerY=6152;total=52;
automaticEdgeStats	T113|T120	bridge=0;bridgePixels=[];river=34;riverMarkerImageHeight=4000;riverMarkerImageWidth=3200;riverMarkerSamples=34;riverMarkerX=49941;riverMarkerY=23017;total=34;
automaticEdgeStats	T113|T128	bridge=0;bridgePixels=[];river=3;riverMarkerImageHeight=4000;riverMarkerImageWidth=3200;riverMarkerSamples=3;riverMarkerX=4421;riverMarkerY=2065;total=3;
automaticEdgeStats	T114|T184	bridge=0;bridgePixels=[];river=6;riverMarkerImageHeight=4000;riverMarkerImageWidth=3200;riverMarkerSamples=6;riverMarkerX=13486;riverMarkerY=4089;total=231;
automaticEdgeStats	T115|T117	bridge=0;bridgePixels=[];river=32;riverMarkerImageHeight=4000;riverMarkerImageWidth=3200;riverMarkerSamples=32;riverMarkerX=51079;riverMarkerY=21576;total=96;
automaticEdgeStats	T115|T125	bridge=1;bridgePixels=[imageHeight=4000;imageWidth=3200;x=1655;y=692;];river=106;riverMarkerImageHeight=4000;riverMarkerImageWidth=3200;riverMarkerSamples=106;riverMarkerX=175535;riverMarkerY=72288;total=115;
automaticEdgeStats	T115|T162	bridge=0;bridgePixels=[];river=60;riverMarkerImageHeight=4000;riverMarkerImageWidth=3200;riverMarkerSamples=60;riverMarkerX=97899;riverMarkerY=42183;total=135;
automaticEdgeStats	T116|T126	bridge=0;bridgePixels=[];river=24;riverMarkerImageHeight=4000;riverMarkerImageWidth=3200;riverMarkerSamples=24;riverMarkerX=20241;riverMarkerY=16596;total=24;
automaticEdgeStats	T116|T132	bridge=0;bridgePixels=[];river=0;riverMarkerImageHeight=0;riverMarkerImageWidth=0;riverMarkerSamples=0;riverMarkerX=0;riverMarkerY=0;total=56;
automaticEdgeStats	T116|T139	bridge=0;bridgePixels=[];river=1;riverMarkerImageHeight=4000;riverMarkerImageWidth=3200;riverMarkerSamples=1;riverMarkerX=842;riverMarkerY=700;total=1;
automaticEdgeStats	T116|T140	bridge=0;bridgePixels=[];river=12;riverMarkerImageHeight=4000;riverMarkerImageWidth=3200;riverMarkerSamples=12;riverMarkerX=10155;riverMarkerY=8440;total=12;
automaticEdgeStats	T116|T143	bridge=0;bridgePixels=[];river=1;riverMarkerImageHeight=4000;riverMarkerImageWidth=3200;riverMarkerSamples=1;riverMarkerX=854;riverMarkerY=707;total=49;
automaticEdgeStats	T116|T144	bridge=0;bridgePixels=[];river=0;riverMarkerImageHeight=0;riverMarkerImageWidth=0;riverMarkerSamples=0;riverMarkerX=0;riverMarkerY=0;total=88;
automaticEdgeStats	T116|T145	bridge=0;bridgePixels=[];river=1;riverMarkerImageHeight=4000;riverMarkerImageWidth=3200;riverMarkerSamples=1;riverMarkerX=851;riverMarkerY=708;total=1;
automaticEdgeStats	T116|T164	bridge=0;bridgePixels=[];river=0;riverMarkerImageHeight=0;riverMarkerImageWidth=0;riverMarkerSamples=0;riverMarkerX=0;riverMarkerY=0;total=10;
automaticEdgeStats	T116|T170	bridge=0;bridgePixels=[];river=0;riverMarkerImageHeight=0;riverMarkerImageWidth=0;riverMarkerSamples=0;riverMarkerX=0;riverMarkerY=0;total=4;
automaticEdgeStats	T116|T171	bridge=0;bridgePixels=[];river=0;riverMarkerImageHeight=0;riverMarkerImageWidth=0;riverMarkerSamples=0;riverMarkerX=0;riverMarkerY=0;total=10;
automaticEdgeStats	T116|T186	bridge=0;bridgePixels=[];river=0;riverMarkerImageHeight=0;riverMarkerImageWidth=0;riverMarkerSamples=0;riverMarkerX=0;riverMarkerY=0;total=29;
automaticEdgeStats	T117|T128	bridge=1;bridgePixels=[imageHeight=4000;imageWidth=3200;x=1478;y=696;];river=24;riverMarkerImageHeight=4000;riverMarkerImageWidth=3200;riverMarkerSamples=24;riverMarkerX=35544;riverMarkerY=16815;total=26;
automaticEdgeStats	T117|T153	bridge=0;bridgePixels=[];river=79;riverMarkerImageHeight=4000;riverMarkerImageWidth=3200;riverMarkerSamples=79;riverMarkerX=120935;riverMarkerY=55701;total=152;
automaticEdgeStats	T117|T162	bridge=0;bridgePixels=[];river=7;riverMarkerImageHeight=4000;riverMarkerImageWidth=3200;riverMarkerSamples=7;riverMarkerX=11095;riverMarkerY=4868;total=38;
automaticEdgeStats	T117|T193	bridge=0;bridgePixels=[];river=31;riverMarkerImageHeight=4000;riverMarkerImageWidth=3200;riverMarkerSamples=31;riverMarkerX=46313;riverMarkerY=22161;total=31;
automaticEdgeStats	T118|T124	bridge=0;bridgePixels=[];river=0;riverMarkerImageHeight=0;riverMarkerImageWidth=0;riverMarkerSamples=0;riverMarkerX=0;riverMarkerY=0;total=99;
automaticEdgeStats	T118|T163	bridge=0;bridgePixels=[];river=0;riverMarkerImageHeight=0;riverMarkerImageWidth=0;riverMarkerSamples=0;riverMarkerX=0;riverMarkerY=0;total=159;
automaticEdgeStats	T118|T172	bridge=0;bridgePixels=[];river=0;riverMarkerImageHeight=0;riverMarkerImageWidth=0;riverMarkerSamples=0;riverMarkerX=0;riverMarkerY=0;total=119;
automaticEdgeStats	T119|T121	bridge=0;bridgePixels=[];river=79;riverMarkerImageHeight=4000;riverMarkerImageWidth=3200;riverMarkerSamples=79;riverMarkerX=41861;riverMarkerY=54051;total=79;
automaticEdgeStats	T119|T161	bridge=1;bridgePixels=[imageHeight=4000;imageWidth=3200;x=531;y=716;];river=23;riverMarkerImageHeight=4000;riverMarkerImageWidth=3200;riverMarkerSamples=23;riverMarkerX=12128;riverMarkerY=16344;total=28;
automaticEdgeStats	T120|T128	bridge=0;bridgePixels=[];river=78;riverMarkerImageHeight=4000;riverMarkerImageWidth=3200;riverMarkerSamples=78;riverMarkerX=113572;riverMarkerY=53341;total=78;
automaticEdgeStats	T121|T161	bridge=0;bridgePixels=[];river=35;riverMarkerImageHeight=4000;riverMarkerImageWidth=3200;riverMarkerSamples=35;riverMarkerX=17882;riverMarkerY=25111;total=58;
automaticEdgeStats	T122|T128	bridge=0;bridgePixels=[];river=0;riverMarkerImageHeight=0;riverMarkerImageWidth=0;riverMarkerSamples=0;riverMarkerX=0;riverMarkerY=0;total=59;
automaticEdgeStats	T122|T155	bridge=0;bridgePixels=[];river=0;riverMarkerImageHeight=0;riverMarkerImageWidth=0;riverMarkerSamples=0;riverMarkerX=0;riverMarkerY=0;total=12;
automaticEdgeStats	T122|T197	bridge=0;bridgePixels=[];river=0;riverMarkerImageHeight=0;riverMarkerImageWidth=0;riverMarkerSamples=0;riverMarkerX=0;riverMarkerY=0;total=67;
automaticEdgeStats	T123|T130	bridge=0;bridgePixels=[];river=0;riverMarkerImageHeight=0;riverMarkerImageWidth=0;riverMarkerSamples=0;riverMarkerX=0;riverMarkerY=0;total=212;
automaticEdgeStats	T123|T142	bridge=0;bridgePixels=[];river=0;riverMarkerImageHeight=0;riverMarkerImageWidth=0;riverMarkerSamples=0;riverMarkerX=0;riverMarkerY=0;total=69;
automaticEdgeStats	T123|T185	bridge=0;bridgePixels=[];river=0;riverMarkerImageHeight=0;riverMarkerImageWidth=0;riverMarkerSamples=0;riverMarkerX=0;riverMarkerY=0;total=65;
automaticEdgeStats	T124|T172	bridge=0;bridgePixels=[];river=2;riverMarkerImageHeight=4000;riverMarkerImageWidth=3200;riverMarkerSamples=2;riverMarkerX=4203;riverMarkerY=1474;total=266;
automaticEdgeStats	T124|T184	bridge=0;bridgePixels=[];river=44;riverMarkerImageHeight=4000;riverMarkerImageWidth=3200;riverMarkerSamples=44;riverMarkerX=93829;riverMarkerY=30911;total=44;
automaticEdgeStats	T124|T192	bridge=0;bridgePixels=[];river=59;riverMarkerImageHeight=4000;riverMarkerImageWidth=3200;riverMarkerSamples=59;riverMarkerX=124870;riverMarkerY=42949;total=59;
automaticEdgeStats	T125|T162	bridge=0;bridgePixels=[];river=65;riverMarkerImageHeight=4000;riverMarkerImageWidth=3200;riverMarkerSamples=65;riverMarkerX=108467;riverMarkerY=47450;total=65;
automaticEdgeStats	T125|T165	bridge=0;bridgePixels=[];river=0;riverMarkerImageHeight=0;riverMarkerImageWidth=0;riverMarkerSamples=0;riverMarkerX=0;riverMarkerY=0;total=153;
automaticEdgeStats	T125|T198	bridge=0;bridgePixels=[];river=4;riverMarkerImageHeight=4000;riverMarkerImageWidth=3200;riverMarkerSamples=4;riverMarkerX=6697;riverMarkerY=2979;total=7;
automaticEdgeStats	T126|T131	bridge=0;bridgePixels=[];river=5;riverMarkerImageHeight=4000;riverMarkerImageWidth=3200;riverMarkerSamples=5;riverMarkerX=4102;riverMarkerY=3540;total=34;
automaticEdgeStats	T126|T139	bridge=0;bridgePixels=[];river=5;riverMarkerImageHeight=4000;riverMarkerImageWidth=3200;riverMarkerSamples=5;riverMarkerX=4185;riverMarkerY=3503;total=25;
automaticEdgeStats	T127|T133	bridge=0;bridgePixels=[];river=0;riverMarkerImageHeight=0;riverMarkerImageWidth=0;riverMarkerSamples=0;riverMarkerX=0;riverMarkerY=0;total=18;
automaticEdgeStats	T128|T138	bridge=0;bridgePixels=[];river=0;riverMarkerImageHeight=0;riverMarkerImageWidth=0;riverMarkerSamples=0;riverMarkerX=0;riverMarkerY=0;total=4;
automaticEdgeStats	T128|T155	bridge=0;bridgePixels=[];river=23;riverMarkerImageHeight=4000;riverMarkerImageWidth=3200;riverMarkerSamples=23;riverMarkerX=31413;riverMarkerY=16421;total=183;
automaticEdgeStats	T128|T159	bridge=0;bridgePixels=[];river=13;riverMarkerImageHeight=4000;riverMarkerImageWidth=3200;riverMarkerSamples=13;riverMarkerX=18517;riverMarkerY=9219;total=180;
automaticEdgeStats	T128|T193	bridge=0;bridgePixels=[];river=2;riverMarkerImageHeight=4000;riverMarkerImageWidth=3200;riverMarkerSamples=2;riverMarkerX=2967;riverMarkerY=1416;total=21;
automaticEdgeStats	T130|T141	bridge=1;bridgePixels=[imageHeight=4000;imageWidth=3200;x=1202;y=704;];river=59;riverMarkerImageHeight=4000;riverMarkerImageWidth=3200;riverMarkerSamples=59;riverMarkerX=69885;riverMarkerY=41749;total=74;
automaticEdgeStats	T130|T147	bridge=0;bridgePixels=[];river=15;riverMarkerImageHeight=4000;riverMarkerImageWidth=3200;riverMarkerSamples=15;riverMarkerX=17476;riverMarkerY=10749;total=21;
automaticEdgeStats	T130|T185	bridge=0;bridgePixels=[];river=4;riverMarkerImageHeight=4000;riverMarkerImageWidth=3200;riverMarkerSamples=4;riverMarkerX=4613;riverMarkerY=2926;total=31;
automaticEdgeStats	T130|T188	bridge=0;bridgePixels=[];river=13;riverMarkerImageHeight=4000;riverMarkerImageWidth=3200;riverMarkerSamples=13;riverMarkerX=15053;riverMarkerY=9457;total=13;
automaticEdgeStats	T131|T134	bridge=1;bridgePixels=[imageHeight=4000;imageWidth=3200;x=804;y=708;];river=36;riverMarkerImageHeight=4000;riverMarkerImageWidth=3200;riverMarkerSamples=36;riverMarkerX=28864;riverMarkerY=25495;total=47;
automaticEdgeStats	T131|T139	bridge=0;bridgePixels=[];river=2;riverMarkerImageHeight=4000;riverMarkerImageWidth=3200;riverMarkerSamples=2;riverMarkerX=1644;riverMarkerY=1423;total=2;
automaticEdgeStats	T131|T146	bridge=0;bridgePixels=[];river=4;riverMarkerImageHeight=4000;riverMarkerImageWidth=3200;riverMarkerSamples=4;riverMarkerX=3273;riverMarkerY=2855;total=22;
automaticEdgeStats	T132|T136	bridge=0;bridgePixels=[];river=0;riverMarkerImageHeight=0;riverMarkerImageWidth=0;riverMarkerSamples=0;riverMarkerX=0;riverMarkerY=0;total=198;
automaticEdgeStats	T132|T149	bridge=0;bridgePixels=[];river=0;riverMarkerImageHeight=0;riverMarkerImageWidth=0;riverMarkerSamples=0;riverMarkerX=0;riverMarkerY=0;total=453;
automaticEdgeStats	T132|T171	bridge=0;bridgePixels=[];river=0;riverMarkerImageHeight=0;riverMarkerImageWidth=0;riverMarkerSamples=0;riverMarkerX=0;riverMarkerY=0;total=21;
automaticEdgeStats	T132|T187	bridge=0;bridgePixels=[];river=0;riverMarkerImageHeight=0;riverMarkerImageWidth=0;riverMarkerSamples=0;riverMarkerX=0;riverMarkerY=0;total=85;
automaticEdgeStats	T132|T200	bridge=0;bridgePixels=[];river=0;riverMarkerImageHeight=0;riverMarkerImageWidth=0;riverMarkerSamples=0;riverMarkerX=0;riverMarkerY=0;total=85;
automaticEdgeStats	T133|T141	bridge=0;bridgePixels=[];river=0;riverMarkerImageHeight=0;riverMarkerImageWidth=0;riverMarkerSamples=0;riverMarkerX=0;riverMarkerY=0;total=1;
automaticEdgeStats	T133|T174	bridge=0;bridgePixels=[];river=0;riverMarkerImageHeight=0;riverMarkerImageWidth=0;riverMarkerSamples=0;riverMarkerX=0;riverMarkerY=0;total=9;
automaticEdgeStats	T134|T135	bridge=0;bridgePixels=[];river=0;riverMarkerImageHeight=0;riverMarkerImageWidth=0;riverMarkerSamples=0;riverMarkerX=0;riverMarkerY=0;total=24;
automaticEdgeStats	T134|T146	bridge=0;bridgePixels=[];river=1;riverMarkerImageHeight=4000;riverMarkerImageWidth=3200;riverMarkerSamples=1;riverMarkerX=808;riverMarkerY=719;total=1;
automaticEdgeStats	T134|T148	bridge=0;bridgePixels=[];river=0;riverMarkerImageHeight=0;riverMarkerImageWidth=0;riverMarkerSamples=0;riverMarkerX=0;riverMarkerY=0;total=30;
automaticEdgeStats	T134|T150	bridge=0;bridgePixels=[];river=1;riverMarkerImageHeight=4000;riverMarkerImageWidth=3200;riverMarkerSamples=1;riverMarkerX=807;riverMarkerY=721;total=2;
automaticEdgeStats	T134|T160	bridge=0;bridgePixels=[];river=0;riverMarkerImageHeight=0;riverMarkerImageWidth=0;riverMarkerSamples=0;riverMarkerX=0;riverMarkerY=0;total=3;
automaticEdgeStats	T135|T148	bridge=0;bridgePixels=[];river=0;riverMarkerImageHeight=0;riverMarkerImageWidth=0;riverMarkerSamples=0;riverMarkerX=0;riverMarkerY=0;total=34;
automaticEdgeStats	T135|T176	bridge=0;bridgePixels=[];river=0;riverMarkerImageHeight=0;riverMarkerImageWidth=0;riverMarkerSamples=0;riverMarkerX=0;riverMarkerY=0;total=16;
automaticEdgeStats	T135|T180	bridge=0;bridgePixels=[];river=0;riverMarkerImageHeight=0;riverMarkerImageWidth=0;riverMarkerSamples=0;riverMarkerX=0;riverMarkerY=0;total=6;
automaticEdgeStats	T136|T142	bridge=1;bridgePixels=[imageHeight=4000;imageWidth=3200;x=1086;y=714;];river=51;riverMarkerImageHeight=4000;riverMarkerImageWidth=3200;riverMarkerSamples=51;riverMarkerX=55523;riverMarkerY=36135;total=59;
automaticEdgeStats	T136|T185	bridge=0;bridgePixels=[];river=60;riverMarkerImageHeight=4000;riverMarkerImageWidth=3200;riverMarkerSamples=60;riverMarkerX=64962;riverMarkerY=44293;total=60;
automaticEdgeStats	T136|T200	bridge=0;bridgePixels=[];river=1;riverMarkerImageHeight=4000;riverMarkerImageWidth=3200;riverMarkerSamples=1;riverMarkerX=1080;riverMarkerY=752;total=81;
automaticEdgeStats	T138|T193	bridge=0;bridgePixels=[];river=0;riverMarkerImageHeight=0;riverMarkerImageWidth=0;riverMarkerSamples=0;riverMarkerX=0;riverMarkerY=0;total=3;
automaticEdgeStats	T139|T140	bridge=0;bridgePixels=[];river=6;riverMarkerImageHeight=4000;riverMarkerImageWidth=3200;riverMarkerSamples=6;riverMarkerX=5023;riverMarkerY=4292;total=40;
automaticEdgeStats	T139|T146	bridge=0;bridgePixels=[];river=24;riverMarkerImageHeight=4000;riverMarkerImageWidth=3200;riverMarkerSamples=24;riverMarkerX=19741;riverMarkerY=17266;total=24;
automaticEdgeStats	T139|T158	bridge=0;bridgePixels=[];river=7;riverMarkerImageHeight=4000;riverMarkerImageWidth=3200;riverMarkerSamples=7;riverMarkerX=5768;riverMarkerY=5090;total=7;
automaticEdgeStats	T139|T167	bridge=1;bridgePixels=[imageHeight=4000;imageWidth=3200;x=831;y=725;];river=9;riverMarkerImageHeight=4000;riverMarkerImageWidth=3200;riverMarkerSamples=9;riverMarkerX=7482;riverMarkerY=6518;total=11;
automaticEdgeStats	T140|T145	bridge=0;bridgePixels=[];river=30;riverMarkerImageHeight=4000;riverMarkerImageWidth=3200;riverMarkerSamples=30;riverMarkerX=25541;riverMarkerY=21457;total=30;
automaticEdgeStats	T140|T152	bridge=1;bridgePixels=[imageHeight=4000;imageWidth=3200;x=843;y=724;];river=32;riverMarkerImageHeight=4000;riverMarkerImageWidth=3200;riverMarkerSamples=32;riverMarkerX=26978;riverMarkerY=23121;total=38;
automaticEdgeStats	T141|T147	bridge=0;bridgePixels=[];river=13;riverMarkerImageHeight=4000;riverMarkerImageWidth=3200;riverMarkerSamples=13;riverMarkerX=15209;riverMarkerY=9329;total=13;
automaticEdgeStats	T141|T188	bridge=0;bridgePixels=[];river=67;riverMarkerImageHeight=4000;riverMarkerImageWidth=3200;riverMarkerSamples=67;riverMarkerX=79431;riverMarkerY=48420;total=68;
automaticEdgeStats	T142|T185	bridge=0;bridgePixels=[];river=4;riverMarkerImageHeight=4000;riverMarkerImageWidth=3200;riverMarkerSamples=4;riverMarkerX=4341;riverMarkerY=2899;total=35;
automaticEdgeStats	T143|T145	bridge=0;bridgePixels=[];river=6;riverMarkerImageHeight=4000;riverMarkerImageWidth=3200;riverMarkerSamples=6;riverMarkerX=5125;riverMarkerY=4274;total=28;
automaticEdgeStats	T143|T166	bridge=0;bridgePixels=[];river=0;riverMarkerImageHeight=0;riverMarkerImageWidth=0;riverMarkerSamples=0;riverMarkerX=0;riverMarkerY=0;total=16;
automaticEdgeStats	T143|T170	bridge=0;bridgePixels=[];river=0;riverMarkerImageHeight=0;riverMarkerImageWidth=0;riverMarkerSamples=0;riverMarkerX=0;riverMarkerY=0;total=30;
automaticEdgeStats	T144|T157	bridge=0;bridgePixels=[];river=0;riverMarkerImageHeight=0;riverMarkerImageWidth=0;riverMarkerSamples=0;riverMarkerX=0;riverMarkerY=0;total=39;
automaticEdgeStats	T144|T164	bridge=0;bridgePixels=[];river=0;riverMarkerImageHeight=0;riverMarkerImageWidth=0;riverMarkerSamples=0;riverMarkerX=0;riverMarkerY=0;total=29;
automaticEdgeStats	T144|T171	bridge=0;bridgePixels=[];river=0;riverMarkerImageHeight=0;riverMarkerImageWidth=0;riverMarkerSamples=0;riverMarkerX=0;riverMarkerY=0;total=38;
automaticEdgeStats	T145|T152	bridge=1;bridgePixels=[imageHeight=4000;imageWidth=3200;x=852;y=727;];river=3;riverMarkerImageHeight=4000;riverMarkerImageWidth=3200;riverMarkerSamples=3;riverMarkerX=2551;riverMarkerY=2172;total=9;
automaticEdgeStats	T146|T150	bridge=1;bridgePixels=[imageHeight=4000;imageWidth=3200;x=818;y=726;];river=12;riverMarkerImageHeight=4000;riverMarkerImageWidth=3200;riverMarkerSamples=12;riverMarkerX=9753;riverMarkerY=8676;total=18;
automaticEdgeStats	T146|T158	bridge=0;bridgePixels=[];river=1;riverMarkerImageHeight=4000;riverMarkerImageWidth=3200;riverMarkerSamples=1;riverMarkerX=820;riverMarkerY=726;total=1;
automaticEdgeStats	T147|T188	bridge=0;bridgePixels=[];river=1;riverMarkerImageHeight=4000;riverMarkerImageWidth=3200;riverMarkerSamples=1;riverMarkerX=1163;riverMarkerY=724;total=18;
automaticEdgeStats	T148|T179	bridge=0;bridgePixels=[];river=0;riverMarkerImageHeight=0;riverMarkerImageWidth=0;riverMarkerSamples=0;riverMarkerX=0;riverMarkerY=0;total=58;
automaticEdgeStats	T148|T180	bridge=0;bridgePixels=[];river=0;riverMarkerImageHeight=0;riverMarkerImageWidth=0;riverMarkerSamples=0;riverMarkerX=0;riverMarkerY=0;total=14;
automaticEdgeStats	T149|T171	bridge=0;bridgePixels=[];river=0;riverMarkerImageHeight=0;riverMarkerImageWidth=0;riverMarkerSamples=0;riverMarkerX=0;riverMarkerY=0;total=57;
automaticEdgeStats	T150|T158	bridge=0;bridgePixels=[];river=0;riverMarkerImageHeight=0;riverMarkerImageWidth=0;riverMarkerSamples=0;riverMarkerX=0;riverMarkerY=0;total=3;
automaticEdgeStats	T150|T160	bridge=0;bridgePixels=[];river=0;riverMarkerImageHeight=0;riverMarkerImageWidth=0;riverMarkerSamples=0;riverMarkerX=0;riverMarkerY=0;total=16;
automaticEdgeStats	T152|T167	bridge=0;bridgePixels=[];river=6;riverMarkerImageHeight=4000;riverMarkerImageWidth=3200;riverMarkerSamples=6;riverMarkerX=5014;riverMarkerY=4353;total=18;
automaticEdgeStats	T152|T169	bridge=0;bridgePixels=[];river=4;riverMarkerImageHeight=4000;riverMarkerImageWidth=3200;riverMarkerSamples=4;riverMarkerX=3401;riverMarkerY=2922;total=31;
automaticEdgeStats	T153|T162	bridge=0;bridgePixels=[];river=47;riverMarkerImageHeight=4000;riverMarkerImageWidth=3200;riverMarkerSamples=47;riverMarkerX=74091;riverMarkerY=34476;total=127;
automaticEdgeStats	T153|T193	bridge=0;bridgePixels=[];river=170;riverMarkerImageHeight=4000;riverMarkerImageWidth=3200;riverMarkerSamples=170;riverMarkerX=262341;riverMarkerY=127569;total=177;
automaticEdgeStats	T155|T159	bridge=0;bridgePixels=[];river=8;riverMarkerImageHeight=4000;riverMarkerImageWidth=3200;riverMarkerSamples=8;riverMarkerX=11162;riverMarkerY=5916;total=78;
automaticEdgeStats	T155|T190	bridge=0;bridgePixels=[];river=8;riverMarkerImageHeight=4000;riverMarkerImageWidth=3200;riverMarkerSamples=8;riverMarkerX=10918;riverMarkerY=5950;total=136;
automaticEdgeStats	T155|T197	bridge=0;bridgePixels=[];river=0;riverMarkerImageHeight=0;riverMarkerImageWidth=0;riverMarkerSamples=0;riverMarkerX=0;riverMarkerY=0;total=25;
automaticEdgeStats	T156|T191	bridge=0;bridgePixels=[];river=1;riverMarkerImageHeight=4000;riverMarkerImageWidth=3200;riverMarkerSamples=1;riverMarkerX=2610;riverMarkerY=709;total=144;
automaticEdgeStats	T156|T222	bridge=0;bridgePixels=[];river=0;riverMarkerImageHeight=0;riverMarkerImageWidth=0;riverMarkerSamples=0;riverMarkerX=0;riverMarkerY=0;total=451;
automaticEdgeStats	T157|T164	bridge=0;bridgePixels=[];river=0;riverMarkerImageHeight=0;riverMarkerImageWidth=0;riverMarkerSamples=0;riverMarkerX=0;riverMarkerY=0;total=11;
automaticEdgeStats	T157|T171	bridge=0;bridgePixels=[];river=0;riverMarkerImageHeight=0;riverMarkerImageWidth=0;riverMarkerSamples=0;riverMarkerX=0;riverMarkerY=0;total=12;
automaticEdgeStats	T157|T173	bridge=0;bridgePixels=[];river=0;riverMarkerImageHeight=0;riverMarkerImageWidth=0;riverMarkerSamples=0;riverMarkerX=0;riverMarkerY=0;total=30;
automaticEdgeStats	T158|T160	bridge=0;bridgePixels=[];river=0;riverMarkerImageHeight=0;riverMarkerImageWidth=0;riverMarkerSamples=0;riverMarkerX=0;riverMarkerY=0;total=6;
automaticEdgeStats	T158|T167	bridge=0;bridgePixels=[];river=3;riverMarkerImageHeight=4000;riverMarkerImageWidth=3200;riverMarkerSamples=3;riverMarkerX=2480;riverMarkerY=2185;total=14;
automaticEdgeStats	T158|T175	bridge=0;bridgePixels=[];river=0;riverMarkerImageHeight=0;riverMarkerImageWidth=0;riverMarkerSamples=0;riverMarkerX=0;riverMarkerY=0;total=12;
automaticEdgeStats	T159|T190	bridge=0;bridgePixels=[];river=2;riverMarkerImageHeight=4000;riverMarkerImageWidth=3200;riverMarkerSamples=2;riverMarkerX=2797;riverMarkerY=1491;total=16;
automaticEdgeStats	T159|T193	bridge=0;bridgePixels=[];river=11;riverMarkerImageHeight=4000;riverMarkerImageWidth=3200;riverMarkerSamples=11;riverMarkerX=16168;riverMarkerY=8050;total=81;
automaticEdgeStats	T159|T194	bridge=0;bridgePixels=[];river=5;riverMarkerImageHeight=4000;riverMarkerImageWidth=3200;riverMarkerSamples=5;riverMarkerX=7202;riverMarkerY=3767;total=118;
automaticEdgeStats	T160|T175	bridge=0;bridgePixels=[];river=0;riverMarkerImageHeight=0;riverMarkerImageWidth=0;riverMarkerSamples=0;riverMarkerX=0;riverMarkerY=0;total=21;
automaticEdgeStats	T160|T179	bridge=0;bridgePixels=[];river=0;riverMarkerImageHeight=0;riverMarkerImageWidth=0;riverMarkerSamples=0;riverMarkerX=0;riverMarkerY=0;total=1;
automaticEdgeStats	T162|T193	bridge=0;bridgePixels=[];river=93;riverMarkerImageHeight=4000;riverMarkerImageWidth=3200;riverMarkerSamples=93;riverMarkerX=148934;riverMarkerY=70842;total=93;
automaticEdgeStats	T162|T195	bridge=1;bridgePixels=[imageHeight=4000;imageWidth=3200;x=1658;y=773;];river=86;riverMarkerImageHeight=4000;riverMarkerImageWidth=3200;riverMarkerSamples=86;riverMarkerX=141061;riverMarkerY=66001;total=86;
automaticEdgeStats	T162|T198	bridge=0;bridgePixels=[];river=43;riverMarkerImageHeight=4000;riverMarkerImageWidth=3200;riverMarkerSamples=43;riverMarkerX=71611;riverMarkerY=32585;total=43;
automaticEdgeStats	T163|T165	bridge=0;bridgePixels=[];river=0;riverMarkerImageHeight=0;riverMarkerImageWidth=0;riverMarkerSamples=0;riverMarkerX=0;riverMarkerY=0;total=183;
automaticEdgeStats	T163|T172	bridge=0;bridgePixels=[];river=0;riverMarkerImageHeight=0;riverMarkerImageWidth=0;riverMarkerSamples=0;riverMarkerX=0;riverMarkerY=0;total=88;
automaticEdgeStats	T163|T199	bridge=0;bridgePixels=[];river=0;riverMarkerImageHeight=0;riverMarkerImageWidth=0;riverMarkerSamples=0;riverMarkerX=0;riverMarkerY=0;total=98;
automaticEdgeStats	T163|T201	bridge=0;bridgePixels=[];river=0;riverMarkerImageHeight=0;riverMarkerImageWidth=0;riverMarkerSamples=0;riverMarkerX=0;riverMarkerY=0;total=155;
automaticEdgeStats	T163|T215	bridge=0;bridgePixels=[];river=0;riverMarkerImageHeight=0;riverMarkerImageWidth=0;riverMarkerSamples=0;riverMarkerX=0;riverMarkerY=0;total=31;
automaticEdgeStats	T164|T173	bridge=0;bridgePixels=[];river=0;riverMarkerImageHeight=0;riverMarkerImageWidth=0;riverMarkerSamples=0;riverMarkerX=0;riverMarkerY=0;total=45;
automaticEdgeStats	T164|T186	bridge=0;bridgePixels=[];river=0;riverMarkerImageHeight=0;riverMarkerImageWidth=0;riverMarkerSamples=0;riverMarkerX=0;riverMarkerY=0;total=89;
automaticEdgeStats	T165|T198	bridge=0;bridgePixels=[];river=0;riverMarkerImageHeight=0;riverMarkerImageWidth=0;riverMarkerSamples=0;riverMarkerX=0;riverMarkerY=0;total=187;
automaticEdgeStats	T165|T201	bridge=0;bridgePixels=[];river=0;riverMarkerImageHeight=0;riverMarkerImageWidth=0;riverMarkerSamples=0;riverMarkerX=0;riverMarkerY=0;total=66;
automaticEdgeStats	T166|T169	bridge=0;bridgePixels=[];river=21;riverMarkerImageHeight=4000;riverMarkerImageWidth=3200;riverMarkerSamples=21;riverMarkerX=17885;riverMarkerY=15435;total=21;
automaticEdgeStats	T166|T170	bridge=0;bridgePixels=[];river=0;riverMarkerImageHeight=0;riverMarkerImageWidth=0;riverMarkerSamples=0;riverMarkerX=0;riverMarkerY=0;total=13;
automaticEdgeStats	T166|T177	bridge=0;bridgePixels=[];river=6;riverMarkerImageHeight=4000;riverMarkerImageWidth=3200;riverMarkerSamples=6;riverMarkerX=5127;riverMarkerY=4438;total=21;
automaticEdgeStats	T167|T169	bridge=0;bridgePixels=[];river=0;riverMarkerImageHeight=0;riverMarkerImageWidth=0;riverMarkerSamples=0;riverMarkerX=0;riverMarkerY=0;total=17;
automaticEdgeStats	T167|T175	bridge=0;bridgePixels=[];river=1;riverMarkerImageHeight=4000;riverMarkerImageWidth=3200;riverMarkerSamples=1;riverMarkerX=828;riverMarkerY=745;total=13;
automaticEdgeStats	T167|T182	bridge=0;bridgePixels=[];river=3;riverMarkerImageHeight=4000;riverMarkerImageWidth=3200;riverMarkerSamples=3;riverMarkerX=2494;riverMarkerY=2236;total=12;
automaticEdgeStats	T168|T181	bridge=0;bridgePixels=[];river=0;riverMarkerImageHeight=0;riverMarkerImageWidth=0;riverMarkerSamples=0;riverMarkerX=0;riverMarkerY=0;total=1;
automaticEdgeStats	T168|T202	bridge=0;bridgePixels=[];river=27;riverMarkerImageHeight=4000;riverMarkerImageWidth=3200;riverMarkerSamples=27;riverMarkerX=18852;riverMarkerY=20912;total=47;
automaticEdgeStats	T168|T206	bridge=0;bridgePixels=[];river=3;riverMarkerImageHeight=4000;riverMarkerImageWidth=3200;riverMarkerSamples=3;riverMarkerX=1929;riverMarkerY=2311;total=14;
automaticEdgeStats	T169|T178	bridge=1;bridgePixels=[imageHeight=4000;imageWidth=3200;x=850;y=740;];river=10;riverMarkerImageHeight=4000;riverMarkerImageWidth=3200;riverMarkerSamples=10;riverMarkerX=8474;riverMarkerY=7402;total=12;
automaticEdgeStats	T169|T182	bridge=0;bridgePixels=[];river=7;riverMarkerImageHeight=4000;riverMarkerImageWidth=3200;riverMarkerSamples=7;riverMarkerX=5885;riverMarkerY=5198;total=7;
automaticEdgeStats	T170|T177	bridge=0;bridgePixels=[];river=0;riverMarkerImageHeight=0;riverMarkerImageWidth=0;riverMarkerSamples=0;riverMarkerX=0;riverMarkerY=0;total=9;
automaticEdgeStats	T170|T183	bridge=0;bridgePixels=[];river=40;riverMarkerImageHeight=4000;riverMarkerImageWidth=3200;riverMarkerSamples=40;riverMarkerX=34981;riverMarkerY=29903;total=44;
automaticEdgeStats	T170|T186	bridge=0;bridgePixels=[];river=1;riverMarkerImageHeight=4000;riverMarkerImageWidth=3200;riverMarkerSamples=1;riverMarkerX=890;riverMarkerY=743;total=47;
automaticEdgeStats	T171|T173	bridge=0;bridgePixels=[];river=0;riverMarkerImageHeight=0;riverMarkerImageWidth=0;riverMarkerSamples=0;riverMarkerX=0;riverMarkerY=0;total=40;
automaticEdgeStats	T171|T187	bridge=0;bridgePixels=[];river=0;riverMarkerImageHeight=0;riverMarkerImageWidth=0;riverMarkerSamples=0;riverMarkerX=0;riverMarkerY=0;total=36;
automaticEdgeStats	T172|T192	bridge=0;bridgePixels=[];river=267;riverMarkerImageHeight=4000;riverMarkerImageWidth=3200;riverMarkerSamples=267;riverMarkerX=546029;riverMarkerY=204049;total=273;
automaticEdgeStats	T172|T199	bridge=0;bridgePixels=[];river=2;riverMarkerImageHeight=4000;riverMarkerImageWidth=3200;riverMarkerSamples=2;riverMarkerX=3975;riverMarkerY=1574;total=124;
automaticEdgeStats	T173|T187	bridge=0;bridgePixels=[];river=0;riverMarkerImageHeight=0;riverMarkerImageWidth=0;riverMarkerSamples=0;riverMarkerX=0;riverMarkerY=0;total=15;
automaticEdgeStats	T174|T197	bridge=1;bridgePixels=[imageHeight=4000;imageWidth=3200;x=1286;y=703;];river=183;riverMarkerImageHeight=4000;riverMarkerImageWidth=3200;riverMarkerSamples=183;riverMarkerX=237165;riverMarkerY=136175;total=188;
automaticEdgeStats	T174|T207	bridge=0;bridgePixels=[];river=165;riverMarkerImageHeight=4000;riverMarkerImageWidth=3200;riverMarkerSamples=165;riverMarkerX=207764;riverMarkerY=129483;total=165;
automaticEdgeStats	T175|T179	bridge=0;bridgePixels=[];river=0;riverMarkerImageHeight=0;riverMarkerImageWidth=0;riverMarkerSamples=0;riverMarkerX=0;riverMarkerY=0;total=38;
automaticEdgeStats	T175|T189	bridge=0;bridgePixels=[];river=3;riverMarkerImageHeight=4000;riverMarkerImageWidth=3200;riverMarkerSamples=3;riverMarkerX=2481;riverMarkerY=2240;total=39;
automaticEdgeStats	T176|T180	bridge=0;bridgePixels=[];river=0;riverMarkerImageHeight=0;riverMarkerImageWidth=0;riverMarkerSamples=0;riverMarkerX=0;riverMarkerY=0;total=1;
automaticEdgeStats	T176|T181	bridge=0;bridgePixels=[];river=0;riverMarkerImageHeight=0;riverMarkerImageWidth=0;riverMarkerSamples=0;riverMarkerX=0;riverMarkerY=0;total=1;
automaticEdgeStats	T176|T205	bridge=0;bridgePixels=[];river=0;riverMarkerImageHeight=0;riverMarkerImageWidth=0;riverMarkerSamples=0;riverMarkerX=0;riverMarkerY=0;total=79;
automaticEdgeStats	T177|T178	bridge=0;bridgePixels=[];river=14;riverMarkerImageHeight=4000;riverMarkerImageWidth=3200;riverMarkerSamples=14;riverMarkerX=11944;riverMarkerY=10433;total=25;
automaticEdgeStats	T177|T183	bridge=0;bridgePixels=[];river=2;riverMarkerImageHeight=4000;riverMarkerImageWidth=3200;riverMarkerSamples=2;riverMarkerX=1717;riverMarkerY=1499;total=2;
automaticEdgeStats	T177|T189	bridge=0;bridgePixels=[];river=7;riverMarkerImageHeight=4000;riverMarkerImageWidth=3200;riverMarkerSamples=7;riverMarkerX=5994;riverMarkerY=5254;total=7;
automaticEdgeStats	T178|T182	bridge=0;bridgePixels=[];river=0;riverMarkerImageHeight=0;riverMarkerImageWidth=0;riverMarkerSamples=0;riverMarkerX=0;riverMarkerY=0;total=10;
automaticEdgeStats	T178|T189	bridge=0;bridgePixels=[];river=3;riverMarkerImageHeight=4000;riverMarkerImageWidth=3200;riverMarkerSamples=3;riverMarkerX=2556;riverMarkerY=2253;total=3;
automaticEdgeStats	T179|T180	bridge=0;bridgePixels=[];river=0;riverMarkerImageHeight=0;riverMarkerImageWidth=0;riverMarkerSamples=0;riverMarkerX=0;riverMarkerY=0;total=1;
automaticEdgeStats	T179|T189	bridge=0;bridgePixels=[];river=0;riverMarkerImageHeight=0;riverMarkerImageWidth=0;riverMarkerSamples=0;riverMarkerX=0;riverMarkerY=0;total=34;
automaticEdgeStats	T180|T189	bridge=0;bridgePixels=[];river=0;riverMarkerImageHeight=0;riverMarkerImageWidth=0;riverMarkerSamples=0;riverMarkerX=0;riverMarkerY=0;total=13;
automaticEdgeStats	T180|T205	bridge=0;bridgePixels=[];river=0;riverMarkerImageHeight=0;riverMarkerImageWidth=0;riverMarkerSamples=0;riverMarkerX=0;riverMarkerY=0;total=4;
automaticEdgeStats	T181|T202	bridge=0;bridgePixels=[];river=4;riverMarkerImageHeight=4000;riverMarkerImageWidth=3200;riverMarkerSamples=4;riverMarkerX=2862;riverMarkerY=3128;total=17;
automaticEdgeStats	T181|T205	bridge=0;bridgePixels=[];river=5;riverMarkerImageHeight=4000;riverMarkerImageWidth=3200;riverMarkerSamples=5;riverMarkerX=3627;riverMarkerY=3899;total=14;
automaticEdgeStats	T182|T189	bridge=0;bridgePixels=[];river=49;riverMarkerImageHeight=4000;riverMarkerImageWidth=3200;riverMarkerSamples=49;riverMarkerX=41100;riverMarkerY=37037;total=49;
automaticEdgeStats	T183|T186	bridge=0;bridgePixels=[];river=7;riverMarkerImageHeight=4000;riverMarkerImageWidth=3200;riverMarkerSamples=7;riverMarkerX=6196;riverMarkerY=5279;total=39;
automaticEdgeStats	T183|T189	bridge=0;bridgePixels=[];river=16;riverMarkerImageHeight=4000;riverMarkerImageWidth=3200;riverMarkerSamples=16;riverMarkerX=13792;riverMarkerY=12029;total=16;
automaticEdgeStats	T183|T196	bridge=0;bridgePixels=[];river=16;riverMarkerImageHeight=4000;riverMarkerImageWidth=3200;riverMarkerSamples=16;riverMarkerX=13988;riverMarkerY=12083;total=16;
automaticEdgeStats	T184|T192	bridge=0;bridgePixels=[];river=5;riverMarkerImageHeight=4000;riverMarkerImageWidth=3200;riverMarkerSamples=5;riverMarkerX=10752;riverMarkerY=3937;total=246;
automaticEdgeStats	T184|T210	bridge=0;bridgePixels=[];river=168;riverMarkerImageHeight=4000;riverMarkerImageWidth=3200;riverMarkerSamples=168;riverMarkerX=384194;riverMarkerY=134707;total=168;
automaticEdgeStats	T184|T219	bridge=0;bridgePixels=[];river=107;riverMarkerImageHeight=4000;riverMarkerImageWidth=3200;riverMarkerSamples=107;riverMarkerX=238033;riverMarkerY=88294;total=107;
automaticEdgeStats	T184|T224	bridge=0;bridgePixels=[];river=102;riverMarkerImageHeight=4000;riverMarkerImageWidth=3200;riverMarkerSamples=102;riverMarkerX=222067;riverMarkerY=83802;total=102;
automaticEdgeStats	T185|T188	bridge=0;bridgePixels=[];river=127;riverMarkerImageHeight=4000;riverMarkerImageWidth=3200;riverMarkerSamples=127;riverMarkerX=143443;riverMarkerY=96841;total=127;
automaticEdgeStats	T185|T200	bridge=0;bridgePixels=[];river=64;riverMarkerImageHeight=4000;riverMarkerImageWidth=3200;riverMarkerSamples=64;riverMarkerX=69174;riverMarkerY=49334;total=64;
automaticEdgeStats	T185|T208	bridge=0;bridgePixels=[];river=37;riverMarkerImageHeight=4000;riverMarkerImageWidth=3200;riverMarkerSamples=37;riverMarkerX=39859;riverMarkerY=29437;total=37;
automaticEdgeStats	T185|T217	bridge=0;bridgePixels=[];river=36;riverMarkerImageHeight=4000;riverMarkerImageWidth=3200;riverMarkerSamples=36;riverMarkerX=39154;riverMarkerY=28711;total=36;
automaticEdgeStats	T186|T187	bridge=0;bridgePixels=[];river=0;riverMarkerImageHeight=0;riverMarkerImageWidth=0;riverMarkerSamples=0;riverMarkerX=0;riverMarkerY=0;total=33;
automaticEdgeStats	T186|T196	bridge=0;bridgePixels=[];river=32;riverMarkerImageHeight=4000;riverMarkerImageWidth=3200;riverMarkerSamples=32;riverMarkerX=28275;riverMarkerY=24699;total=32;
automaticEdgeStats	T186|T200	bridge=0;bridgePixels=[];river=0;riverMarkerImageHeight=0;riverMarkerImageWidth=0;riverMarkerSamples=0;riverMarkerX=0;riverMarkerY=0;total=16;
automaticEdgeStats	T186|T203	bridge=0;bridgePixels=[];river=2;riverMarkerImageHeight=4000;riverMarkerImageWidth=3200;riverMarkerSamples=2;riverMarkerX=1785;riverMarkerY=1564;total=31;
automaticEdgeStats	T186|T204	bridge=0;bridgePixels=[];river=0;riverMarkerImageHeight=0;riverMarkerImageWidth=0;riverMarkerSamples=0;riverMarkerX=0;riverMarkerY=0;total=22;
automaticEdgeStats	T187|T200	bridge=0;bridgePixels=[];river=0;riverMarkerImageHeight=0;riverMarkerImageWidth=0;riverMarkerSamples=0;riverMarkerX=0;riverMarkerY=0;total=152;
automaticEdgeStats	T188|T217	bridge=0;bridgePixels=[];river=0;riverMarkerImageHeight=0;riverMarkerImageWidth=0;riverMarkerSamples=0;riverMarkerX=0;riverMarkerY=0;total=69;
automaticEdgeStats	T188|T218	bridge=0;bridgePixels=[];river=0;riverMarkerImageHeight=0;riverMarkerImageWidth=0;riverMarkerSamples=0;riverMarkerX=0;riverMarkerY=0;total=19;
automaticEdgeStats	T189|T196	bridge=0;bridgePixels=[];river=5;riverMarkerImageHeight=4000;riverMarkerImageWidth=3200;riverMarkerSamples=5;riverMarkerX=4339;riverMarkerY=3777;total=84;
automaticEdgeStats	T189|T205	bridge=0;bridgePixels=[];river=0;riverMarkerImageHeight=0;riverMarkerImageWidth=0;riverMarkerSamples=0;riverMarkerX=0;riverMarkerY=0;total=139;
automaticEdgeStats	T190|T194	bridge=0;bridgePixels=[];river=3;riverMarkerImageHeight=4000;riverMarkerImageWidth=3200;riverMarkerSamples=3;riverMarkerX=4193;riverMarkerY=2300;total=136;
automaticEdgeStats	T190|T197	bridge=0;bridgePixels=[];river=0;riverMarkerImageHeight=0;riverMarkerImageWidth=0;riverMarkerSamples=0;riverMarkerX=0;riverMarkerY=0;total=117;
automaticEdgeStats	T190|T212	bridge=0;bridgePixels=[];river=0;riverMarkerImageHeight=0;riverMarkerImageWidth=0;riverMarkerSamples=0;riverMarkerX=0;riverMarkerY=0;total=1;
automaticEdgeStats	T191|T222	bridge=0;bridgePixels=[];river=4;riverMarkerImageHeight=4000;riverMarkerImageWidth=3200;riverMarkerSamples=4;riverMarkerX=10733;riverMarkerY=3455;total=274;
automaticEdgeStats	T191|T227	bridge=0;bridgePixels=[];river=219;riverMarkerImageHeight=4000;riverMarkerImageWidth=3200;riverMarkerSamples=219;riverMarkerX=606145;riverMarkerY=175798;total=221;
automaticEdgeStats	T191|T269	bridge=0;bridgePixels=[];river=103;riverMarkerImageHeight=4000;riverMarkerImageWidth=3200;riverMarkerSamples=103;riverMarkerX=278340;riverMarkerY=86663;total=114;
automaticEdgeStats	T192|T199	bridge=0;bridgePixels=[];river=14;riverMarkerImageHeight=4000;riverMarkerImageWidth=3200;riverMarkerSamples=14;riverMarkerX=27786;riverMarkerY=11126;total=14;
automaticEdgeStats	T192|T213	bridge=0;bridgePixels=[];river=23;riverMarkerImageHeight=4000;riverMarkerImageWidth=3200;riverMarkerSamples=23;riverMarkerX=45700;riverMarkerY=18502;total=23;
automaticEdgeStats	T192|T214	bridge=0;bridgePixels=[];river=137;riverMarkerImageHeight=4000;riverMarkerImageWidth=3200;riverMarkerSamples=137;riverMarkerX=278203;riverMarkerY=110039;total=137;
automaticEdgeStats	T192|T224	bridge=0;bridgePixels=[];river=220;riverMarkerImageHeight=4000;riverMarkerImageWidth=3200;riverMarkerSamples=220;riverMarkerX=464779;riverMarkerY=177495;total=220;
automaticEdgeStats	T193|T194	bridge=0;bridgePixels=[];river=1;riverMarkerImageHeight=4000;riverMarkerImageWidth=3200;riverMarkerSamples=1;riverMarkerX=1462;riverMarkerY=783;total=56;
automaticEdgeStats	T193|T195	bridge=0;bridgePixels=[];river=1;riverMarkerImageHeight=4000;riverMarkerImageWidth=3200;riverMarkerSamples=1;riverMarkerX=1620;riverMarkerY=765;total=54;
automaticEdgeStats	T193|T211	bridge=0;bridgePixels=[];river=0;riverMarkerImageHeight=0;riverMarkerImageWidth=0;riverMarkerSamples=0;riverMarkerX=0;riverMarkerY=0;total=2;
automaticEdgeStats	T193|T242	bridge=0;bridgePixels=[];river=0;riverMarkerImageHeight=0;riverMarkerImageWidth=0;riverMarkerSamples=0;riverMarkerX=0;riverMarkerY=0;total=287;
automaticEdgeStats	T193|T243	bridge=0;bridgePixels=[];river=0;riverMarkerImageHeight=0;riverMarkerImageWidth=0;riverMarkerSamples=0;riverMarkerX=0;riverMarkerY=0;total=88;
automaticEdgeStats	T194|T211	bridge=0;bridgePixels=[];river=3;riverMarkerImageHeight=4000;riverMarkerImageWidth=3200;riverMarkerSamples=3;riverMarkerX=4348;riverMarkerY=2418;total=66;
automaticEdgeStats	T194|T212	bridge=0;bridgePixels=[];river=0;riverMarkerImageHeight=0;riverMarkerImageWidth=0;riverMarkerSamples=0;riverMarkerX=0;riverMarkerY=0;total=1;
automaticEdgeStats	T195|T198	bridge=0;bridgePixels=[];river=35;riverMarkerImageHeight=4000;riverMarkerImageWidth=3200;riverMarkerSamples=35;riverMarkerX=58291;riverMarkerY=27516;total=35;
automaticEdgeStats	T195|T243	bridge=0;bridgePixels=[];river=4;riverMarkerImageHeight=4000;riverMarkerImageWidth=3200;riverMarkerSamples=4;riverMarkerX=6673;riverMarkerY=3190;total=81;
automaticEdgeStats	T196|T203	bridge=1;bridgePixels=[imageHeight=4000;imageWidth=3200;x=885;y=802;];river=43;riverMarkerImageHeight=4000;riverMarkerImageWidth=3200;riverMarkerSamples=43;riverMarkerX=38142;riverMarkerY=34138;total=54;
automaticEdgeStats	T196|T205	bridge=0;bridgePixels=[];river=2;riverMarkerImageHeight=4000;riverMarkerImageWidth=3200;riverMarkerSamples=2;riverMarkerX=1754;riverMarkerY=1611;total=84;
automaticEdgeStats	T197|T207	bridge=0;bridgePixels=[];river=97;riverMarkerImageHeight=4000;riverMarkerImageWidth=3200;riverMarkerSamples=97;riverMarkerX=125915;riverMarkerY=79051;total=97;
automaticEdgeStats	T197|T212	bridge=0;bridgePixels=[];river=0;riverMarkerImageHeight=0;riverMarkerImageWidth=0;riverMarkerSamples=0;riverMarkerX=0;riverMarkerY=0;total=54;
automaticEdgeStats	T197|T246	bridge=0;bridgePixels=[];river=0;riverMarkerImageHeight=0;riverMarkerImageWidth=0;riverMarkerSamples=0;riverMarkerX=0;riverMarkerY=0;total=32;
automaticEdgeStats	T197|T250	bridge=0;bridgePixels=[];river=3;riverMarkerImageHeight=4000;riverMarkerImageWidth=3200;riverMarkerSamples=3;riverMarkerX=3886;riverMarkerY=2523;total=113;
automaticEdgeStats	T198|T201	bridge=0;bridgePixels=[];river=0;riverMarkerImageHeight=0;riverMarkerImageWidth=0;riverMarkerSamples=0;riverMarkerX=0;riverMarkerY=0;total=47;
automaticEdgeStats	T198|T209	bridge=0;bridgePixels=[];river=0;riverMarkerImageHeight=0;riverMarkerImageWidth=0;riverMarkerSamples=0;riverMarkerX=0;riverMarkerY=0;total=143;
automaticEdgeStats	T198|T226	bridge=0;bridgePixels=[];river=1;riverMarkerImageHeight=4000;riverMarkerImageWidth=3200;riverMarkerSamples=1;riverMarkerX=1682;riverMarkerY=832;total=1;
automaticEdgeStats	T198|T243	bridge=0;bridgePixels=[];river=73;riverMarkerImageHeight=4000;riverMarkerImageWidth=3200;riverMarkerSamples=73;riverMarkerX=121875;riverMarkerY=59275;total=73;
automaticEdgeStats	T199|T213	bridge=1;bridgePixels=[imageHeight=4000;imageWidth=3200;x=1934;y=812;];river=160;riverMarkerImageHeight=4000;riverMarkerImageWidth=3200;riverMarkerSamples=160;riverMarkerX=310872;riverMarkerY=129129;total=169;
automaticEdgeStats	T200|T204	bridge=0;bridgePixels=[];river=0;riverMarkerImageHeight=0;riverMarkerImageWidth=0;riverMarkerSamples=0;riverMarkerX=0;riverMarkerY=0;total=87;
automaticEdgeStats	T200|T208	bridge=0;bridgePixels=[];river=3;riverMarkerImageHeight=4000;riverMarkerImageWidth=3200;riverMarkerSamples=3;riverMarkerX=3231;riverMarkerY=2357;total=210;
automaticEdgeStats	T200|T228	bridge=0;bridgePixels=[];river=0;riverMarkerImageHeight=0;riverMarkerImageWidth=0;riverMarkerSamples=0;riverMarkerX=0;riverMarkerY=0;total=45;
automaticEdgeStats	T200|T229	bridge=0;bridgePixels=[];river=0;riverMarkerImageHeight=0;riverMarkerImageWidth=0;riverMarkerSamples=0;riverMarkerX=0;riverMarkerY=0;total=49;
automaticEdgeStats	T201|T215	bridge=0;bridgePixels=[];river=0;riverMarkerImageHeight=0;riverMarkerImageWidth=0;riverMarkerSamples=0;riverMarkerX=0;riverMarkerY=0;total=108;
automaticEdgeStats	T201|T216	bridge=0;bridgePixels=[];river=0;riverMarkerImageHeight=0;riverMarkerImageWidth=0;riverMarkerSamples=0;riverMarkerX=0;riverMarkerY=0;total=83;
automaticEdgeStats	T202|T205	bridge=0;bridgePixels=[];river=26;riverMarkerImageHeight=4000;riverMarkerImageWidth=3200;riverMarkerSamples=26;riverMarkerX=18718;riverMarkerY=20852;total=103;
automaticEdgeStats	T203|T204	bridge=0;bridgePixels=[];river=0;riverMarkerImageHeight=0;riverMarkerImageWidth=0;riverMarkerSamples=0;riverMarkerX=0;riverMarkerY=0;total=50;
automaticEdgeStats	T203|T205	bridge=0;bridgePixels=[];river=13;riverMarkerImageHeight=4000;riverMarkerImageWidth=3200;riverMarkerSamples=13;riverMarkerX=11346;riverMarkerY=10551;total=13;
automaticEdgeStats	T203|T228	bridge=0;bridgePixels=[];river=3;riverMarkerImageHeight=4000;riverMarkerImageWidth=3200;riverMarkerSamples=3;riverMarkerX=2603;riverMarkerY=2454;total=65;
automaticEdgeStats	T204|T228	bridge=0;bridgePixels=[];river=0;riverMarkerImageHeight=0;riverMarkerImageWidth=0;riverMarkerSamples=0;riverMarkerX=0;riverMarkerY=0;total=81;
automaticEdgeStats	T205|T228	bridge=0;bridgePixels=[];river=111;riverMarkerImageHeight=4000;riverMarkerImageWidth=3200;riverMarkerSamples=111;riverMarkerX=92979;riverMarkerY=92702;total=111;
automaticEdgeStats	T205|T230	bridge=0;bridgePixels=[];river=0;riverMarkerImageHeight=0;riverMarkerImageWidth=0;riverMarkerSamples=0;riverMarkerX=0;riverMarkerY=0;total=78;
automaticEdgeStats	T206|T245	bridge=0;bridgePixels=[];river=48;riverMarkerImageHeight=4000;riverMarkerImageWidth=3200;riverMarkerSamples=48;riverMarkerX=28840;riverMarkerY=40310;total=113;
automaticEdgeStats	T207|T231	bridge=0;bridgePixels=[];river=0;riverMarkerImageHeight=0;riverMarkerImageWidth=0;riverMarkerSamples=0;riverMarkerX=0;riverMarkerY=0;total=69;
automaticEdgeStats	T207|T237	bridge=0;bridgePixels=[];river=0;riverMarkerImageHeight=0;riverMarkerImageWidth=0;riverMarkerSamples=0;riverMarkerX=0;riverMarkerY=0;total=64;
automaticEdgeStats	T207|T250	bridge=0;bridgePixels=[];river=30;riverMarkerImageHeight=4000;riverMarkerImageWidth=3200;riverMarkerSamples=30;riverMarkerX=38617;riverMarkerY=25502;total=30;
automaticEdgeStats	T208|T217	bridge=1;bridgePixels=[imageHeight=4000;imageWidth=3200;x=1012;y=847;];river=87;riverMarkerImageHeight=4000;riverMarkerImageWidth=3200;riverMarkerSamples=87;riverMarkerX=90574;riverMarkerY=71943;total=93;
automaticEdgeStats	T208|T229	bridge=0;bridgePixels=[];river=0;riverMarkerImageHeight=0;riverMarkerImageWidth=0;riverMarkerSamples=0;riverMarkerX=0;riverMarkerY=0;total=39;
automaticEdgeStats	T208|T240	bridge=0;bridgePixels=[];river=1;riverMarkerImageHeight=4000;riverMarkerImageWidth=3200;riverMarkerSamples=1;riverMarkerX=1001;riverMarkerY=855;total=1;
automaticEdgeStats	T209|T216	bridge=0;bridgePixels=[];river=2;riverMarkerImageHeight=4000;riverMarkerImageWidth=3200;riverMarkerSamples=2;riverMarkerX=3540;riverMarkerY=1655;total=19;
automaticEdgeStats	T209|T226	bridge=0;bridgePixels=[];river=173;riverMarkerImageHeight=4000;riverMarkerImageWidth=3200;riverMarkerSamples=173;riverMarkerX=298913;riverMarkerY=143775;total=173;
automaticEdgeStats	T210|T219	bridge=0;bridgePixels=[];river=7;riverMarkerImageHeight=4000;riverMarkerImageWidth=3200;riverMarkerSamples=7;riverMarkerX=15781;riverMarkerY=5687;total=101;
automaticEdgeStats	T210|T236	bridge=0;bridgePixels=[];river=0;riverMarkerImageHeight=0;riverMarkerImageWidth=0;riverMarkerSamples=0;riverMarkerX=0;riverMarkerY=0;total=178;
automaticEdgeStats	T211|T212	bridge=0;bridgePixels=[];river=7;riverMarkerImageHeight=4000;riverMarkerImageWidth=3200;riverMarkerSamples=7;riverMarkerX=9930;riverMarkerY=5747;total=57;
automaticEdgeStats	T211|T238	bridge=0;bridgePixels=[];river=27;riverMarkerImageHeight=4000;riverMarkerImageWidth=3200;riverMarkerSamples=27;riverMarkerX=39609;riverMarkerY=22847;total=69;
automaticEdgeStats	T211|T242	bridge=0;bridgePixels=[];river=2;riverMarkerImageHeight=4000;riverMarkerImageWidth=3200;riverMarkerSamples=2;riverMarkerX=2945;riverMarkerY=1645;total=70;
automaticEdgeStats	T212|T238	bridge=0;bridgePixels=[];river=10;riverMarkerImageHeight=4000;riverMarkerImageWidth=3200;riverMarkerSamples=10;riverMarkerX=14330;riverMarkerY=8459;total=48;
automaticEdgeStats	T212|T246	bridge=0;bridgePixels=[];river=11;riverMarkerImageHeight=4000;riverMarkerImageWidth=3200;riverMarkerSamples=11;riverMarkerX=15142;riverMarkerY=9254;total=148;
automaticEdgeStats	T213|T214	bridge=0;bridgePixels=[];river=5;riverMarkerImageHeight=4000;riverMarkerImageWidth=3200;riverMarkerSamples=5;riverMarkerX=9959;riverMarkerY=4048;total=124;
automaticEdgeStats	T213|T225	bridge=0;bridgePixels=[];river=2;riverMarkerImageHeight=4000;riverMarkerImageWidth=3200;riverMarkerSamples=2;riverMarkerX=3799;riverMarkerY=1640;total=43;
automaticEdgeStats	T213|T244	bridge=0;bridgePixels=[];river=0;riverMarkerImageHeight=0;riverMarkerImageWidth=0;riverMarkerSamples=0;riverMarkerX=0;riverMarkerY=0;total=114;
automaticEdgeStats	T214|T224	bridge=0;bridgePixels=[];river=0;riverMarkerImageHeight=0;riverMarkerImageWidth=0;riverMarkerSamples=0;riverMarkerX=0;riverMarkerY=0;total=167;
automaticEdgeStats	T214|T244	bridge=0;bridgePixels=[];river=0;riverMarkerImageHeight=0;riverMarkerImageWidth=0;riverMarkerSamples=0;riverMarkerX=0;riverMarkerY=0;total=28;
automaticEdgeStats	T214|T259	bridge=0;bridgePixels=[];river=0;riverMarkerImageHeight=0;riverMarkerImageWidth=0;riverMarkerSamples=0;riverMarkerX=0;riverMarkerY=0;total=53;
automaticEdgeStats	T214|T263	bridge=0;bridgePixels=[];river=0;riverMarkerImageHeight=0;riverMarkerImageWidth=0;riverMarkerSamples=0;riverMarkerX=0;riverMarkerY=0;total=2;
automaticEdgeStats	T215|T216	bridge=0;bridgePixels=[];river=0;riverMarkerImageHeight=0;riverMarkerImageWidth=0;riverMarkerSamples=0;riverMarkerX=0;riverMarkerY=0;total=17;
automaticEdgeStats	T215|T225	bridge=0;bridgePixels=[];river=46;riverMarkerImageHeight=4000;riverMarkerImageWidth=3200;riverMarkerSamples=46;riverMarkerX=86990;riverMarkerY=38271;total=46;
automaticEdgeStats	T216|T226	bridge=0;bridgePixels=[];river=46;riverMarkerImageHeight=4000;riverMarkerImageWidth=3200;riverMarkerSamples=46;riverMarkerX=81954;riverMarkerY=38711;total=46;
automaticEdgeStats	T217|T218	bridge=0;bridgePixels=[];river=1;riverMarkerImageHeight=4000;riverMarkerImageWidth=3200;riverMarkerSamples=1;riverMarkerX=1105;riverMarkerY=878;total=132;
automaticEdgeStats	T217|T240	bridge=0;bridgePixels=[];river=11;riverMarkerImageHeight=4000;riverMarkerImageWidth=3200;riverMarkerSamples=11;riverMarkerX=11435;riverMarkerY=9685;total=107;
automaticEdgeStats	T217|T252	bridge=0;bridgePixels=[];river=126;riverMarkerImageHeight=4000;riverMarkerImageWidth=3200;riverMarkerSamples=126;riverMarkerX=135850;riverMarkerY=111838;total=126;
automaticEdgeStats	T218|T239	bridge=0;bridgePixels=[];river=28;riverMarkerImageHeight=4000;riverMarkerImageWidth=3200;riverMarkerSamples=28;riverMarkerX=31268;riverMarkerY=24432;total=40;
automaticEdgeStats	T219|T224	bridge=0;bridgePixels=[];river=9;riverMarkerImageHeight=4000;riverMarkerImageWidth=3200;riverMarkerSamples=9;riverMarkerX=19806;riverMarkerY=7456;total=67;
automaticEdgeStats	T219|T236	bridge=0;bridgePixels=[];river=0;riverMarkerImageHeight=0;riverMarkerImageWidth=0;riverMarkerSamples=0;riverMarkerX=0;riverMarkerY=0;total=5;
automaticEdgeStats	T219|T254	bridge=0;bridgePixels=[];river=0;riverMarkerImageHeight=0;riverMarkerImageWidth=0;riverMarkerSamples=0;riverMarkerX=0;riverMarkerY=0;total=166;
automaticEdgeStats	T220|T223	bridge=0;bridgePixels=[];river=0;riverMarkerImageHeight=0;riverMarkerImageWidth=0;riverMarkerSamples=0;riverMarkerX=0;riverMarkerY=0;total=1;
automaticEdgeStats	T220|T232	bridge=0;bridgePixels=[];river=0;riverMarkerImageHeight=0;riverMarkerImageWidth=0;riverMarkerSamples=0;riverMarkerX=0;riverMarkerY=0;total=1;
automaticEdgeStats	T222|T260	bridge=0;bridgePixels=[];river=1;riverMarkerImageHeight=4000;riverMarkerImageWidth=3200;riverMarkerSamples=1;riverMarkerX=2456;riverMarkerY=930;total=1;
automaticEdgeStats	T222|T269	bridge=0;bridgePixels=[];river=536;riverMarkerImageHeight=4000;riverMarkerImageWidth=3200;riverMarkerSamples=536;riverMarkerX=1377016;riverMarkerY=481498;total=540;
automaticEdgeStats	T223|T233	bridge=0;bridgePixels=[];river=0;riverMarkerImageHeight=0;riverMarkerImageWidth=0;riverMarkerSamples=0;riverMarkerX=0;riverMarkerY=0;total=1;
automaticEdgeStats	T224|T251	bridge=0;bridgePixels=[];river=0;riverMarkerImageHeight=0;riverMarkerImageWidth=0;riverMarkerSamples=0;riverMarkerX=0;riverMarkerY=0;total=2;
automaticEdgeStats	T224|T254	bridge=0;bridgePixels=[];river=0;riverMarkerImageHeight=0;riverMarkerImageWidth=0;riverMarkerSamples=0;riverMarkerX=0;riverMarkerY=0;total=95;
automaticEdgeStats	T224|T263	bridge=0;bridgePixels=[];river=0;riverMarkerImageHeight=0;riverMarkerImageWidth=0;riverMarkerSamples=0;riverMarkerX=0;riverMarkerY=0;total=368;
automaticEdgeStats	T225|T244	bridge=0;bridgePixels=[];river=6;riverMarkerImageHeight=4000;riverMarkerImageWidth=3200;riverMarkerSamples=6;riverMarkerX=11393;riverMarkerY=5356;total=113;
automaticEdgeStats	T226|T241	bridge=0;bridgePixels=[];river=0;riverMarkerImageHeight=0;riverMarkerImageWidth=0;riverMarkerSamples=0;riverMarkerX=0;riverMarkerY=0;total=117;
automaticEdgeStats	T226|T255	bridge=0;bridgePixels=[];river=0;riverMarkerImageHeight=0;riverMarkerImageWidth=0;riverMarkerSamples=0;riverMarkerX=0;riverMarkerY=0;total=112;
automaticEdgeStats	T227|T269	bridge=0;bridgePixels=[];river=10;riverMarkerImageHeight=4000;riverMarkerImageWidth=3200;riverMarkerSamples=10;riverMarkerX=27529;riverMarkerY=8738;total=461;
automaticEdgeStats	T227|T304	bridge=0;bridgePixels=[];river=255;riverMarkerImageHeight=4000;riverMarkerImageWidth=3200;riverMarkerSamples=255;riverMarkerX=730154;riverMarkerY=233294;total=276;
automaticEdgeStats	T228|T229	bridge=0;bridgePixels=[];river=0;riverMarkerImageHeight=0;riverMarkerImageWidth=0;riverMarkerSamples=0;riverMarkerX=0;riverMarkerY=0;total=105;
automaticEdgeStats	T228|T230	bridge=0;bridgePixels=[];river=26;riverMarkerImageHeight=4000;riverMarkerImageWidth=3200;riverMarkerSamples=26;riverMarkerX=20941;riverMarkerY=22400;total=26;
automaticEdgeStats	T228|T256	bridge=0;bridgePixels=[];river=9;riverMarkerImageHeight=4000;riverMarkerImageWidth=3200;riverMarkerSamples=9;riverMarkerX=7638;riverMarkerY=7968;total=238;
automaticEdgeStats	T228|T268	bridge=0;bridgePixels=[];river=35;riverMarkerImageHeight=4000;riverMarkerImageWidth=3200;riverMarkerSamples=35;riverMarkerX=33011;riverMarkerY=31741;total=35;
automaticEdgeStats	T229|T240	bridge=0;bridgePixels=[];river=33;riverMarkerImageHeight=4000;riverMarkerImageWidth=3200;riverMarkerSamples=33;riverMarkerX=32786;riverMarkerY=28608;total=33;
automaticEdgeStats	T229|T268	bridge=1;bridgePixels=[imageHeight=4000;imageWidth=3200;x=982;y=881;];river=41;riverMarkerImageHeight=4000;riverMarkerImageWidth=3200;riverMarkerSamples=41;riverMarkerX=39735;riverMarkerY=36400;total=44;
automaticEdgeStats	T230|T245	bridge=0;bridgePixels=[];river=8;riverMarkerImageHeight=4000;riverMarkerImageWidth=3200;riverMarkerSamples=8;riverMarkerX=5732;riverMarkerY=6941;total=119;
automaticEdgeStats	T230|T256	bridge=0;bridgePixels=[];river=192;riverMarkerImageHeight=4000;riverMarkerImageWidth=3200;riverMarkerSamples=192;riverMarkerX=148822;riverMarkerY=170222;total=192;
automaticEdgeStats	T231|T233	bridge=0;bridgePixels=[];river=6;riverMarkerImageHeight=4000;riverMarkerImageWidth=3200;riverMarkerSamples=6;riverMarkerX=7164;riverMarkerY=5259;total=18;
automaticEdgeStats	T231|T237	bridge=0;bridgePixels=[];river=1;riverMarkerImageHeight=4000;riverMarkerImageWidth=3200;riverMarkerSamples=1;riverMarkerX=1231;riverMarkerY=906;total=146;
automaticEdgeStats	T231|T247	bridge=0;bridgePixels=[];river=20;riverMarkerImageHeight=4000;riverMarkerImageWidth=3200;riverMarkerSamples=20;riverMarkerX=23973;riverMarkerY=17786;total=20;
automaticEdgeStats	T231|T253	bridge=0;bridgePixels=[];river=59;riverMarkerImageHeight=4000;riverMarkerImageWidth=3200;riverMarkerSamples=59;riverMarkerX=71755;riverMarkerY=53192;total=59;
automaticEdgeStats	T232|T239	bridge=0;bridgePixels=[];river=0;riverMarkerImageHeight=0;riverMarkerImageWidth=0;riverMarkerSamples=0;riverMarkerX=0;riverMarkerY=0;total=1;
automaticEdgeStats	T233|T247	bridge=0;bridgePixels=[];river=0;riverMarkerImageHeight=0;riverMarkerImageWidth=0;riverMarkerSamples=0;riverMarkerX=0;riverMarkerY=0;total=37;
automaticEdgeStats	T234|T249	bridge=0;bridgePixels=[];river=0;riverMarkerImageHeight=0;riverMarkerImageWidth=0;riverMarkerSamples=0;riverMarkerX=0;riverMarkerY=0;total=1;
automaticEdgeStats	T235|T242	bridge=0;bridgePixels=[];river=0;riverMarkerImageHeight=0;riverMarkerImageWidth=0;riverMarkerSamples=0;riverMarkerX=0;riverMarkerY=0;total=450;
automaticEdgeStats	T236|T249	bridge=0;bridgePixels=[];river=0;riverMarkerImageHeight=0;riverMarkerImageWidth=0;riverMarkerSamples=0;riverMarkerX=0;riverMarkerY=0;total=140;
automaticEdgeStats	T236|T254	bridge=0;bridgePixels=[];river=0;riverMarkerImageHeight=0;riverMarkerImageWidth=0;riverMarkerSamples=0;riverMarkerX=0;riverMarkerY=0;total=164;
automaticEdgeStats	T236|T303	bridge=0;bridgePixels=[];river=72;riverMarkerImageHeight=4000;riverMarkerImageWidth=3200;riverMarkerSamples=72;riverMarkerX=165431;riverMarkerY=66614;total=72;
automaticEdgeStats	T237|T250	bridge=0;bridgePixels=[];river=86;riverMarkerImageHeight=4000;riverMarkerImageWidth=3200;riverMarkerSamples=86;riverMarkerX=108742;riverMarkerY=76234;total=88;
automaticEdgeStats	T237|T253	bridge=0;bridgePixels=[];river=55;riverMarkerImageHeight=4000;riverMarkerImageWidth=3200;riverMarkerSamples=55;riverMarkerX=68436;riverMarkerY=50106;total=55;
automaticEdgeStats	T238|T242	bridge=0;bridgePixels=[];river=2;riverMarkerImageHeight=4000;riverMarkerImageWidth=3200;riverMarkerSamples=2;riverMarkerX=2938;riverMarkerY=1759;total=97;
automaticEdgeStats	T238|T246	bridge=0;bridgePixels=[];river=9;riverMarkerImageHeight=4000;riverMarkerImageWidth=3200;riverMarkerSamples=9;riverMarkerX=12807;riverMarkerY=7897;total=168;
automaticEdgeStats	T238|T265	bridge=0;bridgePixels=[];river=5;riverMarkerImageHeight=4000;riverMarkerImageWidth=3200;riverMarkerSamples=5;riverMarkerX=7219;riverMarkerY=4565;total=37;
automaticEdgeStats	T239|T252	bridge=0;bridgePixels=[];river=34;riverMarkerImageHeight=4000;riverMarkerImageWidth=3200;riverMarkerSamples=34;riverMarkerX=37979;riverMarkerY=30094;total=34;
automaticEdgeStats	T240|T252	bridge=0;bridgePixels=[];river=1;riverMarkerImageHeight=4000;riverMarkerImageWidth=3200;riverMarkerSamples=1;riverMarkerX=1047;riverMarkerY=890;total=74;
automaticEdgeStats	T240|T268	bridge=0;bridgePixels=[];river=3;riverMarkerImageHeight=4000;riverMarkerImageWidth=3200;riverMarkerSamples=3;riverMarkerX=2961;riverMarkerY=2638;total=31;
automaticEdgeStats	T241|T243	bridge=0;bridgePixels=[];river=1;riverMarkerImageHeight=4000;riverMarkerImageWidth=3200;riverMarkerSamples=1;riverMarkerX=1679;riverMarkerY=834;total=248;
automaticEdgeStats	T241|T255	bridge=0;bridgePixels=[];river=0;riverMarkerImageHeight=0;riverMarkerImageWidth=0;riverMarkerSamples=0;riverMarkerX=0;riverMarkerY=0;total=19;
automaticEdgeStats	T242|T243	bridge=0;bridgePixels=[];river=0;riverMarkerImageHeight=0;riverMarkerImageWidth=0;riverMarkerSamples=0;riverMarkerX=0;riverMarkerY=0;total=245;
automaticEdgeStats	T242|T265	bridge=0;bridgePixels=[];river=0;riverMarkerImageHeight=0;riverMarkerImageWidth=0;riverMarkerSamples=0;riverMarkerX=0;riverMarkerY=0;total=73;
automaticEdgeStats	T242|T288	bridge=0;bridgePixels=[];river=0;riverMarkerImageHeight=0;riverMarkerImageWidth=0;riverMarkerSamples=0;riverMarkerX=0;riverMarkerY=0;total=306;
automaticEdgeStats	T243|T255	bridge=0;bridgePixels=[];river=0;riverMarkerImageHeight=0;riverMarkerImageWidth=0;riverMarkerSamples=0;riverMarkerX=0;riverMarkerY=0;total=14;
automaticEdgeStats	T243|T277	bridge=0;bridgePixels=[];river=0;riverMarkerImageHeight=0;riverMarkerImageWidth=0;riverMarkerSamples=0;riverMarkerX=0;riverMarkerY=0;total=26;
automaticEdgeStats	T243|T288	bridge=0;bridgePixels=[];river=0;riverMarkerImageHeight=0;riverMarkerImageWidth=0;riverMarkerSamples=0;riverMarkerX=0;riverMarkerY=0;total=236;
automaticEdgeStats	T244|T259	bridge=0;bridgePixels=[];river=0;riverMarkerImageHeight=0;riverMarkerImageWidth=0;riverMarkerSamples=0;riverMarkerX=0;riverMarkerY=0;total=58;
automaticEdgeStats	T244|T261	bridge=0;bridgePixels=[];river=2;riverMarkerImageHeight=4000;riverMarkerImageWidth=3200;riverMarkerSamples=2;riverMarkerX=3873;riverMarkerY=1856;total=45;
automaticEdgeStats	T244|T262	bridge=1;bridgePixels=[imageHeight=4000;imageWidth=3200;x=1930;y=921;];river=62;riverMarkerImageHeight=4000;riverMarkerImageWidth=3200;riverMarkerSamples=62;riverMarkerX=119148;riverMarkerY=56694;total=71;
automaticEdgeStats	T246|T250	bridge=0;bridgePixels=[];river=0;riverMarkerImageHeight=0;riverMarkerImageWidth=0;riverMarkerSamples=0;riverMarkerX=0;riverMarkerY=0;total=82;
automaticEdgeStats	T246|T265	bridge=0;bridgePixels=[];river=5;riverMarkerImageHeight=4000;riverMarkerImageWidth=3200;riverMarkerSamples=5;riverMarkerX=7075;riverMarkerY=4631;total=15;
automaticEdgeStats	T246|T270	bridge=0;bridgePixels=[];river=0;riverMarkerImageHeight=0;riverMarkerImageWidth=0;riverMarkerSamples=0;riverMarkerX=0;riverMarkerY=0;total=116;
automaticEdgeStats	T247|T253	bridge=0;bridgePixels=[];river=25;riverMarkerImageHeight=4000;riverMarkerImageWidth=3200;riverMarkerSamples=25;riverMarkerX=29871;riverMarkerY=22419;total=25;
automaticEdgeStats	T247|T266	bridge=0;bridgePixels=[];river=40;riverMarkerImageHeight=4000;riverMarkerImageWidth=3200;riverMarkerSamples=40;riverMarkerX=47217;riverMarkerY=35925;total=40;
automaticEdgeStats	T249|T276	bridge=0;bridgePixels=[];river=55;riverMarkerImageHeight=4000;riverMarkerImageWidth=3200;riverMarkerSamples=55;riverMarkerX=129232;riverMarkerY=49968;total=55;
automaticEdgeStats	T249|T303	bridge=0;bridgePixels=[];river=8;riverMarkerImageHeight=4000;riverMarkerImageWidth=3200;riverMarkerSamples=8;riverMarkerX=18567;riverMarkerY=7411;total=8;
automaticEdgeStats	T250|T253	bridge=0;bridgePixels=[];river=19;riverMarkerImageHeight=4000;riverMarkerImageWidth=3200;riverMarkerSamples=19;riverMarkerX=23858;riverMarkerY=17418;total=19;
automaticEdgeStats	T250|T266	bridge=0;bridgePixels=[];river=73;riverMarkerImageHeight=4000;riverMarkerImageWidth=3200;riverMarkerSamples=73;riverMarkerX=93908;riverMarkerY=69202;total=73;
automaticEdgeStats	T250|T270	bridge=0;bridgePixels=[];river=2;riverMarkerImageHeight=4000;riverMarkerImageWidth=3200;riverMarkerSamples=2;riverMarkerX=2634;riverMarkerY=1928;total=102;
automaticEdgeStats	T252|T267	bridge=0;bridgePixels=[];river=0;riverMarkerImageHeight=0;riverMarkerImageWidth=0;riverMarkerSamples=0;riverMarkerX=0;riverMarkerY=0;total=148;
automaticEdgeStats	T252|T268	bridge=0;bridgePixels=[];river=0;riverMarkerImageHeight=0;riverMarkerImageWidth=0;riverMarkerSamples=0;riverMarkerX=0;riverMarkerY=0;total=119;
automaticEdgeStats	T252|T279	bridge=0;bridgePixels=[];river=0;riverMarkerImageHeight=0;riverMarkerImageWidth=0;riverMarkerSamples=0;riverMarkerX=0;riverMarkerY=0;total=3;
automaticEdgeStats	T253|T266	bridge=0;bridgePixels=[];river=2;riverMarkerImageHeight=4000;riverMarkerImageWidth=3200;riverMarkerSamples=2;riverMarkerX=2376;riverMarkerY=1799;total=101;
automaticEdgeStats	T254|T280	bridge=0;bridgePixels=[];river=4;riverMarkerImageHeight=4000;riverMarkerImageWidth=3200;riverMarkerSamples=4;riverMarkerX=8965;riverMarkerY=3935;total=187;
automaticEdgeStats	T254|T303	bridge=0;bridgePixels=[];river=87;riverMarkerImageHeight=4000;riverMarkerImageWidth=3200;riverMarkerSamples=87;riverMarkerX=196782;riverMarkerY=83671;total=87;
automaticEdgeStats	T255|T275	bridge=0;bridgePixels=[];river=0;riverMarkerImageHeight=0;riverMarkerImageWidth=0;riverMarkerSamples=0;riverMarkerX=0;riverMarkerY=0;total=20;
automaticEdgeStats	T255|T277	bridge=0;bridgePixels=[];river=0;riverMarkerImageHeight=0;riverMarkerImageWidth=0;riverMarkerSamples=0;riverMarkerX=0;riverMarkerY=0;total=75;
automaticEdgeStats	T256|T264	bridge=0;bridgePixels=[];river=0;riverMarkerImageHeight=0;riverMarkerImageWidth=0;riverMarkerSamples=0;riverMarkerX=0;riverMarkerY=0;total=1;
automaticEdgeStats	T256|T268	bridge=0;bridgePixels=[];river=78;riverMarkerImageHeight=4000;riverMarkerImageWidth=3200;riverMarkerSamples=78;riverMarkerX=71200;riverMarkerY=73461;total=78;
automaticEdgeStats	T256|T274	bridge=0;bridgePixels=[];river=0;riverMarkerImageHeight=0;riverMarkerImageWidth=0;riverMarkerSamples=0;riverMarkerX=0;riverMarkerY=0;total=42;
automaticEdgeStats	T256|T284	bridge=1;bridgePixels=[imageHeight=4000;imageWidth=3200;x=890;y=967;];river=26;riverMarkerImageHeight=4000;riverMarkerImageWidth=3200;riverMarkerSamples=26;riverMarkerX=23002;riverMarkerY=25138;total=30;
automaticEdgeStats	T256|T289	bridge=0;bridgePixels=[];river=4;riverMarkerImageHeight=4000;riverMarkerImageWidth=3200;riverMarkerSamples=4;riverMarkerX=3491;riverMarkerY=3887;total=230;
automaticEdgeStats	T259|T261	bridge=0;bridgePixels=[];river=1;riverMarkerImageHeight=4000;riverMarkerImageWidth=3200;riverMarkerSamples=1;riverMarkerX=1999;riverMarkerY=947;total=107;
automaticEdgeStats	T259|T263	bridge=0;bridgePixels=[];river=5;riverMarkerImageHeight=4000;riverMarkerImageWidth=3200;riverMarkerSamples=5;riverMarkerX=10348;riverMarkerY=4992;total=193;
automaticEdgeStats	T259|T278	bridge=1;bridgePixels=[imageHeight=4000;imageWidth=3200;x=2005;y=952;];river=57;riverMarkerImageHeight=4000;riverMarkerImageWidth=3200;riverMarkerSamples=57;riverMarkerX=115058;riverMarkerY=55110;total=70;
automaticEdgeStats	T259|T302	bridge=0;bridgePixels=[];river=81;riverMarkerImageHeight=4000;riverMarkerImageWidth=3200;riverMarkerSamples=81;riverMarkerX=166156;riverMarkerY=80038;total=81;
automaticEdgeStats	T261|T262	bridge=0;bridgePixels=[];river=72;riverMarkerImageHeight=4000;riverMarkerImageWidth=3200;riverMarkerSamples=72;riverMarkerX=140214;riverMarkerY=67657;total=72;
automaticEdgeStats	T261|T278	bridge=0;bridgePixels=[];river=35;riverMarkerImageHeight=4000;riverMarkerImageWidth=3200;riverMarkerSamples=35;riverMarkerX=69746;riverMarkerY=33154;total=37;
automaticEdgeStats	T261|T282	bridge=0;bridgePixels=[];river=18;riverMarkerImageHeight=4000;riverMarkerImageWidth=3200;riverMarkerSamples=18;riverMarkerX=35332;riverMarkerY=17257;total=18;
automaticEdgeStats	T261|T290	bridge=0;bridgePixels=[];river=6;riverMarkerImageHeight=4000;riverMarkerImageWidth=3200;riverMarkerSamples=6;riverMarkerX=11826;riverMarkerY=5747;total=45;
automaticEdgeStats	T262|T282	bridge=0;bridgePixels=[];river=5;riverMarkerImageHeight=4000;riverMarkerImageWidth=3200;riverMarkerSamples=5;riverMarkerX=9701;riverMarkerY=4775;total=158;
automaticEdgeStats	T263|T280	bridge=0;bridgePixels=[];river=1;riverMarkerImageHeight=4000;riverMarkerImageWidth=3200;riverMarkerSamples=1;riverMarkerX=2127;riverMarkerY=987;total=188;
automaticEdgeStats	T263|T308	bridge=0;bridgePixels=[];river=118;riverMarkerImageHeight=4000;riverMarkerImageWidth=3200;riverMarkerSamples=118;riverMarkerX=247323;riverMarkerY=117494;total=118;
automaticEdgeStats	T265|T270	bridge=0;bridgePixels=[];river=0;riverMarkerImageHeight=0;riverMarkerImageWidth=0;riverMarkerSamples=0;riverMarkerX=0;riverMarkerY=0;total=65;
automaticEdgeStats	T265|T285	bridge=0;bridgePixels=[];river=0;riverMarkerImageHeight=0;riverMarkerImageWidth=0;riverMarkerSamples=0;riverMarkerX=0;riverMarkerY=0;total=123;
automaticEdgeStats	T265|T288	bridge=0;bridgePixels=[];river=0;riverMarkerImageHeight=0;riverMarkerImageWidth=0;riverMarkerSamples=0;riverMarkerX=0;riverMarkerY=0;total=55;
automaticEdgeStats	T266|T270	bridge=0;bridgePixels=[];river=2;riverMarkerImageHeight=4000;riverMarkerImageWidth=3200;riverMarkerSamples=2;riverMarkerX=2632;riverMarkerY=1933;total=2;
automaticEdgeStats	T266|T272	bridge=0;bridgePixels=[];river=4;riverMarkerImageHeight=4000;riverMarkerImageWidth=3200;riverMarkerSamples=4;riverMarkerX=4891;riverMarkerY=3891;total=153;
automaticEdgeStats	T266|T281	bridge=0;bridgePixels=[];river=32;riverMarkerImageHeight=4000;riverMarkerImageWidth=3200;riverMarkerSamples=32;riverMarkerX=41957;riverMarkerY=31358;total=32;
automaticEdgeStats	T266|T286	bridge=0;bridgePixels=[];river=164;riverMarkerImageHeight=4000;riverMarkerImageWidth=3200;riverMarkerSamples=164;riverMarkerX=207342;riverMarkerY=159765;total=170;
automaticEdgeStats	T267|T279	bridge=0;bridgePixels=[];river=0;riverMarkerImageHeight=0;riverMarkerImageWidth=0;riverMarkerSamples=0;riverMarkerX=0;riverMarkerY=0;total=65;
automaticEdgeStats	T268|T279	bridge=0;bridgePixels=[];river=0;riverMarkerImageHeight=0;riverMarkerImageWidth=0;riverMarkerSamples=0;riverMarkerX=0;riverMarkerY=0;total=68;
automaticEdgeStats	T268|T284	bridge=0;bridgePixels=[];river=1;riverMarkerImageHeight=4000;riverMarkerImageWidth=3200;riverMarkerSamples=1;riverMarkerX=896;riverMarkerY=966;total=76;
automaticEdgeStats	T268|T306	bridge=0;bridgePixels=[];river=0;riverMarkerImageHeight=0;riverMarkerImageWidth=0;riverMarkerSamples=0;riverMarkerX=0;riverMarkerY=0;total=101;
automaticEdgeStats	T268|T313	bridge=0;bridgePixels=[];river=0;riverMarkerImageHeight=0;riverMarkerImageWidth=0;riverMarkerSamples=0;riverMarkerX=0;riverMarkerY=0;total=103;
automaticEdgeStats	T269|T304	bridge=0;bridgePixels=[];river=168;riverMarkerImageHeight=4000;riverMarkerImageWidth=3200;riverMarkerSamples=168;riverMarkerX=469440;riverMarkerY=168596;total=168;
automaticEdgeStats	T269|T317	bridge=0;bridgePixels=[];river=508;riverMarkerImageHeight=4000;riverMarkerImageWidth=3200;riverMarkerSamples=508;riverMarkerX=1342497;riverMarkerY=512514;total=508;
automaticEdgeStats	T270|T281	bridge=0;bridgePixels=[];river=2;riverMarkerImageHeight=4000;riverMarkerImageWidth=3200;riverMarkerSamples=2;riverMarkerX=2637;riverMarkerY=1936;total=59;
automaticEdgeStats	T270|T285	bridge=0;bridgePixels=[];river=0;riverMarkerImageHeight=0;riverMarkerImageWidth=0;riverMarkerSamples=0;riverMarkerX=0;riverMarkerY=0;total=87;
automaticEdgeStats	T272|T283	bridge=0;bridgePixels=[];river=74;riverMarkerImageHeight=4000;riverMarkerImageWidth=3200;riverMarkerSamples=74;riverMarkerX=86840;riverMarkerY=71571;total=74;
automaticEdgeStats	T272|T287	bridge=0;bridgePixels=[];river=69;riverMarkerImageHeight=4000;riverMarkerImageWidth=3200;riverMarkerSamples=69;riverMarkerX=83339;riverMarkerY=67268;total=71;
automaticEdgeStats	T273|T292	bridge=0;bridgePixels=[];river=0;riverMarkerImageHeight=0;riverMarkerImageWidth=0;riverMarkerSamples=0;riverMarkerX=0;riverMarkerY=0;total=59;
automaticEdgeStats	T273|T296	bridge=0;bridgePixels=[];river=0;riverMarkerImageHeight=0;riverMarkerImageWidth=0;riverMarkerSamples=0;riverMarkerX=0;riverMarkerY=0;total=96;
automaticEdgeStats	T275|T277	bridge=0;bridgePixels=[];river=1;riverMarkerImageHeight=4000;riverMarkerImageWidth=3200;riverMarkerSamples=1;riverMarkerX=1773;riverMarkerY=998;total=46;
automaticEdgeStats	T275|T296	bridge=1;bridgePixels=[imageHeight=4000;imageWidth=3200;x=1779;y=987;];river=20;riverMarkerImageHeight=4000;riverMarkerImageWidth=3200;riverMarkerSamples=20;riverMarkerX=35541;riverMarkerY=19860;total=28;
automaticEdgeStats	T276|T303	bridge=0;bridgePixels=[];river=0;riverMarkerImageHeight=0;riverMarkerImageWidth=0;riverMarkerSamples=0;riverMarkerX=0;riverMarkerY=0;total=326;
automaticEdgeStats	T276|T318	bridge=0;bridgePixels=[];river=0;riverMarkerImageHeight=0;riverMarkerImageWidth=0;riverMarkerSamples=0;riverMarkerX=0;riverMarkerY=0;total=128;
automaticEdgeStats	T277|T288	bridge=0;bridgePixels=[];river=0;riverMarkerImageHeight=0;riverMarkerImageWidth=0;riverMarkerSamples=0;riverMarkerX=0;riverMarkerY=0;total=107;
automaticEdgeStats	T277|T296	bridge=0;bridgePixels=[];river=8;riverMarkerImageHeight=4000;riverMarkerImageWidth=3200;riverMarkerSamples=8;riverMarkerX=14264;riverMarkerY=8071;total=44;
automaticEdgeStats	T277|T319	bridge=0;bridgePixels=[];river=0;riverMarkerImageHeight=0;riverMarkerImageWidth=0;riverMarkerSamples=0;riverMarkerX=0;riverMarkerY=0;total=95;
automaticEdgeStats	T277|T322	bridge=0;bridgePixels=[];river=0;riverMarkerImageHeight=0;riverMarkerImageWidth=0;riverMarkerSamples=0;riverMarkerX=0;riverMarkerY=0;total=19;
automaticEdgeStats	T278|T290	bridge=0;bridgePixels=[];river=8;riverMarkerImageHeight=4000;riverMarkerImageWidth=3200;riverMarkerSamples=8;riverMarkerX=15885;riverMarkerY=7683;total=94;
automaticEdgeStats	T278|T302	bridge=0;bridgePixels=[];river=108;riverMarkerImageHeight=4000;riverMarkerImageWidth=3200;riverMarkerSamples=108;riverMarkerX=216692;riverMarkerY=107915;total=108;
automaticEdgeStats	T279|T299	bridge=0;bridgePixels=[];river=0;riverMarkerImageHeight=0;riverMarkerImageWidth=0;riverMarkerSamples=0;riverMarkerX=0;riverMarkerY=0;total=97;
automaticEdgeStats	T279|T306	bridge=0;bridgePixels=[];river=0;riverMarkerImageHeight=0;riverMarkerImageWidth=0;riverMarkerSamples=0;riverMarkerX=0;riverMarkerY=0;total=23;
automaticEdgeStats	T280|T303	bridge=0;bridgePixels=[];river=142;riverMarkerImageHeight=4000;riverMarkerImageWidth=3200;riverMarkerSamples=142;riverMarkerX=318644;riverMarkerY=144850;total=142;
automaticEdgeStats	T280|T308	bridge=0;bridgePixels=[];river=211;riverMarkerImageHeight=4000;riverMarkerImageWidth=3200;riverMarkerSamples=211;riverMarkerX=457014;riverMarkerY=214232;total=211;
automaticEdgeStats	T280|T316	bridge=0;bridgePixels=[];river=63;riverMarkerImageHeight=4000;riverMarkerImageWidth=3200;riverMarkerSamples=63;riverMarkerX=139731;riverMarkerY=65821;total=63;
automaticEdgeStats	T281|T285	bridge=0;bridgePixels=[];river=0;riverMarkerImageHeight=0;riverMarkerImageWidth=0;riverMarkerSamples=0;riverMarkerX=0;riverMarkerY=0;total=50;
automaticEdgeStats	T281|T286	bridge=0;bridgePixels=[];river=59;riverMarkerImageHeight=4000;riverMarkerImageWidth=3200;riverMarkerSamples=59;riverMarkerX=78286;riverMarkerY=58833;total=59;
automaticEdgeStats	T281|T297	bridge=0;bridgePixels=[];river=1;riverMarkerImageHeight=4000;riverMarkerImageWidth=3200;riverMarkerSamples=1;riverMarkerX=1344;riverMarkerY=1000;total=56;
automaticEdgeStats	T282|T290	bridge=0;bridgePixels=[];river=1;riverMarkerImageHeight=4000;riverMarkerImageWidth=3200;riverMarkerSamples=1;riverMarkerX=1969;riverMarkerY=964;total=140;
automaticEdgeStats	T282|T292	bridge=2;bridgePixels=[imageHeight=4000;imageWidth=3200;x=1869;y=985;, imageHeight=4000;imageWidth=3200;x=1871;y=998;];river=58;riverMarkerImageHeight=4000;riverMarkerImageWidth=3200;riverMarkerSamples=58;riverMarkerX=108464;riverMarkerY=58248;total=62;
automaticEdgeStats	T282|T312	bridge=0;bridgePixels=[];river=4;riverMarkerImageHeight=4000;riverMarkerImageWidth=3200;riverMarkerSamples=4;riverMarkerX=7499;riverMarkerY=4079;total=72;
automaticEdgeStats	T283|T287	bridge=0;bridgePixels=[];river=2;riverMarkerImageHeight=4000;riverMarkerImageWidth=3200;riverMarkerSamples=2;riverMarkerX=2367;riverMarkerY=2000;total=106;
automaticEdgeStats	T283|T300	bridge=0;bridgePixels=[];river=71;riverMarkerImageHeight=4000;riverMarkerImageWidth=3200;riverMarkerSamples=71;riverMarkerX=82359;riverMarkerY=72254;total=71;
automaticEdgeStats	T284|T289	bridge=0;bridgePixels=[];river=62;riverMarkerImageHeight=4000;riverMarkerImageWidth=3200;riverMarkerSamples=62;riverMarkerX=53617;riverMarkerY=61523;total=62;
automaticEdgeStats	T284|T313	bridge=0;bridgePixels=[];river=0;riverMarkerImageHeight=0;riverMarkerImageWidth=0;riverMarkerSamples=0;riverMarkerX=0;riverMarkerY=0;total=177;
automaticEdgeStats	T285|T297	bridge=0;bridgePixels=[];river=0;riverMarkerImageHeight=0;riverMarkerImageWidth=0;riverMarkerSamples=0;riverMarkerX=0;riverMarkerY=0;total=53;
automaticEdgeStats	T285|T298	bridge=0;bridgePixels=[];river=0;riverMarkerImageHeight=0;riverMarkerImageWidth=0;riverMarkerSamples=0;riverMarkerX=0;riverMarkerY=0;total=187;
automaticEdgeStats	T285|T314	bridge=0;bridgePixels=[];river=0;riverMarkerImageHeight=0;riverMarkerImageWidth=0;riverMarkerSamples=0;riverMarkerX=0;riverMarkerY=0;total=124;
automaticEdgeStats	T285|T326	bridge=0;bridgePixels=[];river=0;riverMarkerImageHeight=0;riverMarkerImageWidth=0;riverMarkerSamples=0;riverMarkerX=0;riverMarkerY=0;total=47;
automaticEdgeStats	T286|T287	bridge=0;bridgePixels=[];river=2;riverMarkerImageHeight=4000;riverMarkerImageWidth=3200;riverMarkerSamples=2;riverMarkerX=2445;riverMarkerY=1951;total=71;
automaticEdgeStats	T286|T297	bridge=0;bridgePixels=[];river=28;riverMarkerImageHeight=4000;riverMarkerImageWidth=3200;riverMarkerSamples=28;riverMarkerX=37358;riverMarkerY=28392;total=28;
automaticEdgeStats	T286|T307	bridge=0;bridgePixels=[];river=0;riverMarkerImageHeight=0;riverMarkerImageWidth=0;riverMarkerSamples=0;riverMarkerX=0;riverMarkerY=0;total=86;
automaticEdgeStats	T286|T328	bridge=0;bridgePixels=[];river=2;riverMarkerImageHeight=4000;riverMarkerImageWidth=3200;riverMarkerSamples=2;riverMarkerX=2653;riverMarkerY=2056;total=75;
automaticEdgeStats	T287|T300	bridge=0;bridgePixels=[];river=43;riverMarkerImageHeight=4000;riverMarkerImageWidth=3200;riverMarkerSamples=43;riverMarkerX=51242;riverMarkerY=44229;total=43;
automaticEdgeStats	T287|T307	bridge=0;bridgePixels=[];river=1;riverMarkerImageHeight=4000;riverMarkerImageWidth=3200;riverMarkerSamples=1;riverMarkerX=1208;riverMarkerY=1038;total=47;
automaticEdgeStats	T288|T298	bridge=0;bridgePixels=[];river=0;riverMarkerImageHeight=0;riverMarkerImageWidth=0;riverMarkerSamples=0;riverMarkerX=0;riverMarkerY=0;total=245;
automaticEdgeStats	T288|T319	bridge=0;bridgePixels=[];river=0;riverMarkerImageHeight=0;riverMarkerImageWidth=0;riverMarkerSamples=0;riverMarkerX=0;riverMarkerY=0;total=171;
automaticEdgeStats	T288|T334	bridge=0;bridgePixels=[];river=0;riverMarkerImageHeight=0;riverMarkerImageWidth=0;riverMarkerSamples=0;riverMarkerX=0;riverMarkerY=0;total=118;
automaticEdgeStats	T290|T302	bridge=0;bridgePixels=[];river=1;riverMarkerImageHeight=4000;riverMarkerImageWidth=3200;riverMarkerSamples=1;riverMarkerX=1981;riverMarkerY=1018;total=38;
automaticEdgeStats	T290|T312	bridge=0;bridgePixels=[];river=0;riverMarkerImageHeight=0;riverMarkerImageWidth=0;riverMarkerSamples=0;riverMarkerX=0;riverMarkerY=0;total=162;
automaticEdgeStats	T292|T296	bridge=0;bridgePixels=[];river=19;riverMarkerImageHeight=4000;riverMarkerImageWidth=3200;riverMarkerSamples=19;riverMarkerX=35172;riverMarkerY=20064;total=144;
automaticEdgeStats	T292|T312	bridge=0;bridgePixels=[];river=96;riverMarkerImageHeight=4000;riverMarkerImageWidth=3200;riverMarkerSamples=96;riverMarkerX=179041;riverMarkerY=100034;total=96;
automaticEdgeStats	T296|T312	bridge=0;bridgePixels=[];river=29;riverMarkerImageHeight=4000;riverMarkerImageWidth=3200;riverMarkerSamples=29;riverMarkerX=53651;riverMarkerY=30924;total=29;
automaticEdgeStats	T296|T322	bridge=0;bridgePixels=[];river=2;riverMarkerImageHeight=4000;riverMarkerImageWidth=3200;riverMarkerSamples=2;riverMarkerX=3665;riverMarkerY=2151;total=88;
automaticEdgeStats	T296|T329	bridge=0;bridgePixels=[];river=14;riverMarkerImageHeight=4000;riverMarkerImageWidth=3200;riverMarkerSamples=14;riverMarkerX=25724;riverMarkerY=15062;total=14;
automaticEdgeStats	T297|T314	bridge=0;bridgePixels=[];river=2;riverMarkerImageHeight=4000;riverMarkerImageWidth=3200;riverMarkerSamples=2;riverMarkerX=2693;riverMarkerY=2085;total=83;
automaticEdgeStats	T297|T328	bridge=0;bridgePixels=[];river=23;riverMarkerImageHeight=4000;riverMarkerImageWidth=3200;riverMarkerSamples=23;riverMarkerX=30777;riverMarkerY=23784;total=23;
automaticEdgeStats	T298|T326	bridge=0;bridgePixels=[];river=0;riverMarkerImageHeight=0;riverMarkerImageWidth=0;riverMarkerSamples=0;riverMarkerX=0;riverMarkerY=0;total=83;
automaticEdgeStats	T298|T334	bridge=0;bridgePixels=[];river=0;riverMarkerImageHeight=0;riverMarkerImageWidth=0;riverMarkerSamples=0;riverMarkerX=0;riverMarkerY=0;total=191;
automaticEdgeStats	T299|T306	bridge=0;bridgePixels=[];river=0;riverMarkerImageHeight=0;riverMarkerImageWidth=0;riverMarkerSamples=0;riverMarkerX=0;riverMarkerY=0;total=87;
automaticEdgeStats	T299|T320	bridge=0;bridgePixels=[];river=0;riverMarkerImageHeight=0;riverMarkerImageWidth=0;riverMarkerSamples=0;riverMarkerX=0;riverMarkerY=0;total=68;
automaticEdgeStats	T300|T305	bridge=0;bridgePixels=[];river=0;riverMarkerImageHeight=0;riverMarkerImageWidth=0;riverMarkerSamples=0;riverMarkerX=0;riverMarkerY=0;total=52;
automaticEdgeStats	T300|T309	bridge=0;bridgePixels=[];river=0;riverMarkerImageHeight=0;riverMarkerImageWidth=0;riverMarkerSamples=0;riverMarkerX=0;riverMarkerY=0;total=20;
automaticEdgeStats	T300|T324	bridge=0;bridgePixels=[];river=2;riverMarkerImageHeight=4000;riverMarkerImageWidth=3200;riverMarkerSamples=2;riverMarkerX=2408;riverMarkerY=2080;total=8;
automaticEdgeStats	T300|T325	bridge=0;bridgePixels=[];river=0;riverMarkerImageHeight=0;riverMarkerImageWidth=0;riverMarkerSamples=0;riverMarkerX=0;riverMarkerY=0;total=26;
automaticEdgeStats	T302|T308	bridge=0;bridgePixels=[];river=3;riverMarkerImageHeight=4000;riverMarkerImageWidth=3200;riverMarkerSamples=3;riverMarkerX=6201;riverMarkerY=3005;total=137;
automaticEdgeStats	T302|T312	bridge=0;bridgePixels=[];river=0;riverMarkerImageHeight=0;riverMarkerImageWidth=0;riverMarkerSamples=0;riverMarkerX=0;riverMarkerY=0;total=78;
automaticEdgeStats	T302|T331	bridge=0;bridgePixels=[];river=0;riverMarkerImageHeight=0;riverMarkerImageWidth=0;riverMarkerSamples=0;riverMarkerX=0;riverMarkerY=0;total=155;
automaticEdgeStats	T302|T349	bridge=0;bridgePixels=[];river=0;riverMarkerImageHeight=0;riverMarkerImageWidth=0;riverMarkerSamples=0;riverMarkerX=0;riverMarkerY=0;total=33;
automaticEdgeStats	T303|T316	bridge=0;bridgePixels=[];river=92;riverMarkerImageHeight=4000;riverMarkerImageWidth=3200;riverMarkerSamples=92;riverMarkerX=205824;riverMarkerY=98416;total=92;
automaticEdgeStats	T303|T318	bridge=0;bridgePixels=[];river=0;riverMarkerImageHeight=0;riverMarkerImageWidth=0;riverMarkerSamples=0;riverMarkerX=0;riverMarkerY=0;total=55;
automaticEdgeStats	T303|T344	bridge=0;bridgePixels=[];river=2;riverMarkerImageHeight=4000;riverMarkerImageWidth=3200;riverMarkerSamples=2;riverMarkerX=4511;riverMarkerY=2215;total=149;
automaticEdgeStats	T303|T350	bridge=0;bridgePixels=[];river=26;riverMarkerImageHeight=4000;riverMarkerImageWidth=3200;riverMarkerSamples=26;riverMarkerX=58403;riverMarkerY=28600;total=26;
automaticEdgeStats	T304|T317	bridge=0;bridgePixels=[];river=6;riverMarkerImageHeight=4000;riverMarkerImageWidth=3200;riverMarkerSamples=6;riverMarkerX=16494;riverMarkerY=6405;total=195;
automaticEdgeStats	T304|T393	bridge=0;bridgePixels=[];river=300;riverMarkerImageHeight=4000;riverMarkerImageWidth=3200;riverMarkerSamples=300;riverMarkerX=868263;riverMarkerY=349232;total=302;
automaticEdgeStats	T304|T401	bridge=0;bridgePixels=[];river=187;riverMarkerImageHeight=4000;riverMarkerImageWidth=3200;riverMarkerSamples=187;riverMarkerX=520732;riverMarkerY=211646;total=187;
automaticEdgeStats	T305|T309	bridge=0;bridgePixels=[];river=0;riverMarkerImageHeight=0;riverMarkerImageWidth=0;riverMarkerSamples=0;riverMarkerX=0;riverMarkerY=0;total=29;
automaticEdgeStats	T305|T325	bridge=0;bridgePixels=[];river=0;riverMarkerImageHeight=0;riverMarkerImageWidth=0;riverMarkerSamples=0;riverMarkerX=0;riverMarkerY=0;total=37;
automaticEdgeStats	T306|T313	bridge=0;bridgePixels=[];river=3;riverMarkerImageHeight=4000;riverMarkerImageWidth=3200;riverMarkerSamples=3;riverMarkerX=2965;riverMarkerY=3326;total=220;
automaticEdgeStats	T306|T320	bridge=0;bridgePixels=[];river=3;riverMarkerImageHeight=4000;riverMarkerImageWidth=3200;riverMarkerSamples=3;riverMarkerX=3056;riverMarkerY=3300;total=75;
automaticEdgeStats	T306|T333	bridge=0;bridgePixels=[];river=61;riverMarkerImageHeight=4000;riverMarkerImageWidth=3200;riverMarkerSamples=61;riverMarkerX=61401;riverMarkerY=67236;total=61;
automaticEdgeStats	T307|T324	bridge=1;bridgePixels=[imageHeight=4000;imageWidth=3200;x=1241;y=1104;];river=144;riverMarkerImageHeight=4000;riverMarkerImageWidth=3200;riverMarkerSamples=144;riverMarkerX=177638;riverMarkerY=153710;total=158;
automaticEdgeStats	T307|T328	bridge=0;bridgePixels=[];river=5;riverMarkerImageHeight=4000;riverMarkerImageWidth=3200;riverMarkerSamples=5;riverMarkerX=6217;riverMarkerY=5549;total=149;
automaticEdgeStats	T308|T316	bridge=0;bridgePixels=[];river=2;riverMarkerImageHeight=4000;riverMarkerImageWidth=3200;riverMarkerSamples=2;riverMarkerX=4401;riverMarkerY=2072;total=93;
automaticEdgeStats	T308|T349	bridge=0;bridgePixels=[];river=0;riverMarkerImageHeight=0;riverMarkerImageWidth=0;riverMarkerSamples=0;riverMarkerX=0;riverMarkerY=0;total=191;
automaticEdgeStats	T308|T350	bridge=0;bridgePixels=[];river=0;riverMarkerImageHeight=0;riverMarkerImageWidth=0;riverMarkerSamples=0;riverMarkerX=0;riverMarkerY=0;total=220;
automaticEdgeStats	T309|T311	bridge=0;bridgePixels=[];river=0;riverMarkerImageHeight=0;riverMarkerImageWidth=0;riverMarkerSamples=0;riverMarkerX=0;riverMarkerY=0;total=32;
automaticEdgeStats	T309|T323	bridge=0;bridgePixels=[];river=0;riverMarkerImageHeight=0;riverMarkerImageWidth=0;riverMarkerSamples=0;riverMarkerX=0;riverMarkerY=0;total=17;
automaticEdgeStats	T309|T325	bridge=0;bridgePixels=[];river=0;riverMarkerImageHeight=0;riverMarkerImageWidth=0;riverMarkerSamples=0;riverMarkerX=0;riverMarkerY=0;total=6;
automaticEdgeStats	T310|T315	bridge=0;bridgePixels=[];river=4;riverMarkerImageHeight=4000;riverMarkerImageWidth=3200;riverMarkerSamples=4;riverMarkerX=4429;riverMarkerY=4235;total=30;
automaticEdgeStats	T311|T315	bridge=0;bridgePixels=[];river=4;riverMarkerImageHeight=4000;riverMarkerImageWidth=3200;riverMarkerSamples=4;riverMarkerX=4424;riverMarkerY=4274;total=4;
automaticEdgeStats	T311|T323	bridge=0;bridgePixels=[];river=1;riverMarkerImageHeight=4000;riverMarkerImageWidth=3200;riverMarkerSamples=1;riverMarkerX=1108;riverMarkerY=1071;total=74;
automaticEdgeStats	T312|T329	bridge=0;bridgePixels=[];river=2;riverMarkerImageHeight=4000;riverMarkerImageWidth=3200;riverMarkerSamples=2;riverMarkerX=3687;riverMarkerY=2152;total=130;
automaticEdgeStats	T312|T331	bridge=0;bridgePixels=[];river=0;riverMarkerImageHeight=0;riverMarkerImageWidth=0;riverMarkerSamples=0;riverMarkerX=0;riverMarkerY=0;total=52;
automaticEdgeStats	T313|T330	bridge=0;bridgePixels=[];river=1;riverMarkerImageHeight=4000;riverMarkerImageWidth=3200;riverMarkerSamples=1;riverMarkerX=909;riverMarkerY=1111;total=167;
automaticEdgeStats	T313|T333	bridge=0;bridgePixels=[];river=5;riverMarkerImageHeight=4000;riverMarkerImageWidth=3200;riverMarkerSamples=5;riverMarkerX=4945;riverMarkerY=5562;total=5;
automaticEdgeStats	T313|T345	bridge=0;bridgePixels=[];river=114;riverMarkerImageHeight=4000;riverMarkerImageWidth=3200;riverMarkerSamples=114;riverMarkerX=109902;riverMarkerY=128537;total=114;
automaticEdgeStats	T313|T360	bridge=0;bridgePixels=[];river=63;riverMarkerImageHeight=4000;riverMarkerImageWidth=3200;riverMarkerSamples=63;riverMarkerX=58235;riverMarkerY=70240;total=65;
automaticEdgeStats	T314|T326	bridge=0;bridgePixels=[];river=0;riverMarkerImageHeight=0;riverMarkerImageWidth=0;riverMarkerSamples=0;riverMarkerX=0;riverMarkerY=0;total=30;
automaticEdgeStats	T314|T328	bridge=0;bridgePixels=[];river=118;riverMarkerImageHeight=4000;riverMarkerImageWidth=3200;riverMarkerSamples=118;riverMarkerX=158050;riverMarkerY=126476;total=118;
automaticEdgeStats	T315|T321	bridge=0;bridgePixels=[];river=4;riverMarkerImageHeight=4000;riverMarkerImageWidth=3200;riverMarkerSamples=4;riverMarkerX=4417;riverMarkerY=4283;total=9;
automaticEdgeStats	T316|T350	bridge=0;bridgePixels=[];river=4;riverMarkerImageHeight=4000;riverMarkerImageWidth=3200;riverMarkerSamples=4;riverMarkerX=8951;riverMarkerY=4366;total=71;
automaticEdgeStats	T317|T401	bridge=0;bridgePixels=[];river=302;riverMarkerImageHeight=4000;riverMarkerImageWidth=3200;riverMarkerSamples=302;riverMarkerX=804533;riverMarkerY=343340;total=311;
automaticEdgeStats	T318|T344	bridge=0;bridgePixels=[];river=0;riverMarkerImageHeight=0;riverMarkerImageWidth=0;riverMarkerSamples=0;riverMarkerX=0;riverMarkerY=0;total=278;
automaticEdgeStats	T318|T373	bridge=0;bridgePixels=[];river=173;riverMarkerImageHeight=4000;riverMarkerImageWidth=3200;riverMarkerSamples=173;riverMarkerX=433537;riverMarkerY=194605;total=173;
automaticEdgeStats	T319|T322	bridge=0;bridgePixels=[];river=0;riverMarkerImageHeight=0;riverMarkerImageWidth=0;riverMarkerSamples=0;riverMarkerX=0;riverMarkerY=0;total=227;
automaticEdgeStats	T319|T334	bridge=0;bridgePixels=[];river=0;riverMarkerImageHeight=0;riverMarkerImageWidth=0;riverMarkerSamples=0;riverMarkerX=0;riverMarkerY=0;total=79;
automaticEdgeStats	T320|T321	bridge=0;bridgePixels=[];river=1;riverMarkerImageHeight=4000;riverMarkerImageWidth=3200;riverMarkerSamples=1;riverMarkerX=1098;riverMarkerY=1097;total=43;
automaticEdgeStats	T320|T333	bridge=0;bridgePixels=[];river=107;riverMarkerImageHeight=4000;riverMarkerImageWidth=3200;riverMarkerSamples=107;riverMarkerX=111410;riverMarkerY=117712;total=107;
automaticEdgeStats	T320|T337	bridge=0;bridgePixels=[];river=61;riverMarkerImageHeight=4000;riverMarkerImageWidth=3200;riverMarkerSamples=61;riverMarkerX=66029;riverMarkerY=67147;total=61;
automaticEdgeStats	T321|T323	bridge=1;bridgePixels=[imageHeight=4000;imageWidth=3200;x=1105;y=1088;];river=43;riverMarkerImageHeight=4000;riverMarkerImageWidth=3200;riverMarkerSamples=43;riverMarkerX=47515;riverMarkerY=46542;total=45;
automaticEdgeStats	T321|T337	bridge=0;bridgePixels=[];river=8;riverMarkerImageHeight=4000;riverMarkerImageWidth=3200;riverMarkerSamples=8;riverMarkerX=8807;riverMarkerY=8775;total=8;
automaticEdgeStats	T322|T329	bridge=1;bridgePixels=[imageHeight=4000;imageWidth=3200;x=1830;y=1111;];river=66;riverMarkerImageHeight=4000;riverMarkerImageWidth=3200;riverMarkerSamples=66;riverMarkerX=120995;riverMarkerY=72184;total=66;
automaticEdgeStats	T322|T338	bridge=0;bridgePixels=[];river=49;riverMarkerImageHeight=4000;riverMarkerImageWidth=3200;riverMarkerSamples=49;riverMarkerX=88351;riverMarkerY=54936;total=73;
automaticEdgeStats	T323|T325	bridge=0;bridgePixels=[];river=0;riverMarkerImageHeight=0;riverMarkerImageWidth=0;riverMarkerSamples=0;riverMarkerX=0;riverMarkerY=0;total=107;
automaticEdgeStats	T323|T335	bridge=0;bridgePixels=[];river=0;riverMarkerImageHeight=0;riverMarkerImageWidth=0;riverMarkerSamples=0;riverMarkerX=0;riverMarkerY=0;total=11;
automaticEdgeStats	T323|T337	bridge=0;bridgePixels=[];river=1;riverMarkerImageHeight=4000;riverMarkerImageWidth=3200;riverMarkerSamples=1;riverMarkerX=1104;riverMarkerY=1096;total=22;
automaticEdgeStats	T324|T325	bridge=0;bridgePixels=[];river=0;riverMarkerImageHeight=0;riverMarkerImageWidth=0;riverMarkerSamples=0;riverMarkerX=0;riverMarkerY=0;total=128;
automaticEdgeStats	T324|T328	bridge=0;bridgePixels=[];river=63;riverMarkerImageHeight=4000;riverMarkerImageWidth=3200;riverMarkerSamples=63;riverMarkerX=78061;riverMarkerY=71070;total=63;
automaticEdgeStats	T324|T342	bridge=0;bridgePixels=[];river=2;riverMarkerImageHeight=4000;riverMarkerImageWidth=3200;riverMarkerSamples=2;riverMarkerX=2440;riverMarkerY=2281;total=64;
automaticEdgeStats	T324|T354	bridge=0;bridgePixels=[];river=36;riverMarkerImageHeight=4000;riverMarkerImageWidth=3200;riverMarkerSamples=36;riverMarkerX=44267;riverMarkerY=41080;total=36;
automaticEdgeStats	T325|T342	bridge=0;bridgePixels=[];river=0;riverMarkerImageHeight=0;riverMarkerImageWidth=0;riverMarkerSamples=0;riverMarkerX=0;riverMarkerY=0;total=83;
automaticEdgeStats	T326|T334	bridge=0;bridgePixels=[];river=0;riverMarkerImageHeight=0;riverMarkerImageWidth=0;riverMarkerSamples=0;riverMarkerX=0;riverMarkerY=0;total=118;
automaticEdgeStats	T326|T340	bridge=0;bridgePixels=[];river=0;riverMarkerImageHeight=0;riverMarkerImageWidth=0;riverMarkerSamples=0;riverMarkerX=0;riverMarkerY=0;total=127;
automaticEdgeStats	T326|T346	bridge=0;bridgePixels=[];river=0;riverMarkerImageHeight=0;riverMarkerImageWidth=0;riverMarkerSamples=0;riverMarkerX=0;riverMarkerY=0;total=17;
automaticEdgeStats	T326|T352	bridge=0;bridgePixels=[];river=1;riverMarkerImageHeight=4000;riverMarkerImageWidth=3200;riverMarkerSamples=1;riverMarkerX=1442;riverMarkerY=1146;total=23;
automaticEdgeStats	T328|T351	bridge=0;bridgePixels=[];river=1;riverMarkerImageHeight=4000;riverMarkerImageWidth=3200;riverMarkerSamples=1;riverMarkerX=1354;riverMarkerY=1138;total=1;
automaticEdgeStats	T328|T353	bridge=0;bridgePixels=[];river=2;riverMarkerImageHeight=4000;riverMarkerImageWidth=3200;riverMarkerSamples=2;riverMarkerX=2608;riverMarkerY=2341;total=85;
automaticEdgeStats	T328|T354	bridge=0;bridgePixels=[];river=114;riverMarkerImageHeight=4000;riverMarkerImageWidth=3200;riverMarkerSamples=114;riverMarkerX=144053;riverMarkerY=131690;total=114;
automaticEdgeStats	T328|T359	bridge=0;bridgePixels=[];river=41;riverMarkerImageHeight=4000;riverMarkerImageWidth=3200;riverMarkerSamples=41;riverMarkerX=53099;riverMarkerY=47961;total=43;
automaticEdgeStats	T329|T331	bridge=0;bridgePixels=[];river=0;riverMarkerImageHeight=0;riverMarkerImageWidth=0;riverMarkerSamples=0;riverMarkerX=0;riverMarkerY=0;total=105;
automaticEdgeStats	T329|T338	bridge=1;bridgePixels=[imageHeight=4000;imageWidth=3200;x=1835;y=1116;];river=50;riverMarkerImageHeight=4000;riverMarkerImageWidth=3200;riverMarkerSamples=50;riverMarkerX=92235;riverMarkerY=56114;total=52;
automaticEdgeStats	T330|T360	bridge=0;bridgePixels=[];river=55;riverMarkerImageHeight=4000;riverMarkerImageWidth=3200;riverMarkerSamples=55;riverMarkerX=49026;riverMarkerY=61493;total=55;
automaticEdgeStats	T331|T349	bridge=0;bridgePixels=[];river=0;riverMarkerImageHeight=0;riverMarkerImageWidth=0;riverMarkerSamples=0;riverMarkerX=0;riverMarkerY=0;total=70;
automaticEdgeStats	T331|T355	bridge=0;bridgePixels=[];river=0;riverMarkerImageHeight=0;riverMarkerImageWidth=0;riverMarkerSamples=0;riverMarkerX=0;riverMarkerY=0;total=20;
automaticEdgeStats	T331|T361	bridge=0;bridgePixels=[];river=0;riverMarkerImageHeight=0;riverMarkerImageWidth=0;riverMarkerSamples=0;riverMarkerX=0;riverMarkerY=0;total=161;
automaticEdgeStats	T332|T339	bridge=0;bridgePixels=[];river=9;riverMarkerImageHeight=4000;riverMarkerImageWidth=3200;riverMarkerSamples=9;riverMarkerX=12121;riverMarkerY=10021;total=18;
automaticEdgeStats	T333|T337	bridge=0;bridgePixels=[];river=2;riverMarkerImageHeight=4000;riverMarkerImageWidth=3200;riverMarkerSamples=2;riverMarkerX=2132;riverMarkerY=2207;total=59;
automaticEdgeStats	T333|T345	bridge=0;bridgePixels=[];river=138;riverMarkerImageHeight=4000;riverMarkerImageWidth=3200;riverMarkerSamples=138;riverMarkerX=140711;riverMarkerY=154402;total=138;
automaticEdgeStats	T337|T345	bridge=0;bridgePixels=[];river=97;riverMarkerImageHeight=4000;riverMarkerImageWidth=3200;riverMarkerSamples=97;riverMarkerX=104828;riverMarkerY=110568;total=97;
automaticEdgeStats	T338|T355	bridge=0;bridgePixels=[];river=0;riverMarkerImageHeight=0;riverMarkerImageWidth=0;riverMarkerSamples=0;riverMarkerX=0;riverMarkerY=0;total=8;
automaticEdgeStats	T340|T351	bridge=0;bridgePixels=[];river=0;riverMarkerImageHeight=0;riverMarkerImageWidth=0;riverMarkerSamples=0;riverMarkerX=0;riverMarkerY=0;total=137;
automaticEdgeStats	T340|T352	bridge=0;bridgePixels=[];river=25;riverMarkerImageHeight=4000;riverMarkerImageWidth=3200;riverMarkerSamples=25;riverMarkerX=35918;riverMarkerY=28858;total=25;
automaticEdgeStats	T342|T347	bridge=0;bridgePixels=[];river=9;riverMarkerImageHeight=4000;riverMarkerImageWidth=3200;riverMarkerSamples=9;riverMarkerX=10593;riverMarkerY=10311;total=9;
automaticEdgeStats	T342|T348	bridge=2;bridgePixels=[imageHeight=4000;imageWidth=3200;x=1184;y=1142;, imageHeight=4000;imageWidth=3200;x=1199;y=1142;];river=86;riverMarkerImageHeight=4000;riverMarkerImageWidth=3200;riverMarkerSamples=86;riverMarkerX=103011;riverMarkerY=98176;total=91;
automaticEdgeStats	T344|T350	bridge=0;bridgePixels=[];river=101;riverMarkerImageHeight=4000;riverMarkerImageWidth=3200;riverMarkerSamples=101;riverMarkerX=229727;riverMarkerY=114797;total=101;
automaticEdgeStats	T344|T362	bridge=0;bridgePixels=[];river=318;riverMarkerImageHeight=4000;riverMarkerImageWidth=3200;riverMarkerSamples=318;riverMarkerX=764497;riverMarkerY=369257;total=318;
automaticEdgeStats	T344|T373	bridge=0;bridgePixels=[];river=1;riverMarkerImageHeight=4000;riverMarkerImageWidth=3200;riverMarkerSamples=1;riverMarkerX=2469;riverMarkerY=1138;total=1;
automaticEdgeStats	T345|T360	bridge=0;bridgePixels=[];river=8;riverMarkerImageHeight=4000;riverMarkerImageWidth=3200;riverMarkerSamples=8;riverMarkerX=7512;riverMarkerY=9017;total=105;
automaticEdgeStats	T346|T357	bridge=0;bridgePixels=[];river=0;riverMarkerImageHeight=0;riverMarkerImageWidth=0;riverMarkerSamples=0;riverMarkerX=0;riverMarkerY=0;total=18;
automaticEdgeStats	T347|T348	bridge=0;bridgePixels=[];river=2;riverMarkerImageHeight=4000;riverMarkerImageWidth=3200;riverMarkerSamples=2;riverMarkerX=2360;riverMarkerY=2292;total=21;
automaticEdgeStats	T348|T354	bridge=0;bridgePixels=[];river=3;riverMarkerImageHeight=4000;riverMarkerImageWidth=3200;riverMarkerSamples=3;riverMarkerX=3656;riverMarkerY=3432;total=51;
automaticEdgeStats	T349|T350	bridge=0;bridgePixels=[];river=0;riverMarkerImageHeight=0;riverMarkerImageWidth=0;riverMarkerSamples=0;riverMarkerX=0;riverMarkerY=0;total=232;
automaticEdgeStats	T349|T361	bridge=0;bridgePixels=[];river=0;riverMarkerImageHeight=0;riverMarkerImageWidth=0;riverMarkerSamples=0;riverMarkerX=0;riverMarkerY=0;total=220;
automaticEdgeStats	T349|T396	bridge=0;bridgePixels=[];river=0;riverMarkerImageHeight=0;riverMarkerImageWidth=0;riverMarkerSamples=0;riverMarkerX=0;riverMarkerY=0;total=51;
automaticEdgeStats	T349|T406	bridge=0;bridgePixels=[];river=0;riverMarkerImageHeight=0;riverMarkerImageWidth=0;riverMarkerSamples=0;riverMarkerX=0;riverMarkerY=0;total=314;
automaticEdgeStats	T350|T394	bridge=0;bridgePixels=[];river=0;riverMarkerImageHeight=0;riverMarkerImageWidth=0;riverMarkerSamples=0;riverMarkerX=0;riverMarkerY=0;total=132;
automaticEdgeStats	T350|T396	bridge=0;bridgePixels=[];river=0;riverMarkerImageHeight=0;riverMarkerImageWidth=0;riverMarkerSamples=0;riverMarkerX=0;riverMarkerY=0;total=293;
automaticEdgeStats	T351|T352	bridge=0;bridgePixels=[];river=2;riverMarkerImageHeight=4000;riverMarkerImageWidth=3200;riverMarkerSamples=2;riverMarkerX=2862;riverMarkerY=2325;total=3;
automaticEdgeStats	T351|T353	bridge=0;bridgePixels=[];river=74;riverMarkerImageHeight=4000;riverMarkerImageWidth=3200;riverMarkerSamples=74;riverMarkerX=101255;riverMarkerY=86236;total=74;
automaticEdgeStats	T351|T358	bridge=0;bridgePixels=[];river=0;riverMarkerImageHeight=0;riverMarkerImageWidth=0;riverMarkerSamples=0;riverMarkerX=0;riverMarkerY=0;total=56;
automaticEdgeStats	T351|T371	bridge=0;bridgePixels=[];river=12;riverMarkerImageHeight=4000;riverMarkerImageWidth=3200;riverMarkerSamples=12;riverMarkerX=16704;riverMarkerY=14272;total=12;
automaticEdgeStats	T352|T358	bridge=0;bridgePixels=[];river=7;riverMarkerImageHeight=4000;riverMarkerImageWidth=3200;riverMarkerSamples=7;riverMarkerX=10090;riverMarkerY=8209;total=31;
automaticEdgeStats	T352|T375	bridge=0;bridgePixels=[];river=9;riverMarkerImageHeight=4000;riverMarkerImageWidth=3200;riverMarkerSamples=9;riverMarkerX=13068;riverMarkerY=10615;total=9;
automaticEdgeStats	T353|T359	bridge=0;bridgePixels=[];river=2;riverMarkerImageHeight=4000;riverMarkerImageWidth=3200;riverMarkerSamples=2;riverMarkerX=2608;riverMarkerY=2347;total=25;
automaticEdgeStats	T353|T365	bridge=0;bridgePixels=[];river=50;riverMarkerImageHeight=4000;riverMarkerImageWidth=3200;riverMarkerSamples=50;riverMarkerX=66638;riverMarkerY=59222;total=50;
automaticEdgeStats	T353|T367	bridge=0;bridgePixels=[];river=30;riverMarkerImageHeight=4000;riverMarkerImageWidth=3200;riverMarkerSamples=30;riverMarkerX=40696;riverMarkerY=35663;total=30;
automaticEdgeStats	T353|T368	bridge=0;bridgePixels=[];river=43;riverMarkerImageHeight=4000;riverMarkerImageWidth=3200;riverMarkerSamples=43;riverMarkerX=59144;riverMarkerY=51223;total=43;
automaticEdgeStats	T353|T371	bridge=0;bridgePixels=[];river=0;riverMarkerImageHeight=0;riverMarkerImageWidth=0;riverMarkerSamples=0;riverMarkerX=0;riverMarkerY=0;total=1;
automaticEdgeStats	T354|T359	bridge=0;bridgePixels=[];river=1;riverMarkerImageHeight=4000;riverMarkerImageWidth=3200;riverMarkerSamples=1;riverMarkerX=1285;riverMarkerY=1170;total=93;
automaticEdgeStats	T355|T361	bridge=0;bridgePixels=[];river=0;riverMarkerImageHeight=0;riverMarkerImageWidth=0;riverMarkerSamples=0;riverMarkerX=0;riverMarkerY=0;total=113;
automaticEdgeStats	T355|T364	bridge=0;bridgePixels=[];river=0;riverMarkerImageHeight=0;riverMarkerImageWidth=0;riverMarkerSamples=0;riverMarkerX=0;riverMarkerY=0;total=62;
automaticEdgeStats	T355|T395	bridge=0;bridgePixels=[];river=0;riverMarkerImageHeight=0;riverMarkerImageWidth=0;riverMarkerSamples=0;riverMarkerX=0;riverMarkerY=0;total=58;
automaticEdgeStats	T355|T400	bridge=0;bridgePixels=[];river=0;riverMarkerImageHeight=0;riverMarkerImageWidth=0;riverMarkerSamples=0;riverMarkerX=0;riverMarkerY=0;total=64;
automaticEdgeStats	T356|T391	bridge=0;bridgePixels=[];river=0;riverMarkerImageHeight=0;riverMarkerImageWidth=0;riverMarkerSamples=0;riverMarkerX=0;riverMarkerY=0;total=4;
automaticEdgeStats	T357|T369	bridge=0;bridgePixels=[];river=0;riverMarkerImageHeight=0;riverMarkerImageWidth=0;riverMarkerSamples=0;riverMarkerX=0;riverMarkerY=0;total=72;
automaticEdgeStats	T357|T374	bridge=0;bridgePixels=[];river=0;riverMarkerImageHeight=0;riverMarkerImageWidth=0;riverMarkerSamples=0;riverMarkerX=0;riverMarkerY=0;total=2;
automaticEdgeStats	T357|T378	bridge=0;bridgePixels=[];river=0;riverMarkerImageHeight=0;riverMarkerImageWidth=0;riverMarkerSamples=0;riverMarkerX=0;riverMarkerY=0;total=32;
automaticEdgeStats	T357|T391	bridge=0;bridgePixels=[];river=0;riverMarkerImageHeight=0;riverMarkerImageWidth=0;riverMarkerSamples=0;riverMarkerX=0;riverMarkerY=0;total=43;
automaticEdgeStats	T358|T370	bridge=1;bridgePixels=[imageHeight=4000;imageWidth=3200;x=1429;y=1204;];river=22;riverMarkerImageHeight=4000;riverMarkerImageWidth=3200;riverMarkerSamples=22;riverMarkerX=31408;riverMarkerY=26489;total=23;
automaticEdgeStats	T358|T375	bridge=1;bridgePixels=[imageHeight=4000;imageWidth=3200;x=1448;y=1182;];river=60;riverMarkerImageHeight=4000;riverMarkerImageWidth=3200;riverMarkerSamples=60;riverMarkerX=86329;riverMarkerY=71864;total=60;
automaticEdgeStats	T358|T376	bridge=0;bridgePixels=[];river=38;riverMarkerImageHeight=4000;riverMarkerImageWidth=3200;riverMarkerSamples=38;riverMarkerX=53568;riverMarkerY=45474;total=38;
automaticEdgeStats	T359|T366	bridge=1;bridgePixels=[imageHeight=4000;imageWidth=3200;x=1300;y=1203;];river=45;riverMarkerImageHeight=4000;riverMarkerImageWidth=3200;riverMarkerSamples=45;riverMarkerX=58720;riverMarkerY=54006;total=49;
automaticEdgeStats	T360|T419	bridge=0;bridgePixels=[];river=11;riverMarkerImageHeight=4000;riverMarkerImageWidth=3200;riverMarkerSamples=11;riverMarkerX=9234;riverMarkerY=14592;total=21;
automaticEdgeStats	T361|T400	bridge=0;bridgePixels=[];river=0;riverMarkerImageHeight=0;riverMarkerImageWidth=0;riverMarkerSamples=0;riverMarkerX=0;riverMarkerY=0;total=71;
automaticEdgeStats	T361|T406	bridge=0;bridgePixels=[];river=0;riverMarkerImageHeight=0;riverMarkerImageWidth=0;riverMarkerSamples=0;riverMarkerX=0;riverMarkerY=0;total=136;
automaticEdgeStats	T361|T409	bridge=0;bridgePixels=[];river=0;riverMarkerImageHeight=0;riverMarkerImageWidth=0;riverMarkerSamples=0;riverMarkerX=0;riverMarkerY=0;total=91;
automaticEdgeStats	T362|T373	bridge=0;bridgePixels=[];river=7;riverMarkerImageHeight=4000;riverMarkerImageWidth=3200;riverMarkerSamples=7;riverMarkerX=17280;riverMarkerY=7985;total=156;
automaticEdgeStats	T362|T394	bridge=0;bridgePixels=[];river=11;riverMarkerImageHeight=4000;riverMarkerImageWidth=3200;riverMarkerSamples=11;riverMarkerX=25864;riverMarkerY=13600;total=11;
automaticEdgeStats	T362|T432	bridge=0;bridgePixels=[];river=4;riverMarkerImageHeight=4000;riverMarkerImageWidth=3200;riverMarkerSamples=4;riverMarkerX=9427;riverMarkerY=4963;total=129;
automaticEdgeStats	T363|T378	bridge=0;bridgePixels=[];river=0;riverMarkerImageHeight=0;riverMarkerImageWidth=0;riverMarkerSamples=0;riverMarkerX=0;riverMarkerY=0;total=81;
automaticEdgeStats	T363|T399	bridge=0;bridgePixels=[];river=0;riverMarkerImageHeight=0;riverMarkerImageWidth=0;riverMarkerSamples=0;riverMarkerX=0;riverMarkerY=0;total=19;
automaticEdgeStats	T364|T382	bridge=0;bridgePixels=[];river=4;riverMarkerImageHeight=4000;riverMarkerImageWidth=3200;riverMarkerSamples=4;riverMarkerX=7129;riverMarkerY=4831;total=82;
automaticEdgeStats	T364|T387	bridge=0;bridgePixels=[];river=56;riverMarkerImageHeight=4000;riverMarkerImageWidth=3200;riverMarkerSamples=56;riverMarkerX=99064;riverMarkerY=67531;total=188;
automaticEdgeStats	T364|T395	bridge=0;bridgePixels=[];river=0;riverMarkerImageHeight=0;riverMarkerImageWidth=0;riverMarkerSamples=0;riverMarkerX=0;riverMarkerY=0;total=62;
automaticEdgeStats	T364|T399	bridge=0;bridgePixels=[];river=0;riverMarkerImageHeight=0;riverMarkerImageWidth=0;riverMarkerSamples=0;riverMarkerX=0;riverMarkerY=0;total=50;
automaticEdgeStats	T364|T407	bridge=0;bridgePixels=[];river=2;riverMarkerImageHeight=4000;riverMarkerImageWidth=3200;riverMarkerSamples=2;riverMarkerX=3373;riverMarkerY=2503;total=27;
automaticEdgeStats	T365|T366	bridge=0;bridgePixels=[];river=11;riverMarkerImageHeight=4000;riverMarkerImageWidth=3200;riverMarkerSamples=11;riverMarkerX=14514;riverMarkerY=13157;total=52;
automaticEdgeStats	T365|T367	bridge=0;bridgePixels=[];river=12;riverMarkerImageHeight=4000;riverMarkerImageWidth=3200;riverMarkerSamples=12;riverMarkerX=16087;riverMarkerY=14502;total=68;
automaticEdgeStats	T367|T368	bridge=0;bridgePixels=[];river=14;riverMarkerImageHeight=4000;riverMarkerImageWidth=3200;riverMarkerSamples=14;riverMarkerX=19048;riverMarkerY=16849;total=72;
automaticEdgeStats	T368|T371	bridge=0;bridgePixels=[];river=8;riverMarkerImageHeight=4000;riverMarkerImageWidth=3200;riverMarkerSamples=8;riverMarkerX=11024;riverMarkerY=9680;total=84;
automaticEdgeStats	T369|T374	bridge=0;bridgePixels=[];river=0;riverMarkerImageHeight=0;riverMarkerImageWidth=0;riverMarkerSamples=0;riverMarkerX=0;riverMarkerY=0;total=2;
automaticEdgeStats	T369|T378	bridge=0;bridgePixels=[];river=0;riverMarkerImageHeight=0;riverMarkerImageWidth=0;riverMarkerSamples=0;riverMarkerX=0;riverMarkerY=0;total=147;
automaticEdgeStats	T369|T391	bridge=0;bridgePixels=[];river=0;riverMarkerImageHeight=0;riverMarkerImageWidth=0;riverMarkerSamples=0;riverMarkerX=0;riverMarkerY=0;total=8;
automaticEdgeStats	T370|T375	bridge=0;bridgePixels=[];river=1;riverMarkerImageHeight=4000;riverMarkerImageWidth=3200;riverMarkerSamples=1;riverMarkerX=1432;riverMarkerY=1215;total=1;
automaticEdgeStats	T370|T376	bridge=0;bridgePixels=[];river=10;riverMarkerImageHeight=4000;riverMarkerImageWidth=3200;riverMarkerSamples=10;riverMarkerX=14218;riverMarkerY=12037;total=10;
automaticEdgeStats	T370|T379	bridge=1;bridgePixels=[imageHeight=4000;imageWidth=3200;x=1426;y=1212;];river=16;riverMarkerImageHeight=4000;riverMarkerImageWidth=3200;riverMarkerSamples=16;riverMarkerX=22830;riverMarkerY=19413;total=20;
automaticEdgeStats	T371|T376	bridge=0;bridgePixels=[];river=20;riverMarkerImageHeight=4000;riverMarkerImageWidth=3200;riverMarkerSamples=20;riverMarkerX=27820;riverMarkerY=24361;total=100;
automaticEdgeStats	T372|T377	bridge=0;bridgePixels=[];river=2;riverMarkerImageHeight=4000;riverMarkerImageWidth=3200;riverMarkerSamples=2;riverMarkerX=2384;riverMarkerY=2419;total=18;
automaticEdgeStats	T372|T383	bridge=0;bridgePixels=[];river=0;riverMarkerImageHeight=0;riverMarkerImageWidth=0;riverMarkerSamples=0;riverMarkerX=0;riverMarkerY=0;total=7;
automaticEdgeStats	T373|T432	bridge=0;bridgePixels=[];river=0;riverMarkerImageHeight=0;riverMarkerImageWidth=0;riverMarkerSamples=0;riverMarkerX=0;riverMarkerY=0;total=243;
automaticEdgeStats	T375|T379	bridge=0;bridgePixels=[];river=42;riverMarkerImageHeight=4000;riverMarkerImageWidth=3200;riverMarkerSamples=42;riverMarkerX=60232;riverMarkerY=51563;total=42;
automaticEdgeStats	T375|T381	bridge=1;bridgePixels=[imageHeight=4000;imageWidth=3200;x=1455;y=1236;];river=7;riverMarkerImageHeight=4000;riverMarkerImageWidth=3200;riverMarkerSamples=7;riverMarkerX=10183;riverMarkerY=8653;total=8;
automaticEdgeStats	T375|T386	bridge=0;bridgePixels=[];river=5;riverMarkerImageHeight=4000;riverMarkerImageWidth=3200;riverMarkerSamples=5;riverMarkerX=7193;riverMarkerY=6192;total=11;
automaticEdgeStats	T375|T402	bridge=1;bridgePixels=[imageHeight=4000;imageWidth=3200;x=1451;y=1242;];river=8;riverMarkerImageHeight=4000;riverMarkerImageWidth=3200;riverMarkerSamples=8;riverMarkerX=11596;riverMarkerY=9934;total=9;
automaticEdgeStats	T376|T379	bridge=0;bridgePixels=[];river=9;riverMarkerImageHeight=4000;riverMarkerImageWidth=3200;riverMarkerSamples=9;riverMarkerX=12731;riverMarkerY=10924;total=75;
automaticEdgeStats	T377|T390	bridge=0;bridgePixels=[];river=43;riverMarkerImageHeight=4000;riverMarkerImageWidth=3200;riverMarkerSamples=43;riverMarkerX=49842;riverMarkerY=52138;total=110;
automaticEdgeStats	T377|T392	bridge=0;bridgePixels=[];river=3;riverMarkerImageHeight=4000;riverMarkerImageWidth=3200;riverMarkerSamples=3;riverMarkerX=3497;riverMarkerY=3720;total=48;
automaticEdgeStats	T378|T391	bridge=0;bridgePixels=[];river=0;riverMarkerImageHeight=0;riverMarkerImageWidth=0;riverMarkerSamples=0;riverMarkerX=0;riverMarkerY=0;total=119;
automaticEdgeStats	T378|T399	bridge=0;bridgePixels=[];river=0;riverMarkerImageHeight=0;riverMarkerImageWidth=0;riverMarkerSamples=0;riverMarkerX=0;riverMarkerY=0;total=80;
automaticEdgeStats	T378|T423	bridge=0;bridgePixels=[];river=0;riverMarkerImageHeight=0;riverMarkerImageWidth=0;riverMarkerSamples=0;riverMarkerX=0;riverMarkerY=0;total=113;
automaticEdgeStats	T379|T384	bridge=0;bridgePixels=[];river=11;riverMarkerImageHeight=4000;riverMarkerImageWidth=3200;riverMarkerSamples=11;riverMarkerX=15721;riverMarkerY=13604;total=18;
automaticEdgeStats	T379|T388	bridge=0;bridgePixels=[];river=8;riverMarkerImageHeight=4000;riverMarkerImageWidth=3200;riverMarkerSamples=8;riverMarkerX=11312;riverMarkerY=9916;total=24;
automaticEdgeStats	T380|T399	bridge=0;bridgePixels=[];river=0;riverMarkerImageHeight=0;riverMarkerImageWidth=0;riverMarkerSamples=0;riverMarkerX=0;riverMarkerY=0;total=1;
automaticEdgeStats	T381|T391	bridge=0;bridgePixels=[];river=0;riverMarkerImageHeight=0;riverMarkerImageWidth=0;riverMarkerSamples=0;riverMarkerX=0;riverMarkerY=0;total=17;
automaticEdgeStats	T381|T402	bridge=0;bridgePixels=[];river=1;riverMarkerImageHeight=4000;riverMarkerImageWidth=3200;riverMarkerSamples=1;riverMarkerX=1455;riverMarkerY=1240;total=12;
automaticEdgeStats	T382|T387	bridge=0;bridgePixels=[];river=81;riverMarkerImageHeight=4000;riverMarkerImageWidth=3200;riverMarkerSamples=81;riverMarkerX=145681;riverMarkerY=99552;total=81;
automaticEdgeStats	T382|T395	bridge=0;bridgePixels=[];river=0;riverMarkerImageHeight=0;riverMarkerImageWidth=0;riverMarkerSamples=0;riverMarkerX=0;riverMarkerY=0;total=64;
automaticEdgeStats	T382|T403	bridge=0;bridgePixels=[];river=82;riverMarkerImageHeight=4000;riverMarkerImageWidth=3200;riverMarkerSamples=82;riverMarkerX=149942;riverMarkerY=102784;total=82;
automaticEdgeStats	T382|T414	bridge=0;bridgePixels=[];river=5;riverMarkerImageHeight=4000;riverMarkerImageWidth=3200;riverMarkerSamples=5;riverMarkerX=9245;riverMarkerY=6338;total=44;
automaticEdgeStats	T383|T385	bridge=0;bridgePixels=[];river=40;riverMarkerImageHeight=4000;riverMarkerImageWidth=3200;riverMarkerSamples=40;riverMarkerX=49437;riverMarkerY=50105;total=102;
automaticEdgeStats	T383|T392	bridge=0;bridgePixels=[];river=15;riverMarkerImageHeight=4000;riverMarkerImageWidth=3200;riverMarkerSamples=15;riverMarkerX=18329;riverMarkerY=18940;total=27;
automaticEdgeStats	T384|T386	bridge=1;bridgePixels=[imageHeight=4000;imageWidth=3200;x=1431;y=1247;];river=14;riverMarkerImageHeight=4000;riverMarkerImageWidth=3200;riverMarkerSamples=14;riverMarkerX=20064;riverMarkerY=17384;total=19;
automaticEdgeStats	T384|T388	bridge=0;bridgePixels=[];river=0;riverMarkerImageHeight=0;riverMarkerImageWidth=0;riverMarkerSamples=0;riverMarkerX=0;riverMarkerY=0;total=9;
automaticEdgeStats	T384|T402	bridge=0;bridgePixels=[];river=5;riverMarkerImageHeight=4000;riverMarkerImageWidth=3200;riverMarkerSamples=5;riverMarkerX=7139;riverMarkerY=6257;total=5;
automaticEdgeStats	T385|T404	bridge=0;bridgePixels=[];river=79;riverMarkerImageHeight=4000;riverMarkerImageWidth=3200;riverMarkerSamples=79;riverMarkerX=98912;riverMarkerY=100329;total=133;
automaticEdgeStats	T386|T402	bridge=0;bridgePixels=[];river=24;riverMarkerImageHeight=4000;riverMarkerImageWidth=3200;riverMarkerSamples=24;riverMarkerX=34498;riverMarkerY=29967;total=24;
automaticEdgeStats	T387|T403	bridge=0;bridgePixels=[];river=4;riverMarkerImageHeight=4000;riverMarkerImageWidth=3200;riverMarkerSamples=4;riverMarkerX=7027;riverMarkerY=5121;total=147;
automaticEdgeStats	T387|T407	bridge=0;bridgePixels=[];river=187;riverMarkerImageHeight=4000;riverMarkerImageWidth=3200;riverMarkerSamples=187;riverMarkerX=319379;riverMarkerY=239703;total=187;
automaticEdgeStats	T388|T389	bridge=0;bridgePixels=[];river=0;riverMarkerImageHeight=0;riverMarkerImageWidth=0;riverMarkerSamples=0;riverMarkerX=0;riverMarkerY=0;total=2;
automaticEdgeStats	T388|T398	bridge=0;bridgePixels=[];river=14;riverMarkerImageHeight=4000;riverMarkerImageWidth=3200;riverMarkerSamples=14;riverMarkerX=19760;riverMarkerY=17578;total=34;
automaticEdgeStats	T389|T398	bridge=0;bridgePixels=[];river=0;riverMarkerImageHeight=0;riverMarkerImageWidth=0;riverMarkerSamples=0;riverMarkerX=0;riverMarkerY=0;total=1;
automaticEdgeStats	T389|T408	bridge=0;bridgePixels=[];river=0;riverMarkerImageHeight=0;riverMarkerImageWidth=0;riverMarkerSamples=0;riverMarkerX=0;riverMarkerY=0;total=1;
automaticEdgeStats	T390|T392	bridge=0;bridgePixels=[];river=128;riverMarkerImageHeight=4000;riverMarkerImageWidth=3200;riverMarkerSamples=128;riverMarkerX=149765;riverMarkerY=161168;total=128;
automaticEdgeStats	T390|T397	bridge=0;bridgePixels=[];river=433;riverMarkerImageHeight=4000;riverMarkerImageWidth=3200;riverMarkerSamples=433;riverMarkerX=420459;riverMarkerY=537976;total=433;
automaticEdgeStats	T390|T404	bridge=0;bridgePixels=[];river=4;riverMarkerImageHeight=4000;riverMarkerImageWidth=3200;riverMarkerSamples=4;riverMarkerX=4757;riverMarkerY=5146;total=4;
automaticEdgeStats	T390|T410	bridge=0;bridgePixels=[];river=4;riverMarkerImageHeight=4000;riverMarkerImageWidth=3200;riverMarkerSamples=4;riverMarkerX=4741;riverMarkerY=5167;total=4;
automaticEdgeStats	T391|T423	bridge=0;bridgePixels=[];river=0;riverMarkerImageHeight=0;riverMarkerImageWidth=0;riverMarkerSamples=0;riverMarkerX=0;riverMarkerY=0;total=10;
automaticEdgeStats	T392|T404	bridge=0;bridgePixels=[];river=45;riverMarkerImageHeight=4000;riverMarkerImageWidth=3200;riverMarkerSamples=45;riverMarkerX=54425;riverMarkerY=57462;total=45;
automaticEdgeStats	T393|T401	bridge=0;bridgePixels=[];river=0;riverMarkerImageHeight=0;riverMarkerImageWidth=0;riverMarkerSamples=0;riverMarkerX=0;riverMarkerY=0;total=444;
automaticEdgeStats	T393|T426	bridge=0;bridgePixels=[];river=0;riverMarkerImageHeight=0;riverMarkerImageWidth=0;riverMarkerSamples=0;riverMarkerX=0;riverMarkerY=0;total=431;
automaticEdgeStats	T393|T438	bridge=0;bridgePixels=[];river=0;riverMarkerImageHeight=0;riverMarkerImageWidth=0;riverMarkerSamples=0;riverMarkerX=0;riverMarkerY=0;total=40;
automaticEdgeStats	T393|T461	bridge=0;bridgePixels=[];river=0;riverMarkerImageHeight=0;riverMarkerImageWidth=0;riverMarkerSamples=0;riverMarkerX=0;riverMarkerY=0;total=128;
automaticEdgeStats	T394|T396	bridge=0;bridgePixels=[];river=0;riverMarkerImageHeight=0;riverMarkerImageWidth=0;riverMarkerSamples=0;riverMarkerX=0;riverMarkerY=0;total=216;
automaticEdgeStats	T394|T429	bridge=0;bridgePixels=[];river=3;riverMarkerImageHeight=4000;riverMarkerImageWidth=3200;riverMarkerSamples=3;riverMarkerX=7059;riverMarkerY=3893;total=305;
automaticEdgeStats	T394|T432	bridge=0;bridgePixels=[];river=93;riverMarkerImageHeight=4000;riverMarkerImageWidth=3200;riverMarkerSamples=93;riverMarkerX=218631;riverMarkerY=118098;total=93;
automaticEdgeStats	T395|T400	bridge=0;bridgePixels=[];river=0;riverMarkerImageHeight=0;riverMarkerImageWidth=0;riverMarkerSamples=0;riverMarkerX=0;riverMarkerY=0;total=132;
automaticEdgeStats	T395|T414	bridge=0;bridgePixels=[];river=0;riverMarkerImageHeight=0;riverMarkerImageWidth=0;riverMarkerSamples=0;riverMarkerX=0;riverMarkerY=0;total=99;
automaticEdgeStats	T395|T427	bridge=0;bridgePixels=[];river=0;riverMarkerImageHeight=0;riverMarkerImageWidth=0;riverMarkerSamples=0;riverMarkerX=0;riverMarkerY=0;total=10;
automaticEdgeStats	T396|T406	bridge=0;bridgePixels=[];river=0;riverMarkerImageHeight=0;riverMarkerImageWidth=0;riverMarkerSamples=0;riverMarkerX=0;riverMarkerY=0;total=193;
automaticEdgeStats	T396|T428	bridge=0;bridgePixels=[];river=0;riverMarkerImageHeight=0;riverMarkerImageWidth=0;riverMarkerSamples=0;riverMarkerX=0;riverMarkerY=0;total=342;
automaticEdgeStats	T397|T419	bridge=0;bridgePixels=[];river=12;riverMarkerImageHeight=4000;riverMarkerImageWidth=3200;riverMarkerSamples=12;riverMarkerX=10646;riverMarkerY=15758;total=51;
automaticEdgeStats	T398|T402	bridge=0;bridgePixels=[];river=65;riverMarkerImageHeight=4000;riverMarkerImageWidth=3200;riverMarkerSamples=65;riverMarkerX=92624;riverMarkerY=82611;total=65;
automaticEdgeStats	T398|T408	bridge=1;bridgePixels=[imageHeight=4000;imageWidth=3200;x=1412;y=1274;];river=60;riverMarkerImageHeight=4000;riverMarkerImageWidth=3200;riverMarkerSamples=60;riverMarkerX=84633;riverMarkerY=76448;total=62;
automaticEdgeStats	T399|T407	bridge=0;bridgePixels=[];river=0;riverMarkerImageHeight=0;riverMarkerImageWidth=0;riverMarkerSamples=0;riverMarkerX=0;riverMarkerY=0;total=39;
automaticEdgeStats	T399|T417	bridge=0;bridgePixels=[];river=0;riverMarkerImageHeight=0;riverMarkerImageWidth=0;riverMarkerSamples=0;riverMarkerX=0;riverMarkerY=0;total=50;
automaticEdgeStats	T399|T423	bridge=0;bridgePixels=[];river=0;riverMarkerImageHeight=0;riverMarkerImageWidth=0;riverMarkerSamples=0;riverMarkerX=0;riverMarkerY=0;total=81;
automaticEdgeStats	T400|T409	bridge=0;bridgePixels=[];river=0;riverMarkerImageHeight=0;riverMarkerImageWidth=0;riverMarkerSamples=0;riverMarkerX=0;riverMarkerY=0;total=81;
automaticEdgeStats	T401|T426	bridge=0;bridgePixels=[];river=0;riverMarkerImageHeight=0;riverMarkerImageWidth=0;riverMarkerSamples=0;riverMarkerX=0;riverMarkerY=0;total=16;
automaticEdgeStats	T401|T432	bridge=0;bridgePixels=[];river=0;riverMarkerImageHeight=0;riverMarkerImageWidth=0;riverMarkerSamples=0;riverMarkerX=0;riverMarkerY=0;total=235;
automaticEdgeStats	T401|T440	bridge=0;bridgePixels=[];river=0;riverMarkerImageHeight=0;riverMarkerImageWidth=0;riverMarkerSamples=0;riverMarkerX=0;riverMarkerY=0;total=67;
automaticEdgeStats	T401|T442	bridge=0;bridgePixels=[];river=0;riverMarkerImageHeight=0;riverMarkerImageWidth=0;riverMarkerSamples=0;riverMarkerX=0;riverMarkerY=0;total=413;
automaticEdgeStats	T402|T408	bridge=0;bridgePixels=[];river=29;riverMarkerImageHeight=4000;riverMarkerImageWidth=3200;riverMarkerSamples=29;riverMarkerX=41325;riverMarkerY=37712;total=29;
automaticEdgeStats	T402|T415	bridge=0;bridgePixels=[];river=2;riverMarkerImageHeight=4000;riverMarkerImageWidth=3200;riverMarkerSamples=2;riverMarkerX=2889;riverMarkerY=2614;total=92;
automaticEdgeStats	T403|T407	bridge=0;bridgePixels=[];river=25;riverMarkerImageHeight=4000;riverMarkerImageWidth=3200;riverMarkerSamples=25;riverMarkerX=43575;riverMarkerY=32471;total=25;
automaticEdgeStats	T403|T414	bridge=0;bridgePixels=[];river=190;riverMarkerImageHeight=4000;riverMarkerImageWidth=3200;riverMarkerSamples=190;riverMarkerX=344029;riverMarkerY=246925;total=190;
automaticEdgeStats	T404|T410	bridge=0;bridgePixels=[];river=3;riverMarkerImageHeight=4000;riverMarkerImageWidth=3200;riverMarkerSamples=3;riverMarkerX=3574;riverMarkerY=3869;total=84;
automaticEdgeStats	T404|T411	bridge=0;bridgePixels=[];river=23;riverMarkerImageHeight=4000;riverMarkerImageWidth=3200;riverMarkerSamples=23;riverMarkerX=29456;riverMarkerY=29812;total=94;
automaticEdgeStats	T404|T418	bridge=0;bridgePixels=[];river=28;riverMarkerImageHeight=4000;riverMarkerImageWidth=3200;riverMarkerSamples=28;riverMarkerX=34927;riverMarkerY=36284;total=75;
automaticEdgeStats	T406|T409	bridge=0;bridgePixels=[];river=3;riverMarkerImageHeight=4000;riverMarkerImageWidth=3200;riverMarkerSamples=3;riverMarkerX=5888;riverMarkerY=4011;total=107;
automaticEdgeStats	T406|T428	bridge=0;bridgePixels=[];river=3;riverMarkerImageHeight=4000;riverMarkerImageWidth=3200;riverMarkerSamples=3;riverMarkerX=6176;riverMarkerY=4155;total=150;
automaticEdgeStats	T406|T437	bridge=0;bridgePixels=[];river=164;riverMarkerImageHeight=4000;riverMarkerImageWidth=3200;riverMarkerSamples=164;riverMarkerX=329872;riverMarkerY=223504;total=164;
automaticEdgeStats	T407|T417	bridge=0;bridgePixels=[];river=0;riverMarkerImageHeight=0;riverMarkerImageWidth=0;riverMarkerSamples=0;riverMarkerX=0;riverMarkerY=0;total=90;
automaticEdgeStats	T408|T412	bridge=0;bridgePixels=[];river=139;riverMarkerImageHeight=4000;riverMarkerImageWidth=3200;riverMarkerSamples=139;riverMarkerX=191576;riverMarkerY=179331;total=139;
automaticEdgeStats	T408|T415	bridge=0;bridgePixels=[];river=73;riverMarkerImageHeight=4000;riverMarkerImageWidth=3200;riverMarkerSamples=73;riverMarkerX=103417;riverMarkerY=96865;total=73;
automaticEdgeStats	T408|T421	bridge=0;bridgePixels=[];river=0;riverMarkerImageHeight=0;riverMarkerImageWidth=0;riverMarkerSamples=0;riverMarkerX=0;riverMarkerY=0;total=1;
automaticEdgeStats	T409|T420	bridge=1;bridgePixels=[imageHeight=4000;imageWidth=3200;x=1932;y=1334;];river=114;riverMarkerImageHeight=4000;riverMarkerImageWidth=3200;riverMarkerSamples=114;riverMarkerX=220834;riverMarkerY=151861;total=114;
automaticEdgeStats	T409|T437	bridge=0;bridgePixels=[];river=1;riverMarkerImageHeight=4000;riverMarkerImageWidth=3200;riverMarkerSamples=1;riverMarkerX=1962;riverMarkerY=1338;total=1;
automaticEdgeStats	T410|T416	bridge=0;bridgePixels=[];river=0;riverMarkerImageHeight=0;riverMarkerImageWidth=0;riverMarkerSamples=0;riverMarkerX=0;riverMarkerY=0;total=1;
automaticEdgeStats	T410|T418	bridge=0;bridgePixels=[];river=2;riverMarkerImageHeight=4000;riverMarkerImageWidth=3200;riverMarkerSamples=2;riverMarkerX=2450;riverMarkerY=2605;total=29;
automaticEdgeStats	T410|T422	bridge=0;bridgePixels=[];river=1;riverMarkerImageHeight=4000;riverMarkerImageWidth=3200;riverMarkerSamples=1;riverMarkerX=1197;riverMarkerY=1316;total=32;
automaticEdgeStats	T411|T413	bridge=1;bridgePixels=[imageHeight=4000;imageWidth=3200;x=1286;y=1339;];river=219;riverMarkerImageHeight=4000;riverMarkerImageWidth=3200;riverMarkerSamples=219;riverMarkerX=285939;riverMarkerY=284664;total=224;
automaticEdgeStats	T411|T418	bridge=0;bridgePixels=[];river=45;riverMarkerImageHeight=4000;riverMarkerImageWidth=3200;riverMarkerSamples=45;riverMarkerX=56639;riverMarkerY=59662;total=65;
automaticEdgeStats	T412|T413	bridge=0;bridgePixels=[];river=28;riverMarkerImageHeight=4000;riverMarkerImageWidth=3200;riverMarkerSamples=28;riverMarkerX=37720;riverMarkerY=37252;total=247;
automaticEdgeStats	T412|T421	bridge=0;bridgePixels=[];river=19;riverMarkerImageHeight=4000;riverMarkerImageWidth=3200;riverMarkerSamples=19;riverMarkerX=26134;riverMarkerY=25523;total=47;
automaticEdgeStats	T412|T425	bridge=0;bridgePixels=[];river=3;riverMarkerImageHeight=4000;riverMarkerImageWidth=3200;riverMarkerSamples=3;riverMarkerX=4080;riverMarkerY=4111;total=3;
automaticEdgeStats	T412|T431	bridge=0;bridgePixels=[];river=12;riverMarkerImageHeight=4000;riverMarkerImageWidth=3200;riverMarkerSamples=12;riverMarkerX=16199;riverMarkerY=16467;total=14;
automaticEdgeStats	T412|T441	bridge=0;bridgePixels=[];river=6;riverMarkerImageHeight=4000;riverMarkerImageWidth=3200;riverMarkerSamples=6;riverMarkerX=8130;riverMarkerY=8238;total=6;
automaticEdgeStats	T413|T418	bridge=0;bridgePixels=[];river=4;riverMarkerImageHeight=4000;riverMarkerImageWidth=3200;riverMarkerSamples=4;riverMarkerX=5054;riverMarkerY=5384;total=4;
automaticEdgeStats	T413|T431	bridge=0;bridgePixels=[];river=54;riverMarkerImageHeight=4000;riverMarkerImageWidth=3200;riverMarkerSamples=54;riverMarkerX=70008;riverMarkerY=73541;total=155;
automaticEdgeStats	T414|T427	bridge=0;bridgePixels=[];river=1;riverMarkerImageHeight=4000;riverMarkerImageWidth=3200;riverMarkerSamples=1;riverMarkerX=1725;riverMarkerY=1386;total=160;
automaticEdgeStats	T414|T433	bridge=0;bridgePixels=[];river=28;riverMarkerImageHeight=4000;riverMarkerImageWidth=3200;riverMarkerSamples=28;riverMarkerX=48387;riverMarkerY=38502;total=28;
automaticEdgeStats	T415|T421	bridge=0;bridgePixels=[];river=1;riverMarkerImageHeight=4000;riverMarkerImageWidth=3200;riverMarkerSamples=1;riverMarkerX=1403;riverMarkerY=1347;total=1;
automaticEdgeStats	T415|T425	bridge=0;bridgePixels=[];river=0;riverMarkerImageHeight=0;riverMarkerImageWidth=0;riverMarkerSamples=0;riverMarkerX=0;riverMarkerY=0;total=1;
automaticEdgeStats	T415|T435	bridge=0;bridgePixels=[];river=18;riverMarkerImageHeight=4000;riverMarkerImageWidth=3200;riverMarkerSamples=18;riverMarkerX=26387;riverMarkerY=24414;total=18;
automaticEdgeStats	T416|T418	bridge=0;bridgePixels=[];river=40;riverMarkerImageHeight=4000;riverMarkerImageWidth=3200;riverMarkerSamples=40;riverMarkerX=49104;riverMarkerY=53677;total=162;
automaticEdgeStats	T416|T422	bridge=0;bridgePixels=[];river=40;riverMarkerImageHeight=4000;riverMarkerImageWidth=3200;riverMarkerSamples=40;riverMarkerX=48019;riverMarkerY=54055;total=97;
automaticEdgeStats	T417|T423	bridge=0;bridgePixels=[];river=1;riverMarkerImageHeight=4000;riverMarkerImageWidth=3200;riverMarkerSamples=1;riverMarkerX=1538;riverMarkerY=1377;total=236;
automaticEdgeStats	T417|T430	bridge=0;bridgePixels=[];river=241;riverMarkerImageHeight=4000;riverMarkerImageWidth=3200;riverMarkerSamples=241;riverMarkerX=385340;riverMarkerY=328079;total=241;
automaticEdgeStats	T417|T654	bridge=0;bridgePixels=[];river=1;riverMarkerImageHeight=4000;riverMarkerImageWidth=3200;riverMarkerSamples=1;riverMarkerX=1541;riverMarkerY=1378;total=1;
automaticEdgeStats	T418|T422	bridge=0;bridgePixels=[];river=3;riverMarkerImageHeight=4000;riverMarkerImageWidth=3200;riverMarkerSamples=3;riverMarkerX=3637;riverMarkerY=4135;total=9;
automaticEdgeStats	T420|T436	bridge=0;bridgePixels=[];river=0;riverMarkerImageHeight=0;riverMarkerImageWidth=0;riverMarkerSamples=0;riverMarkerX=0;riverMarkerY=0;total=168;
automaticEdgeStats	T420|T437	bridge=0;bridgePixels=[];river=4;riverMarkerImageHeight=4000;riverMarkerImageWidth=3200;riverMarkerSamples=4;riverMarkerX=7842;riverMarkerY=5361;total=58;
automaticEdgeStats	T421|T425	bridge=1;bridgePixels=[imageHeight=4000;imageWidth=3200;x=1396;y=1354;];river=65;riverMarkerImageHeight=4000;riverMarkerImageWidth=3200;riverMarkerSamples=65;riverMarkerX=89905;riverMarkerY=88320;total=68;
automaticEdgeStats	T425|T435	bridge=1;bridgePixels=[imageHeight=4000;imageWidth=3200;x=1443;y=1369;];river=134;riverMarkerImageHeight=4000;riverMarkerImageWidth=3200;riverMarkerSamples=134;riverMarkerX=189991;riverMarkerY=184968;total=137;
automaticEdgeStats	T425|T441	bridge=0;bridgePixels=[];river=33;riverMarkerImageHeight=4000;riverMarkerImageWidth=3200;riverMarkerSamples=33;riverMarkerX=45191;riverMarkerY=45698;total=33;
automaticEdgeStats	T426|T438	bridge=0;bridgePixels=[];river=0;riverMarkerImageHeight=0;riverMarkerImageWidth=0;riverMarkerSamples=0;riverMarkerX=0;riverMarkerY=0;total=324;
automaticEdgeStats	T426|T440	bridge=0;bridgePixels=[];river=0;riverMarkerImageHeight=0;riverMarkerImageWidth=0;riverMarkerSamples=0;riverMarkerX=0;riverMarkerY=0;total=76;
automaticEdgeStats	T427|T433	bridge=0;bridgePixels=[];river=70;riverMarkerImageHeight=4000;riverMarkerImageWidth=3200;riverMarkerSamples=70;riverMarkerX=121029;riverMarkerY=97851;total=70;
automaticEdgeStats	T428|T429	bridge=0;bridgePixels=[];river=0;riverMarkerImageHeight=0;riverMarkerImageWidth=0;riverMarkerSamples=0;riverMarkerX=0;riverMarkerY=0;total=164;
automaticEdgeStats	T428|T437	bridge=0;bridgePixels=[];river=120;riverMarkerImageHeight=4000;riverMarkerImageWidth=3200;riverMarkerSamples=120;riverMarkerX=250746;riverMarkerY=170111;total=120;
automaticEdgeStats	T428|T446	bridge=0;bridgePixels=[];river=4;riverMarkerImageHeight=4000;riverMarkerImageWidth=3200;riverMarkerSamples=4;riverMarkerX=8489;riverMarkerY=5782;total=165;
automaticEdgeStats	T429|T432	bridge=0;bridgePixels=[];river=308;riverMarkerImageHeight=4000;riverMarkerImageWidth=3200;riverMarkerSamples=308;riverMarkerX=718288;riverMarkerY=424185;total=308;
automaticEdgeStats	T429|T446	bridge=0;bridgePixels=[];river=4;riverMarkerImageHeight=4000;riverMarkerImageWidth=3200;riverMarkerSamples=4;riverMarkerX=9219;riverMarkerY=5886;total=258;
automaticEdgeStats	T430|T433	bridge=0;bridgePixels=[];river=0;riverMarkerImageHeight=0;riverMarkerImageWidth=0;riverMarkerSamples=0;riverMarkerX=0;riverMarkerY=0;total=49;
automaticEdgeStats	T430|T654	bridge=0;bridgePixels=[];river=0;riverMarkerImageHeight=0;riverMarkerImageWidth=0;riverMarkerSamples=0;riverMarkerX=0;riverMarkerY=0;total=194;
automaticEdgeStats	T431|T441	bridge=0;bridgePixels=[];river=3;riverMarkerImageHeight=4000;riverMarkerImageWidth=3200;riverMarkerSamples=3;riverMarkerX=4055;riverMarkerY=4126;total=76;
automaticEdgeStats	T432|T442	bridge=0;bridgePixels=[];river=0;riverMarkerImageHeight=0;riverMarkerImageWidth=0;riverMarkerSamples=0;riverMarkerX=0;riverMarkerY=0;total=402;
automaticEdgeStats	T432|T446	bridge=0;bridgePixels=[];river=224;riverMarkerImageHeight=4000;riverMarkerImageWidth=3200;riverMarkerSamples=224;riverMarkerX=519936;riverMarkerY=342042;total=227;
automaticEdgeStats	T432|T468	bridge=0;bridgePixels=[];river=11;riverMarkerImageHeight=4000;riverMarkerImageWidth=3200;riverMarkerSamples=11;riverMarkerX=25727;riverMarkerY=17373;total=11;
automaticEdgeStats	T433|T654	bridge=0;bridgePixels=[];river=0;riverMarkerImageHeight=0;riverMarkerImageWidth=0;riverMarkerSamples=0;riverMarkerX=0;riverMarkerY=0;total=36;
automaticEdgeStats	T435|T441	bridge=0;bridgePixels=[];river=6;riverMarkerImageHeight=4000;riverMarkerImageWidth=3200;riverMarkerSamples=6;riverMarkerX=8284;riverMarkerY=8379;total=186;
automaticEdgeStats	T435|T444	bridge=0;bridgePixels=[];river=0;riverMarkerImageHeight=0;riverMarkerImageWidth=0;riverMarkerSamples=0;riverMarkerX=0;riverMarkerY=0;total=197;
automaticEdgeStats	T436|T437	bridge=0;bridgePixels=[];river=1;riverMarkerImageHeight=4000;riverMarkerImageWidth=3200;riverMarkerSamples=1;riverMarkerX=1936;riverMarkerY=1490;total=264;
automaticEdgeStats	T436|T439	bridge=0;bridgePixels=[];river=1;riverMarkerImageHeight=4000;riverMarkerImageWidth=3200;riverMarkerSamples=1;riverMarkerX=1800;riverMarkerY=1466;total=169;
automaticEdgeStats	T436|T445	bridge=0;bridgePixels=[];river=19;riverMarkerImageHeight=4000;riverMarkerImageWidth=3200;riverMarkerSamples=19;riverMarkerX=34236;riverMarkerY=28013;total=19;
automaticEdgeStats	T436|T447	bridge=0;bridgePixels=[];river=297;riverMarkerImageHeight=4000;riverMarkerImageWidth=3200;riverMarkerSamples=297;riverMarkerX=555771;riverMarkerY=439931;total=297;
automaticEdgeStats	T437|T446	bridge=0;bridgePixels=[];river=22;riverMarkerImageHeight=4000;riverMarkerImageWidth=3200;riverMarkerSamples=22;riverMarkerX=46573;riverMarkerY=31926;total=22;
automaticEdgeStats	T437|T447	bridge=0;bridgePixels=[];river=353;riverMarkerImageHeight=4000;riverMarkerImageWidth=3200;riverMarkerSamples=353;riverMarkerX=712451;riverMarkerY=527646;total=353;
automaticEdgeStats	T438|T440	bridge=0;bridgePixels=[];river=0;riverMarkerImageHeight=0;riverMarkerImageWidth=0;riverMarkerSamples=0;riverMarkerX=0;riverMarkerY=0;total=97;
automaticEdgeStats	T438|T449	bridge=0;bridgePixels=[];river=0;riverMarkerImageHeight=0;riverMarkerImageWidth=0;riverMarkerSamples=0;riverMarkerX=0;riverMarkerY=0;total=137;
automaticEdgeStats	T438|T461	bridge=0;bridgePixels=[];river=0;riverMarkerImageHeight=0;riverMarkerImageWidth=0;riverMarkerSamples=0;riverMarkerX=0;riverMarkerY=0;total=167;
automaticEdgeStats	T439|T445	bridge=0;bridgePixels=[];river=6;riverMarkerImageHeight=4000;riverMarkerImageWidth=3200;riverMarkerSamples=6;riverMarkerX=10779;riverMarkerY=8806;total=236;
automaticEdgeStats	T440|T449	bridge=0;bridgePixels=[];river=0;riverMarkerImageHeight=0;riverMarkerImageWidth=0;riverMarkerSamples=0;riverMarkerX=0;riverMarkerY=0;total=310;
automaticEdgeStats	T440|T451	bridge=0;bridgePixels=[];river=0;riverMarkerImageHeight=0;riverMarkerImageWidth=0;riverMarkerSamples=0;riverMarkerX=0;riverMarkerY=0;total=89;
automaticEdgeStats	T441|T444	bridge=0;bridgePixels=[];river=4;riverMarkerImageHeight=4000;riverMarkerImageWidth=3200;riverMarkerSamples=4;riverMarkerX=5559;riverMarkerY=6161;total=129;
automaticEdgeStats	T441|T460	bridge=0;bridgePixels=[];river=75;riverMarkerImageHeight=4000;riverMarkerImageWidth=3200;riverMarkerSamples=75;riverMarkerX=101498;riverMarkerY=116532;total=75;
automaticEdgeStats	T441|T462	bridge=0;bridgePixels=[];river=10;riverMarkerImageHeight=4000;riverMarkerImageWidth=3200;riverMarkerSamples=10;riverMarkerX=13852;riverMarkerY=15455;total=10;
automaticEdgeStats	T443|T444	bridge=0;bridgePixels=[];river=162;riverMarkerImageHeight=4000;riverMarkerImageWidth=3200;riverMarkerSamples=162;riverMarkerX=254506;riverMarkerY=236251;total=162;
automaticEdgeStats	T443|T448	bridge=0;bridgePixels=[];river=4;riverMarkerImageHeight=4000;riverMarkerImageWidth=3200;riverMarkerSamples=4;riverMarkerX=6458;riverMarkerY=5737;total=232;
automaticEdgeStats	T443|T450	bridge=0;bridgePixels=[];river=6;riverMarkerImageHeight=4000;riverMarkerImageWidth=3200;riverMarkerSamples=6;riverMarkerX=9209;riverMarkerY=8957;total=114;
automaticEdgeStats	T444|T450	bridge=0;bridgePixels=[];river=114;riverMarkerImageHeight=4000;riverMarkerImageWidth=3200;riverMarkerSamples=114;riverMarkerX=173783;riverMarkerY=172516;total=114;
automaticEdgeStats	T444|T454	bridge=0;bridgePixels=[];river=28;riverMarkerImageHeight=4000;riverMarkerImageWidth=3200;riverMarkerSamples=28;riverMarkerX=42344;riverMarkerY=43112;total=29;
automaticEdgeStats	T444|T455	bridge=1;bridgePixels=[imageHeight=4000;imageWidth=3200;x=1504;y=1545;];river=58;riverMarkerImageHeight=4000;riverMarkerImageWidth=3200;riverMarkerSamples=58;riverMarkerX=86265;riverMarkerY=89932;total=189;
automaticEdgeStats	T444|T462	bridge=0;bridgePixels=[];river=186;riverMarkerImageHeight=4000;riverMarkerImageWidth=3200;riverMarkerSamples=186;riverMarkerX=266742;riverMarkerY=287961;total=186;
automaticEdgeStats	T445|T447	bridge=0;bridgePixels=[];river=1;riverMarkerImageHeight=4000;riverMarkerImageWidth=3200;riverMarkerSamples=1;riverMarkerX=1807;riverMarkerY=1482;total=100;
automaticEdgeStats	T445|T448	bridge=0;bridgePixels=[];river=0;riverMarkerImageHeight=0;riverMarkerImageWidth=0;riverMarkerSamples=0;riverMarkerX=0;riverMarkerY=0;total=236;
automaticEdgeStats	T446|T447	bridge=0;bridgePixels=[];river=76;riverMarkerImageHeight=4000;riverMarkerImageWidth=3200;riverMarkerSamples=76;riverMarkerX=162104;riverMarkerY=112515;total=76;
automaticEdgeStats	T446|T468	bridge=0;bridgePixels=[];river=12;riverMarkerImageHeight=4000;riverMarkerImageWidth=3200;riverMarkerSamples=12;riverMarkerX=27747;riverMarkerY=18983;total=120;
automaticEdgeStats	T448|T450	bridge=0;bridgePixels=[];river=3;riverMarkerImageHeight=4000;riverMarkerImageWidth=3200;riverMarkerSamples=3;riverMarkerX=4755;riverMarkerY=4658;total=21;
automaticEdgeStats	T448|T454	bridge=0;bridgePixels=[];river=48;riverMarkerImageHeight=4000;riverMarkerImageWidth=3200;riverMarkerSamples=48;riverMarkerX=76132;riverMarkerY=75281;total=48;
automaticEdgeStats	T448|T463	bridge=0;bridgePixels=[];river=30;riverMarkerImageHeight=4000;riverMarkerImageWidth=3200;riverMarkerSamples=30;riverMarkerX=48284;riverMarkerY=47711;total=151;
automaticEdgeStats	T448|T466	bridge=0;bridgePixels=[];river=22;riverMarkerImageHeight=4000;riverMarkerImageWidth=3200;riverMarkerSamples=22;riverMarkerX=34861;riverMarkerY=34956;total=22;
automaticEdgeStats	T449|T451	bridge=0;bridgePixels=[];river=0;riverMarkerImageHeight=0;riverMarkerImageWidth=0;riverMarkerSamples=0;riverMarkerX=0;riverMarkerY=0;total=47;
automaticEdgeStats	T449|T461	bridge=0;bridgePixels=[];river=0;riverMarkerImageHeight=0;riverMarkerImageWidth=0;riverMarkerSamples=0;riverMarkerX=0;riverMarkerY=0;total=209;
automaticEdgeStats	T449|T465	bridge=0;bridgePixels=[];river=0;riverMarkerImageHeight=0;riverMarkerImageWidth=0;riverMarkerSamples=0;riverMarkerX=0;riverMarkerY=0;total=389;
automaticEdgeStats	T450|T454	bridge=1;bridgePixels=[imageHeight=4000;imageWidth=3200;x=1540;y=1545;];river=134;riverMarkerImageHeight=4000;riverMarkerImageWidth=3200;riverMarkerSamples=134;riverMarkerX=207899;riverMarkerY=207322;total=266;
automaticEdgeStats	T451|T465	bridge=0;bridgePixels=[];river=0;riverMarkerImageHeight=0;riverMarkerImageWidth=0;riverMarkerSamples=0;riverMarkerX=0;riverMarkerY=0;total=154;
automaticEdgeStats	T451|T476	bridge=0;bridgePixels=[];river=0;riverMarkerImageHeight=0;riverMarkerImageWidth=0;riverMarkerSamples=0;riverMarkerX=0;riverMarkerY=0;total=169;
automaticEdgeStats	T452|T464	bridge=0;bridgePixels=[];river=0;riverMarkerImageHeight=0;riverMarkerImageWidth=0;riverMarkerSamples=0;riverMarkerX=0;riverMarkerY=0;total=2;
automaticEdgeStats	T454|T455	bridge=0;bridgePixels=[];river=1;riverMarkerImageHeight=4000;riverMarkerImageWidth=3200;riverMarkerSamples=1;riverMarkerX=1511;riverMarkerY=1542;total=135;
automaticEdgeStats	T454|T466	bridge=0;bridgePixels=[];river=2;riverMarkerImageHeight=4000;riverMarkerImageWidth=3200;riverMarkerSamples=2;riverMarkerX=3169;riverMarkerY=3164;total=67;
automaticEdgeStats	T455|T462	bridge=0;bridgePixels=[];river=2;riverMarkerImageHeight=4000;riverMarkerImageWidth=3200;riverMarkerSamples=2;riverMarkerX=2945;riverMarkerY=3115;total=78;
automaticEdgeStats	T455|T466	bridge=0;bridgePixels=[];river=0;riverMarkerImageHeight=0;riverMarkerImageWidth=0;riverMarkerSamples=0;riverMarkerX=0;riverMarkerY=0;total=111;
automaticEdgeStats	T457|T464	bridge=0;bridgePixels=[];river=0;riverMarkerImageHeight=0;riverMarkerImageWidth=0;riverMarkerSamples=0;riverMarkerX=0;riverMarkerY=0;total=162;
automaticEdgeStats	T457|T467	bridge=0;bridgePixels=[];river=0;riverMarkerImageHeight=0;riverMarkerImageWidth=0;riverMarkerSamples=0;riverMarkerX=0;riverMarkerY=0;total=55;
automaticEdgeStats	T460|T462	bridge=0;bridgePixels=[];river=3;riverMarkerImageHeight=4000;riverMarkerImageWidth=3200;riverMarkerSamples=3;riverMarkerX=4143;riverMarkerY=4654;total=187;
automaticEdgeStats	T460|T464	bridge=0;bridgePixels=[];river=0;riverMarkerImageHeight=0;riverMarkerImageWidth=0;riverMarkerSamples=0;riverMarkerX=0;riverMarkerY=0;total=185;
automaticEdgeStats	T460|T469	bridge=0;bridgePixels=[];river=0;riverMarkerImageHeight=0;riverMarkerImageWidth=0;riverMarkerSamples=0;riverMarkerX=0;riverMarkerY=0;total=138;
automaticEdgeStats	T461|T465	bridge=0;bridgePixels=[];river=0;riverMarkerImageHeight=0;riverMarkerImageWidth=0;riverMarkerSamples=0;riverMarkerX=0;riverMarkerY=0;total=103;
automaticEdgeStats	T461|T476	bridge=0;bridgePixels=[];river=1;riverMarkerImageHeight=4000;riverMarkerImageWidth=3200;riverMarkerSamples=1;riverMarkerX=2858;riverMarkerY=1729;total=133;
automaticEdgeStats	T462|T466	bridge=0;bridgePixels=[];river=0;riverMarkerImageHeight=0;riverMarkerImageWidth=0;riverMarkerSamples=0;riverMarkerX=0;riverMarkerY=0;total=89;
automaticEdgeStats	T462|T469	bridge=0;bridgePixels=[];river=0;riverMarkerImageHeight=0;riverMarkerImageWidth=0;riverMarkerSamples=0;riverMarkerX=0;riverMarkerY=0;total=79;
automaticEdgeStats	T463|T466	bridge=0;bridgePixels=[];river=5;riverMarkerImageHeight=4000;riverMarkerImageWidth=3200;riverMarkerSamples=5;riverMarkerX=7910;riverMarkerY=7988;total=96;
automaticEdgeStats	T464|T467	bridge=0;bridgePixels=[];river=0;riverMarkerImageHeight=0;riverMarkerImageWidth=0;riverMarkerSamples=0;riverMarkerX=0;riverMarkerY=0;total=61;
automaticEdgeStats	T464|T469	bridge=0;bridgePixels=[];river=0;riverMarkerImageHeight=0;riverMarkerImageWidth=0;riverMarkerSamples=0;riverMarkerX=0;riverMarkerY=0;total=166;
automaticEdgeStats	T465|T476	bridge=0;bridgePixels=[];river=0;riverMarkerImageHeight=0;riverMarkerImageWidth=0;riverMarkerSamples=0;riverMarkerX=0;riverMarkerY=0;total=214;
automaticEdgeStats	T467|T470	bridge=0;bridgePixels=[];river=0;riverMarkerImageHeight=0;riverMarkerImageWidth=0;riverMarkerSamples=0;riverMarkerX=0;riverMarkerY=0;total=154;
automaticEdgeStats	T468|T471	bridge=0;bridgePixels=[];river=0;riverMarkerImageHeight=0;riverMarkerImageWidth=0;riverMarkerSamples=0;riverMarkerX=0;riverMarkerY=0;total=108;
automaticEdgeStats	T469|T470	bridge=0;bridgePixels=[];river=1;riverMarkerImageHeight=4000;riverMarkerImageWidth=3200;riverMarkerSamples=1;riverMarkerX=1232;riverMarkerY=1697;total=119;
automaticEdgeStats	T469|T474	bridge=0;bridgePixels=[];river=1;riverMarkerImageHeight=4000;riverMarkerImageWidth=3200;riverMarkerSamples=1;riverMarkerX=1258;riverMarkerY=1710;total=248;
automaticEdgeStats	T469|T475	bridge=0;bridgePixels=[];river=32;riverMarkerImageHeight=4000;riverMarkerImageWidth=3200;riverMarkerSamples=32;riverMarkerX=39839;riverMarkerY=54477;total=32;
automaticEdgeStats	T470|T472	bridge=1;bridgePixels=[imageHeight=4000;imageWidth=3200;x=1211;y=1691;];river=6;riverMarkerImageHeight=4000;riverMarkerImageWidth=3200;riverMarkerSamples=6;riverMarkerX=7256;riverMarkerY=10132;total=6;
automaticEdgeStats	T470|T475	bridge=0;bridgePixels=[];river=26;riverMarkerImageHeight=4000;riverMarkerImageWidth=3200;riverMarkerSamples=26;riverMarkerX=31788;riverMarkerY=44068;total=27;
automaticEdgeStats	T471|T476	bridge=0;bridgePixels=[];river=0;riverMarkerImageHeight=0;riverMarkerImageWidth=0;riverMarkerSamples=0;riverMarkerX=0;riverMarkerY=0;total=611;
automaticEdgeStats	T471|T501	bridge=0;bridgePixels=[];river=0;riverMarkerImageHeight=0;riverMarkerImageWidth=0;riverMarkerSamples=0;riverMarkerX=0;riverMarkerY=0;total=418;
automaticEdgeStats	T472|T473	bridge=1;bridgePixels=[imageHeight=4000;imageWidth=3200;x=1160;y=1711;];river=25;riverMarkerImageHeight=4000;riverMarkerImageWidth=3200;riverMarkerSamples=25;riverMarkerX=29126;riverMarkerY=42826;total=30;
automaticEdgeStats	T472|T475	bridge=0;bridgePixels=[];river=60;riverMarkerImageHeight=4000;riverMarkerImageWidth=3200;riverMarkerSamples=60;riverMarkerX=71999;riverMarkerY=102595;total=90;
automaticEdgeStats	T473|T475	bridge=0;bridgePixels=[];river=47;riverMarkerImageHeight=4000;riverMarkerImageWidth=3200;riverMarkerSamples=47;riverMarkerX=54552;riverMarkerY=81546;total=73;
automaticEdgeStats	T473|T477	bridge=0;bridgePixels=[];river=62;riverMarkerImageHeight=4000;riverMarkerImageWidth=3200;riverMarkerSamples=62;riverMarkerX=69804;riverMarkerY=108399;total=64;
automaticEdgeStats	T473|T478	bridge=0;bridgePixels=[];river=85;riverMarkerImageHeight=4000;riverMarkerImageWidth=3200;riverMarkerSamples=85;riverMarkerX=91404;riverMarkerY=149936;total=85;
automaticEdgeStats	T474|T475	bridge=0;bridgePixels=[];river=58;riverMarkerImageHeight=4000;riverMarkerImageWidth=3200;riverMarkerSamples=58;riverMarkerX=72899;riverMarkerY=100423;total=58;
automaticEdgeStats	T474|T479	bridge=0;bridgePixels=[];river=5;riverMarkerImageHeight=4000;riverMarkerImageWidth=3200;riverMarkerSamples=5;riverMarkerX=6299;riverMarkerY=8768;total=171;
automaticEdgeStats	T475|T477	bridge=0;bridgePixels=[];river=8;riverMarkerImageHeight=4000;riverMarkerImageWidth=3200;riverMarkerSamples=8;riverMarkerX=9378;riverMarkerY=14132;total=136;
automaticEdgeStats	T475|T479	bridge=0;bridgePixels=[];river=151;riverMarkerImageHeight=4000;riverMarkerImageWidth=3200;riverMarkerSamples=151;riverMarkerX=185362;riverMarkerY=267725;total=153;
automaticEdgeStats	T476|T501	bridge=0;bridgePixels=[];river=0;riverMarkerImageHeight=0;riverMarkerImageWidth=0;riverMarkerSamples=0;riverMarkerX=0;riverMarkerY=0;total=273;
automaticEdgeStats	T477|T478	bridge=0;bridgePixels=[];river=5;riverMarkerImageHeight=4000;riverMarkerImageWidth=3200;riverMarkerSamples=5;riverMarkerX=5575;riverMarkerY=9022;total=188;
automaticEdgeStats	T477|T479	bridge=1;bridgePixels=[imageHeight=4000;imageWidth=3200;x=1191;y=1801;];river=46;riverMarkerImageHeight=4000;riverMarkerImageWidth=3200;riverMarkerSamples=46;riverMarkerX=54784;riverMarkerY=82820;total=53;
automaticEdgeStats	T477|T485	bridge=1;bridgePixels=[imageHeight=4000;imageWidth=3200;x=1166;y=1828;];river=96;riverMarkerImageHeight=4000;riverMarkerImageWidth=3200;riverMarkerSamples=96;riverMarkerX=109911;riverMarkerY=175975;total=106;
automaticEdgeStats	T477|T503	bridge=0;bridgePixels=[];river=15;riverMarkerImageHeight=4000;riverMarkerImageWidth=3200;riverMarkerSamples=15;riverMarkerX=17626;riverMarkerY=27359;total=15;
automaticEdgeStats	T478|T483	bridge=0;bridgePixels=[];river=0;riverMarkerImageHeight=0;riverMarkerImageWidth=0;riverMarkerSamples=0;riverMarkerX=0;riverMarkerY=0;total=174;
automaticEdgeStats	T478|T485	bridge=0;bridgePixels=[];river=109;riverMarkerImageHeight=4000;riverMarkerImageWidth=3200;riverMarkerSamples=109;riverMarkerX=119843;riverMarkerY=200308;total=109;
automaticEdgeStats	T478|T491	bridge=0;bridgePixels=[];river=23;riverMarkerImageHeight=4000;riverMarkerImageWidth=3200;riverMarkerSamples=23;riverMarkerX=24630;riverMarkerY=42652;total=23;
automaticEdgeStats	T479|T503	bridge=0;bridgePixels=[];river=2;riverMarkerImageHeight=4000;riverMarkerImageWidth=3200;riverMarkerSamples=2;riverMarkerX=2366;riverMarkerY=3640;total=112;
automaticEdgeStats	T480|T481	bridge=0;bridgePixels=[];river=14;riverMarkerImageHeight=4000;riverMarkerImageWidth=3200;riverMarkerSamples=14;riverMarkerX=23008;riverMarkerY=25223;total=61;
automaticEdgeStats	T480|T486	bridge=0;bridgePixels=[];river=3;riverMarkerImageHeight=4000;riverMarkerImageWidth=3200;riverMarkerSamples=3;riverMarkerX=4998;riverMarkerY=5456;total=52;
automaticEdgeStats	T481|T482	bridge=0;bridgePixels=[];river=3;riverMarkerImageHeight=4000;riverMarkerImageWidth=3200;riverMarkerSamples=3;riverMarkerX=4876;riverMarkerY=5474;total=84;
automaticEdgeStats	T481|T484	bridge=0;bridgePixels=[];river=49;riverMarkerImageHeight=4000;riverMarkerImageWidth=3200;riverMarkerSamples=49;riverMarkerX=80069;riverMarkerY=89763;total=49;
automaticEdgeStats	T481|T486	bridge=0;bridgePixels=[];river=40;riverMarkerImageHeight=4000;riverMarkerImageWidth=3200;riverMarkerSamples=40;riverMarkerX=66002;riverMarkerY=73099;total=40;
automaticEdgeStats	T482|T484	bridge=0;bridgePixels=[];river=6;riverMarkerImageHeight=4000;riverMarkerImageWidth=3200;riverMarkerSamples=6;riverMarkerX=9691;riverMarkerY=10984;total=162;
automaticEdgeStats	T482|T492	bridge=0;bridgePixels=[];river=3;riverMarkerImageHeight=4000;riverMarkerImageWidth=3200;riverMarkerSamples=3;riverMarkerX=4728;riverMarkerY=5568;total=44;
automaticEdgeStats	T483|T488	bridge=0;bridgePixels=[];river=40;riverMarkerImageHeight=4000;riverMarkerImageWidth=3200;riverMarkerSamples=40;riverMarkerX=37770;riverMarkerY=74979;total=40;
automaticEdgeStats	T483|T491	bridge=0;bridgePixels=[];river=80;riverMarkerImageHeight=4000;riverMarkerImageWidth=3200;riverMarkerSamples=80;riverMarkerX=83599;riverMarkerY=149132;total=80;
automaticEdgeStats	T484|T486	bridge=0;bridgePixels=[];river=67;riverMarkerImageHeight=4000;riverMarkerImageWidth=3200;riverMarkerSamples=67;riverMarkerX=109205;riverMarkerY=124359;total=67;
automaticEdgeStats	T484|T492	bridge=0;bridgePixels=[];river=82;riverMarkerImageHeight=4000;riverMarkerImageWidth=3200;riverMarkerSamples=82;riverMarkerX=131013;riverMarkerY=153183;total=82;
automaticEdgeStats	T485|T491	bridge=0;bridgePixels=[];river=2;riverMarkerImageHeight=4000;riverMarkerImageWidth=3200;riverMarkerSamples=2;riverMarkerX=2152;riverMarkerY=3699;total=243;
automaticEdgeStats	T485|T503	bridge=0;bridgePixels=[];river=127;riverMarkerImageHeight=4000;riverMarkerImageWidth=3200;riverMarkerSamples=127;riverMarkerX=148532;riverMarkerY=235747;total=127;
automaticEdgeStats	T486|T492	bridge=1;bridgePixels=[imageHeight=4000;imageWidth=3200;x=1620;y=1875;];river=26;riverMarkerImageHeight=4000;riverMarkerImageWidth=3200;riverMarkerSamples=26;riverMarkerX=42322;riverMarkerY=49058;total=27;
automaticEdgeStats	T486|T493	bridge=0;bridgePixels=[];river=0;riverMarkerImageHeight=0;riverMarkerImageWidth=0;riverMarkerSamples=0;riverMarkerX=0;riverMarkerY=0;total=62;
automaticEdgeStats	T487|T488	bridge=0;bridgePixels=[];river=0;riverMarkerImageHeight=0;riverMarkerImageWidth=0;riverMarkerSamples=0;riverMarkerX=0;riverMarkerY=0;total=1;
automaticEdgeStats	T487|T496	bridge=0;bridgePixels=[];river=0;riverMarkerImageHeight=0;riverMarkerImageWidth=0;riverMarkerSamples=0;riverMarkerX=0;riverMarkerY=0;total=1;
automaticEdgeStats	T488|T513	bridge=0;bridgePixels=[];river=0;riverMarkerImageHeight=0;riverMarkerImageWidth=0;riverMarkerSamples=0;riverMarkerX=0;riverMarkerY=0;total=58;
automaticEdgeStats	T489|T492	bridge=0;bridgePixels=[];river=6;riverMarkerImageHeight=4000;riverMarkerImageWidth=3200;riverMarkerSamples=6;riverMarkerX=9468;riverMarkerY=11268;total=194;
automaticEdgeStats	T490|T508	bridge=0;bridgePixels=[];river=0;riverMarkerImageHeight=0;riverMarkerImageWidth=0;riverMarkerSamples=0;riverMarkerX=0;riverMarkerY=0;total=56;
automaticEdgeStats	T491|T496	bridge=0;bridgePixels=[];river=0;riverMarkerImageHeight=0;riverMarkerImageWidth=0;riverMarkerSamples=0;riverMarkerX=0;riverMarkerY=0;total=168;
automaticEdgeStats	T491|T498	bridge=0;bridgePixels=[];river=1;riverMarkerImageHeight=4000;riverMarkerImageWidth=3200;riverMarkerSamples=1;riverMarkerX=1136;riverMarkerY=1988;total=137;
automaticEdgeStats	T491|T503	bridge=1;bridgePixels=[imageHeight=4000;imageWidth=3200;x=1145;y=1916;];river=232;riverMarkerImageHeight=4000;riverMarkerImageWidth=3200;riverMarkerSamples=232;riverMarkerX=264541;riverMarkerY=450315;total=234;
automaticEdgeStats	T491|T511	bridge=0;bridgePixels=[];river=6;riverMarkerImageHeight=4000;riverMarkerImageWidth=3200;riverMarkerSamples=6;riverMarkerX=6891;riverMarkerY=11998;total=6;
automaticEdgeStats	T492|T497	bridge=0;bridgePixels=[];river=0;riverMarkerImageHeight=0;riverMarkerImageWidth=0;riverMarkerSamples=0;riverMarkerX=0;riverMarkerY=0;total=50;
automaticEdgeStats	T493|T504	bridge=0;bridgePixels=[];river=1;riverMarkerImageHeight=4000;riverMarkerImageWidth=3200;riverMarkerSamples=1;riverMarkerX=1793;riverMarkerY=2028;total=1;
automaticEdgeStats	T493|T506	bridge=0;bridgePixels=[];river=0;riverMarkerImageHeight=0;riverMarkerImageWidth=0;riverMarkerSamples=0;riverMarkerX=0;riverMarkerY=0;total=86;
automaticEdgeStats	T494|T495	bridge=0;bridgePixels=[];river=0;riverMarkerImageHeight=0;riverMarkerImageWidth=0;riverMarkerSamples=0;riverMarkerX=0;riverMarkerY=0;total=5;
automaticEdgeStats	T496|T498	bridge=0;bridgePixels=[];river=6;riverMarkerImageHeight=4000;riverMarkerImageWidth=3200;riverMarkerSamples=6;riverMarkerX=6016;riverMarkerY=11973;total=139;
automaticEdgeStats	T496|T507	bridge=0;bridgePixels=[];river=233;riverMarkerImageHeight=4000;riverMarkerImageWidth=3200;riverMarkerSamples=233;riverMarkerX=221165;riverMarkerY=472495;total=233;
automaticEdgeStats	T496|T517	bridge=0;bridgePixels=[];river=31;riverMarkerImageHeight=4000;riverMarkerImageWidth=3200;riverMarkerSamples=31;riverMarkerX=27232;riverMarkerY=63716;total=31;
automaticEdgeStats	T497|T502	bridge=0;bridgePixels=[];river=0;riverMarkerImageHeight=0;riverMarkerImageWidth=0;riverMarkerSamples=0;riverMarkerX=0;riverMarkerY=0;total=110;
automaticEdgeStats	T498|T507	bridge=0;bridgePixels=[];river=9;riverMarkerImageHeight=4000;riverMarkerImageWidth=3200;riverMarkerSamples=9;riverMarkerX=9024;riverMarkerY=17991;total=165;
automaticEdgeStats	T498|T511	bridge=0;bridgePixels=[];river=3;riverMarkerImageHeight=4000;riverMarkerImageWidth=3200;riverMarkerSamples=3;riverMarkerX=3431;riverMarkerY=6018;total=151;
automaticEdgeStats	T500|T510	bridge=0;bridgePixels=[];river=124;riverMarkerImageHeight=4000;riverMarkerImageWidth=3200;riverMarkerSamples=124;riverMarkerX=157024;riverMarkerY=251448;total=124;
automaticEdgeStats	T500|T512	bridge=0;bridgePixels=[];river=4;riverMarkerImageHeight=4000;riverMarkerImageWidth=3200;riverMarkerSamples=4;riverMarkerX=4890;riverMarkerY=8090;total=98;
automaticEdgeStats	T500|T655	bridge=0;bridgePixels=[];river=200;riverMarkerImageHeight=4000;riverMarkerImageWidth=3200;riverMarkerSamples=200;riverMarkerX=248502;riverMarkerY=400600;total=200;
automaticEdgeStats	T502|T509	bridge=1;bridgePixels=[imageHeight=4000;imageWidth=3200;x=1687;y=2033;];river=129;riverMarkerImageHeight=4000;riverMarkerImageWidth=3200;riverMarkerSamples=129;riverMarkerX=219131;riverMarkerY=261882;total=132;
automaticEdgeStats	T502|T655	bridge=0;bridgePixels=[];river=1;riverMarkerImageHeight=4000;riverMarkerImageWidth=3200;riverMarkerSamples=1;riverMarkerX=1656;riverMarkerY=2050;total=55;
automaticEdgeStats	T503|T511	bridge=0;bridgePixels=[];river=44;riverMarkerImageHeight=4000;riverMarkerImageWidth=3200;riverMarkerSamples=44;riverMarkerX=50751;riverMarkerY=88317;total=44;
automaticEdgeStats	T503|T512	bridge=0;bridgePixels=[];river=3;riverMarkerImageHeight=4000;riverMarkerImageWidth=3200;riverMarkerSamples=3;riverMarkerX=3483;riverMarkerY=6056;total=116;
automaticEdgeStats	T503|T655	bridge=0;bridgePixels=[];river=0;riverMarkerImageHeight=0;riverMarkerImageWidth=0;riverMarkerSamples=0;riverMarkerX=0;riverMarkerY=0;total=222;
automaticEdgeStats	T504|T506	bridge=0;bridgePixels=[];river=0;riverMarkerImageHeight=0;riverMarkerImageWidth=0;riverMarkerSamples=0;riverMarkerX=0;riverMarkerY=0;total=1;
automaticEdgeStats	T506|T508	bridge=0;bridgePixels=[];river=0;riverMarkerImageHeight=0;riverMarkerImageWidth=0;riverMarkerSamples=0;riverMarkerX=0;riverMarkerY=0;total=68;
automaticEdgeStats	T507|T511	bridge=0;bridgePixels=[];river=0;riverMarkerImageHeight=0;riverMarkerImageWidth=0;riverMarkerSamples=0;riverMarkerX=0;riverMarkerY=0;total=291;
automaticEdgeStats	T507|T517	bridge=0;bridgePixels=[];river=177;riverMarkerImageHeight=4000;riverMarkerImageWidth=3200;riverMarkerSamples=177;riverMarkerX=160910;riverMarkerY=372038;total=177;
automaticEdgeStats	T507|T519	bridge=0;bridgePixels=[];river=2;riverMarkerImageHeight=4000;riverMarkerImageWidth=3200;riverMarkerSamples=2;riverMarkerX=1849;riverMarkerY=4300;total=301;
automaticEdgeStats	T507|T525	bridge=0;bridgePixels=[];river=14;riverMarkerImageHeight=4000;riverMarkerImageWidth=3200;riverMarkerSamples=14;riverMarkerX=12880;riverMarkerY=30045;total=14;
automaticEdgeStats	T509|T515	bridge=0;bridgePixels=[];river=0;riverMarkerImageHeight=0;riverMarkerImageWidth=0;riverMarkerSamples=0;riverMarkerX=0;riverMarkerY=0;total=151;
automaticEdgeStats	T509|T516	bridge=0;bridgePixels=[];river=2;riverMarkerImageHeight=4000;riverMarkerImageWidth=3200;riverMarkerSamples=2;riverMarkerX=3236;riverMarkerY=4208;total=219;
automaticEdgeStats	T509|T524	bridge=0;bridgePixels=[];river=0;riverMarkerImageHeight=0;riverMarkerImageWidth=0;riverMarkerSamples=0;riverMarkerX=0;riverMarkerY=0;total=53;
automaticEdgeStats	T509|T655	bridge=0;bridgePixels=[];river=88;riverMarkerImageHeight=4000;riverMarkerImageWidth=3200;riverMarkerSamples=88;riverMarkerX=144247;riverMarkerY=182965;total=88;
automaticEdgeStats	T510|T512	bridge=0;bridgePixels=[];river=5;riverMarkerImageHeight=4000;riverMarkerImageWidth=3200;riverMarkerSamples=5;riverMarkerX=6321;riverMarkerY=10297;total=318;
automaticEdgeStats	T510|T514	bridge=0;bridgePixels=[];river=108;riverMarkerImageHeight=4000;riverMarkerImageWidth=3200;riverMarkerSamples=108;riverMarkerX=151030;riverMarkerY=230936;total=108;
automaticEdgeStats	T510|T655	bridge=0;bridgePixels=[];river=265;riverMarkerImageHeight=4000;riverMarkerImageWidth=3200;riverMarkerSamples=265;riverMarkerX=359793;riverMarkerY=548686;total=265;
automaticEdgeStats	T511|T512	bridge=0;bridgePixels=[];river=0;riverMarkerImageHeight=0;riverMarkerImageWidth=0;riverMarkerSamples=0;riverMarkerX=0;riverMarkerY=0;total=197;
automaticEdgeStats	T511|T519	bridge=0;bridgePixels=[];river=0;riverMarkerImageHeight=0;riverMarkerImageWidth=0;riverMarkerSamples=0;riverMarkerX=0;riverMarkerY=0;total=288;
automaticEdgeStats	T511|T523	bridge=0;bridgePixels=[];river=0;riverMarkerImageHeight=0;riverMarkerImageWidth=0;riverMarkerSamples=0;riverMarkerX=0;riverMarkerY=0;total=164;
automaticEdgeStats	T512|T514	bridge=0;bridgePixels=[];river=1;riverMarkerImageHeight=4000;riverMarkerImageWidth=3200;riverMarkerSamples=1;riverMarkerX=1374;riverMarkerY=2158;total=134;
automaticEdgeStats	T512|T523	bridge=0;bridgePixels=[];river=0;riverMarkerImageHeight=0;riverMarkerImageWidth=0;riverMarkerSamples=0;riverMarkerX=0;riverMarkerY=0;total=254;
automaticEdgeStats	T512|T533	bridge=0;bridgePixels=[];river=0;riverMarkerImageHeight=0;riverMarkerImageWidth=0;riverMarkerSamples=0;riverMarkerX=0;riverMarkerY=0;total=137;
automaticEdgeStats	T512|T655	bridge=0;bridgePixels=[];river=6;riverMarkerImageHeight=4000;riverMarkerImageWidth=3200;riverMarkerSamples=6;riverMarkerX=7120;riverMarkerY=11907;total=34;
automaticEdgeStats	T513|T543	bridge=0;bridgePixels=[];river=134;riverMarkerImageHeight=4000;riverMarkerImageWidth=3200;riverMarkerSamples=134;riverMarkerX=102152;riverMarkerY=305214;total=134;
automaticEdgeStats	T514|T516	bridge=0;bridgePixels=[];river=6;riverMarkerImageHeight=4000;riverMarkerImageWidth=3200;riverMarkerSamples=6;riverMarkerX=9353;riverMarkerY=13080;total=151;
automaticEdgeStats	T514|T518	bridge=0;bridgePixels=[];river=3;riverMarkerImageHeight=4000;riverMarkerImageWidth=3200;riverMarkerSamples=3;riverMarkerX=4559;riverMarkerY=6585;total=281;
automaticEdgeStats	T514|T534	bridge=0;bridgePixels=[];river=0;riverMarkerImageHeight=0;riverMarkerImageWidth=0;riverMarkerSamples=0;riverMarkerX=0;riverMarkerY=0;total=84;
automaticEdgeStats	T514|T535	bridge=0;bridgePixels=[];river=74;riverMarkerImageHeight=4000;riverMarkerImageWidth=3200;riverMarkerSamples=74;riverMarkerX=113939;riverMarkerY=163164;total=74;
automaticEdgeStats	T514|T655	bridge=0;bridgePixels=[];river=268;riverMarkerImageHeight=4000;riverMarkerImageWidth=3200;riverMarkerSamples=268;riverMarkerX=401046;riverMarkerY=570849;total=268;
automaticEdgeStats	T515|T516	bridge=0;bridgePixels=[];river=0;riverMarkerImageHeight=0;riverMarkerImageWidth=0;riverMarkerSamples=0;riverMarkerX=0;riverMarkerY=0;total=154;
automaticEdgeStats	T515|T524	bridge=0;bridgePixels=[];river=0;riverMarkerImageHeight=0;riverMarkerImageWidth=0;riverMarkerSamples=0;riverMarkerX=0;riverMarkerY=0;total=190;
automaticEdgeStats	T516|T524	bridge=0;bridgePixels=[];river=2;riverMarkerImageHeight=4000;riverMarkerImageWidth=3200;riverMarkerSamples=2;riverMarkerX=3353;riverMarkerY=4496;total=117;
automaticEdgeStats	T516|T535	bridge=0;bridgePixels=[];river=208;riverMarkerImageHeight=4000;riverMarkerImageWidth=3200;riverMarkerSamples=208;riverMarkerX=335815;riverMarkerY=462750;total=208;
automaticEdgeStats	T516|T655	bridge=0;bridgePixels=[];river=95;riverMarkerImageHeight=4000;riverMarkerImageWidth=3200;riverMarkerSamples=95;riverMarkerX=150949;riverMarkerY=200983;total=95;
automaticEdgeStats	T517|T525	bridge=0;bridgePixels=[];river=365;riverMarkerImageHeight=4000;riverMarkerImageWidth=3200;riverMarkerSamples=365;riverMarkerX=330603;riverMarkerY=809295;total=365;
automaticEdgeStats	T517|T538	bridge=0;bridgePixels=[];river=4;riverMarkerImageHeight=4000;riverMarkerImageWidth=3200;riverMarkerSamples=4;riverMarkerX=3675;riverMarkerY=9202;total=144;
automaticEdgeStats	T518|T534	bridge=0;bridgePixels=[];river=0;riverMarkerImageHeight=0;riverMarkerImageWidth=0;riverMarkerSamples=0;riverMarkerX=0;riverMarkerY=0;total=231;
automaticEdgeStats	T518|T535	bridge=0;bridgePixels=[];river=7;riverMarkerImageHeight=4000;riverMarkerImageWidth=3200;riverMarkerSamples=7;riverMarkerX=10630;riverMarkerY=15384;total=49;
automaticEdgeStats	T519|T523	bridge=0;bridgePixels=[];river=0;riverMarkerImageHeight=0;riverMarkerImageWidth=0;riverMarkerSamples=0;riverMarkerX=0;riverMarkerY=0;total=127;
automaticEdgeStats	T519|T525	bridge=0;bridgePixels=[];river=106;riverMarkerImageHeight=4000;riverMarkerImageWidth=3200;riverMarkerSamples=106;riverMarkerX=99051;riverMarkerY=230730;total=106;
automaticEdgeStats	T519|T536	bridge=0;bridgePixels=[];river=357;riverMarkerImageHeight=4000;riverMarkerImageWidth=3200;riverMarkerSamples=357;riverMarkerX=378157;riverMarkerY=797320;total=357;
automaticEdgeStats	T523|T533	bridge=0;bridgePixels=[];river=0;riverMarkerImageHeight=0;riverMarkerImageWidth=0;riverMarkerSamples=0;riverMarkerX=0;riverMarkerY=0;total=104;
automaticEdgeStats	T523|T536	bridge=0;bridgePixels=[];river=199;riverMarkerImageHeight=4000;riverMarkerImageWidth=3200;riverMarkerSamples=199;riverMarkerX=237525;riverMarkerY=453200;total=199;
automaticEdgeStats	T523|T540	bridge=0;bridgePixels=[];river=0;riverMarkerImageHeight=0;riverMarkerImageWidth=0;riverMarkerSamples=0;riverMarkerX=0;riverMarkerY=0;total=146;
automaticEdgeStats	T524|T537	bridge=0;bridgePixels=[];river=558;riverMarkerImageHeight=4000;riverMarkerImageWidth=3200;riverMarkerSamples=558;riverMarkerX=990661;riverMarkerY=1260767;total=558;
automaticEdgeStats	T525|T536	bridge=0;bridgePixels=[];river=1;riverMarkerImageHeight=4000;riverMarkerImageWidth=3200;riverMarkerSamples=1;riverMarkerX=962;riverMarkerY=2206;total=150;
automaticEdgeStats	T525|T538	bridge=0;bridgePixels=[];river=5;riverMarkerImageHeight=4000;riverMarkerImageWidth=3200;riverMarkerSamples=5;riverMarkerX=4608;riverMarkerY=11504;total=190;
automaticEdgeStats	T533|T534	bridge=0;bridgePixels=[];river=0;riverMarkerImageHeight=0;riverMarkerImageWidth=0;riverMarkerSamples=0;riverMarkerX=0;riverMarkerY=0;total=297;
automaticEdgeStats	T533|T540	bridge=0;bridgePixels=[];river=0;riverMarkerImageHeight=0;riverMarkerImageWidth=0;riverMarkerSamples=0;riverMarkerX=0;riverMarkerY=0;total=201;
automaticEdgeStats	T534|T535	bridge=0;bridgePixels=[];river=0;riverMarkerImageHeight=0;riverMarkerImageWidth=0;riverMarkerSamples=0;riverMarkerX=0;riverMarkerY=0;total=208;
automaticEdgeStats	T534|T540	bridge=0;bridgePixels=[];river=0;riverMarkerImageHeight=0;riverMarkerImageWidth=0;riverMarkerSamples=0;riverMarkerX=0;riverMarkerY=0;total=165;
automaticEdgeStats	T534|T541	bridge=0;bridgePixels=[];river=0;riverMarkerImageHeight=0;riverMarkerImageWidth=0;riverMarkerSamples=0;riverMarkerX=0;riverMarkerY=0;total=97;
automaticEdgeStats	T535|T537	bridge=0;bridgePixels=[];river=0;riverMarkerImageHeight=0;riverMarkerImageWidth=0;riverMarkerSamples=0;riverMarkerX=0;riverMarkerY=0;total=142;
automaticEdgeStats	T535|T541	bridge=0;bridgePixels=[];river=0;riverMarkerImageHeight=0;riverMarkerImageWidth=0;riverMarkerSamples=0;riverMarkerX=0;riverMarkerY=0;total=202;
automaticEdgeStats	T535|T544	bridge=0;bridgePixels=[];river=0;riverMarkerImageHeight=0;riverMarkerImageWidth=0;riverMarkerSamples=0;riverMarkerX=0;riverMarkerY=0;total=162;
automaticEdgeStats	T536|T538	bridge=0;bridgePixels=[];river=0;riverMarkerImageHeight=0;riverMarkerImageWidth=0;riverMarkerSamples=0;riverMarkerX=0;riverMarkerY=0;total=132;
automaticEdgeStats	T536|T540	bridge=0;bridgePixels=[];river=16;riverMarkerImageHeight=4000;riverMarkerImageWidth=3200;riverMarkerSamples=16;riverMarkerX=19950;riverMarkerY=36883;total=16;
automaticEdgeStats	T536|T547	bridge=0;bridgePixels=[];river=0;riverMarkerImageHeight=0;riverMarkerImageWidth=0;riverMarkerSamples=0;riverMarkerX=0;riverMarkerY=0;total=240;
automaticEdgeStats	T536|T552	bridge=0;bridgePixels=[];river=3;riverMarkerImageHeight=4000;riverMarkerImageWidth=3200;riverMarkerSamples=3;riverMarkerX=3757;riverMarkerY=6940;total=217;
automaticEdgeStats	T536|T553	bridge=0;bridgePixels=[];river=0;riverMarkerImageHeight=0;riverMarkerImageWidth=0;riverMarkerSamples=0;riverMarkerX=0;riverMarkerY=0;total=111;
automaticEdgeStats	T537|T544	bridge=0;bridgePixels=[];river=0;riverMarkerImageHeight=0;riverMarkerImageWidth=0;riverMarkerSamples=0;riverMarkerX=0;riverMarkerY=0;total=205;
automaticEdgeStats	T537|T548	bridge=0;bridgePixels=[];river=1;riverMarkerImageHeight=4000;riverMarkerImageWidth=3200;riverMarkerSamples=1;riverMarkerX=1870;riverMarkerY=2405;total=267;
automaticEdgeStats	T537|T549	bridge=0;bridgePixels=[];river=92;riverMarkerImageHeight=4000;riverMarkerImageWidth=3200;riverMarkerSamples=92;riverMarkerX=174241;riverMarkerY=219878;total=92;
automaticEdgeStats	T538|T547	bridge=0;bridgePixels=[];river=6;riverMarkerImageHeight=4000;riverMarkerImageWidth=3200;riverMarkerSamples=6;riverMarkerX=5498;riverMarkerY=14081;total=379;
automaticEdgeStats	T540|T541	bridge=0;bridgePixels=[];river=0;riverMarkerImageHeight=0;riverMarkerImageWidth=0;riverMarkerSamples=0;riverMarkerX=0;riverMarkerY=0;total=219;
automaticEdgeStats	T540|T550	bridge=0;bridgePixels=[];river=4;riverMarkerImageHeight=4000;riverMarkerImageWidth=3200;riverMarkerSamples=4;riverMarkerX=5370;riverMarkerY=9782;total=269;
automaticEdgeStats	T540|T552	bridge=0;bridgePixels=[];river=279;riverMarkerImageHeight=4000;riverMarkerImageWidth=3200;riverMarkerSamples=279;riverMarkerX=361769;riverMarkerY=665341;total=279;
automaticEdgeStats	T541|T544	bridge=0;bridgePixels=[];river=1;riverMarkerImageHeight=4000;riverMarkerImageWidth=3200;riverMarkerSamples=1;riverMarkerX=1624;riverMarkerY=2445;total=208;
automaticEdgeStats	T541|T550	bridge=0;bridgePixels=[];river=2;riverMarkerImageHeight=4000;riverMarkerImageWidth=3200;riverMarkerSamples=2;riverMarkerX=3240;riverMarkerY=4895;total=355;
automaticEdgeStats	T541|T557	bridge=0;bridgePixels=[];river=3;riverMarkerImageHeight=4000;riverMarkerImageWidth=3200;riverMarkerSamples=3;riverMarkerX=4869;riverMarkerY=7340;total=3;
automaticEdgeStats	T542|T543	bridge=0;bridgePixels=[];river=0;riverMarkerImageHeight=0;riverMarkerImageWidth=0;riverMarkerSamples=0;riverMarkerX=0;riverMarkerY=0;total=7;
automaticEdgeStats	T542|T547	bridge=0;bridgePixels=[];river=0;riverMarkerImageHeight=0;riverMarkerImageWidth=0;riverMarkerSamples=0;riverMarkerX=0;riverMarkerY=0;total=1;
automaticEdgeStats	T543|T558	bridge=0;bridgePixels=[];river=126;riverMarkerImageHeight=4000;riverMarkerImageWidth=3200;riverMarkerSamples=126;riverMarkerX=108871;riverMarkerY=313873;total=126;
automaticEdgeStats	T544|T548	bridge=0;bridgePixels=[];river=3;riverMarkerImageHeight=4000;riverMarkerImageWidth=3200;riverMarkerSamples=3;riverMarkerX=5113;riverMarkerY=7327;total=63;
automaticEdgeStats	T544|T557	bridge=0;bridgePixels=[];river=145;riverMarkerImageHeight=4000;riverMarkerImageWidth=3200;riverMarkerSamples=145;riverMarkerX=240703;riverMarkerY=353476;total=145;
automaticEdgeStats	T547|T553	bridge=0;bridgePixels=[];river=0;riverMarkerImageHeight=0;riverMarkerImageWidth=0;riverMarkerSamples=0;riverMarkerX=0;riverMarkerY=0;total=388;
automaticEdgeStats	T548|T551	bridge=0;bridgePixels=[];river=114;riverMarkerImageHeight=4000;riverMarkerImageWidth=3200;riverMarkerSamples=114;riverMarkerX=208795;riverMarkerY=277369;total=114;
automaticEdgeStats	T548|T557	bridge=0;bridgePixels=[];river=59;riverMarkerImageHeight=4000;riverMarkerImageWidth=3200;riverMarkerSamples=59;riverMarkerX=101506;riverMarkerY=144853;total=59;
automaticEdgeStats	T549|T551	bridge=0;bridgePixels=[];river=7;riverMarkerImageHeight=4000;riverMarkerImageWidth=3200;riverMarkerSamples=7;riverMarkerX=12978;riverMarkerY=17483;total=190;
automaticEdgeStats	T549|T564	bridge=0;bridgePixels=[];river=20;riverMarkerImageHeight=4000;riverMarkerImageWidth=3200;riverMarkerSamples=20;riverMarkerX=37011;riverMarkerY=50872;total=20;
automaticEdgeStats	T549|T567	bridge=0;bridgePixels=[];river=47;riverMarkerImageHeight=4000;riverMarkerImageWidth=3200;riverMarkerSamples=47;riverMarkerX=87346;riverMarkerY=119382;total=171;
automaticEdgeStats	T550|T552	bridge=0;bridgePixels=[];river=84;riverMarkerImageHeight=4000;riverMarkerImageWidth=3200;riverMarkerSamples=84;riverMarkerX=113948;riverMarkerY=207639;total=84;
automaticEdgeStats	T550|T556	bridge=0;bridgePixels=[];river=4;riverMarkerImageHeight=4000;riverMarkerImageWidth=3200;riverMarkerSamples=4;riverMarkerX=5483;riverMarkerY=9974;total=121;
automaticEdgeStats	T550|T557	bridge=0;bridgePixels=[];river=129;riverMarkerImageHeight=4000;riverMarkerImageWidth=3200;riverMarkerSamples=129;riverMarkerX=205123;riverMarkerY=319814;total=129;
automaticEdgeStats	T551|T561	bridge=0;bridgePixels=[];river=1;riverMarkerImageHeight=4000;riverMarkerImageWidth=3200;riverMarkerSamples=1;riverMarkerX=1789;riverMarkerY=2523;total=49;
automaticEdgeStats	T551|T564	bridge=0;bridgePixels=[];river=3;riverMarkerImageHeight=4000;riverMarkerImageWidth=3200;riverMarkerSamples=3;riverMarkerX=5538;riverMarkerY=7602;total=15;
automaticEdgeStats	T551|T569	bridge=0;bridgePixels=[];river=0;riverMarkerImageHeight=0;riverMarkerImageWidth=0;riverMarkerSamples=0;riverMarkerX=0;riverMarkerY=0;total=35;
automaticEdgeStats	T551|T573	bridge=0;bridgePixels=[];river=0;riverMarkerImageHeight=0;riverMarkerImageWidth=0;riverMarkerSamples=0;riverMarkerX=0;riverMarkerY=0;total=7;
automaticEdgeStats	T552|T553	bridge=0;bridgePixels=[];river=0;riverMarkerImageHeight=0;riverMarkerImageWidth=0;riverMarkerSamples=0;riverMarkerX=0;riverMarkerY=0;total=441;
automaticEdgeStats	T552|T556	bridge=0;bridgePixels=[];river=166;riverMarkerImageHeight=4000;riverMarkerImageWidth=3200;riverMarkerSamples=166;riverMarkerX=226038;riverMarkerY=418949;total=166;
automaticEdgeStats	T552|T563	bridge=0;bridgePixels=[];river=3;riverMarkerImageHeight=4000;riverMarkerImageWidth=3200;riverMarkerSamples=3;riverMarkerX=3485;riverMarkerY=7810;total=115;
automaticEdgeStats	T552|T566	bridge=0;bridgePixels=[];river=91;riverMarkerImageHeight=4000;riverMarkerImageWidth=3200;riverMarkerSamples=91;riverMarkerX=123678;riverMarkerY=232938;total=91;
automaticEdgeStats	T552|T568	bridge=0;bridgePixels=[];river=325;riverMarkerImageHeight=4000;riverMarkerImageWidth=3200;riverMarkerSamples=325;riverMarkerX=405157;riverMarkerY=839972;total=325;
automaticEdgeStats	T554|T557	bridge=0;bridgePixels=[];river=3;riverMarkerImageHeight=4000;riverMarkerImageWidth=3200;riverMarkerSamples=3;riverMarkerX=5199;riverMarkerY=7424;total=427;
automaticEdgeStats	T554|T559	bridge=0;bridgePixels=[];river=0;riverMarkerImageHeight=0;riverMarkerImageWidth=0;riverMarkerSamples=0;riverMarkerX=0;riverMarkerY=0;total=2;
automaticEdgeStats	T554|T561	bridge=0;bridgePixels=[];river=0;riverMarkerImageHeight=0;riverMarkerImageWidth=0;riverMarkerSamples=0;riverMarkerX=0;riverMarkerY=0;total=215;
automaticEdgeStats	T555|T558	bridge=0;bridgePixels=[];river=0;riverMarkerImageHeight=0;riverMarkerImageWidth=0;riverMarkerSamples=0;riverMarkerX=0;riverMarkerY=0;total=2;
automaticEdgeStats	T556|T557	bridge=0;bridgePixels=[];river=145;riverMarkerImageHeight=4000;riverMarkerImageWidth=3200;riverMarkerSamples=145;riverMarkerX=226822;riverMarkerY=369573;total=145;
automaticEdgeStats	T556|T565	bridge=0;bridgePixels=[];river=24;riverMarkerImageHeight=4000;riverMarkerImageWidth=3200;riverMarkerSamples=24;riverMarkerX=36797;riverMarkerY=61877;total=24;
automaticEdgeStats	T556|T566	bridge=0;bridgePixels=[];river=263;riverMarkerImageHeight=4000;riverMarkerImageWidth=3200;riverMarkerSamples=263;riverMarkerX=380814;riverMarkerY=671502;total=263;
automaticEdgeStats	T557|T559	bridge=0;bridgePixels=[];river=0;riverMarkerImageHeight=0;riverMarkerImageWidth=0;riverMarkerSamples=0;riverMarkerX=0;riverMarkerY=0;total=2;
automaticEdgeStats	T557|T561	bridge=0;bridgePixels=[];river=0;riverMarkerImageHeight=0;riverMarkerImageWidth=0;riverMarkerSamples=0;riverMarkerX=0;riverMarkerY=0;total=24;
automaticEdgeStats	T557|T565	bridge=0;bridgePixels=[];river=116;riverMarkerImageHeight=4000;riverMarkerImageWidth=3200;riverMarkerSamples=116;riverMarkerX=183479;riverMarkerY=303484;total=116;
automaticEdgeStats	T557|T575	bridge=0;bridgePixels=[];river=0;riverMarkerImageHeight=0;riverMarkerImageWidth=0;riverMarkerSamples=0;riverMarkerX=0;riverMarkerY=0;total=140;
automaticEdgeStats	T558|T560	bridge=0;bridgePixels=[];river=4;riverMarkerImageHeight=4000;riverMarkerImageWidth=3200;riverMarkerSamples=4;riverMarkerX=3766;riverMarkerY=10395;total=179;
automaticEdgeStats	T558|T581	bridge=0;bridgePixels=[];river=74;riverMarkerImageHeight=4000;riverMarkerImageWidth=3200;riverMarkerSamples=74;riverMarkerX=68079;riverMarkerY=193356;total=74;
automaticEdgeStats	T560|T562	bridge=0;bridgePixels=[];river=0;riverMarkerImageHeight=0;riverMarkerImageWidth=0;riverMarkerSamples=0;riverMarkerX=0;riverMarkerY=0;total=6;
automaticEdgeStats	T560|T581	bridge=0;bridgePixels=[];river=120;riverMarkerImageHeight=4000;riverMarkerImageWidth=3200;riverMarkerSamples=120;riverMarkerX=116876;riverMarkerY=312373;total=120;
automaticEdgeStats	T561|T569	bridge=0;bridgePixels=[];river=0;riverMarkerImageHeight=0;riverMarkerImageWidth=0;riverMarkerSamples=0;riverMarkerX=0;riverMarkerY=0;total=238;
automaticEdgeStats	T561|T575	bridge=0;bridgePixels=[];river=0;riverMarkerImageHeight=0;riverMarkerImageWidth=0;riverMarkerSamples=0;riverMarkerX=0;riverMarkerY=0;total=87;
automaticEdgeStats	T563|T568	bridge=0;bridgePixels=[];river=10;riverMarkerImageHeight=4000;riverMarkerImageWidth=3200;riverMarkerSamples=10;riverMarkerX=11636;riverMarkerY=26062;total=145;
automaticEdgeStats	T564|T567	bridge=0;bridgePixels=[];river=195;riverMarkerImageHeight=4000;riverMarkerImageWidth=3200;riverMarkerSamples=195;riverMarkerX=368248;riverMarkerY=507674;total=195;
automaticEdgeStats	T564|T573	bridge=0;bridgePixels=[];river=0;riverMarkerImageHeight=0;riverMarkerImageWidth=0;riverMarkerSamples=0;riverMarkerX=0;riverMarkerY=0;total=216;
automaticEdgeStats	T565|T566	bridge=0;bridgePixels=[];river=0;riverMarkerImageHeight=0;riverMarkerImageWidth=0;riverMarkerSamples=0;riverMarkerX=0;riverMarkerY=0;total=185;
automaticEdgeStats	T565|T576	bridge=0;bridgePixels=[];river=3;riverMarkerImageHeight=4000;riverMarkerImageWidth=3200;riverMarkerSamples=3;riverMarkerX=4825;riverMarkerY=7954;total=85;
automaticEdgeStats	T566|T568	bridge=0;bridgePixels=[];river=3;riverMarkerImageHeight=4000;riverMarkerImageWidth=3200;riverMarkerSamples=3;riverMarkerX=4016;riverMarkerY=7750;total=130;
automaticEdgeStats	T566|T576	bridge=0;bridgePixels=[];river=0;riverMarkerImageHeight=0;riverMarkerImageWidth=0;riverMarkerSamples=0;riverMarkerX=0;riverMarkerY=0;total=28;
automaticEdgeStats	T566|T580	bridge=0;bridgePixels=[];river=0;riverMarkerImageHeight=0;riverMarkerImageWidth=0;riverMarkerSamples=0;riverMarkerX=0;riverMarkerY=0;total=115;
automaticEdgeStats	T566|T582	bridge=0;bridgePixels=[];river=0;riverMarkerImageHeight=0;riverMarkerImageWidth=0;riverMarkerSamples=0;riverMarkerX=0;riverMarkerY=0;total=156;
automaticEdgeStats	T566|T583	bridge=0;bridgePixels=[];river=0;riverMarkerImageHeight=0;riverMarkerImageWidth=0;riverMarkerSamples=0;riverMarkerX=0;riverMarkerY=0;total=260;
automaticEdgeStats	T567|T570	bridge=0;bridgePixels=[];river=1;riverMarkerImageHeight=4000;riverMarkerImageWidth=3200;riverMarkerSamples=1;riverMarkerX=1902;riverMarkerY=2665;total=2;
automaticEdgeStats	T567|T587	bridge=0;bridgePixels=[];river=0;riverMarkerImageHeight=0;riverMarkerImageWidth=0;riverMarkerSamples=0;riverMarkerX=0;riverMarkerY=0;total=8;
automaticEdgeStats	T568|T577	bridge=0;bridgePixels=[];river=0;riverMarkerImageHeight=0;riverMarkerImageWidth=0;riverMarkerSamples=0;riverMarkerX=0;riverMarkerY=0;total=55;
automaticEdgeStats	T568|T579	bridge=0;bridgePixels=[];river=0;riverMarkerImageHeight=0;riverMarkerImageWidth=0;riverMarkerSamples=0;riverMarkerX=0;riverMarkerY=0;total=181;
automaticEdgeStats	T568|T580	bridge=0;bridgePixels=[];river=0;riverMarkerImageHeight=0;riverMarkerImageWidth=0;riverMarkerSamples=0;riverMarkerX=0;riverMarkerY=0;total=81;
automaticEdgeStats	T569|T573	bridge=0;bridgePixels=[];river=0;riverMarkerImageHeight=0;riverMarkerImageWidth=0;riverMarkerSamples=0;riverMarkerX=0;riverMarkerY=0;total=510;
automaticEdgeStats	T569|T575	bridge=0;bridgePixels=[];river=0;riverMarkerImageHeight=0;riverMarkerImageWidth=0;riverMarkerSamples=0;riverMarkerX=0;riverMarkerY=0;total=218;
automaticEdgeStats	T572|T573	bridge=0;bridgePixels=[];river=0;riverMarkerImageHeight=0;riverMarkerImageWidth=0;riverMarkerSamples=0;riverMarkerX=0;riverMarkerY=0;total=2;
automaticEdgeStats	T573|T575	bridge=0;bridgePixels=[];river=0;riverMarkerImageHeight=0;riverMarkerImageWidth=0;riverMarkerSamples=0;riverMarkerX=0;riverMarkerY=0;total=8;
automaticEdgeStats	T573|T589	bridge=0;bridgePixels=[];river=0;riverMarkerImageHeight=0;riverMarkerImageWidth=0;riverMarkerSamples=0;riverMarkerX=0;riverMarkerY=0;total=120;
automaticEdgeStats	T574|T577	bridge=1;bridgePixels=[imageHeight=4000;imageWidth=3200;x=1079;y=2672;];river=60;riverMarkerImageHeight=4000;riverMarkerImageWidth=3200;riverMarkerSamples=60;riverMarkerX=64898;riverMarkerY=160144;total=64;
automaticEdgeStats	T574|T578	bridge=0;bridgePixels=[];river=5;riverMarkerImageHeight=4000;riverMarkerImageWidth=3200;riverMarkerSamples=5;riverMarkerX=5442;riverMarkerY=13444;total=153;
automaticEdgeStats	T574|T581	bridge=0;bridgePixels=[];river=0;riverMarkerImageHeight=0;riverMarkerImageWidth=0;riverMarkerSamples=0;riverMarkerX=0;riverMarkerY=0;total=196;
automaticEdgeStats	T574|T586	bridge=0;bridgePixels=[];river=0;riverMarkerImageHeight=0;riverMarkerImageWidth=0;riverMarkerSamples=0;riverMarkerX=0;riverMarkerY=0;total=49;
automaticEdgeStats	T575|T576	bridge=1;bridgePixels=[imageHeight=4000;imageWidth=3200;x=1621;y=2675;];river=55;riverMarkerImageHeight=4000;riverMarkerImageWidth=3200;riverMarkerSamples=55;riverMarkerX=89026;riverMarkerY=146796;total=64;
automaticEdgeStats	T575|T589	bridge=0;bridgePixels=[];river=8;riverMarkerImageHeight=4000;riverMarkerImageWidth=3200;riverMarkerSamples=8;riverMarkerX=13044;riverMarkerY=21517;total=406;
automaticEdgeStats	T576|T583	bridge=0;bridgePixels=[];river=0;riverMarkerImageHeight=0;riverMarkerImageWidth=0;riverMarkerSamples=0;riverMarkerX=0;riverMarkerY=0;total=190;
automaticEdgeStats	T576|T589	bridge=0;bridgePixels=[];river=1;riverMarkerImageHeight=4000;riverMarkerImageWidth=3200;riverMarkerSamples=1;riverMarkerX=1627;riverMarkerY=2691;total=23;
automaticEdgeStats	T577|T578	bridge=0;bridgePixels=[];river=8;riverMarkerImageHeight=4000;riverMarkerImageWidth=3200;riverMarkerSamples=8;riverMarkerX=8890;riverMarkerY=21677;total=115;
automaticEdgeStats	T577|T585	bridge=0;bridgePixels=[];river=27;riverMarkerImageHeight=4000;riverMarkerImageWidth=3200;riverMarkerSamples=27;riverMarkerX=31579;riverMarkerY=73440;total=79;
automaticEdgeStats	T577|T590	bridge=0;bridgePixels=[];river=0;riverMarkerImageHeight=0;riverMarkerImageWidth=0;riverMarkerSamples=0;riverMarkerX=0;riverMarkerY=0;total=37;
automaticEdgeStats	T578|T586	bridge=0;bridgePixels=[];river=0;riverMarkerImageHeight=0;riverMarkerImageWidth=0;riverMarkerSamples=0;riverMarkerX=0;riverMarkerY=0;total=48;
automaticEdgeStats	T578|T590	bridge=0;bridgePixels=[];river=3;riverMarkerImageHeight=4000;riverMarkerImageWidth=3200;riverMarkerSamples=3;riverMarkerX=3255;riverMarkerY=8323;total=100;
automaticEdgeStats	T579|T580	bridge=0;bridgePixels=[];river=0;riverMarkerImageHeight=0;riverMarkerImageWidth=0;riverMarkerSamples=0;riverMarkerX=0;riverMarkerY=0;total=431;
automaticEdgeStats	T579|T585	bridge=0;bridgePixels=[];river=0;riverMarkerImageHeight=0;riverMarkerImageWidth=0;riverMarkerSamples=0;riverMarkerX=0;riverMarkerY=0;total=46;
automaticEdgeStats	T580|T582	bridge=0;bridgePixels=[];river=0;riverMarkerImageHeight=0;riverMarkerImageWidth=0;riverMarkerSamples=0;riverMarkerX=0;riverMarkerY=0;total=225;
automaticEdgeStats	T580|T585	bridge=0;bridgePixels=[];river=0;riverMarkerImageHeight=0;riverMarkerImageWidth=0;riverMarkerSamples=0;riverMarkerX=0;riverMarkerY=0;total=27;
automaticEdgeStats	T580|T591	bridge=0;bridgePixels=[];river=0;riverMarkerImageHeight=0;riverMarkerImageWidth=0;riverMarkerSamples=0;riverMarkerX=0;riverMarkerY=0;total=104;
automaticEdgeStats	T581|T586	bridge=0;bridgePixels=[];river=0;riverMarkerImageHeight=0;riverMarkerImageWidth=0;riverMarkerSamples=0;riverMarkerX=0;riverMarkerY=0;total=276;
automaticEdgeStats	T581|T594	bridge=0;bridgePixels=[];river=0;riverMarkerImageHeight=0;riverMarkerImageWidth=0;riverMarkerSamples=0;riverMarkerX=0;riverMarkerY=0;total=272;
automaticEdgeStats	T582|T583	bridge=0;bridgePixels=[];river=0;riverMarkerImageHeight=0;riverMarkerImageWidth=0;riverMarkerSamples=0;riverMarkerX=0;riverMarkerY=0;total=137;
automaticEdgeStats	T582|T584	bridge=0;bridgePixels=[];river=0;riverMarkerImageHeight=0;riverMarkerImageWidth=0;riverMarkerSamples=0;riverMarkerX=0;riverMarkerY=0;total=178;
automaticEdgeStats	T582|T591	bridge=0;bridgePixels=[];river=0;riverMarkerImageHeight=0;riverMarkerImageWidth=0;riverMarkerSamples=0;riverMarkerX=0;riverMarkerY=0;total=26;
automaticEdgeStats	T583|T584	bridge=0;bridgePixels=[];river=0;riverMarkerImageHeight=0;riverMarkerImageWidth=0;riverMarkerSamples=0;riverMarkerX=0;riverMarkerY=0;total=140;
automaticEdgeStats	T583|T588	bridge=0;bridgePixels=[];river=0;riverMarkerImageHeight=0;riverMarkerImageWidth=0;riverMarkerSamples=0;riverMarkerX=0;riverMarkerY=0;total=64;
automaticEdgeStats	T583|T589	bridge=0;bridgePixels=[];river=0;riverMarkerImageHeight=0;riverMarkerImageWidth=0;riverMarkerSamples=0;riverMarkerX=0;riverMarkerY=0;total=314;
automaticEdgeStats	T584|T588	bridge=0;bridgePixels=[];river=0;riverMarkerImageHeight=0;riverMarkerImageWidth=0;riverMarkerSamples=0;riverMarkerX=0;riverMarkerY=0;total=19;
automaticEdgeStats	T585|T590	bridge=0;bridgePixels=[];river=0;riverMarkerImageHeight=0;riverMarkerImageWidth=0;riverMarkerSamples=0;riverMarkerX=0;riverMarkerY=0;total=111;
automaticEdgeStats	T585|T591	bridge=0;bridgePixels=[];river=0;riverMarkerImageHeight=0;riverMarkerImageWidth=0;riverMarkerSamples=0;riverMarkerX=0;riverMarkerY=0;total=201;
automaticEdgeStats	T585|T592	bridge=0;bridgePixels=[];river=0;riverMarkerImageHeight=0;riverMarkerImageWidth=0;riverMarkerSamples=0;riverMarkerX=0;riverMarkerY=0;total=202;
automaticEdgeStats	T586|T590	bridge=0;bridgePixels=[];river=198;riverMarkerImageHeight=4000;riverMarkerImageWidth=3200;riverMarkerSamples=198;riverMarkerX=207680;riverMarkerY=558646;total=198;
automaticEdgeStats	T586|T594	bridge=0;bridgePixels=[];river=0;riverMarkerImageHeight=0;riverMarkerImageWidth=0;riverMarkerSamples=0;riverMarkerX=0;riverMarkerY=0;total=146;
automaticEdgeStats	T588|T589	bridge=0;bridgePixels=[];river=1;riverMarkerImageHeight=4000;riverMarkerImageWidth=3200;riverMarkerSamples=1;riverMarkerX=1592;riverMarkerY=2865;total=31;
automaticEdgeStats	T588|T591	bridge=0;bridgePixels=[];river=0;riverMarkerImageHeight=0;riverMarkerImageWidth=0;riverMarkerSamples=0;riverMarkerX=0;riverMarkerY=0;total=58;
automaticEdgeStats	T588|T593	bridge=0;bridgePixels=[];river=65;riverMarkerImageHeight=4000;riverMarkerImageWidth=3200;riverMarkerSamples=65;riverMarkerX=102235;riverMarkerY=186485;total=260;
automaticEdgeStats	T589|T593	bridge=0;bridgePixels=[];river=7;riverMarkerImageHeight=4000;riverMarkerImageWidth=3200;riverMarkerSamples=7;riverMarkerX=11192;riverMarkerY=20334;total=231;
automaticEdgeStats	T589|T604	bridge=0;bridgePixels=[];river=5;riverMarkerImageHeight=4000;riverMarkerImageWidth=3200;riverMarkerSamples=5;riverMarkerX=8045;riverMarkerY=14973;total=359;
automaticEdgeStats	T590|T592	bridge=0;bridgePixels=[];river=0;riverMarkerImageHeight=0;riverMarkerImageWidth=0;riverMarkerSamples=0;riverMarkerX=0;riverMarkerY=0;total=73;
automaticEdgeStats	T590|T594	bridge=0;bridgePixels=[];river=171;riverMarkerImageHeight=4000;riverMarkerImageWidth=3200;riverMarkerSamples=171;riverMarkerX=170190;riverMarkerY=496872;total=171;
automaticEdgeStats	T590|T595	bridge=0;bridgePixels=[];river=0;riverMarkerImageHeight=0;riverMarkerImageWidth=0;riverMarkerSamples=0;riverMarkerX=0;riverMarkerY=0;total=223;
automaticEdgeStats	T590|T605	bridge=0;bridgePixels=[];river=4;riverMarkerImageHeight=4000;riverMarkerImageWidth=3200;riverMarkerSamples=4;riverMarkerX=3864;riverMarkerY=11813;total=45;
automaticEdgeStats	T591|T593	bridge=0;bridgePixels=[];river=5;riverMarkerImageHeight=4000;riverMarkerImageWidth=3200;riverMarkerSamples=5;riverMarkerX=7210;riverMarkerY=14522;total=71;
automaticEdgeStats	T591|T596	bridge=0;bridgePixels=[];river=0;riverMarkerImageHeight=0;riverMarkerImageWidth=0;riverMarkerSamples=0;riverMarkerX=0;riverMarkerY=0;total=164;
automaticEdgeStats	T591|T597	bridge=0;bridgePixels=[];river=1;riverMarkerImageHeight=4000;riverMarkerImageWidth=3200;riverMarkerSamples=1;riverMarkerX=1441;riverMarkerY=2906;total=36;
automaticEdgeStats	T591|T598	bridge=0;bridgePixels=[];river=0;riverMarkerImageHeight=0;riverMarkerImageWidth=0;riverMarkerSamples=0;riverMarkerX=0;riverMarkerY=0;total=139;
automaticEdgeStats	T592|T595	bridge=0;bridgePixels=[];river=0;riverMarkerImageHeight=0;riverMarkerImageWidth=0;riverMarkerSamples=0;riverMarkerX=0;riverMarkerY=0;total=476;
automaticEdgeStats	T593|T597	bridge=0;bridgePixels=[];river=435;riverMarkerImageHeight=4000;riverMarkerImageWidth=3200;riverMarkerSamples=435;riverMarkerX=652960;riverMarkerY=1287803;total=437;
automaticEdgeStats	T593|T604	bridge=0;bridgePixels=[];river=43;riverMarkerImageHeight=4000;riverMarkerImageWidth=3200;riverMarkerSamples=43;riverMarkerX=68617;riverMarkerY=129026;total=43;
automaticEdgeStats	T594|T605	bridge=0;bridgePixels=[];river=346;riverMarkerImageHeight=4000;riverMarkerImageWidth=3200;riverMarkerSamples=346;riverMarkerX=308624;riverMarkerY=1035398;total=346;
automaticEdgeStats	T595|T599	bridge=0;bridgePixels=[];river=0;riverMarkerImageHeight=0;riverMarkerImageWidth=0;riverMarkerSamples=0;riverMarkerX=0;riverMarkerY=0;total=266;
automaticEdgeStats	T595|T603	bridge=0;bridgePixels=[];river=0;riverMarkerImageHeight=0;riverMarkerImageWidth=0;riverMarkerSamples=0;riverMarkerX=0;riverMarkerY=0;total=143;
automaticEdgeStats	T595|T605	bridge=0;bridgePixels=[];river=0;riverMarkerImageHeight=0;riverMarkerImageWidth=0;riverMarkerSamples=0;riverMarkerX=0;riverMarkerY=0;total=67;
automaticEdgeStats	T595|T606	bridge=0;bridgePixels=[];river=0;riverMarkerImageHeight=0;riverMarkerImageWidth=0;riverMarkerSamples=0;riverMarkerX=0;riverMarkerY=0;total=74;
automaticEdgeStats	T596|T597	bridge=0;bridgePixels=[];river=0;riverMarkerImageHeight=0;riverMarkerImageWidth=0;riverMarkerSamples=0;riverMarkerX=0;riverMarkerY=0;total=130;
automaticEdgeStats	T596|T598	bridge=0;bridgePixels=[];river=3;riverMarkerImageHeight=4000;riverMarkerImageWidth=3200;riverMarkerSamples=3;riverMarkerX=3858;riverMarkerY=9186;total=204;
automaticEdgeStats	T596|T602	bridge=0;bridgePixels=[];river=1;riverMarkerImageHeight=4000;riverMarkerImageWidth=3200;riverMarkerSamples=1;riverMarkerX=1361;riverMarkerY=3055;total=355;
automaticEdgeStats	T596|T609	bridge=0;bridgePixels=[];river=16;riverMarkerImageHeight=4000;riverMarkerImageWidth=3200;riverMarkerSamples=16;riverMarkerX=21700;riverMarkerY=48928;total=16;
automaticEdgeStats	T596|T610	bridge=0;bridgePixels=[];river=113;riverMarkerImageHeight=4000;riverMarkerImageWidth=3200;riverMarkerSamples=113;riverMarkerX=149391;riverMarkerY=346279;total=113;
automaticEdgeStats	T597|T602	bridge=0;bridgePixels=[];river=1;riverMarkerImageHeight=4000;riverMarkerImageWidth=3200;riverMarkerSamples=1;riverMarkerX=1504;riverMarkerY=3067;total=116;
automaticEdgeStats	T597|T604	bridge=0;bridgePixels=[];river=204;riverMarkerImageHeight=4000;riverMarkerImageWidth=3200;riverMarkerSamples=204;riverMarkerX=316087;riverMarkerY=622910;total=204;
automaticEdgeStats	T597|T607	bridge=0;bridgePixels=[];river=1;riverMarkerImageHeight=4000;riverMarkerImageWidth=3200;riverMarkerSamples=1;riverMarkerX=1506;riverMarkerY=3068;total=1;
automaticEdgeStats	T598|T610	bridge=0;bridgePixels=[];river=2;riverMarkerImageHeight=4000;riverMarkerImageWidth=3200;riverMarkerSamples=2;riverMarkerX=2569;riverMarkerY=6128;total=113;
automaticEdgeStats	T598|T612	bridge=0;bridgePixels=[];river=0;riverMarkerImageHeight=0;riverMarkerImageWidth=0;riverMarkerSamples=0;riverMarkerX=0;riverMarkerY=0;total=40;
automaticEdgeStats	T599|T603	bridge=0;bridgePixels=[];river=0;riverMarkerImageHeight=0;riverMarkerImageWidth=0;riverMarkerSamples=0;riverMarkerX=0;riverMarkerY=0;total=98;
automaticEdgeStats	T599|T605	bridge=0;bridgePixels=[];river=0;riverMarkerImageHeight=0;riverMarkerImageWidth=0;riverMarkerSamples=0;riverMarkerX=0;riverMarkerY=0;total=206;
automaticEdgeStats	T599|T608	bridge=0;bridgePixels=[];river=0;riverMarkerImageHeight=0;riverMarkerImageWidth=0;riverMarkerSamples=0;riverMarkerX=0;riverMarkerY=0;total=319;
automaticEdgeStats	T600|T601	bridge=0;bridgePixels=[];river=0;riverMarkerImageHeight=0;riverMarkerImageWidth=0;riverMarkerSamples=0;riverMarkerX=0;riverMarkerY=0;total=4;
automaticEdgeStats	T600|T604	bridge=0;bridgePixels=[];river=0;riverMarkerImageHeight=0;riverMarkerImageWidth=0;riverMarkerSamples=0;riverMarkerX=0;riverMarkerY=0;total=358;
automaticEdgeStats	T600|T618	bridge=0;bridgePixels=[];river=0;riverMarkerImageHeight=0;riverMarkerImageWidth=0;riverMarkerSamples=0;riverMarkerX=0;riverMarkerY=0;total=35;
automaticEdgeStats	T602|T607	bridge=0;bridgePixels=[];river=154;riverMarkerImageHeight=4000;riverMarkerImageWidth=3200;riverMarkerSamples=154;riverMarkerX=224572;riverMarkerY=474381;total=154;
automaticEdgeStats	T602|T609	bridge=0;bridgePixels=[];river=95;riverMarkerImageHeight=4000;riverMarkerImageWidth=3200;riverMarkerSamples=95;riverMarkerX=132076;riverMarkerY=291568;total=95;
automaticEdgeStats	T603|T606	bridge=0;bridgePixels=[];river=0;riverMarkerImageHeight=0;riverMarkerImageWidth=0;riverMarkerSamples=0;riverMarkerX=0;riverMarkerY=0;total=186;
automaticEdgeStats	T603|T608	bridge=0;bridgePixels=[];river=0;riverMarkerImageHeight=0;riverMarkerImageWidth=0;riverMarkerSamples=0;riverMarkerX=0;riverMarkerY=0;total=36;
automaticEdgeStats	T603|T611	bridge=0;bridgePixels=[];river=0;riverMarkerImageHeight=0;riverMarkerImageWidth=0;riverMarkerSamples=0;riverMarkerX=0;riverMarkerY=0;total=129;
automaticEdgeStats	T604|T607	bridge=0;bridgePixels=[];river=2;riverMarkerImageHeight=4000;riverMarkerImageWidth=3200;riverMarkerSamples=2;riverMarkerX=3014;riverMarkerY=6141;total=81;
automaticEdgeStats	T604|T613	bridge=0;bridgePixels=[];river=0;riverMarkerImageHeight=0;riverMarkerImageWidth=0;riverMarkerSamples=0;riverMarkerX=0;riverMarkerY=0;total=118;
automaticEdgeStats	T604|T618	bridge=0;bridgePixels=[];river=0;riverMarkerImageHeight=0;riverMarkerImageWidth=0;riverMarkerSamples=0;riverMarkerX=0;riverMarkerY=0;total=116;
automaticEdgeStats	T605|T608	bridge=0;bridgePixels=[];river=0;riverMarkerImageHeight=0;riverMarkerImageWidth=0;riverMarkerSamples=0;riverMarkerX=0;riverMarkerY=0;total=124;
automaticEdgeStats	T605|T615	bridge=0;bridgePixels=[];river=0;riverMarkerImageHeight=0;riverMarkerImageWidth=0;riverMarkerSamples=0;riverMarkerX=0;riverMarkerY=0;total=92;
automaticEdgeStats	T606|T611	bridge=0;bridgePixels=[];river=0;riverMarkerImageHeight=0;riverMarkerImageWidth=0;riverMarkerSamples=0;riverMarkerX=0;riverMarkerY=0;total=90;
automaticEdgeStats	T606|T612	bridge=0;bridgePixels=[];river=0;riverMarkerImageHeight=0;riverMarkerImageWidth=0;riverMarkerSamples=0;riverMarkerX=0;riverMarkerY=0;total=192;
automaticEdgeStats	T607|T609	bridge=0;bridgePixels=[];river=3;riverMarkerImageHeight=4000;riverMarkerImageWidth=3200;riverMarkerSamples=3;riverMarkerX=4260;riverMarkerY=9288;total=95;
automaticEdgeStats	T607|T613	bridge=0;bridgePixels=[];river=0;riverMarkerImageHeight=0;riverMarkerImageWidth=0;riverMarkerSamples=0;riverMarkerX=0;riverMarkerY=0;total=248;
automaticEdgeStats	T608|T611	bridge=0;bridgePixels=[];river=0;riverMarkerImageHeight=0;riverMarkerImageWidth=0;riverMarkerSamples=0;riverMarkerX=0;riverMarkerY=0;total=136;
automaticEdgeStats	T608|T614	bridge=0;bridgePixels=[];river=0;riverMarkerImageHeight=0;riverMarkerImageWidth=0;riverMarkerSamples=0;riverMarkerX=0;riverMarkerY=0;total=107;
automaticEdgeStats	T608|T615	bridge=0;bridgePixels=[];river=0;riverMarkerImageHeight=0;riverMarkerImageWidth=0;riverMarkerSamples=0;riverMarkerX=0;riverMarkerY=0;total=84;
automaticEdgeStats	T608|T616	bridge=0;bridgePixels=[];river=0;riverMarkerImageHeight=0;riverMarkerImageWidth=0;riverMarkerSamples=0;riverMarkerX=0;riverMarkerY=0;total=195;
automaticEdgeStats	T609|T610	bridge=0;bridgePixels=[];river=2;riverMarkerImageHeight=4000;riverMarkerImageWidth=3200;riverMarkerSamples=2;riverMarkerX=2703;riverMarkerY=6121;total=272;
automaticEdgeStats	T609|T613	bridge=0;bridgePixels=[];river=0;riverMarkerImageHeight=0;riverMarkerImageWidth=0;riverMarkerSamples=0;riverMarkerX=0;riverMarkerY=0;total=89;
automaticEdgeStats	T609|T617	bridge=0;bridgePixels=[];river=0;riverMarkerImageHeight=0;riverMarkerImageWidth=0;riverMarkerSamples=0;riverMarkerX=0;riverMarkerY=0;total=85;
automaticEdgeStats	T609|T620	bridge=0;bridgePixels=[];river=0;riverMarkerImageHeight=0;riverMarkerImageWidth=0;riverMarkerSamples=0;riverMarkerX=0;riverMarkerY=0;total=45;
automaticEdgeStats	T610|T612	bridge=0;bridgePixels=[];river=0;riverMarkerImageHeight=0;riverMarkerImageWidth=0;riverMarkerSamples=0;riverMarkerX=0;riverMarkerY=0;total=44;
automaticEdgeStats	T610|T617	bridge=0;bridgePixels=[];river=0;riverMarkerImageHeight=0;riverMarkerImageWidth=0;riverMarkerSamples=0;riverMarkerX=0;riverMarkerY=0;total=85;
automaticEdgeStats	T611|T612	bridge=0;bridgePixels=[];river=0;riverMarkerImageHeight=0;riverMarkerImageWidth=0;riverMarkerSamples=0;riverMarkerX=0;riverMarkerY=0;total=134;
automaticEdgeStats	T611|T614	bridge=0;bridgePixels=[];river=0;riverMarkerImageHeight=0;riverMarkerImageWidth=0;riverMarkerSamples=0;riverMarkerX=0;riverMarkerY=0;total=211;
automaticEdgeStats	T611|T621	bridge=0;bridgePixels=[];river=0;riverMarkerImageHeight=0;riverMarkerImageWidth=0;riverMarkerSamples=0;riverMarkerX=0;riverMarkerY=0;total=38;
automaticEdgeStats	T612|T619	bridge=0;bridgePixels=[];river=0;riverMarkerImageHeight=0;riverMarkerImageWidth=0;riverMarkerSamples=0;riverMarkerX=0;riverMarkerY=0;total=74;
automaticEdgeStats	T612|T621	bridge=0;bridgePixels=[];river=0;riverMarkerImageHeight=0;riverMarkerImageWidth=0;riverMarkerSamples=0;riverMarkerX=0;riverMarkerY=0;total=109;
automaticEdgeStats	T612|T623	bridge=0;bridgePixels=[];river=0;riverMarkerImageHeight=0;riverMarkerImageWidth=0;riverMarkerSamples=0;riverMarkerX=0;riverMarkerY=0;total=77;
automaticEdgeStats	T613|T618	bridge=0;bridgePixels=[];river=0;riverMarkerImageHeight=0;riverMarkerImageWidth=0;riverMarkerSamples=0;riverMarkerX=0;riverMarkerY=0;total=125;
automaticEdgeStats	T613|T620	bridge=0;bridgePixels=[];river=0;riverMarkerImageHeight=0;riverMarkerImageWidth=0;riverMarkerSamples=0;riverMarkerX=0;riverMarkerY=0;total=364;
automaticEdgeStats	T614|T616	bridge=0;bridgePixels=[];river=0;riverMarkerImageHeight=0;riverMarkerImageWidth=0;riverMarkerSamples=0;riverMarkerX=0;riverMarkerY=0;total=264;
automaticEdgeStats	T614|T621	bridge=0;bridgePixels=[];river=0;riverMarkerImageHeight=0;riverMarkerImageWidth=0;riverMarkerSamples=0;riverMarkerX=0;riverMarkerY=0;total=312;
automaticEdgeStats	T614|T624	bridge=0;bridgePixels=[];river=0;riverMarkerImageHeight=0;riverMarkerImageWidth=0;riverMarkerSamples=0;riverMarkerX=0;riverMarkerY=0;total=66;
automaticEdgeStats	T615|T616	bridge=0;bridgePixels=[];river=0;riverMarkerImageHeight=0;riverMarkerImageWidth=0;riverMarkerSamples=0;riverMarkerX=0;riverMarkerY=0;total=324;
automaticEdgeStats	T615|T624	bridge=0;bridgePixels=[];river=0;riverMarkerImageHeight=0;riverMarkerImageWidth=0;riverMarkerSamples=0;riverMarkerX=0;riverMarkerY=0;total=59;
automaticEdgeStats	T615|T634	bridge=0;bridgePixels=[];river=0;riverMarkerImageHeight=0;riverMarkerImageWidth=0;riverMarkerSamples=0;riverMarkerX=0;riverMarkerY=0;total=67;
automaticEdgeStats	T616|T624	bridge=0;bridgePixels=[];river=0;riverMarkerImageHeight=0;riverMarkerImageWidth=0;riverMarkerSamples=0;riverMarkerX=0;riverMarkerY=0;total=286;
automaticEdgeStats	T617|T619	bridge=0;bridgePixels=[];river=0;riverMarkerImageHeight=0;riverMarkerImageWidth=0;riverMarkerSamples=0;riverMarkerX=0;riverMarkerY=0;total=93;
automaticEdgeStats	T617|T620	bridge=0;bridgePixels=[];river=0;riverMarkerImageHeight=0;riverMarkerImageWidth=0;riverMarkerSamples=0;riverMarkerX=0;riverMarkerY=0;total=133;
automaticEdgeStats	T617|T622	bridge=0;bridgePixels=[];river=0;riverMarkerImageHeight=0;riverMarkerImageWidth=0;riverMarkerSamples=0;riverMarkerX=0;riverMarkerY=0;total=194;
automaticEdgeStats	T618|T620	bridge=0;bridgePixels=[];river=0;riverMarkerImageHeight=0;riverMarkerImageWidth=0;riverMarkerSamples=0;riverMarkerX=0;riverMarkerY=0;total=169;
automaticEdgeStats	T618|T633	bridge=0;bridgePixels=[];river=0;riverMarkerImageHeight=0;riverMarkerImageWidth=0;riverMarkerSamples=0;riverMarkerX=0;riverMarkerY=0;total=48;
automaticEdgeStats	T619|T622	bridge=0;bridgePixels=[];river=0;riverMarkerImageHeight=0;riverMarkerImageWidth=0;riverMarkerSamples=0;riverMarkerX=0;riverMarkerY=0;total=129;
automaticEdgeStats	T619|T623	bridge=0;bridgePixels=[];river=0;riverMarkerImageHeight=0;riverMarkerImageWidth=0;riverMarkerSamples=0;riverMarkerX=0;riverMarkerY=0;total=5;
automaticEdgeStats	T619|T625	bridge=0;bridgePixels=[];river=0;riverMarkerImageHeight=0;riverMarkerImageWidth=0;riverMarkerSamples=0;riverMarkerX=0;riverMarkerY=0;total=153;
automaticEdgeStats	T620|T622	bridge=0;bridgePixels=[];river=0;riverMarkerImageHeight=0;riverMarkerImageWidth=0;riverMarkerSamples=0;riverMarkerX=0;riverMarkerY=0;total=125;
automaticEdgeStats	T620|T626	bridge=0;bridgePixels=[];river=0;riverMarkerImageHeight=0;riverMarkerImageWidth=0;riverMarkerSamples=0;riverMarkerX=0;riverMarkerY=0;total=153;
automaticEdgeStats	T620|T633	bridge=0;bridgePixels=[];river=0;riverMarkerImageHeight=0;riverMarkerImageWidth=0;riverMarkerSamples=0;riverMarkerX=0;riverMarkerY=0;total=144;
automaticEdgeStats	T621|T623	bridge=0;bridgePixels=[];river=0;riverMarkerImageHeight=0;riverMarkerImageWidth=0;riverMarkerSamples=0;riverMarkerX=0;riverMarkerY=0;total=126;
automaticEdgeStats	T621|T624	bridge=0;bridgePixels=[];river=0;riverMarkerImageHeight=0;riverMarkerImageWidth=0;riverMarkerSamples=0;riverMarkerX=0;riverMarkerY=0;total=144;
automaticEdgeStats	T621|T627	bridge=0;bridgePixels=[];river=0;riverMarkerImageHeight=0;riverMarkerImageWidth=0;riverMarkerSamples=0;riverMarkerX=0;riverMarkerY=0;total=156;
automaticEdgeStats	T621|T630	bridge=0;bridgePixels=[];river=0;riverMarkerImageHeight=0;riverMarkerImageWidth=0;riverMarkerSamples=0;riverMarkerX=0;riverMarkerY=0;total=57;
automaticEdgeStats	T622|T625	bridge=0;bridgePixels=[];river=0;riverMarkerImageHeight=0;riverMarkerImageWidth=0;riverMarkerSamples=0;riverMarkerX=0;riverMarkerY=0;total=58;
automaticEdgeStats	T622|T626	bridge=0;bridgePixels=[];river=0;riverMarkerImageHeight=0;riverMarkerImageWidth=0;riverMarkerSamples=0;riverMarkerX=0;riverMarkerY=0;total=171;
automaticEdgeStats	T622|T628	bridge=0;bridgePixels=[];river=0;riverMarkerImageHeight=0;riverMarkerImageWidth=0;riverMarkerSamples=0;riverMarkerX=0;riverMarkerY=0;total=50;
automaticEdgeStats	T622|T629	bridge=0;bridgePixels=[];river=0;riverMarkerImageHeight=0;riverMarkerImageWidth=0;riverMarkerSamples=0;riverMarkerX=0;riverMarkerY=0;total=71;
automaticEdgeStats	T623|T625	bridge=0;bridgePixels=[];river=0;riverMarkerImageHeight=0;riverMarkerImageWidth=0;riverMarkerSamples=0;riverMarkerX=0;riverMarkerY=0;total=147;
automaticEdgeStats	T623|T627	bridge=0;bridgePixels=[];river=0;riverMarkerImageHeight=0;riverMarkerImageWidth=0;riverMarkerSamples=0;riverMarkerX=0;riverMarkerY=0;total=129;
automaticEdgeStats	T624|T630	bridge=0;bridgePixels=[];river=0;riverMarkerImageHeight=0;riverMarkerImageWidth=0;riverMarkerSamples=0;riverMarkerX=0;riverMarkerY=0;total=120;
automaticEdgeStats	T624|T631	bridge=0;bridgePixels=[];river=0;riverMarkerImageHeight=0;riverMarkerImageWidth=0;riverMarkerSamples=0;riverMarkerX=0;riverMarkerY=0;total=221;
automaticEdgeStats	T624|T634	bridge=0;bridgePixels=[];river=0;riverMarkerImageHeight=0;riverMarkerImageWidth=0;riverMarkerSamples=0;riverMarkerX=0;riverMarkerY=0;total=85;
automaticEdgeStats	T625|T627	bridge=0;bridgePixels=[];river=0;riverMarkerImageHeight=0;riverMarkerImageWidth=0;riverMarkerSamples=0;riverMarkerX=0;riverMarkerY=0;total=19;
automaticEdgeStats	T625|T628	bridge=0;bridgePixels=[];river=0;riverMarkerImageHeight=0;riverMarkerImageWidth=0;riverMarkerSamples=0;riverMarkerX=0;riverMarkerY=0;total=222;
automaticEdgeStats	T626|T629	bridge=0;bridgePixels=[];river=0;riverMarkerImageHeight=0;riverMarkerImageWidth=0;riverMarkerSamples=0;riverMarkerX=0;riverMarkerY=0;total=288;
automaticEdgeStats	T626|T633	bridge=0;bridgePixels=[];river=0;riverMarkerImageHeight=0;riverMarkerImageWidth=0;riverMarkerSamples=0;riverMarkerX=0;riverMarkerY=0;total=179;
automaticEdgeStats	T627|T628	bridge=0;bridgePixels=[];river=0;riverMarkerImageHeight=0;riverMarkerImageWidth=0;riverMarkerSamples=0;riverMarkerX=0;riverMarkerY=0;total=120;
automaticEdgeStats	T627|T630	bridge=0;bridgePixels=[];river=0;riverMarkerImageHeight=0;riverMarkerImageWidth=0;riverMarkerSamples=0;riverMarkerX=0;riverMarkerY=0;total=67;
automaticEdgeStats	T627|T632	bridge=0;bridgePixels=[];river=0;riverMarkerImageHeight=0;riverMarkerImageWidth=0;riverMarkerSamples=0;riverMarkerX=0;riverMarkerY=0;total=137;
automaticEdgeStats	T628|T629	bridge=0;bridgePixels=[];river=0;riverMarkerImageHeight=0;riverMarkerImageWidth=0;riverMarkerSamples=0;riverMarkerX=0;riverMarkerY=0;total=148;
automaticEdgeStats	T628|T632	bridge=0;bridgePixels=[];river=0;riverMarkerImageHeight=0;riverMarkerImageWidth=0;riverMarkerSamples=0;riverMarkerX=0;riverMarkerY=0;total=33;
automaticEdgeStats	T628|T635	bridge=0;bridgePixels=[];river=0;riverMarkerImageHeight=0;riverMarkerImageWidth=0;riverMarkerSamples=0;riverMarkerX=0;riverMarkerY=0;total=71;
automaticEdgeStats	T628|T640	bridge=0;bridgePixels=[];river=0;riverMarkerImageHeight=0;riverMarkerImageWidth=0;riverMarkerSamples=0;riverMarkerX=0;riverMarkerY=0;total=83;
automaticEdgeStats	T629|T633	bridge=0;bridgePixels=[];river=0;riverMarkerImageHeight=0;riverMarkerImageWidth=0;riverMarkerSamples=0;riverMarkerX=0;riverMarkerY=0;total=181;
automaticEdgeStats	T629|T635	bridge=0;bridgePixels=[];river=0;riverMarkerImageHeight=0;riverMarkerImageWidth=0;riverMarkerSamples=0;riverMarkerX=0;riverMarkerY=0;total=277;
automaticEdgeStats	T630|T631	bridge=0;bridgePixels=[];river=0;riverMarkerImageHeight=0;riverMarkerImageWidth=0;riverMarkerSamples=0;riverMarkerX=0;riverMarkerY=0;total=161;
automaticEdgeStats	T630|T632	bridge=0;bridgePixels=[];river=0;riverMarkerImageHeight=0;riverMarkerImageWidth=0;riverMarkerSamples=0;riverMarkerX=0;riverMarkerY=0;total=256;
automaticEdgeStats	T630|T639	bridge=0;bridgePixels=[];river=0;riverMarkerImageHeight=0;riverMarkerImageWidth=0;riverMarkerSamples=0;riverMarkerX=0;riverMarkerY=0;total=240;
automaticEdgeStats	T631|T634	bridge=0;bridgePixels=[];river=0;riverMarkerImageHeight=0;riverMarkerImageWidth=0;riverMarkerSamples=0;riverMarkerX=0;riverMarkerY=0;total=464;
automaticEdgeStats	T631|T639	bridge=0;bridgePixels=[];river=0;riverMarkerImageHeight=0;riverMarkerImageWidth=0;riverMarkerSamples=0;riverMarkerX=0;riverMarkerY=0;total=175;
automaticEdgeStats	T632|T639	bridge=0;bridgePixels=[];river=0;riverMarkerImageHeight=0;riverMarkerImageWidth=0;riverMarkerSamples=0;riverMarkerX=0;riverMarkerY=0;total=20;
automaticEdgeStats	T632|T640	bridge=0;bridgePixels=[];river=0;riverMarkerImageHeight=0;riverMarkerImageWidth=0;riverMarkerSamples=0;riverMarkerX=0;riverMarkerY=0;total=174;
automaticEdgeStats	T632|T646	bridge=0;bridgePixels=[];river=0;riverMarkerImageHeight=0;riverMarkerImageWidth=0;riverMarkerSamples=0;riverMarkerX=0;riverMarkerY=0;total=135;
automaticEdgeStats	T633|T635	bridge=0;bridgePixels=[];river=0;riverMarkerImageHeight=0;riverMarkerImageWidth=0;riverMarkerSamples=0;riverMarkerX=0;riverMarkerY=0;total=163;
automaticEdgeStats	T633|T637	bridge=0;bridgePixels=[];river=0;riverMarkerImageHeight=0;riverMarkerImageWidth=0;riverMarkerSamples=0;riverMarkerX=0;riverMarkerY=0;total=355;
automaticEdgeStats	T633|T648	bridge=0;bridgePixels=[];river=0;riverMarkerImageHeight=0;riverMarkerImageWidth=0;riverMarkerSamples=0;riverMarkerX=0;riverMarkerY=0;total=110;
automaticEdgeStats	T634|T639	bridge=0;bridgePixels=[];river=0;riverMarkerImageHeight=0;riverMarkerImageWidth=0;riverMarkerSamples=0;riverMarkerX=0;riverMarkerY=0;total=34;
automaticEdgeStats	T634|T642	bridge=0;bridgePixels=[];river=0;riverMarkerImageHeight=0;riverMarkerImageWidth=0;riverMarkerSamples=0;riverMarkerX=0;riverMarkerY=0;total=480;
automaticEdgeStats	T634|T647	bridge=0;bridgePixels=[];river=0;riverMarkerImageHeight=0;riverMarkerImageWidth=0;riverMarkerSamples=0;riverMarkerX=0;riverMarkerY=0;total=120;
automaticEdgeStats	T635|T640	bridge=0;bridgePixels=[];river=0;riverMarkerImageHeight=0;riverMarkerImageWidth=0;riverMarkerSamples=0;riverMarkerX=0;riverMarkerY=0;total=138;
automaticEdgeStats	T635|T645	bridge=0;bridgePixels=[];river=0;riverMarkerImageHeight=0;riverMarkerImageWidth=0;riverMarkerSamples=0;riverMarkerX=0;riverMarkerY=0;total=191;
automaticEdgeStats	T635|T648	bridge=0;bridgePixels=[];river=0;riverMarkerImageHeight=0;riverMarkerImageWidth=0;riverMarkerSamples=0;riverMarkerX=0;riverMarkerY=0;total=174;
automaticEdgeStats	T636|T642	bridge=0;bridgePixels=[];river=0;riverMarkerImageHeight=0;riverMarkerImageWidth=0;riverMarkerSamples=0;riverMarkerX=0;riverMarkerY=0;total=8;
automaticEdgeStats	T637|T648	bridge=0;bridgePixels=[];river=0;riverMarkerImageHeight=0;riverMarkerImageWidth=0;riverMarkerSamples=0;riverMarkerX=0;riverMarkerY=0;total=10;
automaticEdgeStats	T638|T642	bridge=0;bridgePixels=[];river=0;riverMarkerImageHeight=0;riverMarkerImageWidth=0;riverMarkerSamples=0;riverMarkerX=0;riverMarkerY=0;total=4;
automaticEdgeStats	T639|T646	bridge=0;bridgePixels=[];river=0;riverMarkerImageHeight=0;riverMarkerImageWidth=0;riverMarkerSamples=0;riverMarkerX=0;riverMarkerY=0;total=211;
automaticEdgeStats	T639|T647	bridge=0;bridgePixels=[];river=0;riverMarkerImageHeight=0;riverMarkerImageWidth=0;riverMarkerSamples=0;riverMarkerX=0;riverMarkerY=0;total=156;
automaticEdgeStats	T640|T645	bridge=0;bridgePixels=[];river=0;riverMarkerImageHeight=0;riverMarkerImageWidth=0;riverMarkerSamples=0;riverMarkerX=0;riverMarkerY=0;total=330;
automaticEdgeStats	T640|T646	bridge=0;bridgePixels=[];river=0;riverMarkerImageHeight=0;riverMarkerImageWidth=0;riverMarkerSamples=0;riverMarkerX=0;riverMarkerY=0;total=300;
automaticEdgeStats	T642|T647	bridge=0;bridgePixels=[];river=0;riverMarkerImageHeight=0;riverMarkerImageWidth=0;riverMarkerSamples=0;riverMarkerX=0;riverMarkerY=0;total=70;
automaticEdgeStats	T643|T644	bridge=0;bridgePixels=[];river=0;riverMarkerImageHeight=0;riverMarkerImageWidth=0;riverMarkerSamples=0;riverMarkerX=0;riverMarkerY=0;total=2;
automaticEdgeStats	T645|T646	bridge=0;bridgePixels=[];river=0;riverMarkerImageHeight=0;riverMarkerImageWidth=0;riverMarkerSamples=0;riverMarkerX=0;riverMarkerY=0;total=19;
automaticEdgeStats	T645|T648	bridge=0;bridgePixels=[];river=0;riverMarkerImageHeight=0;riverMarkerImageWidth=0;riverMarkerSamples=0;riverMarkerX=0;riverMarkerY=0;total=168;
automaticEdgeStats	T645|T649	bridge=0;bridgePixels=[];river=0;riverMarkerImageHeight=0;riverMarkerImageWidth=0;riverMarkerSamples=0;riverMarkerX=0;riverMarkerY=0;total=39;
automaticEdgeStats	T646|T647	bridge=0;bridgePixels=[];river=0;riverMarkerImageHeight=0;riverMarkerImageWidth=0;riverMarkerSamples=0;riverMarkerX=0;riverMarkerY=0;total=109;
automaticEdgeStats	T646|T649	bridge=0;bridgePixels=[];river=0;riverMarkerImageHeight=0;riverMarkerImageWidth=0;riverMarkerSamples=0;riverMarkerX=0;riverMarkerY=0;total=223;
automaticEdgeStats	T647|T649	bridge=0;bridgePixels=[];river=0;riverMarkerImageHeight=0;riverMarkerImageWidth=0;riverMarkerSamples=0;riverMarkerX=0;riverMarkerY=0;total=150;
automaticEdgeStats	T648|T649	bridge=0;bridgePixels=[];river=0;riverMarkerImageHeight=0;riverMarkerImageWidth=0;riverMarkerSamples=0;riverMarkerX=0;riverMarkerY=0;total=151;
automaticEdgeStats	T649|T651	bridge=0;bridgePixels=[];river=0;riverMarkerImageHeight=0;riverMarkerImageWidth=0;riverMarkerSamples=0;riverMarkerX=0;riverMarkerY=0;total=3;
automaticEdgeStats	T649|T652	bridge=0;bridgePixels=[];river=1;riverMarkerImageHeight=4000;riverMarkerImageWidth=3200;riverMarkerSamples=1;riverMarkerX=1118;riverMarkerY=3727;total=2;
bridgeMarker	T055/T061@1256,574	dimensionId=100;fromTile=T055;imageX=1256;imageY=574;toTile=T061;x=57088.0;y=80.0;z=-19968.0;
bridgeMarker	T061/T072@1255,594	dimensionId=100;fromTile=T061;imageX=1255;imageY=594;toTile=T072;x=56960.0;y=80.0;z=-17408.0;
bridgeMarker	T087/T092@1468,617	dimensionId=100;fromTile=T087;imageX=1468;imageY=617;toTile=T092;x=84224.0;y=80.0;z=-14464.0;
bridgeMarker	T088/T100@1396,651	dimensionId=100;fromTile=T088;imageX=1396;imageY=651;toTile=T100;x=75008.0;y=80.0;z=-10112.0;
bridgeMarker	T101/T168@687,706	dimensionId=100;fromTile=T101;imageX=687;imageY=706;toTile=T168;x=-15744.0;y=80.0;z=-3072.0;
bridgeMarker	T109/T116@863,657	dimensionId=100;fromTile=T109;imageX=863;imageY=657;toTile=T116;x=6784.0;y=80.0;z=-9344.0;
bridgeMarker	T115/T125@1655,692	dimensionId=100;fromTile=T115;imageX=1655;imageY=692;toTile=T125;x=108160.0;y=80.0;z=-4864.0;
bridgeMarker	T117/T128@1478,696	dimensionId=100;fromTile=T117;imageX=1478;imageY=696;toTile=T128;x=85504.0;y=80.0;z=-4352.0;
bridgeMarker	T119/T161@531,716	dimensionId=100;fromTile=T119;imageX=531;imageY=716;toTile=T161;x=-35712.0;y=80.0;z=-1792.0;
bridgeMarker	T130/T141@1202,704	dimensionId=100;fromTile=T130;imageX=1202;imageY=704;toTile=T141;x=50176.0;y=80.0;z=-3328.0;
bridgeMarker	T131/T134@804,708	dimensionId=100;fromTile=T131;imageX=804;imageY=708;toTile=T134;x=-768.0;y=80.0;z=-2816.0;
bridgeMarker	T136/T142@1086,714	dimensionId=100;fromTile=T136;imageX=1086;imageY=714;toTile=T142;x=35328.0;y=80.0;z=-2048.0;
bridgeMarker	T139/T167@831,725	dimensionId=100;fromTile=T139;imageX=831;imageY=725;toTile=T167;x=2688.0;y=80.0;z=-640.0;
bridgeMarker	T140/T152@843,724	dimensionId=100;fromTile=T140;imageX=843;imageY=724;toTile=T152;x=4224.0;y=80.0;z=-768.0;
bridgeMarker	T145/T152@852,727	dimensionId=100;fromTile=T145;imageX=852;imageY=727;toTile=T152;x=5376.0;y=80.0;z=-384.0;
bridgeMarker	T146/T150@818,726	dimensionId=100;fromTile=T146;imageX=818;imageY=726;toTile=T150;x=1024.0;y=80.0;z=-512.0;
bridgeMarker	T162/T195@1658,773	dimensionId=100;fromTile=T162;imageX=1658;imageY=773;toTile=T195;x=108544.0;y=80.0;z=5504.0;
bridgeMarker	T169/T178@850,740	dimensionId=100;fromTile=T169;imageX=850;imageY=740;toTile=T178;x=5120.0;y=80.0;z=1280.0;
bridgeMarker	T174/T197@1286,703	dimensionId=100;fromTile=T174;imageX=1286;imageY=703;toTile=T197;x=60928.0;y=80.0;z=-3456.0;
bridgeMarker	T196/T203@885,802	dimensionId=100;fromTile=T196;imageX=885;imageY=802;toTile=T203;x=9600.0;y=80.0;z=9216.0;
bridgeMarker	T199/T213@1934,812	dimensionId=100;fromTile=T199;imageX=1934;imageY=812;toTile=T213;x=143872.0;y=80.0;z=10496.0;
bridgeMarker	T208/T217@1012,847	dimensionId=100;fromTile=T208;imageX=1012;imageY=847;toTile=T217;x=25856.0;y=80.0;z=14976.0;
bridgeMarker	T229/T268@982,881	dimensionId=100;fromTile=T229;imageX=982;imageY=881;toTile=T268;x=22016.0;y=80.0;z=19328.0;
bridgeMarker	T244/T262@1930,921	dimensionId=100;fromTile=T244;imageX=1930;imageY=921;toTile=T262;x=143360.0;y=80.0;z=24448.0;
bridgeMarker	T256/T284@890,967	dimensionId=100;fromTile=T256;imageX=890;imageY=967;toTile=T284;x=10240.0;y=80.0;z=30336.0;
bridgeMarker	T259/T278@2005,952	dimensionId=100;fromTile=T259;imageX=2005;imageY=952;toTile=T278;x=152960.0;y=80.0;z=28416.0;
bridgeMarker	T275/T296@1779,987	dimensionId=100;fromTile=T275;imageX=1779;imageY=987;toTile=T296;x=124032.0;y=80.0;z=32896.0;
bridgeMarker	T282/T292@1869,985	dimensionId=100;fromTile=T282;imageX=1869;imageY=985;toTile=T292;x=135552.0;y=80.0;z=32640.0;
bridgeMarker	T282/T292@1871,998	dimensionId=100;fromTile=T282;imageX=1871;imageY=998;toTile=T292;x=135808.0;y=80.0;z=34304.0;
bridgeMarker	T307/T324@1241,1104	dimensionId=100;fromTile=T307;imageX=1241;imageY=1104;toTile=T324;x=55168.0;y=80.0;z=47872.0;
bridgeMarker	T321/T323@1105,1088	dimensionId=100;fromTile=T321;imageX=1105;imageY=1088;toTile=T323;x=37760.0;y=80.0;z=45824.0;
bridgeMarker	T322/T329@1830,1111	dimensionId=100;fromTile=T322;imageX=1830;imageY=1111;toTile=T329;x=130560.0;y=80.0;z=48768.0;
bridgeMarker	T329/T338@1835,1116	dimensionId=100;fromTile=T329;imageX=1835;imageY=1116;toTile=T338;x=131200.0;y=80.0;z=49408.0;
bridgeMarker	T342/T348@1184,1142	dimensionId=100;fromTile=T342;imageX=1184;imageY=1142;toTile=T348;x=47872.0;y=80.0;z=52736.0;
bridgeMarker	T342/T348@1199,1142	dimensionId=100;fromTile=T342;imageX=1199;imageY=1142;toTile=T348;x=49792.0;y=80.0;z=52736.0;
bridgeMarker	T358/T370@1429,1204	dimensionId=100;fromTile=T358;imageX=1429;imageY=1204;toTile=T370;x=79232.0;y=80.0;z=60672.0;
bridgeMarker	T358/T375@1448,1182	dimensionId=100;fromTile=T358;imageX=1448;imageY=1182;toTile=T375;x=81664.0;y=80.0;z=57856.0;
bridgeMarker	T359/T366@1300,1203	dimensionId=100;fromTile=T359;imageX=1300;imageY=1203;toTile=T366;x=62720.0;y=80.0;z=60544.0;
bridgeMarker	T370/T379@1426,1212	dimensionId=100;fromTile=T370;imageX=1426;imageY=1212;toTile=T379;x=78848.0;y=80.0;z=61696.0;
bridgeMarker	T375/T381@1455,1236	dimensionId=100;fromTile=T375;imageX=1455;imageY=1236;toTile=T381;x=82560.0;y=80.0;z=64768.0;
bridgeMarker	T375/T402@1451,1242	dimensionId=100;fromTile=T375;imageX=1451;imageY=1242;toTile=T402;x=82048.0;y=80.0;z=65536.0;
bridgeMarker	T384/T386@1431,1247	dimensionId=100;fromTile=T384;imageX=1431;imageY=1247;toTile=T386;x=79488.0;y=80.0;z=66176.0;
bridgeMarker	T398/T408@1412,1274	dimensionId=100;fromTile=T398;imageX=1412;imageY=1274;toTile=T408;x=77056.0;y=80.0;z=69632.0;
bridgeMarker	T409/T420@1932,1334	dimensionId=100;fromTile=T409;imageX=1932;imageY=1334;toTile=T420;x=143616.0;y=80.0;z=77312.0;
bridgeMarker	T411/T413@1286,1339	dimensionId=100;fromTile=T411;imageX=1286;imageY=1339;toTile=T413;x=60928.0;y=80.0;z=77952.0;
bridgeMarker	T421/T425@1396,1354	dimensionId=100;fromTile=T421;imageX=1396;imageY=1354;toTile=T425;x=75008.0;y=80.0;z=79872.0;
bridgeMarker	T425/T435@1443,1369	dimensionId=100;fromTile=T425;imageX=1443;imageY=1369;toTile=T435;x=81024.0;y=80.0;z=81792.0;
bridgeMarker	T444/T455@1504,1545	dimensionId=100;fromTile=T444;imageX=1504;imageY=1545;toTile=T455;x=88832.0;y=80.0;z=104320.0;
bridgeMarker	T450/T454@1540,1545	dimensionId=100;fromTile=T450;imageX=1540;imageY=1545;toTile=T454;x=93440.0;y=80.0;z=104320.0;
bridgeMarker	T470/T472@1211,1691	dimensionId=100;fromTile=T470;imageX=1211;imageY=1691;toTile=T472;x=51328.0;y=80.0;z=123008.0;
bridgeMarker	T472/T473@1160,1711	dimensionId=100;fromTile=T472;imageX=1160;imageY=1711;toTile=T473;x=44800.0;y=80.0;z=125568.0;
bridgeMarker	T477/T479@1191,1801	dimensionId=100;fromTile=T477;imageX=1191;imageY=1801;toTile=T479;x=48768.0;y=80.0;z=137088.0;
bridgeMarker	T477/T485@1166,1828	dimensionId=100;fromTile=T477;imageX=1166;imageY=1828;toTile=T485;x=45568.0;y=80.0;z=140544.0;
bridgeMarker	T486/T492@1620,1875	dimensionId=100;fromTile=T486;imageX=1620;imageY=1875;toTile=T492;x=103680.0;y=80.0;z=146560.0;
bridgeMarker	T491/T503@1145,1916	dimensionId=100;fromTile=T491;imageX=1145;imageY=1916;toTile=T503;x=42880.0;y=80.0;z=151808.0;
bridgeMarker	T502/T509@1687,2033	dimensionId=100;fromTile=T502;imageX=1687;imageY=2033;toTile=T509;x=112256.0;y=80.0;z=166784.0;
bridgeMarker	T574/T577@1079,2672	dimensionId=100;fromTile=T574;imageX=1079;imageY=2672;toTile=T577;x=34432.0;y=80.0;z=248576.0;
bridgeMarker	T575/T576@1621,2675	dimensionId=100;fromTile=T575;imageX=1621;imageY=2675;toTile=T576;x=103808.0;y=80.0;z=248960.0;
bridgeResolverEdgeStats	T030|T033	bridge=0;bridgePixels=[];river=5;riverMarkerImageHeight=4000;riverMarkerImageWidth=3200;riverMarkerSamples=5;riverMarkerX=3355;riverMarkerY=2281;total=24;
bridgeResolverEdgeStats	T030|T034	bridge=0;bridgePixels=[];river=12;riverMarkerImageHeight=4000;riverMarkerImageWidth=3200;riverMarkerSamples=12;riverMarkerX=8753;riverMarkerY=6023;total=31;
bridgeResolverEdgeStats	T030|T036	bridge=0;bridgePixels=[];river=73;riverMarkerImageHeight=4000;riverMarkerImageWidth=3200;riverMarkerSamples=73;riverMarkerX=51980;riverMarkerY=35348;total=73;
bridgeResolverEdgeStats	T031|T044	bridge=0;bridgePixels=[];river=1;riverMarkerImageHeight=4000;riverMarkerImageWidth=3200;riverMarkerSamples=1;riverMarkerX=2751;riverMarkerY=468;total=1;
bridgeResolverEdgeStats	T032|T044	bridge=0;bridgePixels=[];river=2;riverMarkerImageHeight=4000;riverMarkerImageWidth=3200;riverMarkerSamples=2;riverMarkerX=5500;riverMarkerY=938;total=2;
bridgeResolverEdgeStats	T033|T041	bridge=0;bridgePixels=[];river=66;riverMarkerImageHeight=4000;riverMarkerImageWidth=3200;riverMarkerSamples=66;riverMarkerX=39285;riverMarkerY=32356;total=66;
bridgeResolverEdgeStats	T034|T036	bridge=0;bridgePixels=[];river=2;riverMarkerImageHeight=4000;riverMarkerImageWidth=3200;riverMarkerSamples=2;riverMarkerX=1445;riverMarkerY=1015;total=2;
bridgeResolverEdgeStats	T034|T037	bridge=0;bridgePixels=[];river=0;riverMarkerImageHeight=0;riverMarkerImageWidth=0;riverMarkerSamples=0;riverMarkerX=0;riverMarkerY=0;total=206;
bridgeResolverEdgeStats	T034|T043	bridge=0;bridgePixels=[];river=5;riverMarkerImageHeight=4000;riverMarkerImageWidth=3200;riverMarkerSamples=5;riverMarkerX=3630;riverMarkerY=2548;total=175;
bridgeResolverEdgeStats	T035|T036	bridge=0;bridgePixels=[];river=3;riverMarkerImageHeight=4000;riverMarkerImageWidth=3200;riverMarkerSamples=3;riverMarkerX=2013;riverMarkerY=1476;total=3;
bridgeResolverEdgeStats	T035|T050	bridge=0;bridgePixels=[];river=2;riverMarkerImageHeight=4000;riverMarkerImageWidth=3200;riverMarkerSamples=2;riverMarkerX=1337;riverMarkerY=989;total=2;
bridgeResolverEdgeStats	T036|T043	bridge=0;bridgePixels=[];river=24;riverMarkerImageHeight=4000;riverMarkerImageWidth=3200;riverMarkerSamples=24;riverMarkerX=17209;riverMarkerY=12390;total=24;
bridgeResolverEdgeStats	T036|T050	bridge=0;bridgePixels=[];river=123;riverMarkerImageHeight=4000;riverMarkerImageWidth=3200;riverMarkerSamples=123;riverMarkerX=84195;riverMarkerY=63080;total=123;
bridgeResolverEdgeStats	T037|T040	bridge=0;bridgePixels=[];river=0;riverMarkerImageHeight=0;riverMarkerImageWidth=0;riverMarkerSamples=0;riverMarkerX=0;riverMarkerY=0;total=101;
bridgeResolverEdgeStats	T037|T043	bridge=0;bridgePixels=[];river=0;riverMarkerImageHeight=0;riverMarkerImageWidth=0;riverMarkerSamples=0;riverMarkerX=0;riverMarkerY=0;total=80;
bridgeResolverEdgeStats	T037|T046	bridge=0;bridgePixels=[];river=0;riverMarkerImageHeight=0;riverMarkerImageWidth=0;riverMarkerSamples=0;riverMarkerX=0;riverMarkerY=0;total=141;
bridgeResolverEdgeStats	T037|T051	bridge=0;bridgePixels=[];river=0;riverMarkerImageHeight=0;riverMarkerImageWidth=0;riverMarkerSamples=0;riverMarkerX=0;riverMarkerY=0;total=86;
bridgeResolverEdgeStats	T037|T052	bridge=0;bridgePixels=[];river=0;riverMarkerImageHeight=0;riverMarkerImageWidth=0;riverMarkerSamples=0;riverMarkerX=0;riverMarkerY=0;total=1;
bridgeResolverEdgeStats	T040|T048	bridge=0;bridgePixels=[];river=0;riverMarkerImageHeight=0;riverMarkerImageWidth=0;riverMarkerSamples=0;riverMarkerX=0;riverMarkerY=0;total=2;
bridgeResolverEdgeStats	T040|T051	bridge=0;bridgePixels=[];river=0;riverMarkerImageHeight=0;riverMarkerImageWidth=0;riverMarkerSamples=0;riverMarkerX=0;riverMarkerY=0;total=51;
bridgeResolverEdgeStats	T040|T057	bridge=0;bridgePixels=[];river=0;riverMarkerImageHeight=0;riverMarkerImageWidth=0;riverMarkerSamples=0;riverMarkerX=0;riverMarkerY=0;total=110;
bridgeResolverEdgeStats	T040|T081	bridge=0;bridgePixels=[];river=0;riverMarkerImageHeight=0;riverMarkerImageWidth=0;riverMarkerSamples=0;riverMarkerX=0;riverMarkerY=0;total=23;
bridgeResolverEdgeStats	T041|T042	bridge=0;bridgePixels=[];river=6;riverMarkerImageHeight=4000;riverMarkerImageWidth=3200;riverMarkerSamples=6;riverMarkerX=3467;riverMarkerY=3092;total=6;
bridgeResolverEdgeStats	T041|T076	bridge=0;bridgePixels=[];river=68;riverMarkerImageHeight=4000;riverMarkerImageWidth=3200;riverMarkerSamples=68;riverMarkerX=38631;riverMarkerY=37002;total=68;
bridgeResolverEdgeStats	T042|T070	bridge=0;bridgePixels=[];river=3;riverMarkerImageHeight=4000;riverMarkerImageWidth=3200;riverMarkerSamples=3;riverMarkerX=1827;riverMarkerY=1694;total=3;
bridgeResolverEdgeStats	T043|T050	bridge=0;bridgePixels=[];river=47;riverMarkerImageHeight=4000;riverMarkerImageWidth=3200;riverMarkerSamples=47;riverMarkerX=33629;riverMarkerY=25081;total=47;
bridgeResolverEdgeStats	T043|T052	bridge=0;bridgePixels=[];river=0;riverMarkerImageHeight=0;riverMarkerImageWidth=0;riverMarkerSamples=0;riverMarkerX=0;riverMarkerY=0;total=176;
bridgeResolverEdgeStats	T043|T067	bridge=0;bridgePixels=[];river=12;riverMarkerImageHeight=4000;riverMarkerImageWidth=3200;riverMarkerSamples=12;riverMarkerX=8720;riverMarkerY=6514;total=81;
bridgeResolverEdgeStats	T044|T053	bridge=0;bridgePixels=[];river=0;riverMarkerImageHeight=0;riverMarkerImageWidth=0;riverMarkerSamples=0;riverMarkerX=0;riverMarkerY=0;total=91;
bridgeResolverEdgeStats	T044|T094	bridge=0;bridgePixels=[];river=0;riverMarkerImageHeight=0;riverMarkerImageWidth=0;riverMarkerSamples=0;riverMarkerX=0;riverMarkerY=0;total=194;
bridgeResolverEdgeStats	T044|T105	bridge=0;bridgePixels=[];river=56;riverMarkerImageHeight=4000;riverMarkerImageWidth=3200;riverMarkerSamples=56;riverMarkerX=157261;riverMarkerY=31086;total=258;
bridgeResolverEdgeStats	T046|T051	bridge=0;bridgePixels=[];river=0;riverMarkerImageHeight=0;riverMarkerImageWidth=0;riverMarkerSamples=0;riverMarkerX=0;riverMarkerY=0;total=49;
bridgeResolverEdgeStats	T046|T052	bridge=0;bridgePixels=[];river=0;riverMarkerImageHeight=0;riverMarkerImageWidth=0;riverMarkerSamples=0;riverMarkerX=0;riverMarkerY=0;total=63;
bridgeResolverEdgeStats	T046|T064	bridge=0;bridgePixels=[];river=0;riverMarkerImageHeight=0;riverMarkerImageWidth=0;riverMarkerSamples=0;riverMarkerX=0;riverMarkerY=0;total=159;
bridgeResolverEdgeStats	T048|T051	bridge=0;bridgePixels=[];river=0;riverMarkerImageHeight=0;riverMarkerImageWidth=0;riverMarkerSamples=0;riverMarkerX=0;riverMarkerY=0;total=2;
bridgeResolverEdgeStats	T049|T060	bridge=0;bridgePixels=[];river=188;riverMarkerImageHeight=4000;riverMarkerImageWidth=3200;riverMarkerSamples=188;riverMarkerX=440073;riverMarkerY=95183;total=188;
bridgeResolverEdgeStats	T049|T083	bridge=0;bridgePixels=[];river=25;riverMarkerImageHeight=4000;riverMarkerImageWidth=3200;riverMarkerSamples=25;riverMarkerX=57550;riverMarkerY=14445;total=163;
bridgeResolverEdgeStats	T049|T114	bridge=0;bridgePixels=[];river=81;riverMarkerImageHeight=4000;riverMarkerImageWidth=3200;riverMarkerSamples=81;riverMarkerX=188854;riverMarkerY=47985;total=81;
bridgeResolverEdgeStats	T050|T067	bridge=0;bridgePixels=[];river=79;riverMarkerImageHeight=4000;riverMarkerImageWidth=3200;riverMarkerSamples=79;riverMarkerX=56772;riverMarkerY=44556;total=79;
bridgeResolverEdgeStats	T050|T101	bridge=0;bridgePixels=[];river=150;riverMarkerImageHeight=4000;riverMarkerImageWidth=3200;riverMarkerSamples=150;riverMarkerX=100980;riverMarkerY=87045;total=150;
bridgeResolverEdgeStats	T051|T064	bridge=0;bridgePixels=[];river=0;riverMarkerImageHeight=0;riverMarkerImageWidth=0;riverMarkerSamples=0;riverMarkerX=0;riverMarkerY=0;total=19;
bridgeResolverEdgeStats	T051|T078	bridge=0;bridgePixels=[];river=0;riverMarkerImageHeight=0;riverMarkerImageWidth=0;riverMarkerSamples=0;riverMarkerX=0;riverMarkerY=0;total=142;
bridgeResolverEdgeStats	T051|T081	bridge=0;bridgePixels=[];river=0;riverMarkerImageHeight=0;riverMarkerImageWidth=0;riverMarkerSamples=0;riverMarkerX=0;riverMarkerY=0;total=6;
bridgeResolverEdgeStats	T051|T093	bridge=0;bridgePixels=[];river=0;riverMarkerImageHeight=0;riverMarkerImageWidth=0;riverMarkerSamples=0;riverMarkerX=0;riverMarkerY=0;total=5;
bridgeResolverEdgeStats	T052|T064	bridge=0;bridgePixels=[];river=0;riverMarkerImageHeight=0;riverMarkerImageWidth=0;riverMarkerSamples=0;riverMarkerX=0;riverMarkerY=0;total=35;
bridgeResolverEdgeStats	T052|T067	bridge=0;bridgePixels=[];river=0;riverMarkerImageHeight=0;riverMarkerImageWidth=0;riverMarkerSamples=0;riverMarkerX=0;riverMarkerY=0;total=88;
bridgeResolverEdgeStats	T052|T080	bridge=0;bridgePixels=[];river=0;riverMarkerImageHeight=0;riverMarkerImageWidth=0;riverMarkerSamples=0;riverMarkerX=0;riverMarkerY=0;total=94;
bridgeResolverEdgeStats	T053|T094	bridge=0;bridgePixels=[];river=12;riverMarkerImageHeight=4000;riverMarkerImageWidth=3200;riverMarkerSamples=12;riverMarkerX=28893;riverMarkerY=7445;total=379;
bridgeResolverEdgeStats	T053|T156	bridge=0;bridgePixels=[];river=24;riverMarkerImageHeight=4000;riverMarkerImageWidth=3200;riverMarkerSamples=24;riverMarkerX=57478;riverMarkerY=14874;total=24;
bridgeResolverEdgeStats	T054|T056	bridge=0;bridgePixels=[];river=0;riverMarkerImageHeight=0;riverMarkerImageWidth=0;riverMarkerSamples=0;riverMarkerX=0;riverMarkerY=0;total=79;
bridgeResolverEdgeStats	T054|T062	bridge=0;bridgePixels=[];river=0;riverMarkerImageHeight=0;riverMarkerImageWidth=0;riverMarkerSamples=0;riverMarkerX=0;riverMarkerY=0;total=1;
bridgeResolverEdgeStats	T054|T066	bridge=0;bridgePixels=[];river=0;riverMarkerImageHeight=0;riverMarkerImageWidth=0;riverMarkerSamples=0;riverMarkerX=0;riverMarkerY=0;total=81;
bridgeResolverEdgeStats	T055|T061	bridge=0;bridgePixels=[];river=14;riverMarkerImageHeight=4000;riverMarkerImageWidth=3200;riverMarkerSamples=14;riverMarkerX=17583;riverMarkerY=7958;total=14;
bridgeResolverEdgeStats	T055|T072	bridge=0;bridgePixels=[];river=31;riverMarkerImageHeight=4000;riverMarkerImageWidth=3200;riverMarkerSamples=31;riverMarkerX=39221;riverMarkerY=17641;total=31;
bridgeResolverEdgeStats	T056|T058	bridge=0;bridgePixels=[];river=0;riverMarkerImageHeight=0;riverMarkerImageWidth=0;riverMarkerSamples=0;riverMarkerX=0;riverMarkerY=0;total=77;
bridgeResolverEdgeStats	T056|T066	bridge=0;bridgePixels=[];river=0;riverMarkerImageHeight=0;riverMarkerImageWidth=0;riverMarkerSamples=0;riverMarkerX=0;riverMarkerY=0;total=3;
bridgeResolverEdgeStats	T056|T069	bridge=0;bridgePixels=[];river=0;riverMarkerImageHeight=0;riverMarkerImageWidth=0;riverMarkerSamples=0;riverMarkerX=0;riverMarkerY=0;total=129;
bridgeResolverEdgeStats	T057|T063	bridge=0;bridgePixels=[];river=0;riverMarkerImageHeight=0;riverMarkerImageWidth=0;riverMarkerSamples=0;riverMarkerX=0;riverMarkerY=0;total=20;
bridgeResolverEdgeStats	T057|T081	bridge=0;bridgePixels=[];river=0;riverMarkerImageHeight=0;riverMarkerImageWidth=0;riverMarkerSamples=0;riverMarkerX=0;riverMarkerY=0;total=147;
bridgeResolverEdgeStats	T058|T059	bridge=0;bridgePixels=[];river=2;riverMarkerImageHeight=4000;riverMarkerImageWidth=3200;riverMarkerSamples=2;riverMarkerX=3438;riverMarkerY=1187;total=137;
bridgeResolverEdgeStats	T058|T069	bridge=0;bridgePixels=[];river=6;riverMarkerImageHeight=4000;riverMarkerImageWidth=3200;riverMarkerSamples=6;riverMarkerX=9922;riverMarkerY=3621;total=72;
bridgeResolverEdgeStats	T058|T085	bridge=0;bridgePixels=[];river=115;riverMarkerImageHeight=4000;riverMarkerImageWidth=3200;riverMarkerSamples=115;riverMarkerX=194110;riverMarkerY=68918;total=115;
bridgeResolverEdgeStats	T059|T065	bridge=0;bridgePixels=[];river=0;riverMarkerImageHeight=0;riverMarkerImageWidth=0;riverMarkerSamples=0;riverMarkerX=0;riverMarkerY=0;total=181;
bridgeResolverEdgeStats	T059|T085	bridge=0;bridgePixels=[];river=67;riverMarkerImageHeight=4000;riverMarkerImageWidth=3200;riverMarkerSamples=67;riverMarkerX=116599;riverMarkerY=40509;total=67;
bridgeResolverEdgeStats	T059|T097	bridge=0;bridgePixels=[];river=12;riverMarkerImageHeight=4000;riverMarkerImageWidth=3200;riverMarkerSamples=12;riverMarkerX=21080;riverMarkerY=7482;total=28;
bridgeResolverEdgeStats	T059|T103	bridge=0;bridgePixels=[];river=0;riverMarkerImageHeight=0;riverMarkerImageWidth=0;riverMarkerSamples=0;riverMarkerX=0;riverMarkerY=0;total=30;
bridgeResolverEdgeStats	T060|T077	bridge=0;bridgePixels=[];river=0;riverMarkerImageHeight=0;riverMarkerImageWidth=0;riverMarkerSamples=0;riverMarkerX=0;riverMarkerY=0;total=196;
bridgeResolverEdgeStats	T060|T083	bridge=0;bridgePixels=[];river=275;riverMarkerImageHeight=4000;riverMarkerImageWidth=3200;riverMarkerSamples=275;riverMarkerX=619225;riverMarkerY=159545;total=275;
bridgeResolverEdgeStats	T060|T107	bridge=0;bridgePixels=[];river=11;riverMarkerImageHeight=4000;riverMarkerImageWidth=3200;riverMarkerSamples=11;riverMarkerX=24178;riverMarkerY=7211;total=136;
bridgeResolverEdgeStats	T061|T072	bridge=0;bridgePixels=[];river=37;riverMarkerImageHeight=4000;riverMarkerImageWidth=3200;riverMarkerSamples=37;riverMarkerX=46476;riverMarkerY=21690;total=37;
bridgeResolverEdgeStats	T061|T079	bridge=0;bridgePixels=[];river=86;riverMarkerImageHeight=4000;riverMarkerImageWidth=3200;riverMarkerSamples=86;riverMarkerX=106198;riverMarkerY=50590;total=86;
bridgeResolverEdgeStats	T062|T066	bridge=0;bridgePixels=[];river=0;riverMarkerImageHeight=0;riverMarkerImageWidth=0;riverMarkerSamples=0;riverMarkerX=0;riverMarkerY=0;total=41;
bridgeResolverEdgeStats	T062|T072	bridge=0;bridgePixels=[];river=52;riverMarkerImageHeight=4000;riverMarkerImageWidth=3200;riverMarkerSamples=52;riverMarkerX=67828;riverMarkerY=29831;total=52;
bridgeResolverEdgeStats	T062|T074	bridge=0;bridgePixels=[];river=22;riverMarkerImageHeight=4000;riverMarkerImageWidth=3200;riverMarkerSamples=22;riverMarkerX=30885;riverMarkerY=13537;total=212;
bridgeResolverEdgeStats	T062|T075	bridge=0;bridgePixels=[];river=0;riverMarkerImageHeight=0;riverMarkerImageWidth=0;riverMarkerSamples=0;riverMarkerX=0;riverMarkerY=0;total=37;
bridgeResolverEdgeStats	T062|T082	bridge=0;bridgePixels=[];river=0;riverMarkerImageHeight=0;riverMarkerImageWidth=0;riverMarkerSamples=0;riverMarkerX=0;riverMarkerY=0;total=17;
bridgeResolverEdgeStats	T062|T087	bridge=0;bridgePixels=[];river=15;riverMarkerImageHeight=4000;riverMarkerImageWidth=3200;riverMarkerSamples=15;riverMarkerX=21748;riverMarkerY=9258;total=15;
bridgeResolverEdgeStats	T062|T091	bridge=0;bridgePixels=[];river=9;riverMarkerImageHeight=4000;riverMarkerImageWidth=3200;riverMarkerSamples=9;riverMarkerX=13029;riverMarkerY=5661;total=9;
bridgeResolverEdgeStats	T062|T100	bridge=0;bridgePixels=[];river=32;riverMarkerImageHeight=4000;riverMarkerImageWidth=3200;riverMarkerSamples=32;riverMarkerX=46012;riverMarkerY=20205;total=32;
bridgeResolverEdgeStats	T063|T081	bridge=0;bridgePixels=[];river=0;riverMarkerImageHeight=0;riverMarkerImageWidth=0;riverMarkerSamples=0;riverMarkerX=0;riverMarkerY=0;total=77;
bridgeResolverEdgeStats	T064|T078	bridge=0;bridgePixels=[];river=0;riverMarkerImageHeight=0;riverMarkerImageWidth=0;riverMarkerSamples=0;riverMarkerX=0;riverMarkerY=0;total=111;
bridgeResolverEdgeStats	T064|T080	bridge=0;bridgePixels=[];river=0;riverMarkerImageHeight=0;riverMarkerImageWidth=0;riverMarkerSamples=0;riverMarkerX=0;riverMarkerY=0;total=138;
bridgeResolverEdgeStats	T064|T116	bridge=0;bridgePixels=[];river=0;riverMarkerImageHeight=0;riverMarkerImageWidth=0;riverMarkerSamples=0;riverMarkerX=0;riverMarkerY=0;total=73;
bridgeResolverEdgeStats	T065|T077	bridge=0;bridgePixels=[];river=0;riverMarkerImageHeight=0;riverMarkerImageWidth=0;riverMarkerSamples=0;riverMarkerX=0;riverMarkerY=0;total=232;
bridgeResolverEdgeStats	T065|T103	bridge=0;bridgePixels=[];river=0;riverMarkerImageHeight=0;riverMarkerImageWidth=0;riverMarkerSamples=0;riverMarkerX=0;riverMarkerY=0;total=213;
bridgeResolverEdgeStats	T065|T118	bridge=0;bridgePixels=[];river=0;riverMarkerImageHeight=0;riverMarkerImageWidth=0;riverMarkerSamples=0;riverMarkerX=0;riverMarkerY=0;total=207;
bridgeResolverEdgeStats	T066|T069	bridge=0;bridgePixels=[];river=3;riverMarkerImageHeight=4000;riverMarkerImageWidth=3200;riverMarkerSamples=3;riverMarkerX=4701;riverMarkerY=1800;total=28;
bridgeResolverEdgeStats	T066|T082	bridge=0;bridgePixels=[];river=5;riverMarkerImageHeight=4000;riverMarkerImageWidth=3200;riverMarkerSamples=5;riverMarkerX=7793;riverMarkerY=3024;total=134;
bridgeResolverEdgeStats	T066|T086	bridge=0;bridgePixels=[];river=3;riverMarkerImageHeight=4000;riverMarkerImageWidth=3200;riverMarkerSamples=3;riverMarkerX=4698;riverMarkerY=1815;total=3;
bridgeResolverEdgeStats	T067|T080	bridge=0;bridgePixels=[];river=0;riverMarkerImageHeight=0;riverMarkerImageWidth=0;riverMarkerSamples=0;riverMarkerX=0;riverMarkerY=0;total=10;
bridgeResolverEdgeStats	T067|T090	bridge=0;bridgePixels=[];river=14;riverMarkerImageHeight=4000;riverMarkerImageWidth=3200;riverMarkerSamples=14;riverMarkerX=10896;riverMarkerY=8704;total=217;
bridgeResolverEdgeStats	T067|T101	bridge=0;bridgePixels=[];river=106;riverMarkerImageHeight=4000;riverMarkerImageWidth=3200;riverMarkerSamples=106;riverMarkerX=76081;riverMarkerY=65678;total=106;
bridgeResolverEdgeStats	T067|T112	bridge=0;bridgePixels=[];river=117;riverMarkerImageHeight=4000;riverMarkerImageWidth=3200;riverMarkerSamples=117;riverMarkerX=87694;riverMarkerY=74469;total=117;
bridgeResolverEdgeStats	T069|T086	bridge=0;bridgePixels=[];river=167;riverMarkerImageHeight=4000;riverMarkerImageWidth=3200;riverMarkerSamples=167;riverMarkerX=269207;riverMarkerY=100647;total=167;
bridgeResolverEdgeStats	T070|T096	bridge=0;bridgePixels=[];river=4;riverMarkerImageHeight=4000;riverMarkerImageWidth=3200;riverMarkerSamples=4;riverMarkerX=2510;riverMarkerY=2471;total=4;
bridgeResolverEdgeStats	T072|T079	bridge=0;bridgePixels=[];river=82;riverMarkerImageHeight=4000;riverMarkerImageWidth=3200;riverMarkerSamples=82;riverMarkerX=103311;riverMarkerY=50307;total=82;
bridgeResolverEdgeStats	T072|T088	bridge=0;bridgePixels=[];river=5;riverMarkerImageHeight=4000;riverMarkerImageWidth=3200;riverMarkerSamples=5;riverMarkerX=6571;riverMarkerY=2946;total=69;
bridgeResolverEdgeStats	T072|T104	bridge=0;bridgePixels=[];river=13;riverMarkerImageHeight=4000;riverMarkerImageWidth=3200;riverMarkerSamples=13;riverMarkerX=16505;riverMarkerY=8213;total=57;
bridgeResolverEdgeStats	T074|T088	bridge=0;bridgePixels=[];river=191;riverMarkerImageHeight=4000;riverMarkerImageWidth=3200;riverMarkerSamples=191;riverMarkerX=261875;riverMarkerY=118179;total=191;
bridgeResolverEdgeStats	T074|T100	bridge=0;bridgePixels=[];river=38;riverMarkerImageHeight=4000;riverMarkerImageWidth=3200;riverMarkerSamples=38;riverMarkerX=53983;riverMarkerY=23909;total=38;
bridgeResolverEdgeStats	T075|T082	bridge=0;bridgePixels=[];river=10;riverMarkerImageHeight=4000;riverMarkerImageWidth=3200;riverMarkerSamples=10;riverMarkerX=14705;riverMarkerY=6058;total=10;
bridgeResolverEdgeStats	T075|T087	bridge=0;bridgePixels=[];river=17;riverMarkerImageHeight=4000;riverMarkerImageWidth=3200;riverMarkerSamples=17;riverMarkerX=24866;riverMarkerY=10399;total=17;
bridgeResolverEdgeStats	T075|T092	bridge=0;bridgePixels=[];river=10;riverMarkerImageHeight=4000;riverMarkerImageWidth=3200;riverMarkerSamples=10;riverMarkerX=14698;riverMarkerY=6097;total=10;
bridgeResolverEdgeStats	T076|T119	bridge=0;bridgePixels=[];river=175;riverMarkerImageHeight=4000;riverMarkerImageWidth=3200;riverMarkerSamples=175;riverMarkerX=97700;riverMarkerY=109208;total=175;
bridgeResolverEdgeStats	T076|T121	bridge=0;bridgePixels=[];river=152;riverMarkerImageHeight=4000;riverMarkerImageWidth=3200;riverMarkerSamples=152;riverMarkerX=76204;riverMarkerY=99435;total=152;
bridgeResolverEdgeStats	T077|T124	bridge=0;bridgePixels=[];river=0;riverMarkerImageHeight=0;riverMarkerImageWidth=0;riverMarkerSamples=0;riverMarkerX=0;riverMarkerY=0;total=308;
bridgeResolverEdgeStats	T078|T093	bridge=0;bridgePixels=[];river=0;riverMarkerImageHeight=0;riverMarkerImageWidth=0;riverMarkerSamples=0;riverMarkerX=0;riverMarkerY=0;total=153;
bridgeResolverEdgeStats	T078|T116	bridge=0;bridgePixels=[];river=0;riverMarkerImageHeight=0;riverMarkerImageWidth=0;riverMarkerSamples=0;riverMarkerX=0;riverMarkerY=0;total=132;
bridgeResolverEdgeStats	T078|T132	bridge=0;bridgePixels=[];river=0;riverMarkerImageHeight=0;riverMarkerImageWidth=0;riverMarkerSamples=0;riverMarkerX=0;riverMarkerY=0;total=67;
bridgeResolverEdgeStats	T079|T104	bridge=0;bridgePixels=[];river=18;riverMarkerImageHeight=4000;riverMarkerImageWidth=3200;riverMarkerSamples=18;riverMarkerX=22812;riverMarkerY=11482;total=18;
bridgeResolverEdgeStats	T079|T110	bridge=0;bridgePixels=[];river=61;riverMarkerImageHeight=4000;riverMarkerImageWidth=3200;riverMarkerSamples=61;riverMarkerX=76405;riverMarkerY=38760;total=61;
bridgeResolverEdgeStats	T080|T090	bridge=0;bridgePixels=[];river=22;riverMarkerImageHeight=4000;riverMarkerImageWidth=3200;riverMarkerSamples=22;riverMarkerX=17944;riverMarkerY=13799;total=117;
bridgeResolverEdgeStats	T080|T109	bridge=0;bridgePixels=[];river=111;riverMarkerImageHeight=4000;riverMarkerImageWidth=3200;riverMarkerSamples=111;riverMarkerX=92287;riverMarkerY=71911;total=111;
bridgeResolverEdgeStats	T080|T116	bridge=0;bridgePixels=[];river=9;riverMarkerImageHeight=4000;riverMarkerImageWidth=3200;riverMarkerSamples=9;riverMarkerX=7690;riverMarkerY=5836;total=25;
bridgeResolverEdgeStats	T081|T084	bridge=0;bridgePixels=[];river=0;riverMarkerImageHeight=0;riverMarkerImageWidth=0;riverMarkerSamples=0;riverMarkerX=0;riverMarkerY=0;total=1;
bridgeResolverEdgeStats	T081|T093	bridge=0;bridgePixels=[];river=7;riverMarkerImageHeight=4000;riverMarkerImageWidth=3200;riverMarkerSamples=7;riverMarkerX=7884;riverMarkerY=4586;total=210;
bridgeResolverEdgeStats	T081|T099	bridge=0;bridgePixels=[];river=144;riverMarkerImageHeight=4000;riverMarkerImageWidth=3200;riverMarkerSamples=144;riverMarkerX=167021;riverMarkerY=91173;total=144;
bridgeResolverEdgeStats	T082|T086	bridge=0;bridgePixels=[];river=12;riverMarkerImageHeight=4000;riverMarkerImageWidth=3200;riverMarkerSamples=12;riverMarkerX=18728;riverMarkerY=7338;total=12;
bridgeResolverEdgeStats	T082|T092	bridge=0;bridgePixels=[];river=66;riverMarkerImageHeight=4000;riverMarkerImageWidth=3200;riverMarkerSamples=66;riverMarkerX=98634;riverMarkerY=41080;total=66;
bridgeResolverEdgeStats	T082|T095	bridge=0;bridgePixels=[];river=11;riverMarkerImageHeight=4000;riverMarkerImageWidth=3200;riverMarkerSamples=11;riverMarkerX=16941;riverMarkerY=6880;total=62;
bridgeResolverEdgeStats	T082|T117	bridge=0;bridgePixels=[];river=1;riverMarkerImageHeight=4000;riverMarkerImageWidth=3200;riverMarkerSamples=1;riverMarkerX=1521;riverMarkerY=637;total=1;
bridgeResolverEdgeStats	T083|T107	bridge=0;bridgePixels=[];river=32;riverMarkerImageHeight=4000;riverMarkerImageWidth=3200;riverMarkerSamples=32;riverMarkerX=70423;riverMarkerY=21284;total=32;
bridgeResolverEdgeStats	T083|T114	bridge=0;bridgePixels=[];river=130;riverMarkerImageHeight=4000;riverMarkerImageWidth=3200;riverMarkerSamples=130;riverMarkerX=296174;riverMarkerY=84193;total=130;
bridgeResolverEdgeStats	T083|T184	bridge=0;bridgePixels=[];river=102;riverMarkerImageHeight=4000;riverMarkerImageWidth=3200;riverMarkerSamples=102;riverMarkerX=227088;riverMarkerY=69005;total=102;
bridgeResolverEdgeStats	T085|T086	bridge=0;bridgePixels=[];river=56;riverMarkerImageHeight=4000;riverMarkerImageWidth=3200;riverMarkerSamples=56;riverMarkerX=92480;riverMarkerY=34586;total=56;
bridgeResolverEdgeStats	T085|T097	bridge=0;bridgePixels=[];river=203;riverMarkerImageHeight=4000;riverMarkerImageWidth=3200;riverMarkerSamples=203;riverMarkerX=347487;riverMarkerY=127160;total=203;
bridgeResolverEdgeStats	T085|T098	bridge=0;bridgePixels=[];river=1;riverMarkerImageHeight=4000;riverMarkerImageWidth=3200;riverMarkerSamples=1;riverMarkerX=1654;riverMarkerY=630;total=1;
bridgeResolverEdgeStats	T086|T095	bridge=0;bridgePixels=[];river=64;riverMarkerImageHeight=4000;riverMarkerImageWidth=3200;riverMarkerSamples=64;riverMarkerX=101396;riverMarkerY=39842;total=64;
bridgeResolverEdgeStats	T086|T098	bridge=0;bridgePixels=[];river=85;riverMarkerImageHeight=4000;riverMarkerImageWidth=3200;riverMarkerSamples=85;riverMarkerX=138863;riverMarkerY=53608;total=85;
bridgeResolverEdgeStats	T086|T115	bridge=0;bridgePixels=[];river=10;riverMarkerImageHeight=4000;riverMarkerImageWidth=3200;riverMarkerSamples=10;riverMarkerX=16095;riverMarkerY=6280;total=10;
bridgeResolverEdgeStats	T087|T091	bridge=0;bridgePixels=[];river=39;riverMarkerImageHeight=4000;riverMarkerImageWidth=3200;riverMarkerSamples=39;riverMarkerX=56881;riverMarkerY=24208;total=39;
bridgeResolverEdgeStats	T087|T092	bridge=0;bridgePixels=[];river=19;riverMarkerImageHeight=4000;riverMarkerImageWidth=3200;riverMarkerSamples=19;riverMarkerX=27882;riverMarkerY=11708;total=19;
bridgeResolverEdgeStats	T088|T100	bridge=0;bridgePixels=[];river=12;riverMarkerImageHeight=4000;riverMarkerImageWidth=3200;riverMarkerSamples=12;riverMarkerX=16923;riverMarkerY=7604;total=12;
bridgeResolverEdgeStats	T088|T102	bridge=0;bridgePixels=[];river=24;riverMarkerImageHeight=4000;riverMarkerImageWidth=3200;riverMarkerSamples=24;riverMarkerX=33615;riverMarkerY=15440;total=127;
bridgeResolverEdgeStats	T088|T104	bridge=0;bridgePixels=[];river=0;riverMarkerImageHeight=0;riverMarkerImageWidth=0;riverMarkerSamples=0;riverMarkerX=0;riverMarkerY=0;total=18;
bridgeResolverEdgeStats	T088|T106	bridge=0;bridgePixels=[];river=0;riverMarkerImageHeight=0;riverMarkerImageWidth=0;riverMarkerSamples=0;riverMarkerX=0;riverMarkerY=0;total=75;
bridgeResolverEdgeStats	T089|T096	bridge=0;bridgePixels=[];river=7;riverMarkerImageHeight=4000;riverMarkerImageWidth=3200;riverMarkerSamples=7;riverMarkerX=4364;riverMarkerY=4346;total=7;
bridgeResolverEdgeStats	T089|T119	bridge=0;bridgePixels=[];river=9;riverMarkerImageHeight=4000;riverMarkerImageWidth=3200;riverMarkerSamples=9;riverMarkerX=5373;riverMarkerY=5672;total=9;
bridgeResolverEdgeStats	T090|T109	bridge=0;bridgePixels=[];river=72;riverMarkerImageHeight=4000;riverMarkerImageWidth=3200;riverMarkerSamples=72;riverMarkerX=57476;riverMarkerY=46941;total=122;
bridgeResolverEdgeStats	T090|T112	bridge=0;bridgePixels=[];river=13;riverMarkerImageHeight=4000;riverMarkerImageWidth=3200;riverMarkerSamples=13;riverMarkerX=10093;riverMarkerY=8204;total=146;
bridgeResolverEdgeStats	T090|T135	bridge=0;bridgePixels=[];river=0;riverMarkerImageHeight=0;riverMarkerImageWidth=0;riverMarkerSamples=0;riverMarkerX=0;riverMarkerY=0;total=26;
bridgeResolverEdgeStats	T091|T092	bridge=0;bridgePixels=[];river=23;riverMarkerImageHeight=4000;riverMarkerImageWidth=3200;riverMarkerSamples=23;riverMarkerX=33693;riverMarkerY=14430;total=23;
bridgeResolverEdgeStats	T091|T100	bridge=0;bridgePixels=[];river=36;riverMarkerImageHeight=4000;riverMarkerImageWidth=3200;riverMarkerSamples=36;riverMarkerX=52432;riverMarkerY=22796;total=36;
bridgeResolverEdgeStats	T092|T100	bridge=0;bridgePixels=[];river=34;riverMarkerImageHeight=4000;riverMarkerImageWidth=3200;riverMarkerSamples=34;riverMarkerX=49790;riverMarkerY=21869;total=34;
bridgeResolverEdgeStats	T092|T113	bridge=0;bridgePixels=[];river=11;riverMarkerImageHeight=4000;riverMarkerImageWidth=3200;riverMarkerSamples=11;riverMarkerX=16165;riverMarkerY=7155;total=11;
bridgeResolverEdgeStats	T092|T117	bridge=0;bridgePixels=[];river=97;riverMarkerImageHeight=4000;riverMarkerImageWidth=3200;riverMarkerSamples=97;riverMarkerX=145162;riverMarkerY=62523;total=97;
bridgeResolverEdgeStats	T093|T123	bridge=0;bridgePixels=[];river=89;riverMarkerImageHeight=4000;riverMarkerImageWidth=3200;riverMarkerSamples=89;riverMarkerX=98678;riverMarkerY=59757;total=89;
bridgeResolverEdgeStats	T093|T132	bridge=0;bridgePixels=[];river=0;riverMarkerImageHeight=0;riverMarkerImageWidth=0;riverMarkerSamples=0;riverMarkerX=0;riverMarkerY=0;total=190;
bridgeResolverEdgeStats	T093|T136	bridge=0;bridgePixels=[];river=35;riverMarkerImageHeight=4000;riverMarkerImageWidth=3200;riverMarkerSamples=35;riverMarkerX=38205;riverMarkerY=23861;total=126;
bridgeResolverEdgeStats	T094|T105	bridge=0;bridgePixels=[];river=14;riverMarkerImageHeight=4000;riverMarkerImageWidth=3200;riverMarkerSamples=14;riverMarkerX=37784;riverMarkerY=10084;total=340;
bridgeResolverEdgeStats	T094|T156	bridge=0;bridgePixels=[];river=584;riverMarkerImageHeight=4000;riverMarkerImageWidth=3200;riverMarkerSamples=584;riverMarkerX=1461102;riverMarkerY=390778;total=584;
bridgeResolverEdgeStats	T094|T191	bridge=0;bridgePixels=[];river=201;riverMarkerImageHeight=4000;riverMarkerImageWidth=3200;riverMarkerSamples=201;riverMarkerX=533187;riverMarkerY=142536;total=201;
bridgeResolverEdgeStats	T095|T115	bridge=0;bridgePixels=[];river=31;riverMarkerImageHeight=4000;riverMarkerImageWidth=3200;riverMarkerSamples=31;riverMarkerX=49656;riverMarkerY=19753;total=31;
bridgeResolverEdgeStats	T095|T117	bridge=0;bridgePixels=[];river=133;riverMarkerImageHeight=4000;riverMarkerImageWidth=3200;riverMarkerSamples=133;riverMarkerX=207393;riverMarkerY=86313;total=133;
bridgeResolverEdgeStats	T096|T101	bridge=0;bridgePixels=[];river=5;riverMarkerImageHeight=4000;riverMarkerImageWidth=3200;riverMarkerSamples=5;riverMarkerX=3190;riverMarkerY=3185;total=5;
bridgeResolverEdgeStats	T097|T098	bridge=0;bridgePixels=[];river=26;riverMarkerImageHeight=4000;riverMarkerImageWidth=3200;riverMarkerSamples=26;riverMarkerX=43005;riverMarkerY=16857;total=62;
bridgeResolverEdgeStats	T097|T103	bridge=0;bridgePixels=[];river=0;riverMarkerImageHeight=0;riverMarkerImageWidth=0;riverMarkerSamples=0;riverMarkerX=0;riverMarkerY=0;total=157;
bridgeResolverEdgeStats	T097|T125	bridge=0;bridgePixels=[];river=25;riverMarkerImageHeight=4000;riverMarkerImageWidth=3200;riverMarkerSamples=25;riverMarkerX=41486;riverMarkerY=16401;total=82;
bridgeResolverEdgeStats	T098|T115	bridge=0;bridgePixels=[];river=115;riverMarkerImageHeight=4000;riverMarkerImageWidth=3200;riverMarkerSamples=115;riverMarkerX=187580;riverMarkerY=74685;total=115;
bridgeResolverEdgeStats	T099|T123	bridge=0;bridgePixels=[];river=25;riverMarkerImageHeight=4000;riverMarkerImageWidth=3200;riverMarkerSamples=25;riverMarkerX=28429;riverMarkerY=16396;total=91;
bridgeResolverEdgeStats	T099|T130	bridge=0;bridgePixels=[];river=0;riverMarkerImageHeight=0;riverMarkerImageWidth=0;riverMarkerSamples=0;riverMarkerX=0;riverMarkerY=0;total=38;
bridgeResolverEdgeStats	T100|T102	bridge=0;bridgePixels=[];river=11;riverMarkerImageHeight=4000;riverMarkerImageWidth=3200;riverMarkerSamples=11;riverMarkerX=15548;riverMarkerY=7080;total=38;
bridgeResolverEdgeStats	T100|T111	bridge=0;bridgePixels=[];river=12;riverMarkerImageHeight=4000;riverMarkerImageWidth=3200;riverMarkerSamples=12;riverMarkerX=17164;riverMarkerY=7899;total=12;
bridgeResolverEdgeStats	T100|T113	bridge=0;bridgePixels=[];river=46;riverMarkerImageHeight=4000;riverMarkerImageWidth=3200;riverMarkerSamples=46;riverMarkerX=67381;riverMarkerY=30326;total=46;
bridgeResolverEdgeStats	T100|T120	bridge=0;bridgePixels=[];river=6;riverMarkerImageHeight=4000;riverMarkerImageWidth=3200;riverMarkerSamples=6;riverMarkerX=8787;riverMarkerY=4006;total=6;
bridgeResolverEdgeStats	T101|T108	bridge=0;bridgePixels=[];river=3;riverMarkerImageHeight=4000;riverMarkerImageWidth=3200;riverMarkerSamples=3;riverMarkerX=1935;riverMarkerY=2010;total=3;
bridgeResolverEdgeStats	T101|T112	bridge=0;bridgePixels=[];river=43;riverMarkerImageHeight=4000;riverMarkerImageWidth=3200;riverMarkerSamples=43;riverMarkerX=30782;riverMarkerY=28844;total=43;
bridgeResolverEdgeStats	T101|T119	bridge=0;bridgePixels=[];river=72;riverMarkerImageHeight=4000;riverMarkerImageWidth=3200;riverMarkerSamples=72;riverMarkerX=44347;riverMarkerY=52142;total=72;
bridgeResolverEdgeStats	T101|T168	bridge=0;bridgePixels=[];river=34;riverMarkerImageHeight=4000;riverMarkerImageWidth=3200;riverMarkerSamples=34;riverMarkerX=23555;riverMarkerY=23735;total=34;
bridgeResolverEdgeStats	T102|T106	bridge=0;bridgePixels=[];river=0;riverMarkerImageHeight=0;riverMarkerImageWidth=0;riverMarkerSamples=0;riverMarkerX=0;riverMarkerY=0;total=83;
bridgeResolverEdgeStats	T103|T118	bridge=0;bridgePixels=[];river=0;riverMarkerImageHeight=0;riverMarkerImageWidth=0;riverMarkerSamples=0;riverMarkerX=0;riverMarkerY=0;total=85;
bridgeResolverEdgeStats	T103|T125	bridge=0;bridgePixels=[];river=0;riverMarkerImageHeight=0;riverMarkerImageWidth=0;riverMarkerSamples=0;riverMarkerX=0;riverMarkerY=0;total=32;
bridgeResolverEdgeStats	T103|T163	bridge=0;bridgePixels=[];river=0;riverMarkerImageHeight=0;riverMarkerImageWidth=0;riverMarkerSamples=0;riverMarkerX=0;riverMarkerY=0;total=239;
bridgeResolverEdgeStats	T103|T165	bridge=0;bridgePixels=[];river=0;riverMarkerImageHeight=0;riverMarkerImageWidth=0;riverMarkerSamples=0;riverMarkerX=0;riverMarkerY=0;total=129;
bridgeResolverEdgeStats	T104|T106	bridge=0;bridgePixels=[];river=0;riverMarkerImageHeight=0;riverMarkerImageWidth=0;riverMarkerSamples=0;riverMarkerX=0;riverMarkerY=0;total=30;
bridgeResolverEdgeStats	T104|T110	bridge=0;bridgePixels=[];river=99;riverMarkerImageHeight=4000;riverMarkerImageWidth=3200;riverMarkerSamples=99;riverMarkerX=126085;riverMarkerY=66001;total=99;
bridgeResolverEdgeStats	T104|T122	bridge=0;bridgePixels=[];river=0;riverMarkerImageHeight=0;riverMarkerImageWidth=0;riverMarkerSamples=0;riverMarkerX=0;riverMarkerY=0;total=64;
bridgeResolverEdgeStats	T104|T197	bridge=0;bridgePixels=[];river=20;riverMarkerImageHeight=4000;riverMarkerImageWidth=3200;riverMarkerSamples=20;riverMarkerX=25742;riverMarkerY=13832;total=22;
bridgeResolverEdgeStats	T105|T191	bridge=0;bridgePixels=[];river=276;riverMarkerImageHeight=4000;riverMarkerImageWidth=3200;riverMarkerSamples=276;riverMarkerX=761304;riverMarkerY=205797;total=276;
bridgeResolverEdgeStats	T105|T227	bridge=0;bridgePixels=[];river=137;riverMarkerImageHeight=4000;riverMarkerImageWidth=3200;riverMarkerSamples=137;riverMarkerX=391542;riverMarkerY=104573;total=137;
bridgeResolverEdgeStats	T106|T122	bridge=0;bridgePixels=[];river=2;riverMarkerImageHeight=4000;riverMarkerImageWidth=3200;riverMarkerSamples=2;riverMarkerX=2648;riverMarkerY=1361;total=24;
bridgeResolverEdgeStats	T106|T128	bridge=0;bridgePixels=[];river=55;riverMarkerImageHeight=4000;riverMarkerImageWidth=3200;riverMarkerSamples=55;riverMarkerX=73573;riverMarkerY=37326;total=55;
bridgeResolverEdgeStats	T107|T124	bridge=0;bridgePixels=[];river=11;riverMarkerImageHeight=4000;riverMarkerImageWidth=3200;riverMarkerSamples=11;riverMarkerX=23560;riverMarkerY=7552;total=98;
bridgeResolverEdgeStats	T107|T184	bridge=0;bridgePixels=[];river=130;riverMarkerImageHeight=4000;riverMarkerImageWidth=3200;riverMarkerSamples=130;riverMarkerX=282186;riverMarkerY=88696;total=130;
bridgeResolverEdgeStats	T109|T116	bridge=0;bridgePixels=[];river=85;riverMarkerImageHeight=4000;riverMarkerImageWidth=3200;riverMarkerSamples=85;riverMarkerX=72895;riverMarkerY=56608;total=85;
bridgeResolverEdgeStats	T109|T126	bridge=0;bridgePixels=[];river=17;riverMarkerImageHeight=4000;riverMarkerImageWidth=3200;riverMarkerSamples=17;riverMarkerX=14270;riverMarkerY=11655;total=80;
bridgeResolverEdgeStats	T109|T131	bridge=0;bridgePixels=[];river=5;riverMarkerImageHeight=4000;riverMarkerImageWidth=3200;riverMarkerSamples=5;riverMarkerX=3996;riverMarkerY=3460;total=18;
bridgeResolverEdgeStats	T109|T134	bridge=0;bridgePixels=[];river=11;riverMarkerImageHeight=4000;riverMarkerImageWidth=3200;riverMarkerSamples=11;riverMarkerX=8730;riverMarkerY=7625;total=27;
bridgeResolverEdgeStats	T109|T135	bridge=0;bridgePixels=[];river=0;riverMarkerImageHeight=0;riverMarkerImageWidth=0;riverMarkerSamples=0;riverMarkerX=0;riverMarkerY=0;total=19;
bridgeResolverEdgeStats	T110|T174	bridge=0;bridgePixels=[];river=20;riverMarkerImageHeight=4000;riverMarkerImageWidth=3200;riverMarkerSamples=20;riverMarkerX=25518;riverMarkerY=13852;total=83;
bridgeResolverEdgeStats	T111|T128	bridge=0;bridgePixels=[];river=5;riverMarkerImageHeight=4000;riverMarkerImageWidth=3200;riverMarkerSamples=5;riverMarkerX=7150;riverMarkerY=3408;total=5;
bridgeResolverEdgeStats	T112|T135	bridge=0;bridgePixels=[];river=0;riverMarkerImageHeight=0;riverMarkerImageWidth=0;riverMarkerSamples=0;riverMarkerX=0;riverMarkerY=0;total=1;
bridgeResolverEdgeStats	T112|T168	bridge=0;bridgePixels=[];river=40;riverMarkerImageHeight=4000;riverMarkerImageWidth=3200;riverMarkerSamples=40;riverMarkerX=28758;riverMarkerY=27818;total=40;
bridgeResolverEdgeStats	T112|T176	bridge=0;bridgePixels=[];river=6;riverMarkerImageHeight=4000;riverMarkerImageWidth=3200;riverMarkerSamples=6;riverMarkerX=4392;riverMarkerY=4259;total=61;
bridgeResolverEdgeStats	T112|T181	bridge=0;bridgePixels=[];river=5;riverMarkerImageHeight=4000;riverMarkerImageWidth=3200;riverMarkerSamples=5;riverMarkerX=3638;riverMarkerY=3544;total=5;
bridgeResolverEdgeStats	T113|T117	bridge=0;bridgePixels=[];river=52;riverMarkerImageHeight=4000;riverMarkerImageWidth=3200;riverMarkerSamples=52;riverMarkerX=77102;riverMarkerY=35147;total=52;
bridgeResolverEdgeStats	T113|T120	bridge=0;bridgePixels=[];river=34;riverMarkerImageHeight=4000;riverMarkerImageWidth=3200;riverMarkerSamples=34;riverMarkerX=49941;riverMarkerY=23017;total=34;
bridgeResolverEdgeStats	T113|T128	bridge=0;bridgePixels=[];river=3;riverMarkerImageHeight=4000;riverMarkerImageWidth=3200;riverMarkerSamples=3;riverMarkerX=4421;riverMarkerY=2065;total=3;
bridgeResolverEdgeStats	T114|T184	bridge=0;bridgePixels=[];river=19;riverMarkerImageHeight=4000;riverMarkerImageWidth=3200;riverMarkerSamples=19;riverMarkerX=42693;riverMarkerY=12998;total=231;
bridgeResolverEdgeStats	T115|T117	bridge=0;bridgePixels=[];river=96;riverMarkerImageHeight=4000;riverMarkerImageWidth=3200;riverMarkerSamples=96;riverMarkerX=153343;riverMarkerY=64483;total=96;
bridgeResolverEdgeStats	T115|T125	bridge=0;bridgePixels=[];river=115;riverMarkerImageHeight=4000;riverMarkerImageWidth=3200;riverMarkerSamples=115;riverMarkerX=190409;riverMarkerY=78498;total=115;
bridgeResolverEdgeStats	T115|T162	bridge=0;bridgePixels=[];river=135;riverMarkerImageHeight=4000;riverMarkerImageWidth=3200;riverMarkerSamples=135;riverMarkerX=219554;riverMarkerY=94698;total=135;
bridgeResolverEdgeStats	T116|T126	bridge=0;bridgePixels=[];river=24;riverMarkerImageHeight=4000;riverMarkerImageWidth=3200;riverMarkerSamples=24;riverMarkerX=20241;riverMarkerY=16596;total=24;
bridgeResolverEdgeStats	T116|T132	bridge=0;bridgePixels=[];river=0;riverMarkerImageHeight=0;riverMarkerImageWidth=0;riverMarkerSamples=0;riverMarkerX=0;riverMarkerY=0;total=56;
bridgeResolverEdgeStats	T116|T139	bridge=0;bridgePixels=[];river=1;riverMarkerImageHeight=4000;riverMarkerImageWidth=3200;riverMarkerSamples=1;riverMarkerX=842;riverMarkerY=700;total=1;
bridgeResolverEdgeStats	T116|T140	bridge=0;bridgePixels=[];river=12;riverMarkerImageHeight=4000;riverMarkerImageWidth=3200;riverMarkerSamples=12;riverMarkerX=10155;riverMarkerY=8440;total=12;
bridgeResolverEdgeStats	T116|T143	bridge=0;bridgePixels=[];river=24;riverMarkerImageHeight=4000;riverMarkerImageWidth=3200;riverMarkerSamples=24;riverMarkerX=20568;riverMarkerY=16966;total=49;
bridgeResolverEdgeStats	T116|T144	bridge=0;bridgePixels=[];river=0;riverMarkerImageHeight=0;riverMarkerImageWidth=0;riverMarkerSamples=0;riverMarkerX=0;riverMarkerY=0;total=88;
bridgeResolverEdgeStats	T116|T145	bridge=0;bridgePixels=[];river=1;riverMarkerImageHeight=4000;riverMarkerImageWidth=3200;riverMarkerSamples=1;riverMarkerX=851;riverMarkerY=708;total=1;
bridgeResolverEdgeStats	T116|T164	bridge=0;bridgePixels=[];river=0;riverMarkerImageHeight=0;riverMarkerImageWidth=0;riverMarkerSamples=0;riverMarkerX=0;riverMarkerY=0;total=10;
bridgeResolverEdgeStats	T116|T170	bridge=0;bridgePixels=[];river=0;riverMarkerImageHeight=0;riverMarkerImageWidth=0;riverMarkerSamples=0;riverMarkerX=0;riverMarkerY=0;total=4;
bridgeResolverEdgeStats	T116|T171	bridge=0;bridgePixels=[];river=0;riverMarkerImageHeight=0;riverMarkerImageWidth=0;riverMarkerSamples=0;riverMarkerX=0;riverMarkerY=0;total=10;
bridgeResolverEdgeStats	T116|T186	bridge=0;bridgePixels=[];river=0;riverMarkerImageHeight=0;riverMarkerImageWidth=0;riverMarkerSamples=0;riverMarkerX=0;riverMarkerY=0;total=29;
bridgeResolverEdgeStats	T117|T128	bridge=0;bridgePixels=[];river=26;riverMarkerImageHeight=4000;riverMarkerImageWidth=3200;riverMarkerSamples=26;riverMarkerX=38500;riverMarkerY=18208;total=26;
bridgeResolverEdgeStats	T117|T153	bridge=0;bridgePixels=[];river=152;riverMarkerImageHeight=4000;riverMarkerImageWidth=3200;riverMarkerSamples=152;riverMarkerX=233957;riverMarkerY=106817;total=152;
bridgeResolverEdgeStats	T117|T162	bridge=0;bridgePixels=[];river=38;riverMarkerImageHeight=4000;riverMarkerImageWidth=3200;riverMarkerSamples=38;riverMarkerX=60077;riverMarkerY=26516;total=38;
bridgeResolverEdgeStats	T117|T193	bridge=0;bridgePixels=[];river=31;riverMarkerImageHeight=4000;riverMarkerImageWidth=3200;riverMarkerSamples=31;riverMarkerX=46313;riverMarkerY=22161;total=31;
bridgeResolverEdgeStats	T118|T124	bridge=0;bridgePixels=[];river=0;riverMarkerImageHeight=0;riverMarkerImageWidth=0;riverMarkerSamples=0;riverMarkerX=0;riverMarkerY=0;total=99;
bridgeResolverEdgeStats	T118|T163	bridge=0;bridgePixels=[];river=0;riverMarkerImageHeight=0;riverMarkerImageWidth=0;riverMarkerSamples=0;riverMarkerX=0;riverMarkerY=0;total=159;
bridgeResolverEdgeStats	T118|T172	bridge=0;bridgePixels=[];river=0;riverMarkerImageHeight=0;riverMarkerImageWidth=0;riverMarkerSamples=0;riverMarkerX=0;riverMarkerY=0;total=119;
bridgeResolverEdgeStats	T119|T121	bridge=0;bridgePixels=[];river=79;riverMarkerImageHeight=4000;riverMarkerImageWidth=3200;riverMarkerSamples=79;riverMarkerX=41861;riverMarkerY=54051;total=79;
bridgeResolverEdgeStats	T119|T161	bridge=0;bridgePixels=[];river=28;riverMarkerImageHeight=4000;riverMarkerImageWidth=3200;riverMarkerSamples=28;riverMarkerX=14785;riverMarkerY=19926;total=28;
bridgeResolverEdgeStats	T120|T128	bridge=0;bridgePixels=[];river=78;riverMarkerImageHeight=4000;riverMarkerImageWidth=3200;riverMarkerSamples=78;riverMarkerX=113572;riverMarkerY=53341;total=78;
bridgeResolverEdgeStats	T121|T161	bridge=0;bridgePixels=[];river=58;riverMarkerImageHeight=4000;riverMarkerImageWidth=3200;riverMarkerSamples=58;riverMarkerX=29622;riverMarkerY=41637;total=58;
bridgeResolverEdgeStats	T122|T128	bridge=0;bridgePixels=[];river=59;riverMarkerImageHeight=4000;riverMarkerImageWidth=3200;riverMarkerSamples=59;riverMarkerX=77892;riverMarkerY=41192;total=59;
bridgeResolverEdgeStats	T122|T155	bridge=0;bridgePixels=[];river=12;riverMarkerImageHeight=4000;riverMarkerImageWidth=3200;riverMarkerSamples=12;riverMarkerX=15824;riverMarkerY=8574;total=12;
bridgeResolverEdgeStats	T122|T197	bridge=0;bridgePixels=[];river=9;riverMarkerImageHeight=4000;riverMarkerImageWidth=3200;riverMarkerSamples=9;riverMarkerX=11853;riverMarkerY=6450;total=67;
bridgeResolverEdgeStats	T123|T130	bridge=0;bridgePixels=[];river=0;riverMarkerImageHeight=0;riverMarkerImageWidth=0;riverMarkerSamples=0;riverMarkerX=0;riverMarkerY=0;total=212;
bridgeResolverEdgeStats	T123|T142	bridge=0;bridgePixels=[];river=12;riverMarkerImageHeight=4000;riverMarkerImageWidth=3200;riverMarkerSamples=12;riverMarkerX=13176;riverMarkerY=8385;total=69;
bridgeResolverEdgeStats	T123|T185	bridge=0;bridgePixels=[];river=0;riverMarkerImageHeight=0;riverMarkerImageWidth=0;riverMarkerSamples=0;riverMarkerX=0;riverMarkerY=0;total=65;
bridgeResolverEdgeStats	T124|T172	bridge=0;bridgePixels=[];river=11;riverMarkerImageHeight=4000;riverMarkerImageWidth=3200;riverMarkerSamples=11;riverMarkerX=23097;riverMarkerY=8082;total=266;
bridgeResolverEdgeStats	T124|T184	bridge=0;bridgePixels=[];river=44;riverMarkerImageHeight=4000;riverMarkerImageWidth=3200;riverMarkerSamples=44;riverMarkerX=93829;riverMarkerY=30911;total=44;
bridgeResolverEdgeStats	T124|T192	bridge=0;bridgePixels=[];river=59;riverMarkerImageHeight=4000;riverMarkerImageWidth=3200;riverMarkerSamples=59;riverMarkerX=124870;riverMarkerY=42949;total=59;
bridgeResolverEdgeStats	T125|T162	bridge=0;bridgePixels=[];river=65;riverMarkerImageHeight=4000;riverMarkerImageWidth=3200;riverMarkerSamples=65;riverMarkerX=108467;riverMarkerY=47450;total=65;
bridgeResolverEdgeStats	T125|T165	bridge=0;bridgePixels=[];river=15;riverMarkerImageHeight=4000;riverMarkerImageWidth=3200;riverMarkerSamples=15;riverMarkerX=25182;riverMarkerY=11130;total=153;
bridgeResolverEdgeStats	T125|T198	bridge=0;bridgePixels=[];river=7;riverMarkerImageHeight=4000;riverMarkerImageWidth=3200;riverMarkerSamples=7;riverMarkerX=11725;riverMarkerY=5216;total=7;
bridgeResolverEdgeStats	T126|T131	bridge=0;bridgePixels=[];river=12;riverMarkerImageHeight=4000;riverMarkerImageWidth=3200;riverMarkerSamples=12;riverMarkerX=9816;riverMarkerY=8474;total=34;
bridgeResolverEdgeStats	T126|T139	bridge=0;bridgePixels=[];river=18;riverMarkerImageHeight=4000;riverMarkerImageWidth=3200;riverMarkerSamples=18;riverMarkerX=15003;riverMarkerY=12638;total=25;
bridgeResolverEdgeStats	T127|T133	bridge=0;bridgePixels=[];river=0;riverMarkerImageHeight=0;riverMarkerImageWidth=0;riverMarkerSamples=0;riverMarkerX=0;riverMarkerY=0;total=18;
bridgeResolverEdgeStats	T128|T138	bridge=0;bridgePixels=[];river=4;riverMarkerImageHeight=4000;riverMarkerImageWidth=3200;riverMarkerSamples=4;riverMarkerX=5890;riverMarkerY=2846;total=4;
bridgeResolverEdgeStats	T128|T155	bridge=0;bridgePixels=[];river=183;riverMarkerImageHeight=4000;riverMarkerImageWidth=3200;riverMarkerSamples=183;riverMarkerX=248368;riverMarkerY=130933;total=183;
bridgeResolverEdgeStats	T128|T159	bridge=0;bridgePixels=[];river=180;riverMarkerImageHeight=4000;riverMarkerImageWidth=3200;riverMarkerSamples=180;riverMarkerX=257692;riverMarkerY=127975;total=180;
bridgeResolverEdgeStats	T128|T193	bridge=0;bridgePixels=[];river=21;riverMarkerImageHeight=4000;riverMarkerImageWidth=3200;riverMarkerSamples=21;riverMarkerX=31076;riverMarkerY=14898;total=21;
bridgeResolverEdgeStats	T130|T141	bridge=0;bridgePixels=[];river=74;riverMarkerImageHeight=4000;riverMarkerImageWidth=3200;riverMarkerSamples=74;riverMarkerX=87879;riverMarkerY=52306;total=74;
bridgeResolverEdgeStats	T130|T147	bridge=0;bridgePixels=[];river=21;riverMarkerImageHeight=4000;riverMarkerImageWidth=3200;riverMarkerSamples=21;riverMarkerX=24446;riverMarkerY=15084;total=21;
bridgeResolverEdgeStats	T130|T185	bridge=0;bridgePixels=[];river=14;riverMarkerImageHeight=4000;riverMarkerImageWidth=3200;riverMarkerSamples=14;riverMarkerX=16104;riverMarkerY=10259;total=31;
bridgeResolverEdgeStats	T130|T188	bridge=0;bridgePixels=[];river=13;riverMarkerImageHeight=4000;riverMarkerImageWidth=3200;riverMarkerSamples=13;riverMarkerX=15053;riverMarkerY=9457;total=13;
bridgeResolverEdgeStats	T131|T134	bridge=0;bridgePixels=[];river=47;riverMarkerImageHeight=4000;riverMarkerImageWidth=3200;riverMarkerSamples=47;riverMarkerX=37682;riverMarkerY=33251;total=47;
bridgeResolverEdgeStats	T131|T139	bridge=0;bridgePixels=[];river=2;riverMarkerImageHeight=4000;riverMarkerImageWidth=3200;riverMarkerSamples=2;riverMarkerX=1644;riverMarkerY=1423;total=2;
bridgeResolverEdgeStats	T131|T146	bridge=0;bridgePixels=[];river=22;riverMarkerImageHeight=4000;riverMarkerImageWidth=3200;riverMarkerSamples=22;riverMarkerX=17960;riverMarkerY=15713;total=22;
bridgeResolverEdgeStats	T132|T136	bridge=0;bridgePixels=[];river=0;riverMarkerImageHeight=0;riverMarkerImageWidth=0;riverMarkerSamples=0;riverMarkerX=0;riverMarkerY=0;total=198;
bridgeResolverEdgeStats	T132|T149	bridge=0;bridgePixels=[];river=0;riverMarkerImageHeight=0;riverMarkerImageWidth=0;riverMarkerSamples=0;riverMarkerX=0;riverMarkerY=0;total=453;
bridgeResolverEdgeStats	T132|T171	bridge=0;bridgePixels=[];river=0;riverMarkerImageHeight=0;riverMarkerImageWidth=0;riverMarkerSamples=0;riverMarkerX=0;riverMarkerY=0;total=21;
bridgeResolverEdgeStats	T132|T187	bridge=0;bridgePixels=[];river=0;riverMarkerImageHeight=0;riverMarkerImageWidth=0;riverMarkerSamples=0;riverMarkerX=0;riverMarkerY=0;total=85;
bridgeResolverEdgeStats	T132|T200	bridge=0;bridgePixels=[];river=0;riverMarkerImageHeight=0;riverMarkerImageWidth=0;riverMarkerSamples=0;riverMarkerX=0;riverMarkerY=0;total=85;
bridgeResolverEdgeStats	T133|T141	bridge=0;bridgePixels=[];river=6;riverMarkerImageHeight=4000;riverMarkerImageWidth=3200;riverMarkerSamples=6;riverMarkerX=7228;riverMarkerY=4227;total=6;
bridgeResolverEdgeStats	T133|T174	bridge=0;bridgePixels=[];river=0;riverMarkerImageHeight=0;riverMarkerImageWidth=0;riverMarkerSamples=0;riverMarkerX=0;riverMarkerY=0;total=9;
bridgeResolverEdgeStats	T134|T135	bridge=0;bridgePixels=[];river=0;riverMarkerImageHeight=0;riverMarkerImageWidth=0;riverMarkerSamples=0;riverMarkerX=0;riverMarkerY=0;total=24;
bridgeResolverEdgeStats	T134|T146	bridge=0;bridgePixels=[];river=1;riverMarkerImageHeight=4000;riverMarkerImageWidth=3200;riverMarkerSamples=1;riverMarkerX=808;riverMarkerY=719;total=1;
bridgeResolverEdgeStats	T134|T148	bridge=0;bridgePixels=[];river=7;riverMarkerImageHeight=4000;riverMarkerImageWidth=3200;riverMarkerSamples=7;riverMarkerX=5593;riverMarkerY=5053;total=30;
bridgeResolverEdgeStats	T134|T150	bridge=0;bridgePixels=[];river=2;riverMarkerImageHeight=4000;riverMarkerImageWidth=3200;riverMarkerSamples=2;riverMarkerX=1614;riverMarkerY=1442;total=2;
bridgeResolverEdgeStats	T134|T160	bridge=0;bridgePixels=[];river=3;riverMarkerImageHeight=4000;riverMarkerImageWidth=3200;riverMarkerSamples=3;riverMarkerX=2409;riverMarkerY=2171;total=3;
bridgeResolverEdgeStats	T135|T148	bridge=0;bridgePixels=[];river=0;riverMarkerImageHeight=0;riverMarkerImageWidth=0;riverMarkerSamples=0;riverMarkerX=0;riverMarkerY=0;total=34;
bridgeResolverEdgeStats	T135|T176	bridge=0;bridgePixels=[];river=0;riverMarkerImageHeight=0;riverMarkerImageWidth=0;riverMarkerSamples=0;riverMarkerX=0;riverMarkerY=0;total=16;
bridgeResolverEdgeStats	T135|T180	bridge=0;bridgePixels=[];river=0;riverMarkerImageHeight=0;riverMarkerImageWidth=0;riverMarkerSamples=0;riverMarkerX=0;riverMarkerY=0;total=6;
bridgeResolverEdgeStats	T136|T142	bridge=0;bridgePixels=[];river=59;riverMarkerImageHeight=4000;riverMarkerImageWidth=3200;riverMarkerSamples=59;riverMarkerX=64208;riverMarkerY=41840;total=59;
bridgeResolverEdgeStats	T136|T185	bridge=0;bridgePixels=[];river=60;riverMarkerImageHeight=4000;riverMarkerImageWidth=3200;riverMarkerSamples=60;riverMarkerX=64962;riverMarkerY=44293;total=60;
bridgeResolverEdgeStats	T136|T200	bridge=0;bridgePixels=[];river=11;riverMarkerImageHeight=4000;riverMarkerImageWidth=3200;riverMarkerSamples=11;riverMarkerX=11847;riverMarkerY=8290;total=81;
bridgeResolverEdgeStats	T138|T193	bridge=0;bridgePixels=[];river=3;riverMarkerImageHeight=4000;riverMarkerImageWidth=3200;riverMarkerSamples=3;riverMarkerX=4421;riverMarkerY=2139;total=3;
bridgeResolverEdgeStats	T139|T140	bridge=0;bridgePixels=[];river=22;riverMarkerImageHeight=4000;riverMarkerImageWidth=3200;riverMarkerSamples=22;riverMarkerX=18403;riverMarkerY=15740;total=40;
bridgeResolverEdgeStats	T139|T146	bridge=0;bridgePixels=[];river=24;riverMarkerImageHeight=4000;riverMarkerImageWidth=3200;riverMarkerSamples=24;riverMarkerX=19741;riverMarkerY=17266;total=24;
bridgeResolverEdgeStats	T139|T158	bridge=0;bridgePixels=[];river=7;riverMarkerImageHeight=4000;riverMarkerImageWidth=3200;riverMarkerSamples=7;riverMarkerX=5768;riverMarkerY=5090;total=7;
bridgeResolverEdgeStats	T139|T167	bridge=0;bridgePixels=[];river=11;riverMarkerImageHeight=4000;riverMarkerImageWidth=3200;riverMarkerSamples=11;riverMarkerX=9143;riverMarkerY=7966;total=11;
bridgeResolverEdgeStats	T140|T145	bridge=0;bridgePixels=[];river=30;riverMarkerImageHeight=4000;riverMarkerImageWidth=3200;riverMarkerSamples=30;riverMarkerX=25541;riverMarkerY=21457;total=30;
bridgeResolverEdgeStats	T140|T152	bridge=0;bridgePixels=[];river=38;riverMarkerImageHeight=4000;riverMarkerImageWidth=3200;riverMarkerSamples=38;riverMarkerX=32033;riverMarkerY=27457;total=38;
bridgeResolverEdgeStats	T141|T147	bridge=0;bridgePixels=[];river=13;riverMarkerImageHeight=4000;riverMarkerImageWidth=3200;riverMarkerSamples=13;riverMarkerX=15209;riverMarkerY=9329;total=13;
bridgeResolverEdgeStats	T141|T188	bridge=0;bridgePixels=[];river=68;riverMarkerImageHeight=4000;riverMarkerImageWidth=3200;riverMarkerSamples=68;riverMarkerX=80603;riverMarkerY=49142;total=68;
bridgeResolverEdgeStats	T142|T185	bridge=0;bridgePixels=[];river=12;riverMarkerImageHeight=4000;riverMarkerImageWidth=3200;riverMarkerSamples=12;riverMarkerX=13062;riverMarkerY=8714;total=35;
bridgeResolverEdgeStats	T143|T145	bridge=0;bridgePixels=[];river=28;riverMarkerImageHeight=4000;riverMarkerImageWidth=3200;riverMarkerSamples=28;riverMarkerX=23989;riverMarkerY=20127;total=28;
bridgeResolverEdgeStats	T143|T166	bridge=0;bridgePixels=[];river=15;riverMarkerImageHeight=4000;riverMarkerImageWidth=3200;riverMarkerSamples=15;riverMarkerX=12855;riverMarkerY=10945;total=16;
bridgeResolverEdgeStats	T143|T170	bridge=0;bridgePixels=[];river=0;riverMarkerImageHeight=0;riverMarkerImageWidth=0;riverMarkerSamples=0;riverMarkerX=0;riverMarkerY=0;total=30;
bridgeResolverEdgeStats	T144|T157	bridge=0;bridgePixels=[];river=0;riverMarkerImageHeight=0;riverMarkerImageWidth=0;riverMarkerSamples=0;riverMarkerX=0;riverMarkerY=0;total=39;
bridgeResolverEdgeStats	T144|T164	bridge=0;bridgePixels=[];river=0;riverMarkerImageHeight=0;riverMarkerImageWidth=0;riverMarkerSamples=0;riverMarkerX=0;riverMarkerY=0;total=29;
bridgeResolverEdgeStats	T144|T171	bridge=0;bridgePixels=[];river=0;riverMarkerImageHeight=0;riverMarkerImageWidth=0;riverMarkerSamples=0;riverMarkerX=0;riverMarkerY=0;total=38;
bridgeResolverEdgeStats	T145|T152	bridge=0;bridgePixels=[];river=9;riverMarkerImageHeight=4000;riverMarkerImageWidth=3200;riverMarkerSamples=9;riverMarkerX=7656;riverMarkerY=6522;total=9;
bridgeResolverEdgeStats	T146|T150	bridge=0;bridgePixels=[];river=18;riverMarkerImageHeight=4000;riverMarkerImageWidth=3200;riverMarkerSamples=18;riverMarkerX=14648;riverMarkerY=13025;total=18;
bridgeResolverEdgeStats	T146|T158	bridge=0;bridgePixels=[];river=1;riverMarkerImageHeight=4000;riverMarkerImageWidth=3200;riverMarkerSamples=1;riverMarkerX=820;riverMarkerY=726;total=1;
bridgeResolverEdgeStats	T147|T188	bridge=0;bridgePixels=[];river=18;riverMarkerImageHeight=4000;riverMarkerImageWidth=3200;riverMarkerSamples=18;riverMarkerX=21002;riverMarkerY=13026;total=18;
bridgeResolverEdgeStats	T148|T179	bridge=0;bridgePixels=[];river=0;riverMarkerImageHeight=0;riverMarkerImageWidth=0;riverMarkerSamples=0;riverMarkerX=0;riverMarkerY=0;total=58;
bridgeResolverEdgeStats	T148|T180	bridge=0;bridgePixels=[];river=0;riverMarkerImageHeight=0;riverMarkerImageWidth=0;riverMarkerSamples=0;riverMarkerX=0;riverMarkerY=0;total=14;
bridgeResolverEdgeStats	T149|T171	bridge=0;bridgePixels=[];river=0;riverMarkerImageHeight=0;riverMarkerImageWidth=0;riverMarkerSamples=0;riverMarkerX=0;riverMarkerY=0;total=57;
bridgeResolverEdgeStats	T150|T158	bridge=0;bridgePixels=[];river=3;riverMarkerImageHeight=4000;riverMarkerImageWidth=3200;riverMarkerSamples=3;riverMarkerX=2451;riverMarkerY=2187;total=3;
bridgeResolverEdgeStats	T150|T160	bridge=0;bridgePixels=[];river=16;riverMarkerImageHeight=4000;riverMarkerImageWidth=3200;riverMarkerSamples=16;riverMarkerX=12968;riverMarkerY=11652;total=16;
bridgeResolverEdgeStats	T152|T167	bridge=0;bridgePixels=[];river=15;riverMarkerImageHeight=4000;riverMarkerImageWidth=3200;riverMarkerSamples=15;riverMarkerX=12539;riverMarkerY=10914;total=18;
bridgeResolverEdgeStats	T152|T169	bridge=0;bridgePixels=[];river=19;riverMarkerImageHeight=4000;riverMarkerImageWidth=3200;riverMarkerSamples=19;riverMarkerX=16106;riverMarkerY=13891;total=31;
bridgeResolverEdgeStats	T153|T162	bridge=0;bridgePixels=[];river=127;riverMarkerImageHeight=4000;riverMarkerImageWidth=3200;riverMarkerSamples=127;riverMarkerX=200132;riverMarkerY=92538;total=127;
bridgeResolverEdgeStats	T153|T193	bridge=0;bridgePixels=[];river=177;riverMarkerImageHeight=4000;riverMarkerImageWidth=3200;riverMarkerSamples=177;riverMarkerX=273086;riverMarkerY=132827;total=177;
bridgeResolverEdgeStats	T155|T159	bridge=0;bridgePixels=[];river=78;riverMarkerImageHeight=4000;riverMarkerImageWidth=3200;riverMarkerSamples=78;riverMarkerX=108962;riverMarkerY=56600;total=78;
bridgeResolverEdgeStats	T155|T190	bridge=0;bridgePixels=[];river=136;riverMarkerImageHeight=4000;riverMarkerImageWidth=3200;riverMarkerSamples=136;riverMarkerX=185195;riverMarkerY=101084;total=136;
bridgeResolverEdgeStats	T155|T197	bridge=0;bridgePixels=[];river=25;riverMarkerImageHeight=4000;riverMarkerImageWidth=3200;riverMarkerSamples=25;riverMarkerX=33068;riverMarkerY=18219;total=25;
bridgeResolverEdgeStats	T156|T191	bridge=0;bridgePixels=[];river=17;riverMarkerImageHeight=4000;riverMarkerImageWidth=3200;riverMarkerSamples=17;riverMarkerX=44355;riverMarkerY=12114;total=144;
bridgeResolverEdgeStats	T156|T222	bridge=0;bridgePixels=[];river=0;riverMarkerImageHeight=0;riverMarkerImageWidth=0;riverMarkerSamples=0;riverMarkerX=0;riverMarkerY=0;total=451;
bridgeResolverEdgeStats	T157|T164	bridge=0;bridgePixels=[];river=0;riverMarkerImageHeight=0;riverMarkerImageWidth=0;riverMarkerSamples=0;riverMarkerX=0;riverMarkerY=0;total=11;
bridgeResolverEdgeStats	T157|T171	bridge=0;bridgePixels=[];river=0;riverMarkerImageHeight=0;riverMarkerImageWidth=0;riverMarkerSamples=0;riverMarkerX=0;riverMarkerY=0;total=12;
bridgeResolverEdgeStats	T157|T173	bridge=0;bridgePixels=[];river=0;riverMarkerImageHeight=0;riverMarkerImageWidth=0;riverMarkerSamples=0;riverMarkerX=0;riverMarkerY=0;total=30;
bridgeResolverEdgeStats	T158|T160	bridge=0;bridgePixels=[];river=5;riverMarkerImageHeight=4000;riverMarkerImageWidth=3200;riverMarkerSamples=5;riverMarkerX=4079;riverMarkerY=3667;total=6;
bridgeResolverEdgeStats	T158|T167	bridge=0;bridgePixels=[];river=12;riverMarkerImageHeight=4000;riverMarkerImageWidth=3200;riverMarkerSamples=12;riverMarkerX=9911;riverMarkerY=8771;total=14;
bridgeResolverEdgeStats	T158|T175	bridge=0;bridgePixels=[];river=3;riverMarkerImageHeight=4000;riverMarkerImageWidth=3200;riverMarkerSamples=3;riverMarkerX=2454;riverMarkerY=2202;total=12;
bridgeResolverEdgeStats	T159|T190	bridge=0;bridgePixels=[];river=16;riverMarkerImageHeight=4000;riverMarkerImageWidth=3200;riverMarkerSamples=16;riverMarkerX=22371;riverMarkerY=11938;total=16;
bridgeResolverEdgeStats	T159|T193	bridge=0;bridgePixels=[];river=81;riverMarkerImageHeight=4000;riverMarkerImageWidth=3200;riverMarkerSamples=81;riverMarkerX=118974;riverMarkerY=59815;total=81;
bridgeResolverEdgeStats	T159|T194	bridge=0;bridgePixels=[];river=118;riverMarkerImageHeight=4000;riverMarkerImageWidth=3200;riverMarkerSamples=118;riverMarkerX=168645;riverMarkerY=88785;total=118;
bridgeResolverEdgeStats	T160|T175	bridge=0;bridgePixels=[];river=0;riverMarkerImageHeight=0;riverMarkerImageWidth=0;riverMarkerSamples=0;riverMarkerX=0;riverMarkerY=0;total=21;
bridgeResolverEdgeStats	T160|T179	bridge=0;bridgePixels=[];river=0;riverMarkerImageHeight=0;riverMarkerImageWidth=0;riverMarkerSamples=0;riverMarkerX=0;riverMarkerY=0;total=21;
bridgeResolverEdgeStats	T162|T193	bridge=0;bridgePixels=[];river=93;riverMarkerImageHeight=4000;riverMarkerImageWidth=3200;riverMarkerSamples=93;riverMarkerX=148934;riverMarkerY=70842;total=93;
bridgeResolverEdgeStats	T162|T195	bridge=0;bridgePixels=[];river=86;riverMarkerImageHeight=4000;riverMarkerImageWidth=3200;riverMarkerSamples=86;riverMarkerX=141061;riverMarkerY=66001;total=86;
bridgeResolverEdgeStats	T162|T198	bridge=0;bridgePixels=[];river=43;riverMarkerImageHeight=4000;riverMarkerImageWidth=3200;riverMarkerSamples=43;riverMarkerX=71611;riverMarkerY=32585;total=43;
bridgeResolverEdgeStats	T163|T165	bridge=0;bridgePixels=[];river=0;riverMarkerImageHeight=0;riverMarkerImageWidth=0;riverMarkerSamples=0;riverMarkerX=0;riverMarkerY=0;total=183;
bridgeResolverEdgeStats	T163|T172	bridge=0;bridgePixels=[];river=0;riverMarkerImageHeight=0;riverMarkerImageWidth=0;riverMarkerSamples=0;riverMarkerX=0;riverMarkerY=0;total=88;
bridgeResolverEdgeStats	T163|T199	bridge=0;bridgePixels=[];river=21;riverMarkerImageHeight=4000;riverMarkerImageWidth=3200;riverMarkerSamples=21;riverMarkerX=39864;riverMarkerY=17051;total=98;
bridgeResolverEdgeStats	T163|T201	bridge=0;bridgePixels=[];river=0;riverMarkerImageHeight=0;riverMarkerImageWidth=0;riverMarkerSamples=0;riverMarkerX=0;riverMarkerY=0;total=155;
bridgeResolverEdgeStats	T163|T215	bridge=0;bridgePixels=[];river=9;riverMarkerImageHeight=4000;riverMarkerImageWidth=3200;riverMarkerSamples=9;riverMarkerX=17023;riverMarkerY=7329;total=31;
bridgeResolverEdgeStats	T164|T173	bridge=0;bridgePixels=[];river=0;riverMarkerImageHeight=0;riverMarkerImageWidth=0;riverMarkerSamples=0;riverMarkerX=0;riverMarkerY=0;total=45;
bridgeResolverEdgeStats	T164|T186	bridge=0;bridgePixels=[];river=7;riverMarkerImageHeight=4000;riverMarkerImageWidth=3200;riverMarkerSamples=7;riverMarkerX=6283;riverMarkerY=5167;total=89;
bridgeResolverEdgeStats	T165|T198	bridge=0;bridgePixels=[];river=4;riverMarkerImageHeight=4000;riverMarkerImageWidth=3200;riverMarkerSamples=4;riverMarkerX=6718;riverMarkerY=2992;total=187;
bridgeResolverEdgeStats	T165|T201	bridge=0;bridgePixels=[];river=0;riverMarkerImageHeight=0;riverMarkerImageWidth=0;riverMarkerSamples=0;riverMarkerX=0;riverMarkerY=0;total=66;
bridgeResolverEdgeStats	T166|T169	bridge=0;bridgePixels=[];river=21;riverMarkerImageHeight=4000;riverMarkerImageWidth=3200;riverMarkerSamples=21;riverMarkerX=17885;riverMarkerY=15435;total=21;
bridgeResolverEdgeStats	T166|T170	bridge=0;bridgePixels=[];river=1;riverMarkerImageHeight=4000;riverMarkerImageWidth=3200;riverMarkerSamples=1;riverMarkerX=862;riverMarkerY=740;total=13;
bridgeResolverEdgeStats	T166|T177	bridge=0;bridgePixels=[];river=21;riverMarkerImageHeight=4000;riverMarkerImageWidth=3200;riverMarkerSamples=21;riverMarkerX=17997;riverMarkerY=15533;total=21;
bridgeResolverEdgeStats	T167|T169	bridge=0;bridgePixels=[];river=15;riverMarkerImageHeight=4000;riverMarkerImageWidth=3200;riverMarkerSamples=15;riverMarkerX=12566;riverMarkerY=11073;total=17;
bridgeResolverEdgeStats	T167|T175	bridge=0;bridgePixels=[];river=10;riverMarkerImageHeight=4000;riverMarkerImageWidth=3200;riverMarkerSamples=10;riverMarkerX=8263;riverMarkerY=7423;total=13;
bridgeResolverEdgeStats	T167|T182	bridge=0;bridgePixels=[];river=12;riverMarkerImageHeight=4000;riverMarkerImageWidth=3200;riverMarkerSamples=12;riverMarkerX=10015;riverMarkerY=8930;total=12;
bridgeResolverEdgeStats	T168|T181	bridge=0;bridgePixels=[];river=272;riverMarkerImageHeight=4000;riverMarkerImageWidth=3200;riverMarkerSamples=272;riverMarkerX=191414;riverMarkerY=201894;total=272;
bridgeResolverEdgeStats	T168|T202	bridge=0;bridgePixels=[];river=47;riverMarkerImageHeight=4000;riverMarkerImageWidth=3200;riverMarkerSamples=47;riverMarkerX=32884;riverMarkerY=36433;total=47;
bridgeResolverEdgeStats	T168|T206	bridge=0;bridgePixels=[];river=14;riverMarkerImageHeight=4000;riverMarkerImageWidth=3200;riverMarkerSamples=14;riverMarkerX=8996;riverMarkerY=10757;total=14;
bridgeResolverEdgeStats	T169|T178	bridge=0;bridgePixels=[];river=12;riverMarkerImageHeight=4000;riverMarkerImageWidth=3200;riverMarkerSamples=12;riverMarkerX=10175;riverMarkerY=8880;total=12;
bridgeResolverEdgeStats	T169|T182	bridge=0;bridgePixels=[];river=7;riverMarkerImageHeight=4000;riverMarkerImageWidth=3200;riverMarkerSamples=7;riverMarkerX=5885;riverMarkerY=5198;total=7;
bridgeResolverEdgeStats	T170|T177	bridge=0;bridgePixels=[];river=9;riverMarkerImageHeight=4000;riverMarkerImageWidth=3200;riverMarkerSamples=9;riverMarkerX=7743;riverMarkerY=6692;total=9;
bridgeResolverEdgeStats	T170|T183	bridge=0;bridgePixels=[];river=44;riverMarkerImageHeight=4000;riverMarkerImageWidth=3200;riverMarkerSamples=44;riverMarkerX=38507;riverMarkerY=32901;total=44;
bridgeResolverEdgeStats	T170|T186	bridge=0;bridgePixels=[];river=13;riverMarkerImageHeight=4000;riverMarkerImageWidth=3200;riverMarkerSamples=13;riverMarkerX=11512;riverMarkerY=9623;total=47;
bridgeResolverEdgeStats	T171|T173	bridge=0;bridgePixels=[];river=0;riverMarkerImageHeight=0;riverMarkerImageWidth=0;riverMarkerSamples=0;riverMarkerX=0;riverMarkerY=0;total=40;
bridgeResolverEdgeStats	T171|T187	bridge=0;bridgePixels=[];river=0;riverMarkerImageHeight=0;riverMarkerImageWidth=0;riverMarkerSamples=0;riverMarkerX=0;riverMarkerY=0;total=36;
bridgeResolverEdgeStats	T172|T192	bridge=0;bridgePixels=[];river=273;riverMarkerImageHeight=4000;riverMarkerImageWidth=3200;riverMarkerSamples=273;riverMarkerX=558274;riverMarkerY=208625;total=273;
bridgeResolverEdgeStats	T172|T199	bridge=0;bridgePixels=[];river=11;riverMarkerImageHeight=4000;riverMarkerImageWidth=3200;riverMarkerSamples=11;riverMarkerX=21845;riverMarkerY=8633;total=124;
bridgeResolverEdgeStats	T173|T187	bridge=0;bridgePixels=[];river=0;riverMarkerImageHeight=0;riverMarkerImageWidth=0;riverMarkerSamples=0;riverMarkerX=0;riverMarkerY=0;total=15;
bridgeResolverEdgeStats	T174|T197	bridge=0;bridgePixels=[];river=188;riverMarkerImageHeight=4000;riverMarkerImageWidth=3200;riverMarkerSamples=188;riverMarkerX=243587;riverMarkerY=139687;total=188;
bridgeResolverEdgeStats	T174|T207	bridge=0;bridgePixels=[];river=165;riverMarkerImageHeight=4000;riverMarkerImageWidth=3200;riverMarkerSamples=165;riverMarkerX=207764;riverMarkerY=129483;total=165;
bridgeResolverEdgeStats	T175|T179	bridge=0;bridgePixels=[];river=0;riverMarkerImageHeight=0;riverMarkerImageWidth=0;riverMarkerSamples=0;riverMarkerX=0;riverMarkerY=0;total=38;
bridgeResolverEdgeStats	T175|T189	bridge=0;bridgePixels=[];river=10;riverMarkerImageHeight=4000;riverMarkerImageWidth=3200;riverMarkerSamples=10;riverMarkerX=8255;riverMarkerY=7472;total=39;
bridgeResolverEdgeStats	T176|T180	bridge=0;bridgePixels=[];river=0;riverMarkerImageHeight=0;riverMarkerImageWidth=0;riverMarkerSamples=0;riverMarkerX=0;riverMarkerY=0;total=106;
bridgeResolverEdgeStats	T176|T181	bridge=0;bridgePixels=[];river=159;riverMarkerImageHeight=4000;riverMarkerImageWidth=3200;riverMarkerSamples=159;riverMarkerX=116381;riverMarkerY=118320;total=159;
bridgeResolverEdgeStats	T176|T205	bridge=0;bridgePixels=[];river=13;riverMarkerImageHeight=4000;riverMarkerImageWidth=3200;riverMarkerSamples=13;riverMarkerX=9501;riverMarkerY=10096;total=79;
bridgeResolverEdgeStats	T177|T178	bridge=0;bridgePixels=[];river=25;riverMarkerImageHeight=4000;riverMarkerImageWidth=3200;riverMarkerSamples=25;riverMarkerX=21323;riverMarkerY=18621;total=25;
bridgeResolverEdgeStats	T177|T183	bridge=0;bridgePixels=[];river=2;riverMarkerImageHeight=4000;riverMarkerImageWidth=3200;riverMarkerSamples=2;riverMarkerX=1717;riverMarkerY=1499;total=2;
bridgeResolverEdgeStats	T177|T189	bridge=0;bridgePixels=[];river=7;riverMarkerImageHeight=4000;riverMarkerImageWidth=3200;riverMarkerSamples=7;riverMarkerX=5994;riverMarkerY=5254;total=7;
bridgeResolverEdgeStats	T178|T182	bridge=0;bridgePixels=[];river=10;riverMarkerImageHeight=4000;riverMarkerImageWidth=3200;riverMarkerSamples=10;riverMarkerX=8463;riverMarkerY=7484;total=10;
bridgeResolverEdgeStats	T178|T189	bridge=0;bridgePixels=[];river=3;riverMarkerImageHeight=4000;riverMarkerImageWidth=3200;riverMarkerSamples=3;riverMarkerX=2556;riverMarkerY=2253;total=3;
bridgeResolverEdgeStats	T179|T180	bridge=0;bridgePixels=[];river=0;riverMarkerImageHeight=0;riverMarkerImageWidth=0;riverMarkerSamples=0;riverMarkerX=0;riverMarkerY=0;total=89;
bridgeResolverEdgeStats	T179|T189	bridge=0;bridgePixels=[];river=0;riverMarkerImageHeight=0;riverMarkerImageWidth=0;riverMarkerSamples=0;riverMarkerX=0;riverMarkerY=0;total=34;
bridgeResolverEdgeStats	T180|T189	bridge=0;bridgePixels=[];river=0;riverMarkerImageHeight=0;riverMarkerImageWidth=0;riverMarkerSamples=0;riverMarkerX=0;riverMarkerY=0;total=13;
bridgeResolverEdgeStats	T180|T205	bridge=0;bridgePixels=[];river=0;riverMarkerImageHeight=0;riverMarkerImageWidth=0;riverMarkerSamples=0;riverMarkerX=0;riverMarkerY=0;total=4;
bridgeResolverEdgeStats	T181|T202	bridge=0;bridgePixels=[];river=17;riverMarkerImageHeight=4000;riverMarkerImageWidth=3200;riverMarkerSamples=17;riverMarkerX=12166;riverMarkerY=13289;total=17;
bridgeResolverEdgeStats	T181|T205	bridge=0;bridgePixels=[];river=14;riverMarkerImageHeight=4000;riverMarkerImageWidth=3200;riverMarkerSamples=14;riverMarkerX=10138;riverMarkerY=10934;total=14;
bridgeResolverEdgeStats	T182|T189	bridge=0;bridgePixels=[];river=49;riverMarkerImageHeight=4000;riverMarkerImageWidth=3200;riverMarkerSamples=49;riverMarkerX=41100;riverMarkerY=37037;total=49;
bridgeResolverEdgeStats	T183|T186	bridge=0;bridgePixels=[];river=39;riverMarkerImageHeight=4000;riverMarkerImageWidth=3200;riverMarkerSamples=39;riverMarkerX=34589;riverMarkerY=29415;total=39;
bridgeResolverEdgeStats	T183|T189	bridge=0;bridgePixels=[];river=16;riverMarkerImageHeight=4000;riverMarkerImageWidth=3200;riverMarkerSamples=16;riverMarkerX=13792;riverMarkerY=12029;total=16;
bridgeResolverEdgeStats	T183|T196	bridge=0;bridgePixels=[];river=16;riverMarkerImageHeight=4000;riverMarkerImageWidth=3200;riverMarkerSamples=16;riverMarkerX=13988;riverMarkerY=12083;total=16;
bridgeResolverEdgeStats	T184|T192	bridge=0;bridgePixels=[];river=32;riverMarkerImageHeight=4000;riverMarkerImageWidth=3200;riverMarkerSamples=32;riverMarkerX=68599;riverMarkerY=24378;total=246;
bridgeResolverEdgeStats	T184|T210	bridge=0;bridgePixels=[];river=168;riverMarkerImageHeight=4000;riverMarkerImageWidth=3200;riverMarkerSamples=168;riverMarkerX=384194;riverMarkerY=134707;total=168;
bridgeResolverEdgeStats	T184|T219	bridge=0;bridgePixels=[];river=107;riverMarkerImageHeight=4000;riverMarkerImageWidth=3200;riverMarkerSamples=107;riverMarkerX=238033;riverMarkerY=88294;total=107;
bridgeResolverEdgeStats	T184|T224	bridge=0;bridgePixels=[];river=102;riverMarkerImageHeight=4000;riverMarkerImageWidth=3200;riverMarkerSamples=102;riverMarkerX=222067;riverMarkerY=83802;total=102;
bridgeResolverEdgeStats	T185|T188	bridge=0;bridgePixels=[];river=127;riverMarkerImageHeight=4000;riverMarkerImageWidth=3200;riverMarkerSamples=127;riverMarkerX=143443;riverMarkerY=96841;total=127;
bridgeResolverEdgeStats	T185|T200	bridge=0;bridgePixels=[];river=64;riverMarkerImageHeight=4000;riverMarkerImageWidth=3200;riverMarkerSamples=64;riverMarkerX=69174;riverMarkerY=49334;total=64;
bridgeResolverEdgeStats	T185|T208	bridge=0;bridgePixels=[];river=37;riverMarkerImageHeight=4000;riverMarkerImageWidth=3200;riverMarkerSamples=37;riverMarkerX=39859;riverMarkerY=29437;total=37;
bridgeResolverEdgeStats	T185|T217	bridge=0;bridgePixels=[];river=36;riverMarkerImageHeight=4000;riverMarkerImageWidth=3200;riverMarkerSamples=36;riverMarkerX=39154;riverMarkerY=28711;total=36;
bridgeResolverEdgeStats	T186|T187	bridge=0;bridgePixels=[];river=0;riverMarkerImageHeight=0;riverMarkerImageWidth=0;riverMarkerSamples=0;riverMarkerX=0;riverMarkerY=0;total=33;
bridgeResolverEdgeStats	T186|T196	bridge=0;bridgePixels=[];river=32;riverMarkerImageHeight=4000;riverMarkerImageWidth=3200;riverMarkerSamples=32;riverMarkerX=28275;riverMarkerY=24699;total=32;
bridgeResolverEdgeStats	T186|T200	bridge=0;bridgePixels=[];river=0;riverMarkerImageHeight=0;riverMarkerImageWidth=0;riverMarkerSamples=0;riverMarkerX=0;riverMarkerY=0;total=16;
bridgeResolverEdgeStats	T186|T203	bridge=0;bridgePixels=[];river=13;riverMarkerImageHeight=4000;riverMarkerImageWidth=3200;riverMarkerSamples=13;riverMarkerX=11647;riverMarkerY=10172;total=31;
bridgeResolverEdgeStats	T186|T204	bridge=0;bridgePixels=[];river=0;riverMarkerImageHeight=0;riverMarkerImageWidth=0;riverMarkerSamples=0;riverMarkerX=0;riverMarkerY=0;total=22;
bridgeResolverEdgeStats	T187|T200	bridge=0;bridgePixels=[];river=0;riverMarkerImageHeight=0;riverMarkerImageWidth=0;riverMarkerSamples=0;riverMarkerX=0;riverMarkerY=0;total=152;
bridgeResolverEdgeStats	T188|T217	bridge=0;bridgePixels=[];river=10;riverMarkerImageHeight=4000;riverMarkerImageWidth=3200;riverMarkerSamples=10;riverMarkerX=11027;riverMarkerY=7940;total=69;
bridgeResolverEdgeStats	T188|T218	bridge=0;bridgePixels=[];river=0;riverMarkerImageHeight=0;riverMarkerImageWidth=0;riverMarkerSamples=0;riverMarkerX=0;riverMarkerY=0;total=19;
bridgeResolverEdgeStats	T189|T196	bridge=0;bridgePixels=[];river=14;riverMarkerImageHeight=4000;riverMarkerImageWidth=3200;riverMarkerSamples=14;riverMarkerX=12141;riverMarkerY=10604;total=84;
bridgeResolverEdgeStats	T189|T205	bridge=0;bridgePixels=[];river=0;riverMarkerImageHeight=0;riverMarkerImageWidth=0;riverMarkerSamples=0;riverMarkerX=0;riverMarkerY=0;total=139;
bridgeResolverEdgeStats	T190|T194	bridge=0;bridgePixels=[];river=136;riverMarkerImageHeight=4000;riverMarkerImageWidth=3200;riverMarkerSamples=136;riverMarkerX=189927;riverMarkerY=105725;total=136;
bridgeResolverEdgeStats	T190|T197	bridge=0;bridgePixels=[];river=117;riverMarkerImageHeight=4000;riverMarkerImageWidth=3200;riverMarkerSamples=117;riverMarkerX=156773;riverMarkerY=90922;total=117;
bridgeResolverEdgeStats	T190|T212	bridge=0;bridgePixels=[];river=98;riverMarkerImageHeight=4000;riverMarkerImageWidth=3200;riverMarkerSamples=98;riverMarkerX=134461;riverMarkerY=78921;total=98;
bridgeResolverEdgeStats	T191|T222	bridge=0;bridgePixels=[];river=15;riverMarkerImageHeight=4000;riverMarkerImageWidth=3200;riverMarkerSamples=15;riverMarkerX=40209;riverMarkerY=12919;total=274;
bridgeResolverEdgeStats	T191|T227	bridge=0;bridgePixels=[];river=221;riverMarkerImageHeight=4000;riverMarkerImageWidth=3200;riverMarkerSamples=221;riverMarkerX=611668;riverMarkerY=177406;total=221;
bridgeResolverEdgeStats	T191|T269	bridge=0;bridgePixels=[];river=114;riverMarkerImageHeight=4000;riverMarkerImageWidth=3200;riverMarkerSamples=114;riverMarkerX=307940;riverMarkerY=96036;total=114;
bridgeResolverEdgeStats	T192|T199	bridge=0;bridgePixels=[];river=14;riverMarkerImageHeight=4000;riverMarkerImageWidth=3200;riverMarkerSamples=14;riverMarkerX=27786;riverMarkerY=11126;total=14;
bridgeResolverEdgeStats	T192|T213	bridge=0;bridgePixels=[];river=23;riverMarkerImageHeight=4000;riverMarkerImageWidth=3200;riverMarkerSamples=23;riverMarkerX=45700;riverMarkerY=18502;total=23;
bridgeResolverEdgeStats	T192|T214	bridge=0;bridgePixels=[];river=137;riverMarkerImageHeight=4000;riverMarkerImageWidth=3200;riverMarkerSamples=137;riverMarkerX=278203;riverMarkerY=110039;total=137;
bridgeResolverEdgeStats	T192|T224	bridge=0;bridgePixels=[];river=220;riverMarkerImageHeight=4000;riverMarkerImageWidth=3200;riverMarkerSamples=220;riverMarkerX=464779;riverMarkerY=177495;total=220;
bridgeResolverEdgeStats	T193|T194	bridge=0;bridgePixels=[];river=56;riverMarkerImageHeight=4000;riverMarkerImageWidth=3200;riverMarkerSamples=56;riverMarkerX=81989;riverMarkerY=43799;total=56;
bridgeResolverEdgeStats	T193|T195	bridge=0;bridgePixels=[];river=17;riverMarkerImageHeight=4000;riverMarkerImageWidth=3200;riverMarkerSamples=17;riverMarkerX=27522;riverMarkerY=13064;total=54;
bridgeResolverEdgeStats	T193|T211	bridge=0;bridgePixels=[];river=2;riverMarkerImageHeight=4000;riverMarkerImageWidth=3200;riverMarkerSamples=2;riverMarkerX=2940;riverMarkerY=1606;total=2;
bridgeResolverEdgeStats	T193|T242	bridge=0;bridgePixels=[];river=6;riverMarkerImageHeight=4000;riverMarkerImageWidth=3200;riverMarkerSamples=6;riverMarkerX=8844;riverMarkerY=4823;total=287;
bridgeResolverEdgeStats	T193|T243	bridge=0;bridgePixels=[];river=0;riverMarkerImageHeight=0;riverMarkerImageWidth=0;riverMarkerSamples=0;riverMarkerX=0;riverMarkerY=0;total=88;
bridgeResolverEdgeStats	T194|T211	bridge=0;bridgePixels=[];river=66;riverMarkerImageHeight=4000;riverMarkerImageWidth=3200;riverMarkerSamples=66;riverMarkerX=95304;riverMarkerY=53115;total=66;
bridgeResolverEdgeStats	T194|T212	bridge=0;bridgePixels=[];river=62;riverMarkerImageHeight=4000;riverMarkerImageWidth=3200;riverMarkerSamples=62;riverMarkerX=87332;riverMarkerY=49937;total=62;
bridgeResolverEdgeStats	T195|T198	bridge=0;bridgePixels=[];river=35;riverMarkerImageHeight=4000;riverMarkerImageWidth=3200;riverMarkerSamples=35;riverMarkerX=58291;riverMarkerY=27516;total=35;
bridgeResolverEdgeStats	T195|T243	bridge=0;bridgePixels=[];river=16;riverMarkerImageHeight=4000;riverMarkerImageWidth=3200;riverMarkerSamples=16;riverMarkerX=26650;riverMarkerY=12766;total=81;
bridgeResolverEdgeStats	T196|T203	bridge=0;bridgePixels=[];river=54;riverMarkerImageHeight=4000;riverMarkerImageWidth=3200;riverMarkerSamples=54;riverMarkerX=47870;riverMarkerY=42972;total=54;
bridgeResolverEdgeStats	T196|T205	bridge=0;bridgePixels=[];river=25;riverMarkerImageHeight=4000;riverMarkerImageWidth=3200;riverMarkerSamples=25;riverMarkerX=21806;riverMarkerY=20124;total=84;
bridgeResolverEdgeStats	T197|T207	bridge=0;bridgePixels=[];river=97;riverMarkerImageHeight=4000;riverMarkerImageWidth=3200;riverMarkerSamples=97;riverMarkerX=125915;riverMarkerY=79051;total=97;
bridgeResolverEdgeStats	T197|T212	bridge=0;bridgePixels=[];river=54;riverMarkerImageHeight=4000;riverMarkerImageWidth=3200;riverMarkerSamples=54;riverMarkerX=73042;riverMarkerY=44406;total=54;
bridgeResolverEdgeStats	T197|T246	bridge=0;bridgePixels=[];river=32;riverMarkerImageHeight=4000;riverMarkerImageWidth=3200;riverMarkerSamples=32;riverMarkerX=43151;riverMarkerY=27121;total=32;
bridgeResolverEdgeStats	T197|T250	bridge=0;bridgePixels=[];river=23;riverMarkerImageHeight=4000;riverMarkerImageWidth=3200;riverMarkerSamples=23;riverMarkerX=30083;riverMarkerY=19438;total=113;
bridgeResolverEdgeStats	T198|T201	bridge=0;bridgePixels=[];river=0;riverMarkerImageHeight=0;riverMarkerImageWidth=0;riverMarkerSamples=0;riverMarkerX=0;riverMarkerY=0;total=47;
bridgeResolverEdgeStats	T198|T209	bridge=0;bridgePixels=[];river=15;riverMarkerImageHeight=4000;riverMarkerImageWidth=3200;riverMarkerSamples=15;riverMarkerX=25353;riverMarkerY=12439;total=143;
bridgeResolverEdgeStats	T198|T226	bridge=0;bridgePixels=[];river=1;riverMarkerImageHeight=4000;riverMarkerImageWidth=3200;riverMarkerSamples=1;riverMarkerX=1682;riverMarkerY=832;total=1;
bridgeResolverEdgeStats	T198|T243	bridge=0;bridgePixels=[];river=73;riverMarkerImageHeight=4000;riverMarkerImageWidth=3200;riverMarkerSamples=73;riverMarkerX=121875;riverMarkerY=59275;total=73;
bridgeResolverEdgeStats	T199|T213	bridge=0;bridgePixels=[];river=169;riverMarkerImageHeight=4000;riverMarkerImageWidth=3200;riverMarkerSamples=169;riverMarkerX=328288;riverMarkerY=136420;total=169;
bridgeResolverEdgeStats	T200|T204	bridge=0;bridgePixels=[];river=0;riverMarkerImageHeight=0;riverMarkerImageWidth=0;riverMarkerSamples=0;riverMarkerX=0;riverMarkerY=0;total=87;
bridgeResolverEdgeStats	T200|T208	bridge=0;bridgePixels=[];river=13;riverMarkerImageHeight=4000;riverMarkerImageWidth=3200;riverMarkerSamples=13;riverMarkerX=13966;riverMarkerY=10224;total=210;
bridgeResolverEdgeStats	T200|T228	bridge=0;bridgePixels=[];river=0;riverMarkerImageHeight=0;riverMarkerImageWidth=0;riverMarkerSamples=0;riverMarkerX=0;riverMarkerY=0;total=45;
bridgeResolverEdgeStats	T200|T229	bridge=0;bridgePixels=[];river=0;riverMarkerImageHeight=0;riverMarkerImageWidth=0;riverMarkerSamples=0;riverMarkerX=0;riverMarkerY=0;total=49;
bridgeResolverEdgeStats	T201|T215	bridge=0;bridgePixels=[];river=0;riverMarkerImageHeight=0;riverMarkerImageWidth=0;riverMarkerSamples=0;riverMarkerX=0;riverMarkerY=0;total=108;
bridgeResolverEdgeStats	T201|T216	bridge=0;bridgePixels=[];river=0;riverMarkerImageHeight=0;riverMarkerImageWidth=0;riverMarkerSamples=0;riverMarkerX=0;riverMarkerY=0;total=83;
bridgeResolverEdgeStats	T202|T205	bridge=0;bridgePixels=[];river=103;riverMarkerImageHeight=4000;riverMarkerImageWidth=3200;riverMarkerSamples=103;riverMarkerX=74185;riverMarkerY=82875;total=103;
bridgeResolverEdgeStats	T203|T204	bridge=0;bridgePixels=[];river=0;riverMarkerImageHeight=0;riverMarkerImageWidth=0;riverMarkerSamples=0;riverMarkerX=0;riverMarkerY=0;total=50;
bridgeResolverEdgeStats	T203|T205	bridge=0;bridgePixels=[];river=13;riverMarkerImageHeight=4000;riverMarkerImageWidth=3200;riverMarkerSamples=13;riverMarkerX=11346;riverMarkerY=10551;total=13;
bridgeResolverEdgeStats	T203|T228	bridge=0;bridgePixels=[];river=17;riverMarkerImageHeight=4000;riverMarkerImageWidth=3200;riverMarkerSamples=17;riverMarkerX=14788;riverMarkerY=13948;total=65;
bridgeResolverEdgeStats	T204|T228	bridge=0;bridgePixels=[];river=0;riverMarkerImageHeight=0;riverMarkerImageWidth=0;riverMarkerSamples=0;riverMarkerX=0;riverMarkerY=0;total=81;
bridgeResolverEdgeStats	T205|T228	bridge=0;bridgePixels=[];river=111;riverMarkerImageHeight=4000;riverMarkerImageWidth=3200;riverMarkerSamples=111;riverMarkerX=92979;riverMarkerY=92702;total=111;
bridgeResolverEdgeStats	T205|T230	bridge=0;bridgePixels=[];river=6;riverMarkerImageHeight=4000;riverMarkerImageWidth=3200;riverMarkerSamples=6;riverMarkerX=4825;riverMarkerY=5108;total=78;
bridgeResolverEdgeStats	T206|T245	bridge=0;bridgePixels=[];river=113;riverMarkerImageHeight=4000;riverMarkerImageWidth=3200;riverMarkerSamples=113;riverMarkerX=67751;riverMarkerY=95107;total=113;
bridgeResolverEdgeStats	T207|T231	bridge=0;bridgePixels=[];river=0;riverMarkerImageHeight=0;riverMarkerImageWidth=0;riverMarkerSamples=0;riverMarkerX=0;riverMarkerY=0;total=69;
bridgeResolverEdgeStats	T207|T237	bridge=0;bridgePixels=[];river=5;riverMarkerImageHeight=4000;riverMarkerImageWidth=3200;riverMarkerSamples=5;riverMarkerX=6365;riverMarkerY=4288;total=64;
bridgeResolverEdgeStats	T207|T250	bridge=0;bridgePixels=[];river=30;riverMarkerImageHeight=4000;riverMarkerImageWidth=3200;riverMarkerSamples=30;riverMarkerX=38617;riverMarkerY=25502;total=30;
bridgeResolverEdgeStats	T208|T217	bridge=0;bridgePixels=[];river=93;riverMarkerImageHeight=4000;riverMarkerImageWidth=3200;riverMarkerSamples=93;riverMarkerX=96646;riverMarkerY=77020;total=93;
bridgeResolverEdgeStats	T208|T229	bridge=0;bridgePixels=[];river=5;riverMarkerImageHeight=4000;riverMarkerImageWidth=3200;riverMarkerSamples=5;riverMarkerX=4980;riverMarkerY=4265;total=39;
bridgeResolverEdgeStats	T208|T240	bridge=0;bridgePixels=[];river=1;riverMarkerImageHeight=4000;riverMarkerImageWidth=3200;riverMarkerSamples=1;riverMarkerX=1001;riverMarkerY=855;total=1;
bridgeResolverEdgeStats	T209|T216	bridge=0;bridgePixels=[];river=9;riverMarkerImageHeight=4000;riverMarkerImageWidth=3200;riverMarkerSamples=9;riverMarkerX=15932;riverMarkerY=7419;total=19;
bridgeResolverEdgeStats	T209|T226	bridge=0;bridgePixels=[];river=173;riverMarkerImageHeight=4000;riverMarkerImageWidth=3200;riverMarkerSamples=173;riverMarkerX=298913;riverMarkerY=143775;total=173;
bridgeResolverEdgeStats	T210|T219	bridge=0;bridgePixels=[];river=18;riverMarkerImageHeight=4000;riverMarkerImageWidth=3200;riverMarkerSamples=18;riverMarkerX=40603;riverMarkerY=14660;total=101;
bridgeResolverEdgeStats	T210|T236	bridge=0;bridgePixels=[];river=0;riverMarkerImageHeight=0;riverMarkerImageWidth=0;riverMarkerSamples=0;riverMarkerX=0;riverMarkerY=0;total=178;
bridgeResolverEdgeStats	T211|T212	bridge=0;bridgePixels=[];river=57;riverMarkerImageHeight=4000;riverMarkerImageWidth=3200;riverMarkerSamples=57;riverMarkerX=81135;riverMarkerY=47141;total=57;
bridgeResolverEdgeStats	T211|T238	bridge=0;bridgePixels=[];river=69;riverMarkerImageHeight=4000;riverMarkerImageWidth=3200;riverMarkerSamples=69;riverMarkerX=100863;riverMarkerY=58334;total=69;
bridgeResolverEdgeStats	T211|T242	bridge=0;bridgePixels=[];river=70;riverMarkerImageHeight=4000;riverMarkerImageWidth=3200;riverMarkerSamples=70;riverMarkerX=103197;riverMarkerY=57940;total=70;
bridgeResolverEdgeStats	T212|T238	bridge=0;bridgePixels=[];river=48;riverMarkerImageHeight=4000;riverMarkerImageWidth=3200;riverMarkerSamples=48;riverMarkerX=68577;riverMarkerY=40693;total=48;
bridgeResolverEdgeStats	T212|T246	bridge=0;bridgePixels=[];river=148;riverMarkerImageHeight=4000;riverMarkerImageWidth=3200;riverMarkerSamples=148;riverMarkerX=205139;riverMarkerY=124800;total=148;
bridgeResolverEdgeStats	T213|T214	bridge=0;bridgePixels=[];river=16;riverMarkerImageHeight=4000;riverMarkerImageWidth=3200;riverMarkerSamples=16;riverMarkerX=31864;riverMarkerY=13004;total=124;
bridgeResolverEdgeStats	T213|T225	bridge=0;bridgePixels=[];river=11;riverMarkerImageHeight=4000;riverMarkerImageWidth=3200;riverMarkerSamples=11;riverMarkerX=20931;riverMarkerY=9037;total=43;
bridgeResolverEdgeStats	T213|T244	bridge=0;bridgePixels=[];river=0;riverMarkerImageHeight=0;riverMarkerImageWidth=0;riverMarkerSamples=0;riverMarkerX=0;riverMarkerY=0;total=114;
bridgeResolverEdgeStats	T214|T224	bridge=0;bridgePixels=[];river=12;riverMarkerImageHeight=4000;riverMarkerImageWidth=3200;riverMarkerSamples=12;riverMarkerX=24719;riverMarkerY=9741;total=167;
bridgeResolverEdgeStats	T214|T244	bridge=0;bridgePixels=[];river=0;riverMarkerImageHeight=0;riverMarkerImageWidth=0;riverMarkerSamples=0;riverMarkerX=0;riverMarkerY=0;total=28;
bridgeResolverEdgeStats	T214|T259	bridge=0;bridgePixels=[];river=0;riverMarkerImageHeight=0;riverMarkerImageWidth=0;riverMarkerSamples=0;riverMarkerX=0;riverMarkerY=0;total=53;
bridgeResolverEdgeStats	T214|T263	bridge=0;bridgePixels=[];river=0;riverMarkerImageHeight=0;riverMarkerImageWidth=0;riverMarkerSamples=0;riverMarkerX=0;riverMarkerY=0;total=2;
bridgeResolverEdgeStats	T215|T216	bridge=0;bridgePixels=[];river=5;riverMarkerImageHeight=4000;riverMarkerImageWidth=3200;riverMarkerSamples=5;riverMarkerX=9138;riverMarkerY=4280;total=17;
bridgeResolverEdgeStats	T215|T225	bridge=0;bridgePixels=[];river=46;riverMarkerImageHeight=4000;riverMarkerImageWidth=3200;riverMarkerSamples=46;riverMarkerX=86990;riverMarkerY=38271;total=46;
bridgeResolverEdgeStats	T216|T226	bridge=0;bridgePixels=[];river=46;riverMarkerImageHeight=4000;riverMarkerImageWidth=3200;riverMarkerSamples=46;riverMarkerX=81954;riverMarkerY=38711;total=46;
bridgeResolverEdgeStats	T217|T218	bridge=0;bridgePixels=[];river=6;riverMarkerImageHeight=4000;riverMarkerImageWidth=3200;riverMarkerSamples=6;riverMarkerX=6614;riverMarkerY=5265;total=132;
bridgeResolverEdgeStats	T217|T240	bridge=0;bridgePixels=[];river=55;riverMarkerImageHeight=4000;riverMarkerImageWidth=3200;riverMarkerSamples=55;riverMarkerX=56834;riverMarkerY=47991;total=107;
bridgeResolverEdgeStats	T217|T252	bridge=0;bridgePixels=[];river=126;riverMarkerImageHeight=4000;riverMarkerImageWidth=3200;riverMarkerSamples=126;riverMarkerX=135850;riverMarkerY=111838;total=126;
bridgeResolverEdgeStats	T218|T239	bridge=0;bridgePixels=[];river=40;riverMarkerImageHeight=4000;riverMarkerImageWidth=3200;riverMarkerSamples=40;riverMarkerX=44839;riverMarkerY=34841;total=40;
bridgeResolverEdgeStats	T219|T224	bridge=0;bridgePixels=[];river=17;riverMarkerImageHeight=4000;riverMarkerImageWidth=3200;riverMarkerSamples=17;riverMarkerX=37390;riverMarkerY=14125;total=67;
bridgeResolverEdgeStats	T219|T236	bridge=0;bridgePixels=[];river=0;riverMarkerImageHeight=0;riverMarkerImageWidth=0;riverMarkerSamples=0;riverMarkerX=0;riverMarkerY=0;total=5;
bridgeResolverEdgeStats	T219|T254	bridge=0;bridgePixels=[];river=0;riverMarkerImageHeight=0;riverMarkerImageWidth=0;riverMarkerSamples=0;riverMarkerX=0;riverMarkerY=0;total=166;
bridgeResolverEdgeStats	T222|T260	bridge=0;bridgePixels=[];river=1;riverMarkerImageHeight=4000;riverMarkerImageWidth=3200;riverMarkerSamples=1;riverMarkerX=2456;riverMarkerY=930;total=1;
bridgeResolverEdgeStats	T222|T269	bridge=0;bridgePixels=[];river=540;riverMarkerImageHeight=4000;riverMarkerImageWidth=3200;riverMarkerSamples=540;riverMarkerX=1387294;riverMarkerY=485020;total=540;
bridgeResolverEdgeStats	T224|T251	bridge=0;bridgePixels=[];river=0;riverMarkerImageHeight=0;riverMarkerImageWidth=0;riverMarkerSamples=0;riverMarkerX=0;riverMarkerY=0;total=2;
bridgeResolverEdgeStats	T224|T254	bridge=0;bridgePixels=[];river=0;riverMarkerImageHeight=0;riverMarkerImageWidth=0;riverMarkerSamples=0;riverMarkerX=0;riverMarkerY=0;total=95;
bridgeResolverEdgeStats	T224|T263	bridge=0;bridgePixels=[];river=0;riverMarkerImageHeight=0;riverMarkerImageWidth=0;riverMarkerSamples=0;riverMarkerX=0;riverMarkerY=0;total=368;
bridgeResolverEdgeStats	T225|T244	bridge=0;bridgePixels=[];river=20;riverMarkerImageHeight=4000;riverMarkerImageWidth=3200;riverMarkerSamples=20;riverMarkerX=38026;riverMarkerY=17850;total=113;
bridgeResolverEdgeStats	T226|T241	bridge=0;bridgePixels=[];river=14;riverMarkerImageHeight=4000;riverMarkerImageWidth=3200;riverMarkerSamples=14;riverMarkerX=23607;riverMarkerY=11754;total=117;
bridgeResolverEdgeStats	T226|T255	bridge=0;bridgePixels=[];river=8;riverMarkerImageHeight=4000;riverMarkerImageWidth=3200;riverMarkerSamples=8;riverMarkerX=14110;riverMarkerY=7138;total=112;
bridgeResolverEdgeStats	T227|T269	bridge=0;bridgePixels=[];river=32;riverMarkerImageHeight=4000;riverMarkerImageWidth=3200;riverMarkerSamples=32;riverMarkerX=88603;riverMarkerY=28823;total=461;
bridgeResolverEdgeStats	T227|T304	bridge=0;bridgePixels=[];river=276;riverMarkerImageHeight=4000;riverMarkerImageWidth=3200;riverMarkerSamples=276;riverMarkerX=790588;riverMarkerY=252091;total=276;
bridgeResolverEdgeStats	T228|T229	bridge=0;bridgePixels=[];river=10;riverMarkerImageHeight=4000;riverMarkerImageWidth=3200;riverMarkerSamples=10;riverMarkerX=9506;riverMarkerY=8934;total=105;
bridgeResolverEdgeStats	T228|T230	bridge=0;bridgePixels=[];river=26;riverMarkerImageHeight=4000;riverMarkerImageWidth=3200;riverMarkerSamples=26;riverMarkerX=20941;riverMarkerY=22400;total=26;
bridgeResolverEdgeStats	T228|T256	bridge=0;bridgePixels=[];river=25;riverMarkerImageHeight=4000;riverMarkerImageWidth=3200;riverMarkerSamples=25;riverMarkerX=21643;riverMarkerY=22308;total=238;
bridgeResolverEdgeStats	T228|T268	bridge=0;bridgePixels=[];river=35;riverMarkerImageHeight=4000;riverMarkerImageWidth=3200;riverMarkerSamples=35;riverMarkerX=33011;riverMarkerY=31741;total=35;
bridgeResolverEdgeStats	T229|T240	bridge=0;bridgePixels=[];river=33;riverMarkerImageHeight=4000;riverMarkerImageWidth=3200;riverMarkerSamples=33;riverMarkerX=32786;riverMarkerY=28608;total=33;
bridgeResolverEdgeStats	T229|T268	bridge=0;bridgePixels=[];river=44;riverMarkerImageHeight=4000;riverMarkerImageWidth=3200;riverMarkerSamples=44;riverMarkerX=42677;riverMarkerY=39042;total=44;
bridgeResolverEdgeStats	T230|T245	bridge=0;bridgePixels=[];river=119;riverMarkerImageHeight=4000;riverMarkerImageWidth=3200;riverMarkerSamples=119;riverMarkerX=85464;riverMarkerY=104064;total=119;
bridgeResolverEdgeStats	T230|T256	bridge=0;bridgePixels=[];river=192;riverMarkerImageHeight=4000;riverMarkerImageWidth=3200;riverMarkerSamples=192;riverMarkerX=148822;riverMarkerY=170222;total=192;
bridgeResolverEdgeStats	T231|T233	bridge=0;bridgePixels=[];river=18;riverMarkerImageHeight=4000;riverMarkerImageWidth=3200;riverMarkerSamples=18;riverMarkerX=21509;riverMarkerY=15710;total=18;
bridgeResolverEdgeStats	T231|T237	bridge=0;bridgePixels=[];river=12;riverMarkerImageHeight=4000;riverMarkerImageWidth=3200;riverMarkerSamples=12;riverMarkerX=14798;riverMarkerY=10838;total=146;
bridgeResolverEdgeStats	T231|T247	bridge=0;bridgePixels=[];river=20;riverMarkerImageHeight=4000;riverMarkerImageWidth=3200;riverMarkerSamples=20;riverMarkerX=23973;riverMarkerY=17786;total=20;
bridgeResolverEdgeStats	T231|T253	bridge=0;bridgePixels=[];river=59;riverMarkerImageHeight=4000;riverMarkerImageWidth=3200;riverMarkerSamples=59;riverMarkerX=71755;riverMarkerY=53192;total=59;
bridgeResolverEdgeStats	T232|T233	bridge=0;bridgePixels=[];river=1;riverMarkerImageHeight=4000;riverMarkerImageWidth=3200;riverMarkerSamples=1;riverMarkerX=1170;riverMarkerY=863;total=4;
bridgeResolverEdgeStats	T233|T247	bridge=0;bridgePixels=[];river=8;riverMarkerImageHeight=4000;riverMarkerImageWidth=3200;riverMarkerSamples=8;riverMarkerX=9523;riverMarkerY=7050;total=37;
bridgeResolverEdgeStats	T234|T249	bridge=0;bridgePixels=[];river=0;riverMarkerImageHeight=0;riverMarkerImageWidth=0;riverMarkerSamples=0;riverMarkerX=0;riverMarkerY=0;total=1;
bridgeResolverEdgeStats	T235|T242	bridge=0;bridgePixels=[];river=0;riverMarkerImageHeight=0;riverMarkerImageWidth=0;riverMarkerSamples=0;riverMarkerX=0;riverMarkerY=0;total=450;
bridgeResolverEdgeStats	T236|T249	bridge=0;bridgePixels=[];river=21;riverMarkerImageHeight=4000;riverMarkerImageWidth=3200;riverMarkerSamples=21;riverMarkerX=48424;riverMarkerY=19322;total=140;
bridgeResolverEdgeStats	T236|T254	bridge=0;bridgePixels=[];river=10;riverMarkerImageHeight=4000;riverMarkerImageWidth=3200;riverMarkerSamples=10;riverMarkerX=22772;riverMarkerY=9316;total=164;
bridgeResolverEdgeStats	T236|T303	bridge=0;bridgePixels=[];river=72;riverMarkerImageHeight=4000;riverMarkerImageWidth=3200;riverMarkerSamples=72;riverMarkerX=165431;riverMarkerY=66614;total=72;
bridgeResolverEdgeStats	T237|T250	bridge=0;bridgePixels=[];river=88;riverMarkerImageHeight=4000;riverMarkerImageWidth=3200;riverMarkerSamples=88;riverMarkerX=111251;riverMarkerY=78050;total=88;
bridgeResolverEdgeStats	T237|T253	bridge=0;bridgePixels=[];river=55;riverMarkerImageHeight=4000;riverMarkerImageWidth=3200;riverMarkerSamples=55;riverMarkerX=68436;riverMarkerY=50106;total=55;
bridgeResolverEdgeStats	T238|T242	bridge=0;bridgePixels=[];river=97;riverMarkerImageHeight=4000;riverMarkerImageWidth=3200;riverMarkerSamples=97;riverMarkerX=142932;riverMarkerY=84891;total=97;
bridgeResolverEdgeStats	T238|T246	bridge=0;bridgePixels=[];river=168;riverMarkerImageHeight=4000;riverMarkerImageWidth=3200;riverMarkerSamples=168;riverMarkerX=239084;riverMarkerY=149238;total=168;
bridgeResolverEdgeStats	T238|T265	bridge=0;bridgePixels=[];river=37;riverMarkerImageHeight=4000;riverMarkerImageWidth=3200;riverMarkerSamples=37;riverMarkerX=53177;riverMarkerY=33940;total=37;
bridgeResolverEdgeStats	T239|T252	bridge=0;bridgePixels=[];river=34;riverMarkerImageHeight=4000;riverMarkerImageWidth=3200;riverMarkerSamples=34;riverMarkerX=37979;riverMarkerY=30094;total=34;
bridgeResolverEdgeStats	T240|T252	bridge=0;bridgePixels=[];river=10;riverMarkerImageHeight=4000;riverMarkerImageWidth=3200;riverMarkerSamples=10;riverMarkerX=10446;riverMarkerY=8917;total=74;
bridgeResolverEdgeStats	T240|T268	bridge=0;bridgePixels=[];river=14;riverMarkerImageHeight=4000;riverMarkerImageWidth=3200;riverMarkerSamples=14;riverMarkerX=13873;riverMarkerY=12376;total=31;
bridgeResolverEdgeStats	T241|T243	bridge=0;bridgePixels=[];river=14;riverMarkerImageHeight=4000;riverMarkerImageWidth=3200;riverMarkerSamples=14;riverMarkerX=23452;riverMarkerY=11706;total=248;
bridgeResolverEdgeStats	T241|T255	bridge=0;bridgePixels=[];river=0;riverMarkerImageHeight=0;riverMarkerImageWidth=0;riverMarkerSamples=0;riverMarkerX=0;riverMarkerY=0;total=19;
bridgeResolverEdgeStats	T242|T243	bridge=0;bridgePixels=[];river=0;riverMarkerImageHeight=0;riverMarkerImageWidth=0;riverMarkerSamples=0;riverMarkerX=0;riverMarkerY=0;total=245;
bridgeResolverEdgeStats	T242|T265	bridge=0;bridgePixels=[];river=6;riverMarkerImageHeight=4000;riverMarkerImageWidth=3200;riverMarkerSamples=6;riverMarkerX=8755;riverMarkerY=5461;total=73;
bridgeResolverEdgeStats	T242|T288	bridge=0;bridgePixels=[];river=0;riverMarkerImageHeight=0;riverMarkerImageWidth=0;riverMarkerSamples=0;riverMarkerX=0;riverMarkerY=0;total=306;
bridgeResolverEdgeStats	T243|T255	bridge=0;bridgePixels=[];river=0;riverMarkerImageHeight=0;riverMarkerImageWidth=0;riverMarkerSamples=0;riverMarkerX=0;riverMarkerY=0;total=14;
bridgeResolverEdgeStats	T243|T277	bridge=0;bridgePixels=[];river=0;riverMarkerImageHeight=0;riverMarkerImageWidth=0;riverMarkerSamples=0;riverMarkerX=0;riverMarkerY=0;total=26;
bridgeResolverEdgeStats	T243|T288	bridge=0;bridgePixels=[];river=0;riverMarkerImageHeight=0;riverMarkerImageWidth=0;riverMarkerSamples=0;riverMarkerX=0;riverMarkerY=0;total=236;
bridgeResolverEdgeStats	T244|T259	bridge=0;bridgePixels=[];river=0;riverMarkerImageHeight=0;riverMarkerImageWidth=0;riverMarkerSamples=0;riverMarkerX=0;riverMarkerY=0;total=58;
bridgeResolverEdgeStats	T244|T261	bridge=0;bridgePixels=[];river=14;riverMarkerImageHeight=4000;riverMarkerImageWidth=3200;riverMarkerSamples=14;riverMarkerX=27148;riverMarkerY=12966;total=45;
bridgeResolverEdgeStats	T244|T262	bridge=0;bridgePixels=[];river=71;riverMarkerImageHeight=4000;riverMarkerImageWidth=3200;riverMarkerSamples=71;riverMarkerX=136446;riverMarkerY=64921;total=71;
bridgeResolverEdgeStats	T246|T250	bridge=0;bridgePixels=[];river=82;riverMarkerImageHeight=4000;riverMarkerImageWidth=3200;riverMarkerSamples=82;riverMarkerX=108069;riverMarkerY=72593;total=82;
bridgeResolverEdgeStats	T246|T265	bridge=0;bridgePixels=[];river=15;riverMarkerImageHeight=4000;riverMarkerImageWidth=3200;riverMarkerSamples=15;riverMarkerX=21238;riverMarkerY=13894;total=15;
bridgeResolverEdgeStats	T246|T270	bridge=0;bridgePixels=[];river=116;riverMarkerImageHeight=4000;riverMarkerImageWidth=3200;riverMarkerSamples=116;riverMarkerX=159058;riverMarkerY=108348;total=116;
bridgeResolverEdgeStats	T247|T253	bridge=0;bridgePixels=[];river=25;riverMarkerImageHeight=4000;riverMarkerImageWidth=3200;riverMarkerSamples=25;riverMarkerX=29871;riverMarkerY=22419;total=25;
bridgeResolverEdgeStats	T247|T266	bridge=0;bridgePixels=[];river=40;riverMarkerImageHeight=4000;riverMarkerImageWidth=3200;riverMarkerSamples=40;riverMarkerX=47217;riverMarkerY=35925;total=40;
bridgeResolverEdgeStats	T249|T276	bridge=0;bridgePixels=[];river=55;riverMarkerImageHeight=4000;riverMarkerImageWidth=3200;riverMarkerSamples=55;riverMarkerX=129232;riverMarkerY=49968;total=55;
bridgeResolverEdgeStats	T249|T303	bridge=0;bridgePixels=[];river=8;riverMarkerImageHeight=4000;riverMarkerImageWidth=3200;riverMarkerSamples=8;riverMarkerX=18567;riverMarkerY=7411;total=8;
bridgeResolverEdgeStats	T250|T253	bridge=0;bridgePixels=[];river=19;riverMarkerImageHeight=4000;riverMarkerImageWidth=3200;riverMarkerSamples=19;riverMarkerX=23858;riverMarkerY=17418;total=19;
bridgeResolverEdgeStats	T250|T266	bridge=0;bridgePixels=[];river=73;riverMarkerImageHeight=4000;riverMarkerImageWidth=3200;riverMarkerSamples=73;riverMarkerX=93908;riverMarkerY=69202;total=73;
bridgeResolverEdgeStats	T250|T270	bridge=0;bridgePixels=[];river=30;riverMarkerImageHeight=4000;riverMarkerImageWidth=3200;riverMarkerSamples=30;riverMarkerX=39572;riverMarkerY=28650;total=102;
bridgeResolverEdgeStats	T252|T267	bridge=0;bridgePixels=[];river=0;riverMarkerImageHeight=0;riverMarkerImageWidth=0;riverMarkerSamples=0;riverMarkerX=0;riverMarkerY=0;total=148;
bridgeResolverEdgeStats	T252|T268	bridge=0;bridgePixels=[];river=0;riverMarkerImageHeight=0;riverMarkerImageWidth=0;riverMarkerSamples=0;riverMarkerX=0;riverMarkerY=0;total=119;
bridgeResolverEdgeStats	T252|T279	bridge=0;bridgePixels=[];river=0;riverMarkerImageHeight=0;riverMarkerImageWidth=0;riverMarkerSamples=0;riverMarkerX=0;riverMarkerY=0;total=3;
bridgeResolverEdgeStats	T253|T266	bridge=0;bridgePixels=[];river=21;riverMarkerImageHeight=4000;riverMarkerImageWidth=3200;riverMarkerSamples=21;riverMarkerX=25506;riverMarkerY=19146;total=101;
bridgeResolverEdgeStats	T254|T280	bridge=0;bridgePixels=[];river=21;riverMarkerImageHeight=4000;riverMarkerImageWidth=3200;riverMarkerSamples=21;riverMarkerX=47014;riverMarkerY=20595;total=187;
bridgeResolverEdgeStats	T254|T303	bridge=0;bridgePixels=[];river=87;riverMarkerImageHeight=4000;riverMarkerImageWidth=3200;riverMarkerSamples=87;riverMarkerX=196782;riverMarkerY=83671;total=87;
bridgeResolverEdgeStats	T255|T275	bridge=0;bridgePixels=[];river=14;riverMarkerImageHeight=4000;riverMarkerImageWidth=3200;riverMarkerSamples=14;riverMarkerX=24863;riverMarkerY=13426;total=20;
bridgeResolverEdgeStats	T255|T277	bridge=0;bridgePixels=[];river=0;riverMarkerImageHeight=0;riverMarkerImageWidth=0;riverMarkerSamples=0;riverMarkerX=0;riverMarkerY=0;total=75;
bridgeResolverEdgeStats	T256|T264	bridge=0;bridgePixels=[];river=1;riverMarkerImageHeight=4000;riverMarkerImageWidth=3200;riverMarkerSamples=1;riverMarkerX=735;riverMarkerY=935;total=1;
bridgeResolverEdgeStats	T256|T268	bridge=0;bridgePixels=[];river=78;riverMarkerImageHeight=4000;riverMarkerImageWidth=3200;riverMarkerSamples=78;riverMarkerX=71200;riverMarkerY=73461;total=78;
bridgeResolverEdgeStats	T256|T274	bridge=0;bridgePixels=[];river=7;riverMarkerImageHeight=4000;riverMarkerImageWidth=3200;riverMarkerSamples=7;riverMarkerX=5165;riverMarkerY=6557;total=42;
bridgeResolverEdgeStats	T256|T284	bridge=0;bridgePixels=[];river=30;riverMarkerImageHeight=4000;riverMarkerImageWidth=3200;riverMarkerSamples=30;riverMarkerX=26562;riverMarkerY=28999;total=30;
bridgeResolverEdgeStats	T256|T289	bridge=0;bridgePixels=[];river=22;riverMarkerImageHeight=4000;riverMarkerImageWidth=3200;riverMarkerSamples=22;riverMarkerX=18434;riverMarkerY=21223;total=230;
bridgeResolverEdgeStats	T259|T261	bridge=0;bridgePixels=[];river=21;riverMarkerImageHeight=4000;riverMarkerImageWidth=3200;riverMarkerSamples=21;riverMarkerX=41993;riverMarkerY=19824;total=107;
bridgeResolverEdgeStats	T259|T263	bridge=0;bridgePixels=[];river=24;riverMarkerImageHeight=4000;riverMarkerImageWidth=3200;riverMarkerSamples=24;riverMarkerX=49596;riverMarkerY=23790;total=193;
bridgeResolverEdgeStats	T259|T278	bridge=0;bridgePixels=[];river=70;riverMarkerImageHeight=4000;riverMarkerImageWidth=3200;riverMarkerSamples=70;riverMarkerX=141143;riverMarkerY=67492;total=70;
bridgeResolverEdgeStats	T259|T302	bridge=0;bridgePixels=[];river=81;riverMarkerImageHeight=4000;riverMarkerImageWidth=3200;riverMarkerSamples=81;riverMarkerX=166156;riverMarkerY=80038;total=81;
bridgeResolverEdgeStats	T261|T262	bridge=0;bridgePixels=[];river=72;riverMarkerImageHeight=4000;riverMarkerImageWidth=3200;riverMarkerSamples=72;riverMarkerX=140214;riverMarkerY=67657;total=72;
bridgeResolverEdgeStats	T261|T278	bridge=0;bridgePixels=[];river=37;riverMarkerImageHeight=4000;riverMarkerImageWidth=3200;riverMarkerSamples=37;riverMarkerX=73726;riverMarkerY=35047;total=37;
bridgeResolverEdgeStats	T261|T282	bridge=0;bridgePixels=[];river=18;riverMarkerImageHeight=4000;riverMarkerImageWidth=3200;riverMarkerSamples=18;riverMarkerX=35332;riverMarkerY=17257;total=18;
bridgeResolverEdgeStats	T261|T290	bridge=0;bridgePixels=[];river=19;riverMarkerImageHeight=4000;riverMarkerImageWidth=3200;riverMarkerSamples=19;riverMarkerX=37519;riverMarkerY=18103;total=45;
bridgeResolverEdgeStats	T262|T282	bridge=0;bridgePixels=[];river=33;riverMarkerImageHeight=4000;riverMarkerImageWidth=3200;riverMarkerSamples=33;riverMarkerX=63611;riverMarkerY=31521;total=158;
bridgeResolverEdgeStats	T263|T280	bridge=0;bridgePixels=[];river=10;riverMarkerImageHeight=4000;riverMarkerImageWidth=3200;riverMarkerSamples=10;riverMarkerX=21305;riverMarkerY=9850;total=188;
bridgeResolverEdgeStats	T263|T308	bridge=0;bridgePixels=[];river=118;riverMarkerImageHeight=4000;riverMarkerImageWidth=3200;riverMarkerSamples=118;riverMarkerX=247323;riverMarkerY=117494;total=118;
bridgeResolverEdgeStats	T265|T270	bridge=0;bridgePixels=[];river=9;riverMarkerImageHeight=4000;riverMarkerImageWidth=3200;riverMarkerSamples=9;riverMarkerX=12658;riverMarkerY=8426;total=65;
bridgeResolverEdgeStats	T265|T285	bridge=0;bridgePixels=[];river=0;riverMarkerImageHeight=0;riverMarkerImageWidth=0;riverMarkerSamples=0;riverMarkerX=0;riverMarkerY=0;total=123;
bridgeResolverEdgeStats	T265|T288	bridge=0;bridgePixels=[];river=0;riverMarkerImageHeight=0;riverMarkerImageWidth=0;riverMarkerSamples=0;riverMarkerX=0;riverMarkerY=0;total=55;
bridgeResolverEdgeStats	T266|T270	bridge=0;bridgePixels=[];river=2;riverMarkerImageHeight=4000;riverMarkerImageWidth=3200;riverMarkerSamples=2;riverMarkerX=2632;riverMarkerY=1933;total=2;
bridgeResolverEdgeStats	T266|T272	bridge=0;bridgePixels=[];river=55;riverMarkerImageHeight=4000;riverMarkerImageWidth=3200;riverMarkerSamples=55;riverMarkerX=64784;riverMarkerY=52651;total=153;
bridgeResolverEdgeStats	T266|T281	bridge=0;bridgePixels=[];river=32;riverMarkerImageHeight=4000;riverMarkerImageWidth=3200;riverMarkerSamples=32;riverMarkerX=41957;riverMarkerY=31358;total=32;
bridgeResolverEdgeStats	T266|T286	bridge=0;bridgePixels=[];river=170;riverMarkerImageHeight=4000;riverMarkerImageWidth=3200;riverMarkerSamples=170;riverMarkerX=214771;riverMarkerY=165592;total=170;
bridgeResolverEdgeStats	T267|T279	bridge=0;bridgePixels=[];river=0;riverMarkerImageHeight=0;riverMarkerImageWidth=0;riverMarkerSamples=0;riverMarkerX=0;riverMarkerY=0;total=65;
bridgeResolverEdgeStats	T268|T279	bridge=0;bridgePixels=[];river=0;riverMarkerImageHeight=0;riverMarkerImageWidth=0;riverMarkerSamples=0;riverMarkerX=0;riverMarkerY=0;total=68;
bridgeResolverEdgeStats	T268|T284	bridge=0;bridgePixels=[];river=14;riverMarkerImageHeight=4000;riverMarkerImageWidth=3200;riverMarkerSamples=14;riverMarkerX=12590;riverMarkerY=13548;total=76;
bridgeResolverEdgeStats	T268|T306	bridge=0;bridgePixels=[];river=0;riverMarkerImageHeight=0;riverMarkerImageWidth=0;riverMarkerSamples=0;riverMarkerX=0;riverMarkerY=0;total=101;
bridgeResolverEdgeStats	T268|T313	bridge=0;bridgePixels=[];river=0;riverMarkerImageHeight=0;riverMarkerImageWidth=0;riverMarkerSamples=0;riverMarkerX=0;riverMarkerY=0;total=103;
bridgeResolverEdgeStats	T269|T304	bridge=0;bridgePixels=[];river=168;riverMarkerImageHeight=4000;riverMarkerImageWidth=3200;riverMarkerSamples=168;riverMarkerX=469440;riverMarkerY=168596;total=168;
bridgeResolverEdgeStats	T269|T317	bridge=0;bridgePixels=[];river=508;riverMarkerImageHeight=4000;riverMarkerImageWidth=3200;riverMarkerSamples=508;riverMarkerX=1342497;riverMarkerY=512514;total=508;
bridgeResolverEdgeStats	T270|T281	bridge=0;bridgePixels=[];river=6;riverMarkerImageHeight=4000;riverMarkerImageWidth=3200;riverMarkerSamples=6;riverMarkerX=7923;riverMarkerY=5814;total=59;
bridgeResolverEdgeStats	T270|T285	bridge=0;bridgePixels=[];river=0;riverMarkerImageHeight=0;riverMarkerImageWidth=0;riverMarkerSamples=0;riverMarkerX=0;riverMarkerY=0;total=87;
bridgeResolverEdgeStats	T272|T283	bridge=0;bridgePixels=[];river=74;riverMarkerImageHeight=4000;riverMarkerImageWidth=3200;riverMarkerSamples=74;riverMarkerX=86840;riverMarkerY=71571;total=74;
bridgeResolverEdgeStats	T272|T287	bridge=0;bridgePixels=[];river=71;riverMarkerImageHeight=4000;riverMarkerImageWidth=3200;riverMarkerSamples=71;riverMarkerX=85749;riverMarkerY=69217;total=71;
bridgeResolverEdgeStats	T273|T292	bridge=0;bridgePixels=[];river=15;riverMarkerImageHeight=4000;riverMarkerImageWidth=3200;riverMarkerSamples=15;riverMarkerX=27837;riverMarkerY=14675;total=59;
bridgeResolverEdgeStats	T273|T296	bridge=0;bridgePixels=[];river=10;riverMarkerImageHeight=4000;riverMarkerImageWidth=3200;riverMarkerSamples=10;riverMarkerX=18118;riverMarkerY=9679;total=96;
bridgeResolverEdgeStats	T275|T277	bridge=0;bridgePixels=[];river=18;riverMarkerImageHeight=4000;riverMarkerImageWidth=3200;riverMarkerSamples=18;riverMarkerX=31889;riverMarkerY=17883;total=46;
bridgeResolverEdgeStats	T275|T296	bridge=0;bridgePixels=[];river=28;riverMarkerImageHeight=4000;riverMarkerImageWidth=3200;riverMarkerSamples=28;riverMarkerX=49770;riverMarkerY=27749;total=28;
bridgeResolverEdgeStats	T276|T303	bridge=0;bridgePixels=[];river=59;riverMarkerImageHeight=4000;riverMarkerImageWidth=3200;riverMarkerSamples=59;riverMarkerX=136158;riverMarkerY=54990;total=326;
bridgeResolverEdgeStats	T276|T318	bridge=0;bridgePixels=[];river=0;riverMarkerImageHeight=0;riverMarkerImageWidth=0;riverMarkerSamples=0;riverMarkerX=0;riverMarkerY=0;total=128;
bridgeResolverEdgeStats	T277|T288	bridge=0;bridgePixels=[];river=0;riverMarkerImageHeight=0;riverMarkerImageWidth=0;riverMarkerSamples=0;riverMarkerX=0;riverMarkerY=0;total=107;
bridgeResolverEdgeStats	T277|T296	bridge=0;bridgePixels=[];river=32;riverMarkerImageHeight=4000;riverMarkerImageWidth=3200;riverMarkerSamples=32;riverMarkerX=57079;riverMarkerY=32364;total=44;
bridgeResolverEdgeStats	T277|T319	bridge=0;bridgePixels=[];river=0;riverMarkerImageHeight=0;riverMarkerImageWidth=0;riverMarkerSamples=0;riverMarkerX=0;riverMarkerY=0;total=95;
bridgeResolverEdgeStats	T277|T322	bridge=0;bridgePixels=[];river=0;riverMarkerImageHeight=0;riverMarkerImageWidth=0;riverMarkerSamples=0;riverMarkerX=0;riverMarkerY=0;total=19;
bridgeResolverEdgeStats	T278|T290	bridge=0;bridgePixels=[];river=48;riverMarkerImageHeight=4000;riverMarkerImageWidth=3200;riverMarkerSamples=48;riverMarkerX=95310;riverMarkerY=47018;total=94;
bridgeResolverEdgeStats	T278|T302	bridge=0;bridgePixels=[];river=108;riverMarkerImageHeight=4000;riverMarkerImageWidth=3200;riverMarkerSamples=108;riverMarkerX=216692;riverMarkerY=107915;total=108;
bridgeResolverEdgeStats	T279|T299	bridge=0;bridgePixels=[];river=0;riverMarkerImageHeight=0;riverMarkerImageWidth=0;riverMarkerSamples=0;riverMarkerX=0;riverMarkerY=0;total=97;
bridgeResolverEdgeStats	T279|T306	bridge=0;bridgePixels=[];river=0;riverMarkerImageHeight=0;riverMarkerImageWidth=0;riverMarkerSamples=0;riverMarkerX=0;riverMarkerY=0;total=23;
bridgeResolverEdgeStats	T280|T303	bridge=0;bridgePixels=[];river=142;riverMarkerImageHeight=4000;riverMarkerImageWidth=3200;riverMarkerSamples=142;riverMarkerX=318644;riverMarkerY=144850;total=142;
bridgeResolverEdgeStats	T280|T308	bridge=0;bridgePixels=[];river=211;riverMarkerImageHeight=4000;riverMarkerImageWidth=3200;riverMarkerSamples=211;riverMarkerX=457014;riverMarkerY=214232;total=211;
bridgeResolverEdgeStats	T280|T316	bridge=0;bridgePixels=[];river=63;riverMarkerImageHeight=4000;riverMarkerImageWidth=3200;riverMarkerSamples=63;riverMarkerX=139731;riverMarkerY=65821;total=63;
bridgeResolverEdgeStats	T281|T285	bridge=0;bridgePixels=[];river=0;riverMarkerImageHeight=0;riverMarkerImageWidth=0;riverMarkerSamples=0;riverMarkerX=0;riverMarkerY=0;total=50;
bridgeResolverEdgeStats	T281|T286	bridge=0;bridgePixels=[];river=59;riverMarkerImageHeight=4000;riverMarkerImageWidth=3200;riverMarkerSamples=59;riverMarkerX=78286;riverMarkerY=58833;total=59;
bridgeResolverEdgeStats	T281|T297	bridge=0;bridgePixels=[];river=13;riverMarkerImageHeight=4000;riverMarkerImageWidth=3200;riverMarkerSamples=13;riverMarkerX=17517;riverMarkerY=12997;total=56;
bridgeResolverEdgeStats	T282|T290	bridge=0;bridgePixels=[];river=12;riverMarkerImageHeight=4000;riverMarkerImageWidth=3200;riverMarkerSamples=12;riverMarkerX=23612;riverMarkerY=11607;total=140;
bridgeResolverEdgeStats	T282|T292	bridge=0;bridgePixels=[];river=62;riverMarkerImageHeight=4000;riverMarkerImageWidth=3200;riverMarkerSamples=62;riverMarkerX=115938;riverMarkerY=62189;total=62;
bridgeResolverEdgeStats	T282|T312	bridge=0;bridgePixels=[];river=17;riverMarkerImageHeight=4000;riverMarkerImageWidth=3200;riverMarkerSamples=17;riverMarkerX=31917;riverMarkerY=17325;total=72;
bridgeResolverEdgeStats	T283|T287	bridge=0;bridgePixels=[];river=29;riverMarkerImageHeight=4000;riverMarkerImageWidth=3200;riverMarkerSamples=29;riverMarkerX=34377;riverMarkerY=28941;total=106;
bridgeResolverEdgeStats	T283|T300	bridge=0;bridgePixels=[];river=71;riverMarkerImageHeight=4000;riverMarkerImageWidth=3200;riverMarkerSamples=71;riverMarkerX=82359;riverMarkerY=72254;total=71;
bridgeResolverEdgeStats	T284|T289	bridge=0;bridgePixels=[];river=62;riverMarkerImageHeight=4000;riverMarkerImageWidth=3200;riverMarkerSamples=62;riverMarkerX=53617;riverMarkerY=61523;total=62;
bridgeResolverEdgeStats	T284|T313	bridge=0;bridgePixels=[];river=16;riverMarkerImageHeight=4000;riverMarkerImageWidth=3200;riverMarkerSamples=16;riverMarkerX=13747;riverMarkerY=16474;total=177;
bridgeResolverEdgeStats	T285|T297	bridge=0;bridgePixels=[];river=0;riverMarkerImageHeight=0;riverMarkerImageWidth=0;riverMarkerSamples=0;riverMarkerX=0;riverMarkerY=0;total=53;
bridgeResolverEdgeStats	T285|T298	bridge=0;bridgePixels=[];river=0;riverMarkerImageHeight=0;riverMarkerImageWidth=0;riverMarkerSamples=0;riverMarkerX=0;riverMarkerY=0;total=187;
bridgeResolverEdgeStats	T285|T314	bridge=0;bridgePixels=[];river=0;riverMarkerImageHeight=0;riverMarkerImageWidth=0;riverMarkerSamples=0;riverMarkerX=0;riverMarkerY=0;total=124;
bridgeResolverEdgeStats	T285|T326	bridge=0;bridgePixels=[];river=0;riverMarkerImageHeight=0;riverMarkerImageWidth=0;riverMarkerSamples=0;riverMarkerX=0;riverMarkerY=0;total=47;
bridgeResolverEdgeStats	T286|T287	bridge=0;bridgePixels=[];river=14;riverMarkerImageHeight=4000;riverMarkerImageWidth=3200;riverMarkerSamples=14;riverMarkerX=17142;riverMarkerY=13692;total=71;
bridgeResolverEdgeStats	T286|T297	bridge=0;bridgePixels=[];river=28;riverMarkerImageHeight=4000;riverMarkerImageWidth=3200;riverMarkerSamples=28;riverMarkerX=37358;riverMarkerY=28392;total=28;
bridgeResolverEdgeStats	T286|T307	bridge=0;bridgePixels=[];river=0;riverMarkerImageHeight=0;riverMarkerImageWidth=0;riverMarkerSamples=0;riverMarkerX=0;riverMarkerY=0;total=86;
bridgeResolverEdgeStats	T286|T328	bridge=0;bridgePixels=[];river=13;riverMarkerImageHeight=4000;riverMarkerImageWidth=3200;riverMarkerSamples=13;riverMarkerX=17191;riverMarkerY=13374;total=75;
bridgeResolverEdgeStats	T287|T300	bridge=0;bridgePixels=[];river=43;riverMarkerImageHeight=4000;riverMarkerImageWidth=3200;riverMarkerSamples=43;riverMarkerX=51242;riverMarkerY=44229;total=43;
bridgeResolverEdgeStats	T287|T307	bridge=0;bridgePixels=[];river=5;riverMarkerImageHeight=4000;riverMarkerImageWidth=3200;riverMarkerSamples=5;riverMarkerX=6052;riverMarkerY=5186;total=47;
bridgeResolverEdgeStats	T288|T298	bridge=0;bridgePixels=[];river=0;riverMarkerImageHeight=0;riverMarkerImageWidth=0;riverMarkerSamples=0;riverMarkerX=0;riverMarkerY=0;total=245;
bridgeResolverEdgeStats	T288|T319	bridge=0;bridgePixels=[];river=0;riverMarkerImageHeight=0;riverMarkerImageWidth=0;riverMarkerSamples=0;riverMarkerX=0;riverMarkerY=0;total=171;
bridgeResolverEdgeStats	T288|T334	bridge=0;bridgePixels=[];river=0;riverMarkerImageHeight=0;riverMarkerImageWidth=0;riverMarkerSamples=0;riverMarkerX=0;riverMarkerY=0;total=118;
bridgeResolverEdgeStats	T290|T302	bridge=0;bridgePixels=[];river=11;riverMarkerImageHeight=4000;riverMarkerImageWidth=3200;riverMarkerSamples=11;riverMarkerX=21800;riverMarkerY=11246;total=38;
bridgeResolverEdgeStats	T290|T312	bridge=0;bridgePixels=[];river=0;riverMarkerImageHeight=0;riverMarkerImageWidth=0;riverMarkerSamples=0;riverMarkerX=0;riverMarkerY=0;total=162;
bridgeResolverEdgeStats	T292|T296	bridge=0;bridgePixels=[];river=27;riverMarkerImageHeight=4000;riverMarkerImageWidth=3200;riverMarkerSamples=27;riverMarkerX=49944;riverMarkerY=28476;total=144;
bridgeResolverEdgeStats	T292|T312	bridge=0;bridgePixels=[];river=96;riverMarkerImageHeight=4000;riverMarkerImageWidth=3200;riverMarkerSamples=96;riverMarkerX=179041;riverMarkerY=100034;total=96;
bridgeResolverEdgeStats	T296|T312	bridge=0;bridgePixels=[];river=29;riverMarkerImageHeight=4000;riverMarkerImageWidth=3200;riverMarkerSamples=29;riverMarkerX=53651;riverMarkerY=30924;total=29;
bridgeResolverEdgeStats	T296|T322	bridge=0;bridgePixels=[];river=7;riverMarkerImageHeight=4000;riverMarkerImageWidth=3200;riverMarkerSamples=7;riverMarkerX=12820;riverMarkerY=7511;total=88;
bridgeResolverEdgeStats	T296|T329	bridge=0;bridgePixels=[];river=14;riverMarkerImageHeight=4000;riverMarkerImageWidth=3200;riverMarkerSamples=14;riverMarkerX=25724;riverMarkerY=15062;total=14;
bridgeResolverEdgeStats	T297|T314	bridge=0;bridgePixels=[];river=22;riverMarkerImageHeight=4000;riverMarkerImageWidth=3200;riverMarkerSamples=22;riverMarkerX=29696;riverMarkerY=22938;total=83;
bridgeResolverEdgeStats	T297|T328	bridge=0;bridgePixels=[];river=23;riverMarkerImageHeight=4000;riverMarkerImageWidth=3200;riverMarkerSamples=23;riverMarkerX=30777;riverMarkerY=23784;total=23;
bridgeResolverEdgeStats	T298|T326	bridge=0;bridgePixels=[];river=0;riverMarkerImageHeight=0;riverMarkerImageWidth=0;riverMarkerSamples=0;riverMarkerX=0;riverMarkerY=0;total=83;
bridgeResolverEdgeStats	T298|T334	bridge=0;bridgePixels=[];river=0;riverMarkerImageHeight=0;riverMarkerImageWidth=0;riverMarkerSamples=0;riverMarkerX=0;riverMarkerY=0;total=191;
bridgeResolverEdgeStats	T299|T306	bridge=0;bridgePixels=[];river=0;riverMarkerImageHeight=0;riverMarkerImageWidth=0;riverMarkerSamples=0;riverMarkerX=0;riverMarkerY=0;total=87;
bridgeResolverEdgeStats	T299|T320	bridge=0;bridgePixels=[];river=0;riverMarkerImageHeight=0;riverMarkerImageWidth=0;riverMarkerSamples=0;riverMarkerX=0;riverMarkerY=0;total=68;
bridgeResolverEdgeStats	T300|T305	bridge=0;bridgePixels=[];river=0;riverMarkerImageHeight=0;riverMarkerImageWidth=0;riverMarkerSamples=0;riverMarkerX=0;riverMarkerY=0;total=52;
bridgeResolverEdgeStats	T300|T309	bridge=0;bridgePixels=[];river=0;riverMarkerImageHeight=0;riverMarkerImageWidth=0;riverMarkerSamples=0;riverMarkerX=0;riverMarkerY=0;total=20;
bridgeResolverEdgeStats	T300|T324	bridge=0;bridgePixels=[];river=8;riverMarkerImageHeight=4000;riverMarkerImageWidth=3200;riverMarkerSamples=8;riverMarkerX=9611;riverMarkerY=8320;total=8;
bridgeResolverEdgeStats	T300|T325	bridge=0;bridgePixels=[];river=1;riverMarkerImageHeight=4000;riverMarkerImageWidth=3200;riverMarkerSamples=1;riverMarkerX=1196;riverMarkerY=1041;total=26;
bridgeResolverEdgeStats	T302|T308	bridge=0;bridgePixels=[];river=27;riverMarkerImageHeight=4000;riverMarkerImageWidth=3200;riverMarkerSamples=27;riverMarkerX=55641;riverMarkerY=27114;total=137;
bridgeResolverEdgeStats	T302|T312	bridge=0;bridgePixels=[];river=0;riverMarkerImageHeight=0;riverMarkerImageWidth=0;riverMarkerSamples=0;riverMarkerX=0;riverMarkerY=0;total=78;
bridgeResolverEdgeStats	T302|T331	bridge=0;bridgePixels=[];river=0;riverMarkerImageHeight=0;riverMarkerImageWidth=0;riverMarkerSamples=0;riverMarkerX=0;riverMarkerY=0;total=155;
bridgeResolverEdgeStats	T302|T349	bridge=0;bridgePixels=[];river=0;riverMarkerImageHeight=0;riverMarkerImageWidth=0;riverMarkerSamples=0;riverMarkerX=0;riverMarkerY=0;total=33;
bridgeResolverEdgeStats	T303|T316	bridge=0;bridgePixels=[];river=92;riverMarkerImageHeight=4000;riverMarkerImageWidth=3200;riverMarkerSamples=92;riverMarkerX=205824;riverMarkerY=98416;total=92;
bridgeResolverEdgeStats	T303|T318	bridge=0;bridgePixels=[];river=0;riverMarkerImageHeight=0;riverMarkerImageWidth=0;riverMarkerSamples=0;riverMarkerX=0;riverMarkerY=0;total=55;
bridgeResolverEdgeStats	T303|T344	bridge=0;bridgePixels=[];river=13;riverMarkerImageHeight=4000;riverMarkerImageWidth=3200;riverMarkerSamples=13;riverMarkerX=29355;riverMarkerY=14360;total=149;
bridgeResolverEdgeStats	T303|T350	bridge=0;bridgePixels=[];river=26;riverMarkerImageHeight=4000;riverMarkerImageWidth=3200;riverMarkerSamples=26;riverMarkerX=58403;riverMarkerY=28600;total=26;
bridgeResolverEdgeStats	T304|T317	bridge=0;bridgePixels=[];river=40;riverMarkerImageHeight=4000;riverMarkerImageWidth=3200;riverMarkerSamples=40;riverMarkerX=109902;riverMarkerY=42452;total=195;
bridgeResolverEdgeStats	T304|T393	bridge=0;bridgePixels=[];river=302;riverMarkerImageHeight=4000;riverMarkerImageWidth=3200;riverMarkerSamples=302;riverMarkerX=874144;riverMarkerY=351520;total=302;
bridgeResolverEdgeStats	T304|T401	bridge=0;bridgePixels=[];river=187;riverMarkerImageHeight=4000;riverMarkerImageWidth=3200;riverMarkerSamples=187;riverMarkerX=520732;riverMarkerY=211646;total=187;
bridgeResolverEdgeStats	T305|T309	bridge=0;bridgePixels=[];river=0;riverMarkerImageHeight=0;riverMarkerImageWidth=0;riverMarkerSamples=0;riverMarkerX=0;riverMarkerY=0;total=29;
bridgeResolverEdgeStats	T305|T325	bridge=0;bridgePixels=[];river=0;riverMarkerImageHeight=0;riverMarkerImageWidth=0;riverMarkerSamples=0;riverMarkerX=0;riverMarkerY=0;total=37;
bridgeResolverEdgeStats	T306|T313	bridge=0;bridgePixels=[];river=14;riverMarkerImageHeight=4000;riverMarkerImageWidth=3200;riverMarkerSamples=14;riverMarkerX=13805;riverMarkerY=15486;total=220;
bridgeResolverEdgeStats	T306|T320	bridge=0;bridgePixels=[];river=10;riverMarkerImageHeight=4000;riverMarkerImageWidth=3200;riverMarkerSamples=10;riverMarkerX=10198;riverMarkerY=10977;total=75;
bridgeResolverEdgeStats	T306|T333	bridge=0;bridgePixels=[];river=61;riverMarkerImageHeight=4000;riverMarkerImageWidth=3200;riverMarkerSamples=61;riverMarkerX=61401;riverMarkerY=67236;total=61;
bridgeResolverEdgeStats	T307|T324	bridge=0;bridgePixels=[];river=158;riverMarkerImageHeight=4000;riverMarkerImageWidth=3200;riverMarkerSamples=158;riverMarkerX=195007;riverMarkerY=169150;total=158;
bridgeResolverEdgeStats	T307|T328	bridge=0;bridgePixels=[];river=12;riverMarkerImageHeight=4000;riverMarkerImageWidth=3200;riverMarkerSamples=12;riverMarkerX=14949;riverMarkerY=13300;total=149;
bridgeResolverEdgeStats	T308|T316	bridge=0;bridgePixels=[];river=18;riverMarkerImageHeight=4000;riverMarkerImageWidth=3200;riverMarkerSamples=18;riverMarkerX=39554;riverMarkerY=18706;total=93;
bridgeResolverEdgeStats	T308|T349	bridge=0;bridgePixels=[];river=0;riverMarkerImageHeight=0;riverMarkerImageWidth=0;riverMarkerSamples=0;riverMarkerX=0;riverMarkerY=0;total=191;
bridgeResolverEdgeStats	T308|T350	bridge=0;bridgePixels=[];river=0;riverMarkerImageHeight=0;riverMarkerImageWidth=0;riverMarkerSamples=0;riverMarkerX=0;riverMarkerY=0;total=220;
bridgeResolverEdgeStats	T309|T311	bridge=0;bridgePixels=[];river=0;riverMarkerImageHeight=0;riverMarkerImageWidth=0;riverMarkerSamples=0;riverMarkerX=0;riverMarkerY=0;total=32;
bridgeResolverEdgeStats	T309|T323	bridge=0;bridgePixels=[];river=0;riverMarkerImageHeight=0;riverMarkerImageWidth=0;riverMarkerSamples=0;riverMarkerX=0;riverMarkerY=0;total=17;
bridgeResolverEdgeStats	T309|T325	bridge=0;bridgePixels=[];river=0;riverMarkerImageHeight=0;riverMarkerImageWidth=0;riverMarkerSamples=0;riverMarkerX=0;riverMarkerY=0;total=6;
bridgeResolverEdgeStats	T310|T315	bridge=0;bridgePixels=[];river=19;riverMarkerImageHeight=4000;riverMarkerImageWidth=3200;riverMarkerSamples=19;riverMarkerX=20962;riverMarkerY=20101;total=30;
bridgeResolverEdgeStats	T311|T315	bridge=0;bridgePixels=[];river=4;riverMarkerImageHeight=4000;riverMarkerImageWidth=3200;riverMarkerSamples=4;riverMarkerX=4424;riverMarkerY=4274;total=4;
bridgeResolverEdgeStats	T311|T323	bridge=0;bridgePixels=[];river=12;riverMarkerImageHeight=4000;riverMarkerImageWidth=3200;riverMarkerSamples=12;riverMarkerX=13340;riverMarkerY=12831;total=74;
bridgeResolverEdgeStats	T312|T329	bridge=0;bridgePixels=[];river=25;riverMarkerImageHeight=4000;riverMarkerImageWidth=3200;riverMarkerSamples=25;riverMarkerX=46194;riverMarkerY=26945;total=130;
bridgeResolverEdgeStats	T312|T331	bridge=0;bridgePixels=[];river=0;riverMarkerImageHeight=0;riverMarkerImageWidth=0;riverMarkerSamples=0;riverMarkerX=0;riverMarkerY=0;total=52;
bridgeResolverEdgeStats	T313|T330	bridge=0;bridgePixels=[];river=26;riverMarkerImageHeight=4000;riverMarkerImageWidth=3200;riverMarkerSamples=26;riverMarkerX=23090;riverMarkerY=28473;total=167;
bridgeResolverEdgeStats	T313|T333	bridge=0;bridgePixels=[];river=5;riverMarkerImageHeight=4000;riverMarkerImageWidth=3200;riverMarkerSamples=5;riverMarkerX=4945;riverMarkerY=5562;total=5;
bridgeResolverEdgeStats	T313|T345	bridge=0;bridgePixels=[];river=114;riverMarkerImageHeight=4000;riverMarkerImageWidth=3200;riverMarkerSamples=114;riverMarkerX=109902;riverMarkerY=128537;total=114;
bridgeResolverEdgeStats	T313|T360	bridge=0;bridgePixels=[];river=65;riverMarkerImageHeight=4000;riverMarkerImageWidth=3200;riverMarkerSamples=65;riverMarkerX=60069;riverMarkerY=72463;total=65;
bridgeResolverEdgeStats	T314|T326	bridge=0;bridgePixels=[];river=0;riverMarkerImageHeight=0;riverMarkerImageWidth=0;riverMarkerSamples=0;riverMarkerX=0;riverMarkerY=0;total=30;
bridgeResolverEdgeStats	T314|T328	bridge=0;bridgePixels=[];river=118;riverMarkerImageHeight=4000;riverMarkerImageWidth=3200;riverMarkerSamples=118;riverMarkerX=158050;riverMarkerY=126476;total=118;
bridgeResolverEdgeStats	T315|T321	bridge=0;bridgePixels=[];river=9;riverMarkerImageHeight=4000;riverMarkerImageWidth=3200;riverMarkerSamples=9;riverMarkerX=9922;riverMarkerY=9634;total=9;
bridgeResolverEdgeStats	T316|T350	bridge=0;bridgePixels=[];river=17;riverMarkerImageHeight=4000;riverMarkerImageWidth=3200;riverMarkerSamples=17;riverMarkerX=38001;riverMarkerY=18550;total=71;
bridgeResolverEdgeStats	T317|T401	bridge=0;bridgePixels=[];river=311;riverMarkerImageHeight=4000;riverMarkerImageWidth=3200;riverMarkerSamples=311;riverMarkerX=829080;riverMarkerY=353356;total=311;
bridgeResolverEdgeStats	T318|T344	bridge=0;bridgePixels=[];river=6;riverMarkerImageHeight=4000;riverMarkerImageWidth=3200;riverMarkerSamples=6;riverMarkerX=14804;riverMarkerY=6795;total=278;
bridgeResolverEdgeStats	T318|T373	bridge=0;bridgePixels=[];river=173;riverMarkerImageHeight=4000;riverMarkerImageWidth=3200;riverMarkerSamples=173;riverMarkerX=433537;riverMarkerY=194605;total=173;
bridgeResolverEdgeStats	T319|T322	bridge=0;bridgePixels=[];river=0;riverMarkerImageHeight=0;riverMarkerImageWidth=0;riverMarkerSamples=0;riverMarkerX=0;riverMarkerY=0;total=227;
bridgeResolverEdgeStats	T319|T334	bridge=0;bridgePixels=[];river=0;riverMarkerImageHeight=0;riverMarkerImageWidth=0;riverMarkerSamples=0;riverMarkerX=0;riverMarkerY=0;total=79;
bridgeResolverEdgeStats	T320|T321	bridge=0;bridgePixels=[];river=11;riverMarkerImageHeight=4000;riverMarkerImageWidth=3200;riverMarkerSamples=11;riverMarkerX=12059;riverMarkerY=12032;total=43;
bridgeResolverEdgeStats	T320|T333	bridge=0;bridgePixels=[];river=107;riverMarkerImageHeight=4000;riverMarkerImageWidth=3200;riverMarkerSamples=107;riverMarkerX=111410;riverMarkerY=117712;total=107;
bridgeResolverEdgeStats	T320|T337	bridge=0;bridgePixels=[];river=61;riverMarkerImageHeight=4000;riverMarkerImageWidth=3200;riverMarkerSamples=61;riverMarkerX=66029;riverMarkerY=67147;total=61;
bridgeResolverEdgeStats	T321|T323	bridge=0;bridgePixels=[];river=45;riverMarkerImageHeight=4000;riverMarkerImageWidth=3200;riverMarkerSamples=45;riverMarkerX=49723;riverMarkerY=48717;total=45;
bridgeResolverEdgeStats	T321|T337	bridge=0;bridgePixels=[];river=8;riverMarkerImageHeight=4000;riverMarkerImageWidth=3200;riverMarkerSamples=8;riverMarkerX=8807;riverMarkerY=8775;total=8;
bridgeResolverEdgeStats	T322|T329	bridge=0;bridgePixels=[];river=66;riverMarkerImageHeight=4000;riverMarkerImageWidth=3200;riverMarkerSamples=66;riverMarkerX=120995;riverMarkerY=72184;total=66;
bridgeResolverEdgeStats	T322|T338	bridge=0;bridgePixels=[];river=73;riverMarkerImageHeight=4000;riverMarkerImageWidth=3200;riverMarkerSamples=73;riverMarkerX=132039;riverMarkerY=81652;total=73;
bridgeResolverEdgeStats	T323|T325	bridge=0;bridgePixels=[];river=0;riverMarkerImageHeight=0;riverMarkerImageWidth=0;riverMarkerSamples=0;riverMarkerX=0;riverMarkerY=0;total=107;
bridgeResolverEdgeStats	T323|T335	bridge=0;bridgePixels=[];river=0;riverMarkerImageHeight=0;riverMarkerImageWidth=0;riverMarkerSamples=0;riverMarkerX=0;riverMarkerY=0;total=11;
bridgeResolverEdgeStats	T323|T337	bridge=0;bridgePixels=[];river=15;riverMarkerImageHeight=4000;riverMarkerImageWidth=3200;riverMarkerSamples=15;riverMarkerX=16578;riverMarkerY=16482;total=22;
bridgeResolverEdgeStats	T324|T325	bridge=0;bridgePixels=[];river=0;riverMarkerImageHeight=0;riverMarkerImageWidth=0;riverMarkerSamples=0;riverMarkerX=0;riverMarkerY=0;total=128;
bridgeResolverEdgeStats	T324|T328	bridge=0;bridgePixels=[];river=63;riverMarkerImageHeight=4000;riverMarkerImageWidth=3200;riverMarkerSamples=63;riverMarkerX=78061;riverMarkerY=71070;total=63;
bridgeResolverEdgeStats	T324|T342	bridge=0;bridgePixels=[];river=14;riverMarkerImageHeight=4000;riverMarkerImageWidth=3200;riverMarkerSamples=14;riverMarkerX=17103;riverMarkerY=15916;total=64;
bridgeResolverEdgeStats	T324|T354	bridge=0;bridgePixels=[];river=36;riverMarkerImageHeight=4000;riverMarkerImageWidth=3200;riverMarkerSamples=36;riverMarkerX=44267;riverMarkerY=41080;total=36;
bridgeResolverEdgeStats	T325|T342	bridge=0;bridgePixels=[];river=0;riverMarkerImageHeight=0;riverMarkerImageWidth=0;riverMarkerSamples=0;riverMarkerX=0;riverMarkerY=0;total=83;
bridgeResolverEdgeStats	T326|T334	bridge=0;bridgePixels=[];river=0;riverMarkerImageHeight=0;riverMarkerImageWidth=0;riverMarkerSamples=0;riverMarkerX=0;riverMarkerY=0;total=118;
bridgeResolverEdgeStats	T326|T340	bridge=0;bridgePixels=[];river=12;riverMarkerImageHeight=4000;riverMarkerImageWidth=3200;riverMarkerSamples=12;riverMarkerX=17288;riverMarkerY=13722;total=127;
bridgeResolverEdgeStats	T326|T346	bridge=0;bridgePixels=[];river=0;riverMarkerImageHeight=0;riverMarkerImageWidth=0;riverMarkerSamples=0;riverMarkerX=0;riverMarkerY=0;total=17;
bridgeResolverEdgeStats	T326|T352	bridge=0;bridgePixels=[];river=23;riverMarkerImageHeight=4000;riverMarkerImageWidth=3200;riverMarkerSamples=23;riverMarkerX=33282;riverMarkerY=26368;total=23;
bridgeResolverEdgeStats	T328|T351	bridge=0;bridgePixels=[];river=1;riverMarkerImageHeight=4000;riverMarkerImageWidth=3200;riverMarkerSamples=1;riverMarkerX=1354;riverMarkerY=1138;total=1;
bridgeResolverEdgeStats	T328|T353	bridge=0;bridgePixels=[];river=71;riverMarkerImageHeight=4000;riverMarkerImageWidth=3200;riverMarkerSamples=71;riverMarkerX=94390;riverMarkerY=81878;total=85;
bridgeResolverEdgeStats	T328|T354	bridge=0;bridgePixels=[];river=114;riverMarkerImageHeight=4000;riverMarkerImageWidth=3200;riverMarkerSamples=114;riverMarkerX=144053;riverMarkerY=131690;total=114;
bridgeResolverEdgeStats	T328|T359	bridge=0;bridgePixels=[];river=43;riverMarkerImageHeight=4000;riverMarkerImageWidth=3200;riverMarkerSamples=43;riverMarkerX=55687;riverMarkerY=50298;total=43;
bridgeResolverEdgeStats	T329|T331	bridge=0;bridgePixels=[];river=0;riverMarkerImageHeight=0;riverMarkerImageWidth=0;riverMarkerSamples=0;riverMarkerX=0;riverMarkerY=0;total=105;
bridgeResolverEdgeStats	T329|T338	bridge=0;bridgePixels=[];river=52;riverMarkerImageHeight=4000;riverMarkerImageWidth=3200;riverMarkerSamples=52;riverMarkerX=95901;riverMarkerY=58341;total=52;
bridgeResolverEdgeStats	T330|T360	bridge=0;bridgePixels=[];river=55;riverMarkerImageHeight=4000;riverMarkerImageWidth=3200;riverMarkerSamples=55;riverMarkerX=49026;riverMarkerY=61493;total=55;
bridgeResolverEdgeStats	T331|T349	bridge=0;bridgePixels=[];river=0;riverMarkerImageHeight=0;riverMarkerImageWidth=0;riverMarkerSamples=0;riverMarkerX=0;riverMarkerY=0;total=70;
bridgeResolverEdgeStats	T331|T355	bridge=0;bridgePixels=[];river=0;riverMarkerImageHeight=0;riverMarkerImageWidth=0;riverMarkerSamples=0;riverMarkerX=0;riverMarkerY=0;total=20;
bridgeResolverEdgeStats	T331|T361	bridge=0;bridgePixels=[];river=0;riverMarkerImageHeight=0;riverMarkerImageWidth=0;riverMarkerSamples=0;riverMarkerX=0;riverMarkerY=0;total=161;
bridgeResolverEdgeStats	T332|T339	bridge=0;bridgePixels=[];river=18;riverMarkerImageHeight=4000;riverMarkerImageWidth=3200;riverMarkerSamples=18;riverMarkerX=24268;riverMarkerY=20034;total=18;
bridgeResolverEdgeStats	T333|T337	bridge=0;bridgePixels=[];river=25;riverMarkerImageHeight=4000;riverMarkerImageWidth=3200;riverMarkerSamples=25;riverMarkerX=26574;riverMarkerY=27870;total=59;
bridgeResolverEdgeStats	T333|T345	bridge=0;bridgePixels=[];river=138;riverMarkerImageHeight=4000;riverMarkerImageWidth=3200;riverMarkerSamples=138;riverMarkerX=140711;riverMarkerY=154402;total=138;
bridgeResolverEdgeStats	T337|T345	bridge=0;bridgePixels=[];river=97;riverMarkerImageHeight=4000;riverMarkerImageWidth=3200;riverMarkerSamples=97;riverMarkerX=104828;riverMarkerY=110568;total=97;
bridgeResolverEdgeStats	T338|T355	bridge=0;bridgePixels=[];river=0;riverMarkerImageHeight=0;riverMarkerImageWidth=0;riverMarkerSamples=0;riverMarkerX=0;riverMarkerY=0;total=8;
bridgeResolverEdgeStats	T340|T351	bridge=0;bridgePixels=[];river=11;riverMarkerImageHeight=4000;riverMarkerImageWidth=3200;riverMarkerSamples=11;riverMarkerX=15710;riverMarkerY=12763;total=137;
bridgeResolverEdgeStats	T340|T352	bridge=0;bridgePixels=[];river=25;riverMarkerImageHeight=4000;riverMarkerImageWidth=3200;riverMarkerSamples=25;riverMarkerX=35918;riverMarkerY=28858;total=25;
bridgeResolverEdgeStats	T342|T347	bridge=0;bridgePixels=[];river=9;riverMarkerImageHeight=4000;riverMarkerImageWidth=3200;riverMarkerSamples=9;riverMarkerX=10593;riverMarkerY=10311;total=9;
bridgeResolverEdgeStats	T342|T348	bridge=0;bridgePixels=[];river=91;riverMarkerImageHeight=4000;riverMarkerImageWidth=3200;riverMarkerSamples=91;riverMarkerX=108998;riverMarkerY=103885;total=91;
bridgeResolverEdgeStats	T344|T350	bridge=0;bridgePixels=[];river=101;riverMarkerImageHeight=4000;riverMarkerImageWidth=3200;riverMarkerSamples=101;riverMarkerX=229727;riverMarkerY=114797;total=101;
bridgeResolverEdgeStats	T344|T362	bridge=0;bridgePixels=[];river=318;riverMarkerImageHeight=4000;riverMarkerImageWidth=3200;riverMarkerSamples=318;riverMarkerX=764497;riverMarkerY=369257;total=318;
bridgeResolverEdgeStats	T344|T373	bridge=0;bridgePixels=[];river=1;riverMarkerImageHeight=4000;riverMarkerImageWidth=3200;riverMarkerSamples=1;riverMarkerX=2469;riverMarkerY=1138;total=1;
bridgeResolverEdgeStats	T345|T360	bridge=0;bridgePixels=[];river=25;riverMarkerImageHeight=4000;riverMarkerImageWidth=3200;riverMarkerSamples=25;riverMarkerX=23506;riverMarkerY=28280;total=105;
bridgeResolverEdgeStats	T346|T357	bridge=0;bridgePixels=[];river=0;riverMarkerImageHeight=0;riverMarkerImageWidth=0;riverMarkerSamples=0;riverMarkerX=0;riverMarkerY=0;total=18;
bridgeResolverEdgeStats	T347|T348	bridge=0;bridgePixels=[];river=21;riverMarkerImageHeight=4000;riverMarkerImageWidth=3200;riverMarkerSamples=21;riverMarkerX=24835;riverMarkerY=24132;total=21;
bridgeResolverEdgeStats	T348|T354	bridge=0;bridgePixels=[];river=10;riverMarkerImageHeight=4000;riverMarkerImageWidth=3200;riverMarkerSamples=10;riverMarkerX=12177;riverMarkerY=11465;total=51;
bridgeResolverEdgeStats	T349|T350	bridge=0;bridgePixels=[];river=0;riverMarkerImageHeight=0;riverMarkerImageWidth=0;riverMarkerSamples=0;riverMarkerX=0;riverMarkerY=0;total=232;
bridgeResolverEdgeStats	T349|T361	bridge=0;bridgePixels=[];river=0;riverMarkerImageHeight=0;riverMarkerImageWidth=0;riverMarkerSamples=0;riverMarkerX=0;riverMarkerY=0;total=220;
bridgeResolverEdgeStats	T349|T396	bridge=0;bridgePixels=[];river=0;riverMarkerImageHeight=0;riverMarkerImageWidth=0;riverMarkerSamples=0;riverMarkerX=0;riverMarkerY=0;total=51;
bridgeResolverEdgeStats	T349|T406	bridge=0;bridgePixels=[];river=0;riverMarkerImageHeight=0;riverMarkerImageWidth=0;riverMarkerSamples=0;riverMarkerX=0;riverMarkerY=0;total=314;
bridgeResolverEdgeStats	T350|T394	bridge=0;bridgePixels=[];river=9;riverMarkerImageHeight=4000;riverMarkerImageWidth=3200;riverMarkerSamples=9;riverMarkerX=20600;riverMarkerY=10752;total=132;
bridgeResolverEdgeStats	T350|T396	bridge=0;bridgePixels=[];river=0;riverMarkerImageHeight=0;riverMarkerImageWidth=0;riverMarkerSamples=0;riverMarkerX=0;riverMarkerY=0;total=293;
bridgeResolverEdgeStats	T351|T352	bridge=0;bridgePixels=[];river=3;riverMarkerImageHeight=4000;riverMarkerImageWidth=3200;riverMarkerSamples=3;riverMarkerX=4292;riverMarkerY=3489;total=3;
bridgeResolverEdgeStats	T351|T353	bridge=0;bridgePixels=[];river=74;riverMarkerImageHeight=4000;riverMarkerImageWidth=3200;riverMarkerSamples=74;riverMarkerX=101255;riverMarkerY=86236;total=74;
bridgeResolverEdgeStats	T351|T358	bridge=0;bridgePixels=[];river=56;riverMarkerImageHeight=4000;riverMarkerImageWidth=3200;riverMarkerSamples=56;riverMarkerX=79239;riverMarkerY=66004;total=56;
bridgeResolverEdgeStats	T351|T371	bridge=0;bridgePixels=[];river=12;riverMarkerImageHeight=4000;riverMarkerImageWidth=3200;riverMarkerSamples=12;riverMarkerX=16704;riverMarkerY=14272;total=12;
bridgeResolverEdgeStats	T352|T358	bridge=0;bridgePixels=[];river=31;riverMarkerImageHeight=4000;riverMarkerImageWidth=3200;riverMarkerSamples=31;riverMarkerX=44676;riverMarkerY=36339;total=31;
bridgeResolverEdgeStats	T352|T375	bridge=0;bridgePixels=[];river=9;riverMarkerImageHeight=4000;riverMarkerImageWidth=3200;riverMarkerSamples=9;riverMarkerX=13068;riverMarkerY=10615;total=9;
bridgeResolverEdgeStats	T353|T359	bridge=0;bridgePixels=[];river=25;riverMarkerImageHeight=4000;riverMarkerImageWidth=3200;riverMarkerSamples=25;riverMarkerX=32792;riverMarkerY=29492;total=25;
bridgeResolverEdgeStats	T353|T365	bridge=0;bridgePixels=[];river=50;riverMarkerImageHeight=4000;riverMarkerImageWidth=3200;riverMarkerSamples=50;riverMarkerX=66638;riverMarkerY=59222;total=50;
bridgeResolverEdgeStats	T353|T367	bridge=0;bridgePixels=[];river=30;riverMarkerImageHeight=4000;riverMarkerImageWidth=3200;riverMarkerSamples=30;riverMarkerX=40696;riverMarkerY=35663;total=30;
bridgeResolverEdgeStats	T353|T368	bridge=0;bridgePixels=[];river=43;riverMarkerImageHeight=4000;riverMarkerImageWidth=3200;riverMarkerSamples=43;riverMarkerX=59144;riverMarkerY=51223;total=43;
bridgeResolverEdgeStats	T353|T371	bridge=0;bridgePixels=[];river=3;riverMarkerImageHeight=4000;riverMarkerImageWidth=3200;riverMarkerSamples=3;riverMarkerX=4158;riverMarkerY=3570;total=3;
bridgeResolverEdgeStats	T354|T359	bridge=0;bridgePixels=[];river=17;riverMarkerImageHeight=4000;riverMarkerImageWidth=3200;riverMarkerSamples=17;riverMarkerX=21828;riverMarkerY=19957;total=93;
bridgeResolverEdgeStats	T355|T361	bridge=0;bridgePixels=[];river=0;riverMarkerImageHeight=0;riverMarkerImageWidth=0;riverMarkerSamples=0;riverMarkerX=0;riverMarkerY=0;total=113;
bridgeResolverEdgeStats	T355|T364	bridge=0;bridgePixels=[];river=0;riverMarkerImageHeight=0;riverMarkerImageWidth=0;riverMarkerSamples=0;riverMarkerX=0;riverMarkerY=0;total=62;
bridgeResolverEdgeStats	T355|T395	bridge=0;bridgePixels=[];river=0;riverMarkerImageHeight=0;riverMarkerImageWidth=0;riverMarkerSamples=0;riverMarkerX=0;riverMarkerY=0;total=58;
bridgeResolverEdgeStats	T355|T400	bridge=0;bridgePixels=[];river=0;riverMarkerImageHeight=0;riverMarkerImageWidth=0;riverMarkerSamples=0;riverMarkerX=0;riverMarkerY=0;total=64;
bridgeResolverEdgeStats	T356|T391	bridge=0;bridgePixels=[];river=0;riverMarkerImageHeight=0;riverMarkerImageWidth=0;riverMarkerSamples=0;riverMarkerX=0;riverMarkerY=0;total=4;
bridgeResolverEdgeStats	T357|T369	bridge=0;bridgePixels=[];river=0;riverMarkerImageHeight=0;riverMarkerImageWidth=0;riverMarkerSamples=0;riverMarkerX=0;riverMarkerY=0;total=72;
bridgeResolverEdgeStats	T357|T374	bridge=0;bridgePixels=[];river=0;riverMarkerImageHeight=0;riverMarkerImageWidth=0;riverMarkerSamples=0;riverMarkerX=0;riverMarkerY=0;total=2;
bridgeResolverEdgeStats	T357|T378	bridge=0;bridgePixels=[];river=0;riverMarkerImageHeight=0;riverMarkerImageWidth=0;riverMarkerSamples=0;riverMarkerX=0;riverMarkerY=0;total=32;
bridgeResolverEdgeStats	T357|T391	bridge=0;bridgePixels=[];river=0;riverMarkerImageHeight=0;riverMarkerImageWidth=0;riverMarkerSamples=0;riverMarkerX=0;riverMarkerY=0;total=43;
bridgeResolverEdgeStats	T358|T370	bridge=0;bridgePixels=[];river=23;riverMarkerImageHeight=4000;riverMarkerImageWidth=3200;riverMarkerSamples=23;riverMarkerX=32836;riverMarkerY=27691;total=23;
bridgeResolverEdgeStats	T358|T375	bridge=0;bridgePixels=[];river=60;riverMarkerImageHeight=4000;riverMarkerImageWidth=3200;riverMarkerSamples=60;riverMarkerX=86329;riverMarkerY=71864;total=60;
bridgeResolverEdgeStats	T358|T376	bridge=0;bridgePixels=[];river=38;riverMarkerImageHeight=4000;riverMarkerImageWidth=3200;riverMarkerSamples=38;riverMarkerX=53568;riverMarkerY=45474;total=38;
bridgeResolverEdgeStats	T359|T366	bridge=0;bridgePixels=[];river=49;riverMarkerImageHeight=4000;riverMarkerImageWidth=3200;riverMarkerSamples=49;riverMarkerX=63921;riverMarkerY=58816;total=49;
bridgeResolverEdgeStats	T360|T419	bridge=0;bridgePixels=[];river=21;riverMarkerImageHeight=4000;riverMarkerImageWidth=3200;riverMarkerSamples=21;riverMarkerX=17660;riverMarkerY=27885;total=21;
bridgeResolverEdgeStats	T361|T400	bridge=0;bridgePixels=[];river=0;riverMarkerImageHeight=0;riverMarkerImageWidth=0;riverMarkerSamples=0;riverMarkerX=0;riverMarkerY=0;total=71;
bridgeResolverEdgeStats	T361|T406	bridge=0;bridgePixels=[];river=0;riverMarkerImageHeight=0;riverMarkerImageWidth=0;riverMarkerSamples=0;riverMarkerX=0;riverMarkerY=0;total=136;
bridgeResolverEdgeStats	T361|T409	bridge=0;bridgePixels=[];river=0;riverMarkerImageHeight=0;riverMarkerImageWidth=0;riverMarkerSamples=0;riverMarkerX=0;riverMarkerY=0;total=91;
bridgeResolverEdgeStats	T362|T373	bridge=0;bridgePixels=[];river=19;riverMarkerImageHeight=4000;riverMarkerImageWidth=3200;riverMarkerSamples=19;riverMarkerX=46899;riverMarkerY=21724;total=156;
bridgeResolverEdgeStats	T362|T394	bridge=0;bridgePixels=[];river=11;riverMarkerImageHeight=4000;riverMarkerImageWidth=3200;riverMarkerSamples=11;riverMarkerX=25864;riverMarkerY=13600;total=11;
bridgeResolverEdgeStats	T362|T432	bridge=0;bridgePixels=[];river=13;riverMarkerImageHeight=4000;riverMarkerImageWidth=3200;riverMarkerSamples=13;riverMarkerX=30667;riverMarkerY=16124;total=129;
bridgeResolverEdgeStats	T363|T378	bridge=0;bridgePixels=[];river=0;riverMarkerImageHeight=0;riverMarkerImageWidth=0;riverMarkerSamples=0;riverMarkerX=0;riverMarkerY=0;total=81;
bridgeResolverEdgeStats	T363|T399	bridge=0;bridgePixels=[];river=0;riverMarkerImageHeight=0;riverMarkerImageWidth=0;riverMarkerSamples=0;riverMarkerX=0;riverMarkerY=0;total=19;
bridgeResolverEdgeStats	T364|T382	bridge=0;bridgePixels=[];river=14;riverMarkerImageHeight=4000;riverMarkerImageWidth=3200;riverMarkerSamples=14;riverMarkerX=24995;riverMarkerY=16910;total=82;
bridgeResolverEdgeStats	T364|T387	bridge=0;bridgePixels=[];river=87;riverMarkerImageHeight=4000;riverMarkerImageWidth=3200;riverMarkerSamples=87;riverMarkerX=152110;riverMarkerY=105706;total=188;
bridgeResolverEdgeStats	T364|T395	bridge=0;bridgePixels=[];river=0;riverMarkerImageHeight=0;riverMarkerImageWidth=0;riverMarkerSamples=0;riverMarkerX=0;riverMarkerY=0;total=62;
bridgeResolverEdgeStats	T364|T399	bridge=0;bridgePixels=[];river=0;riverMarkerImageHeight=0;riverMarkerImageWidth=0;riverMarkerSamples=0;riverMarkerX=0;riverMarkerY=0;total=50;
bridgeResolverEdgeStats	T364|T407	bridge=0;bridgePixels=[];river=10;riverMarkerImageHeight=4000;riverMarkerImageWidth=3200;riverMarkerSamples=10;riverMarkerX=16847;riverMarkerY=12544;total=27;
bridgeResolverEdgeStats	T365|T366	bridge=0;bridgePixels=[];river=52;riverMarkerImageHeight=4000;riverMarkerImageWidth=3200;riverMarkerSamples=52;riverMarkerX=68617;riverMarkerY=62351;total=52;
bridgeResolverEdgeStats	T365|T367	bridge=0;bridgePixels=[];river=68;riverMarkerImageHeight=4000;riverMarkerImageWidth=3200;riverMarkerSamples=68;riverMarkerX=91327;riverMarkerY=81769;total=68;
bridgeResolverEdgeStats	T367|T368	bridge=0;bridgePixels=[];river=72;riverMarkerImageHeight=4000;riverMarkerImageWidth=3200;riverMarkerSamples=72;riverMarkerX=97982;riverMarkerY=86821;total=72;
bridgeResolverEdgeStats	T368|T371	bridge=0;bridgePixels=[];river=84;riverMarkerImageHeight=4000;riverMarkerImageWidth=3200;riverMarkerSamples=84;riverMarkerX=115870;riverMarkerY=101459;total=84;
bridgeResolverEdgeStats	T369|T374	bridge=0;bridgePixels=[];river=0;riverMarkerImageHeight=0;riverMarkerImageWidth=0;riverMarkerSamples=0;riverMarkerX=0;riverMarkerY=0;total=2;
bridgeResolverEdgeStats	T369|T378	bridge=0;bridgePixels=[];river=0;riverMarkerImageHeight=0;riverMarkerImageWidth=0;riverMarkerSamples=0;riverMarkerX=0;riverMarkerY=0;total=147;
bridgeResolverEdgeStats	T369|T391	bridge=0;bridgePixels=[];river=0;riverMarkerImageHeight=0;riverMarkerImageWidth=0;riverMarkerSamples=0;riverMarkerX=0;riverMarkerY=0;total=8;
bridgeResolverEdgeStats	T370|T375	bridge=0;bridgePixels=[];river=1;riverMarkerImageHeight=4000;riverMarkerImageWidth=3200;riverMarkerSamples=1;riverMarkerX=1432;riverMarkerY=1215;total=1;
bridgeResolverEdgeStats	T370|T376	bridge=0;bridgePixels=[];river=10;riverMarkerImageHeight=4000;riverMarkerImageWidth=3200;riverMarkerSamples=10;riverMarkerX=14218;riverMarkerY=12037;total=10;
bridgeResolverEdgeStats	T370|T379	bridge=0;bridgePixels=[];river=20;riverMarkerImageHeight=4000;riverMarkerImageWidth=3200;riverMarkerSamples=20;riverMarkerX=28528;riverMarkerY=24256;total=20;
bridgeResolverEdgeStats	T371|T376	bridge=0;bridgePixels=[];river=100;riverMarkerImageHeight=4000;riverMarkerImageWidth=3200;riverMarkerSamples=100;riverMarkerX=139225;riverMarkerY=121478;total=100;
bridgeResolverEdgeStats	T372|T377	bridge=0;bridgePixels=[];river=18;riverMarkerImageHeight=4000;riverMarkerImageWidth=3200;riverMarkerSamples=18;riverMarkerX=21472;riverMarkerY=21781;total=18;
bridgeResolverEdgeStats	T372|T383	bridge=0;bridgePixels=[];river=7;riverMarkerImageHeight=4000;riverMarkerImageWidth=3200;riverMarkerSamples=7;riverMarkerX=8472;riverMarkerY=8526;total=7;
bridgeResolverEdgeStats	T373|T432	bridge=0;bridgePixels=[];river=0;riverMarkerImageHeight=0;riverMarkerImageWidth=0;riverMarkerSamples=0;riverMarkerX=0;riverMarkerY=0;total=243;
bridgeResolverEdgeStats	T375|T379	bridge=0;bridgePixels=[];river=42;riverMarkerImageHeight=4000;riverMarkerImageWidth=3200;riverMarkerSamples=42;riverMarkerX=60232;riverMarkerY=51563;total=42;
bridgeResolverEdgeStats	T375|T381	bridge=0;bridgePixels=[];river=8;riverMarkerImageHeight=4000;riverMarkerImageWidth=3200;riverMarkerSamples=8;riverMarkerX=11638;riverMarkerY=9889;total=8;
bridgeResolverEdgeStats	T375|T386	bridge=0;bridgePixels=[];river=11;riverMarkerImageHeight=4000;riverMarkerImageWidth=3200;riverMarkerSamples=11;riverMarkerX=15840;riverMarkerY=13635;total=11;
bridgeResolverEdgeStats	T375|T402	bridge=0;bridgePixels=[];river=9;riverMarkerImageHeight=4000;riverMarkerImageWidth=3200;riverMarkerSamples=9;riverMarkerX=13047;riverMarkerY=11175;total=9;
bridgeResolverEdgeStats	T376|T379	bridge=0;bridgePixels=[];river=75;riverMarkerImageHeight=4000;riverMarkerImageWidth=3200;riverMarkerSamples=75;riverMarkerX=105922;riverMarkerY=91537;total=75;
bridgeResolverEdgeStats	T377|T390	bridge=0;bridgePixels=[];river=110;riverMarkerImageHeight=4000;riverMarkerImageWidth=3200;riverMarkerSamples=110;riverMarkerX=127264;riverMarkerY=133284;total=110;
bridgeResolverEdgeStats	T377|T392	bridge=0;bridgePixels=[];river=48;riverMarkerImageHeight=4000;riverMarkerImageWidth=3200;riverMarkerSamples=48;riverMarkerX=56324;riverMarkerY=59631;total=48;
bridgeResolverEdgeStats	T378|T391	bridge=0;bridgePixels=[];river=0;riverMarkerImageHeight=0;riverMarkerImageWidth=0;riverMarkerSamples=0;riverMarkerX=0;riverMarkerY=0;total=119;
bridgeResolverEdgeStats	T378|T399	bridge=0;bridgePixels=[];river=0;riverMarkerImageHeight=0;riverMarkerImageWidth=0;riverMarkerSamples=0;riverMarkerX=0;riverMarkerY=0;total=80;
bridgeResolverEdgeStats	T378|T423	bridge=0;bridgePixels=[];river=0;riverMarkerImageHeight=0;riverMarkerImageWidth=0;riverMarkerSamples=0;riverMarkerX=0;riverMarkerY=0;total=113;
bridgeResolverEdgeStats	T379|T384	bridge=0;bridgePixels=[];river=18;riverMarkerImageHeight=4000;riverMarkerImageWidth=3200;riverMarkerSamples=18;riverMarkerX=25708;riverMarkerY=22267;total=18;
bridgeResolverEdgeStats	T379|T388	bridge=0;bridgePixels=[];river=24;riverMarkerImageHeight=4000;riverMarkerImageWidth=3200;riverMarkerSamples=24;riverMarkerX=33972;riverMarkerY=29755;total=24;
bridgeResolverEdgeStats	T380|T399	bridge=0;bridgePixels=[];river=0;riverMarkerImageHeight=0;riverMarkerImageWidth=0;riverMarkerSamples=0;riverMarkerX=0;riverMarkerY=0;total=1;
bridgeResolverEdgeStats	T381|T391	bridge=0;bridgePixels=[];river=17;riverMarkerImageHeight=4000;riverMarkerImageWidth=3200;riverMarkerSamples=17;riverMarkerX=25068;riverMarkerY=20971;total=17;
bridgeResolverEdgeStats	T381|T402	bridge=0;bridgePixels=[];river=12;riverMarkerImageHeight=4000;riverMarkerImageWidth=3200;riverMarkerSamples=12;riverMarkerX=17491;riverMarkerY=14914;total=12;
bridgeResolverEdgeStats	T382|T387	bridge=0;bridgePixels=[];river=81;riverMarkerImageHeight=4000;riverMarkerImageWidth=3200;riverMarkerSamples=81;riverMarkerX=145681;riverMarkerY=99552;total=81;
bridgeResolverEdgeStats	T382|T395	bridge=0;bridgePixels=[];river=0;riverMarkerImageHeight=0;riverMarkerImageWidth=0;riverMarkerSamples=0;riverMarkerX=0;riverMarkerY=0;total=64;
bridgeResolverEdgeStats	T382|T403	bridge=0;bridgePixels=[];river=82;riverMarkerImageHeight=4000;riverMarkerImageWidth=3200;riverMarkerSamples=82;riverMarkerX=149942;riverMarkerY=102784;total=82;
bridgeResolverEdgeStats	T382|T414	bridge=0;bridgePixels=[];river=19;riverMarkerImageHeight=4000;riverMarkerImageWidth=3200;riverMarkerSamples=19;riverMarkerX=35175;riverMarkerY=24086;total=44;
bridgeResolverEdgeStats	T383|T385	bridge=0;bridgePixels=[];river=102;riverMarkerImageHeight=4000;riverMarkerImageWidth=3200;riverMarkerSamples=102;riverMarkerX=126408;riverMarkerY=127121;total=102;
bridgeResolverEdgeStats	T383|T392	bridge=0;bridgePixels=[];river=27;riverMarkerImageHeight=4000;riverMarkerImageWidth=3200;riverMarkerSamples=27;riverMarkerX=32921;riverMarkerY=34009;total=27;
bridgeResolverEdgeStats	T384|T386	bridge=0;bridgePixels=[];river=19;riverMarkerImageHeight=4000;riverMarkerImageWidth=3200;riverMarkerSamples=19;riverMarkerX=27219;riverMarkerY=23611;total=19;
bridgeResolverEdgeStats	T384|T388	bridge=0;bridgePixels=[];river=9;riverMarkerImageHeight=4000;riverMarkerImageWidth=3200;riverMarkerSamples=9;riverMarkerX=12815;riverMarkerY=11223;total=9;
bridgeResolverEdgeStats	T384|T402	bridge=0;bridgePixels=[];river=5;riverMarkerImageHeight=4000;riverMarkerImageWidth=3200;riverMarkerSamples=5;riverMarkerX=7139;riverMarkerY=6257;total=5;
bridgeResolverEdgeStats	T385|T404	bridge=0;bridgePixels=[];river=133;riverMarkerImageHeight=4000;riverMarkerImageWidth=3200;riverMarkerSamples=133;riverMarkerX=166886;riverMarkerY=168818;total=133;
bridgeResolverEdgeStats	T386|T402	bridge=0;bridgePixels=[];river=24;riverMarkerImageHeight=4000;riverMarkerImageWidth=3200;riverMarkerSamples=24;riverMarkerX=34498;riverMarkerY=29967;total=24;
bridgeResolverEdgeStats	T387|T403	bridge=0;bridgePixels=[];river=29;riverMarkerImageHeight=4000;riverMarkerImageWidth=3200;riverMarkerSamples=29;riverMarkerX=51338;riverMarkerY=36849;total=147;
bridgeResolverEdgeStats	T387|T407	bridge=0;bridgePixels=[];river=187;riverMarkerImageHeight=4000;riverMarkerImageWidth=3200;riverMarkerSamples=187;riverMarkerX=319379;riverMarkerY=239703;total=187;
bridgeResolverEdgeStats	T388|T389	bridge=0;bridgePixels=[];river=2;riverMarkerImageHeight=4000;riverMarkerImageWidth=3200;riverMarkerSamples=2;riverMarkerX=2808;riverMarkerY=2505;total=2;
bridgeResolverEdgeStats	T388|T398	bridge=0;bridgePixels=[];river=34;riverMarkerImageHeight=4000;riverMarkerImageWidth=3200;riverMarkerSamples=34;riverMarkerX=48092;riverMarkerY=42708;total=34;
bridgeResolverEdgeStats	T389|T398	bridge=0;bridgePixels=[];river=6;riverMarkerImageHeight=4000;riverMarkerImageWidth=3200;riverMarkerSamples=6;riverMarkerX=8403;riverMarkerY=7546;total=6;
bridgeResolverEdgeStats	T389|T408	bridge=0;bridgePixels=[];river=20;riverMarkerImageHeight=4000;riverMarkerImageWidth=3200;riverMarkerSamples=20;riverMarkerX=27850;riverMarkerY=25154;total=20;
bridgeResolverEdgeStats	T390|T392	bridge=0;bridgePixels=[];river=128;riverMarkerImageHeight=4000;riverMarkerImageWidth=3200;riverMarkerSamples=128;riverMarkerX=149765;riverMarkerY=161168;total=128;
bridgeResolverEdgeStats	T390|T397	bridge=0;bridgePixels=[];river=433;riverMarkerImageHeight=4000;riverMarkerImageWidth=3200;riverMarkerSamples=433;riverMarkerX=420459;riverMarkerY=537976;total=433;
bridgeResolverEdgeStats	T390|T404	bridge=0;bridgePixels=[];river=4;riverMarkerImageHeight=4000;riverMarkerImageWidth=3200;riverMarkerSamples=4;riverMarkerX=4757;riverMarkerY=5146;total=4;
bridgeResolverEdgeStats	T390|T410	bridge=0;bridgePixels=[];river=4;riverMarkerImageHeight=4000;riverMarkerImageWidth=3200;riverMarkerSamples=4;riverMarkerX=4741;riverMarkerY=5167;total=4;
bridgeResolverEdgeStats	T391|T423	bridge=0;bridgePixels=[];river=0;riverMarkerImageHeight=0;riverMarkerImageWidth=0;riverMarkerSamples=0;riverMarkerX=0;riverMarkerY=0;total=10;
bridgeResolverEdgeStats	T392|T404	bridge=0;bridgePixels=[];river=45;riverMarkerImageHeight=4000;riverMarkerImageWidth=3200;riverMarkerSamples=45;riverMarkerX=54425;riverMarkerY=57462;total=45;
bridgeResolverEdgeStats	T393|T401	bridge=0;bridgePixels=[];river=15;riverMarkerImageHeight=4000;riverMarkerImageWidth=3200;riverMarkerSamples=15;riverMarkerX=42383;riverMarkerY=17406;total=444;
bridgeResolverEdgeStats	T393|T426	bridge=0;bridgePixels=[];river=0;riverMarkerImageHeight=0;riverMarkerImageWidth=0;riverMarkerSamples=0;riverMarkerX=0;riverMarkerY=0;total=431;
bridgeResolverEdgeStats	T393|T438	bridge=0;bridgePixels=[];river=0;riverMarkerImageHeight=0;riverMarkerImageWidth=0;riverMarkerSamples=0;riverMarkerX=0;riverMarkerY=0;total=40;
bridgeResolverEdgeStats	T393|T461	bridge=0;bridgePixels=[];river=7;riverMarkerImageHeight=4000;riverMarkerImageWidth=3200;riverMarkerSamples=7;riverMarkerX=21172;riverMarkerY=10307;total=128;
bridgeResolverEdgeStats	T394|T396	bridge=0;bridgePixels=[];river=0;riverMarkerImageHeight=0;riverMarkerImageWidth=0;riverMarkerSamples=0;riverMarkerX=0;riverMarkerY=0;total=216;
bridgeResolverEdgeStats	T394|T429	bridge=0;bridgePixels=[];river=21;riverMarkerImageHeight=4000;riverMarkerImageWidth=3200;riverMarkerSamples=21;riverMarkerX=49350;riverMarkerY=27251;total=305;
bridgeResolverEdgeStats	T394|T432	bridge=0;bridgePixels=[];river=93;riverMarkerImageHeight=4000;riverMarkerImageWidth=3200;riverMarkerSamples=93;riverMarkerX=218631;riverMarkerY=118098;total=93;
bridgeResolverEdgeStats	T395|T400	bridge=0;bridgePixels=[];river=0;riverMarkerImageHeight=0;riverMarkerImageWidth=0;riverMarkerSamples=0;riverMarkerX=0;riverMarkerY=0;total=132;
bridgeResolverEdgeStats	T395|T414	bridge=0;bridgePixels=[];river=0;riverMarkerImageHeight=0;riverMarkerImageWidth=0;riverMarkerSamples=0;riverMarkerX=0;riverMarkerY=0;total=99;
bridgeResolverEdgeStats	T395|T427	bridge=0;bridgePixels=[];river=0;riverMarkerImageHeight=0;riverMarkerImageWidth=0;riverMarkerSamples=0;riverMarkerX=0;riverMarkerY=0;total=10;
bridgeResolverEdgeStats	T396|T406	bridge=0;bridgePixels=[];river=0;riverMarkerImageHeight=0;riverMarkerImageWidth=0;riverMarkerSamples=0;riverMarkerX=0;riverMarkerY=0;total=193;
bridgeResolverEdgeStats	T396|T428	bridge=0;bridgePixels=[];river=0;riverMarkerImageHeight=0;riverMarkerImageWidth=0;riverMarkerSamples=0;riverMarkerX=0;riverMarkerY=0;total=342;
bridgeResolverEdgeStats	T397|T419	bridge=0;bridgePixels=[];river=51;riverMarkerImageHeight=4000;riverMarkerImageWidth=3200;riverMarkerSamples=51;riverMarkerX=45204;riverMarkerY=67095;total=51;
bridgeResolverEdgeStats	T398|T402	bridge=0;bridgePixels=[];river=65;riverMarkerImageHeight=4000;riverMarkerImageWidth=3200;riverMarkerSamples=65;riverMarkerX=92624;riverMarkerY=82611;total=65;
bridgeResolverEdgeStats	T398|T408	bridge=0;bridgePixels=[];river=62;riverMarkerImageHeight=4000;riverMarkerImageWidth=3200;riverMarkerSamples=62;riverMarkerX=87454;riverMarkerY=78997;total=62;
bridgeResolverEdgeStats	T399|T407	bridge=0;bridgePixels=[];river=0;riverMarkerImageHeight=0;riverMarkerImageWidth=0;riverMarkerSamples=0;riverMarkerX=0;riverMarkerY=0;total=39;
bridgeResolverEdgeStats	T399|T417	bridge=0;bridgePixels=[];river=0;riverMarkerImageHeight=0;riverMarkerImageWidth=0;riverMarkerSamples=0;riverMarkerX=0;riverMarkerY=0;total=50;
bridgeResolverEdgeStats	T399|T423	bridge=0;bridgePixels=[];river=0;riverMarkerImageHeight=0;riverMarkerImageWidth=0;riverMarkerSamples=0;riverMarkerX=0;riverMarkerY=0;total=81;
bridgeResolverEdgeStats	T400|T409	bridge=0;bridgePixels=[];river=10;riverMarkerImageHeight=4000;riverMarkerImageWidth=3200;riverMarkerSamples=10;riverMarkerX=19076;riverMarkerY=13132;total=81;
bridgeResolverEdgeStats	T401|T426	bridge=0;bridgePixels=[];river=0;riverMarkerImageHeight=0;riverMarkerImageWidth=0;riverMarkerSamples=0;riverMarkerX=0;riverMarkerY=0;total=16;
bridgeResolverEdgeStats	T401|T432	bridge=0;bridgePixels=[];river=0;riverMarkerImageHeight=0;riverMarkerImageWidth=0;riverMarkerSamples=0;riverMarkerX=0;riverMarkerY=0;total=235;
bridgeResolverEdgeStats	T401|T440	bridge=0;bridgePixels=[];river=0;riverMarkerImageHeight=0;riverMarkerImageWidth=0;riverMarkerSamples=0;riverMarkerX=0;riverMarkerY=0;total=67;
bridgeResolverEdgeStats	T401|T442	bridge=0;bridgePixels=[];river=0;riverMarkerImageHeight=0;riverMarkerImageWidth=0;riverMarkerSamples=0;riverMarkerX=0;riverMarkerY=0;total=413;
bridgeResolverEdgeStats	T402|T408	bridge=0;bridgePixels=[];river=29;riverMarkerImageHeight=4000;riverMarkerImageWidth=3200;riverMarkerSamples=29;riverMarkerX=41325;riverMarkerY=37712;total=29;
bridgeResolverEdgeStats	T402|T415	bridge=0;bridgePixels=[];river=92;riverMarkerImageHeight=4000;riverMarkerImageWidth=3200;riverMarkerSamples=92;riverMarkerX=133277;riverMarkerY=120303;total=92;
bridgeResolverEdgeStats	T403|T407	bridge=0;bridgePixels=[];river=25;riverMarkerImageHeight=4000;riverMarkerImageWidth=3200;riverMarkerSamples=25;riverMarkerX=43575;riverMarkerY=32471;total=25;
bridgeResolverEdgeStats	T403|T414	bridge=0;bridgePixels=[];river=190;riverMarkerImageHeight=4000;riverMarkerImageWidth=3200;riverMarkerSamples=190;riverMarkerX=344029;riverMarkerY=246925;total=190;
bridgeResolverEdgeStats	T404|T410	bridge=0;bridgePixels=[];river=84;riverMarkerImageHeight=4000;riverMarkerImageWidth=3200;riverMarkerSamples=84;riverMarkerX=101389;riverMarkerY=108438;total=84;
bridgeResolverEdgeStats	T404|T411	bridge=0;bridgePixels=[];river=94;riverMarkerImageHeight=4000;riverMarkerImageWidth=3200;riverMarkerSamples=94;riverMarkerX=120392;riverMarkerY=121766;total=94;
bridgeResolverEdgeStats	T404|T418	bridge=0;bridgePixels=[];river=75;riverMarkerImageHeight=4000;riverMarkerImageWidth=3200;riverMarkerSamples=75;riverMarkerX=93389;riverMarkerY=97204;total=75;
bridgeResolverEdgeStats	T406|T409	bridge=0;bridgePixels=[];river=14;riverMarkerImageHeight=4000;riverMarkerImageWidth=3200;riverMarkerSamples=14;riverMarkerX=27492;riverMarkerY=18674;total=107;
bridgeResolverEdgeStats	T406|T428	bridge=0;bridgePixels=[];river=22;riverMarkerImageHeight=4000;riverMarkerImageWidth=3200;riverMarkerSamples=22;riverMarkerX=45303;riverMarkerY=30392;total=150;
bridgeResolverEdgeStats	T406|T437	bridge=0;bridgePixels=[];river=164;riverMarkerImageHeight=4000;riverMarkerImageWidth=3200;riverMarkerSamples=164;riverMarkerX=329872;riverMarkerY=223504;total=164;
bridgeResolverEdgeStats	T407|T417	bridge=0;bridgePixels=[];river=8;riverMarkerImageHeight=4000;riverMarkerImageWidth=3200;riverMarkerSamples=8;riverMarkerX=13367;riverMarkerY=10659;total=90;
bridgeResolverEdgeStats	T408|T412	bridge=0;bridgePixels=[];river=139;riverMarkerImageHeight=4000;riverMarkerImageWidth=3200;riverMarkerSamples=139;riverMarkerX=191576;riverMarkerY=179331;total=139;
bridgeResolverEdgeStats	T408|T415	bridge=0;bridgePixels=[];river=73;riverMarkerImageHeight=4000;riverMarkerImageWidth=3200;riverMarkerSamples=73;riverMarkerX=103417;riverMarkerY=96865;total=73;
bridgeResolverEdgeStats	T408|T421	bridge=0;bridgePixels=[];river=35;riverMarkerImageHeight=4000;riverMarkerImageWidth=3200;riverMarkerSamples=35;riverMarkerX=48763;riverMarkerY=46863;total=35;
bridgeResolverEdgeStats	T409|T420	bridge=0;bridgePixels=[];river=114;riverMarkerImageHeight=4000;riverMarkerImageWidth=3200;riverMarkerSamples=114;riverMarkerX=220834;riverMarkerY=151861;total=114;
bridgeResolverEdgeStats	T409|T437	bridge=0;bridgePixels=[];river=1;riverMarkerImageHeight=4000;riverMarkerImageWidth=3200;riverMarkerSamples=1;riverMarkerX=1962;riverMarkerY=1338;total=1;
bridgeResolverEdgeStats	T410|T416	bridge=0;bridgePixels=[];river=55;riverMarkerImageHeight=4000;riverMarkerImageWidth=3200;riverMarkerSamples=55;riverMarkerX=66726;riverMarkerY=72309;total=55;
bridgeResolverEdgeStats	T410|T418	bridge=0;bridgePixels=[];river=29;riverMarkerImageHeight=4000;riverMarkerImageWidth=3200;riverMarkerSamples=29;riverMarkerX=35566;riverMarkerY=37632;total=29;
bridgeResolverEdgeStats	T410|T422	bridge=0;bridgePixels=[];river=32;riverMarkerImageHeight=4000;riverMarkerImageWidth=3200;riverMarkerSamples=32;riverMarkerX=38065;riverMarkerY=41976;total=32;
bridgeResolverEdgeStats	T411|T413	bridge=0;bridgePixels=[];river=224;riverMarkerImageHeight=4000;riverMarkerImageWidth=3200;riverMarkerSamples=224;riverMarkerX=292375;riverMarkerY=291359;total=224;
bridgeResolverEdgeStats	T411|T418	bridge=0;bridgePixels=[];river=65;riverMarkerImageHeight=4000;riverMarkerImageWidth=3200;riverMarkerSamples=65;riverMarkerX=81904;riverMarkerY=86274;total=65;
bridgeResolverEdgeStats	T412|T413	bridge=0;bridgePixels=[];river=247;riverMarkerImageHeight=4000;riverMarkerImageWidth=3200;riverMarkerSamples=247;riverMarkerX=332975;riverMarkerY=325149;total=247;
bridgeResolverEdgeStats	T412|T421	bridge=0;bridgePixels=[];river=47;riverMarkerImageHeight=4000;riverMarkerImageWidth=3200;riverMarkerSamples=47;riverMarkerX=64534;riverMarkerY=63328;total=47;
bridgeResolverEdgeStats	T412|T425	bridge=0;bridgePixels=[];river=3;riverMarkerImageHeight=4000;riverMarkerImageWidth=3200;riverMarkerSamples=3;riverMarkerX=4080;riverMarkerY=4111;total=3;
bridgeResolverEdgeStats	T412|T431	bridge=0;bridgePixels=[];river=14;riverMarkerImageHeight=4000;riverMarkerImageWidth=3200;riverMarkerSamples=14;riverMarkerX=18893;riverMarkerY=19209;total=14;
bridgeResolverEdgeStats	T412|T441	bridge=0;bridgePixels=[];river=6;riverMarkerImageHeight=4000;riverMarkerImageWidth=3200;riverMarkerSamples=6;riverMarkerX=8130;riverMarkerY=8238;total=6;
bridgeResolverEdgeStats	T413|T418	bridge=0;bridgePixels=[];river=4;riverMarkerImageHeight=4000;riverMarkerImageWidth=3200;riverMarkerSamples=4;riverMarkerX=5054;riverMarkerY=5384;total=4;
bridgeResolverEdgeStats	T413|T431	bridge=0;bridgePixels=[];river=155;riverMarkerImageHeight=4000;riverMarkerImageWidth=3200;riverMarkerSamples=155;riverMarkerX=202266;riverMarkerY=211187;total=155;
bridgeResolverEdgeStats	T414|T427	bridge=0;bridgePixels=[];river=21;riverMarkerImageHeight=4000;riverMarkerImageWidth=3200;riverMarkerSamples=21;riverMarkerX=36338;riverMarkerY=29079;total=160;
bridgeResolverEdgeStats	T414|T433	bridge=0;bridgePixels=[];river=28;riverMarkerImageHeight=4000;riverMarkerImageWidth=3200;riverMarkerSamples=28;riverMarkerX=48387;riverMarkerY=38502;total=28;
bridgeResolverEdgeStats	T415|T421	bridge=0;bridgePixels=[];river=1;riverMarkerImageHeight=4000;riverMarkerImageWidth=3200;riverMarkerSamples=1;riverMarkerX=1403;riverMarkerY=1347;total=1;
bridgeResolverEdgeStats	T415|T425	bridge=0;bridgePixels=[];river=134;riverMarkerImageHeight=4000;riverMarkerImageWidth=3200;riverMarkerSamples=134;riverMarkerX=192769;riverMarkerY=180894;total=134;
bridgeResolverEdgeStats	T415|T435	bridge=0;bridgePixels=[];river=18;riverMarkerImageHeight=4000;riverMarkerImageWidth=3200;riverMarkerSamples=18;riverMarkerX=26387;riverMarkerY=24414;total=18;
bridgeResolverEdgeStats	T416|T418	bridge=0;bridgePixels=[];river=162;riverMarkerImageHeight=4000;riverMarkerImageWidth=3200;riverMarkerSamples=162;riverMarkerX=199143;riverMarkerY=216197;total=162;
bridgeResolverEdgeStats	T416|T422	bridge=0;bridgePixels=[];river=97;riverMarkerImageHeight=4000;riverMarkerImageWidth=3200;riverMarkerSamples=97;riverMarkerX=116473;riverMarkerY=130961;total=97;
bridgeResolverEdgeStats	T417|T423	bridge=0;bridgePixels=[];river=8;riverMarkerImageHeight=4000;riverMarkerImageWidth=3200;riverMarkerSamples=8;riverMarkerX=12285;riverMarkerY=10994;total=236;
bridgeResolverEdgeStats	T417|T430	bridge=0;bridgePixels=[];river=241;riverMarkerImageHeight=4000;riverMarkerImageWidth=3200;riverMarkerSamples=241;riverMarkerX=385340;riverMarkerY=328079;total=241;
bridgeResolverEdgeStats	T417|T654	bridge=0;bridgePixels=[];river=1;riverMarkerImageHeight=4000;riverMarkerImageWidth=3200;riverMarkerSamples=1;riverMarkerX=1541;riverMarkerY=1378;total=1;
bridgeResolverEdgeStats	T418|T422	bridge=0;bridgePixels=[];river=9;riverMarkerImageHeight=4000;riverMarkerImageWidth=3200;riverMarkerSamples=9;riverMarkerX=10913;riverMarkerY=12403;total=9;
bridgeResolverEdgeStats	T420|T436	bridge=0;bridgePixels=[];river=0;riverMarkerImageHeight=0;riverMarkerImageWidth=0;riverMarkerSamples=0;riverMarkerX=0;riverMarkerY=0;total=168;
bridgeResolverEdgeStats	T420|T437	bridge=0;bridgePixels=[];river=12;riverMarkerImageHeight=4000;riverMarkerImageWidth=3200;riverMarkerSamples=12;riverMarkerX=23511;riverMarkerY=16109;total=58;
bridgeResolverEdgeStats	T421|T425	bridge=0;bridgePixels=[];river=68;riverMarkerImageHeight=4000;riverMarkerImageWidth=3200;riverMarkerSamples=68;riverMarkerX=94094;riverMarkerY=92377;total=68;
bridgeResolverEdgeStats	T425|T435	bridge=0;bridgePixels=[];river=137;riverMarkerImageHeight=4000;riverMarkerImageWidth=3200;riverMarkerSamples=137;riverMarkerX=194317;riverMarkerY=189073;total=137;
bridgeResolverEdgeStats	T425|T441	bridge=0;bridgePixels=[];river=33;riverMarkerImageHeight=4000;riverMarkerImageWidth=3200;riverMarkerSamples=33;riverMarkerX=45191;riverMarkerY=45698;total=33;
bridgeResolverEdgeStats	T426|T438	bridge=0;bridgePixels=[];river=0;riverMarkerImageHeight=0;riverMarkerImageWidth=0;riverMarkerSamples=0;riverMarkerX=0;riverMarkerY=0;total=324;
bridgeResolverEdgeStats	T426|T440	bridge=0;bridgePixels=[];river=0;riverMarkerImageHeight=0;riverMarkerImageWidth=0;riverMarkerSamples=0;riverMarkerX=0;riverMarkerY=0;total=76;
bridgeResolverEdgeStats	T427|T433	bridge=0;bridgePixels=[];river=70;riverMarkerImageHeight=4000;riverMarkerImageWidth=3200;riverMarkerSamples=70;riverMarkerX=121029;riverMarkerY=97851;total=70;
bridgeResolverEdgeStats	T428|T429	bridge=0;bridgePixels=[];river=0;riverMarkerImageHeight=0;riverMarkerImageWidth=0;riverMarkerSamples=0;riverMarkerX=0;riverMarkerY=0;total=164;
bridgeResolverEdgeStats	T428|T437	bridge=0;bridgePixels=[];river=120;riverMarkerImageHeight=4000;riverMarkerImageWidth=3200;riverMarkerSamples=120;riverMarkerX=250746;riverMarkerY=170111;total=120;
bridgeResolverEdgeStats	T428|T446	bridge=0;bridgePixels=[];river=18;riverMarkerImageHeight=4000;riverMarkerImageWidth=3200;riverMarkerSamples=18;riverMarkerX=38250;riverMarkerY=25984;total=165;
bridgeResolverEdgeStats	T429|T432	bridge=0;bridgePixels=[];river=308;riverMarkerImageHeight=4000;riverMarkerImageWidth=3200;riverMarkerSamples=308;riverMarkerX=718288;riverMarkerY=424185;total=308;
bridgeResolverEdgeStats	T429|T446	bridge=0;bridgePixels=[];river=15;riverMarkerImageHeight=4000;riverMarkerImageWidth=3200;riverMarkerSamples=15;riverMarkerX=34532;riverMarkerY=22059;total=258;
bridgeResolverEdgeStats	T430|T433	bridge=0;bridgePixels=[];river=13;riverMarkerImageHeight=4000;riverMarkerImageWidth=3200;riverMarkerSamples=13;riverMarkerX=21719;riverMarkerY=17864;total=49;
bridgeResolverEdgeStats	T430|T654	bridge=0;bridgePixels=[];river=6;riverMarkerImageHeight=4000;riverMarkerImageWidth=3200;riverMarkerSamples=6;riverMarkerX=9267;riverMarkerY=8291;total=194;
bridgeResolverEdgeStats	T431|T441	bridge=0;bridgePixels=[];river=38;riverMarkerImageHeight=4000;riverMarkerImageWidth=3200;riverMarkerSamples=38;riverMarkerX=50237;riverMarkerY=53119;total=76;
bridgeResolverEdgeStats	T432|T442	bridge=0;bridgePixels=[];river=0;riverMarkerImageHeight=0;riverMarkerImageWidth=0;riverMarkerSamples=0;riverMarkerX=0;riverMarkerY=0;total=402;
bridgeResolverEdgeStats	T432|T446	bridge=0;bridgePixels=[];river=227;riverMarkerImageHeight=4000;riverMarkerImageWidth=3200;riverMarkerSamples=227;riverMarkerX=526909;riverMarkerY=346649;total=227;
bridgeResolverEdgeStats	T432|T468	bridge=0;bridgePixels=[];river=11;riverMarkerImageHeight=4000;riverMarkerImageWidth=3200;riverMarkerSamples=11;riverMarkerX=25727;riverMarkerY=17373;total=11;
bridgeResolverEdgeStats	T433|T654	bridge=0;bridgePixels=[];river=0;riverMarkerImageHeight=0;riverMarkerImageWidth=0;riverMarkerSamples=0;riverMarkerX=0;riverMarkerY=0;total=36;
bridgeResolverEdgeStats	T435|T441	bridge=0;bridgePixels=[];river=14;riverMarkerImageHeight=4000;riverMarkerImageWidth=3200;riverMarkerSamples=14;riverMarkerX=19313;riverMarkerY=19583;total=186;
bridgeResolverEdgeStats	T435|T444	bridge=0;bridgePixels=[];river=0;riverMarkerImageHeight=0;riverMarkerImageWidth=0;riverMarkerSamples=0;riverMarkerX=0;riverMarkerY=0;total=197;
bridgeResolverEdgeStats	T436|T437	bridge=0;bridgePixels=[];river=12;riverMarkerImageHeight=4000;riverMarkerImageWidth=3200;riverMarkerSamples=12;riverMarkerX=23259;riverMarkerY=17834;total=264;
bridgeResolverEdgeStats	T436|T439	bridge=0;bridgePixels=[];river=12;riverMarkerImageHeight=4000;riverMarkerImageWidth=3200;riverMarkerSamples=12;riverMarkerX=21633;riverMarkerY=17584;total=169;
bridgeResolverEdgeStats	T436|T445	bridge=0;bridgePixels=[];river=19;riverMarkerImageHeight=4000;riverMarkerImageWidth=3200;riverMarkerSamples=19;riverMarkerX=34236;riverMarkerY=28013;total=19;
bridgeResolverEdgeStats	T436|T447	bridge=0;bridgePixels=[];river=297;riverMarkerImageHeight=4000;riverMarkerImageWidth=3200;riverMarkerSamples=297;riverMarkerX=555771;riverMarkerY=439931;total=297;
bridgeResolverEdgeStats	T437|T446	bridge=0;bridgePixels=[];river=22;riverMarkerImageHeight=4000;riverMarkerImageWidth=3200;riverMarkerSamples=22;riverMarkerX=46573;riverMarkerY=31926;total=22;
bridgeResolverEdgeStats	T437|T447	bridge=0;bridgePixels=[];river=353;riverMarkerImageHeight=4000;riverMarkerImageWidth=3200;riverMarkerSamples=353;riverMarkerX=712451;riverMarkerY=527646;total=353;
bridgeResolverEdgeStats	T438|T440	bridge=0;bridgePixels=[];river=0;riverMarkerImageHeight=0;riverMarkerImageWidth=0;riverMarkerSamples=0;riverMarkerX=0;riverMarkerY=0;total=97;
bridgeResolverEdgeStats	T438|T449	bridge=0;bridgePixels=[];river=0;riverMarkerImageHeight=0;riverMarkerImageWidth=0;riverMarkerSamples=0;riverMarkerX=0;riverMarkerY=0;total=137;
bridgeResolverEdgeStats	T438|T461	bridge=0;bridgePixels=[];river=0;riverMarkerImageHeight=0;riverMarkerImageWidth=0;riverMarkerSamples=0;riverMarkerX=0;riverMarkerY=0;total=167;
bridgeResolverEdgeStats	T439|T445	bridge=0;bridgePixels=[];river=18;riverMarkerImageHeight=4000;riverMarkerImageWidth=3200;riverMarkerSamples=18;riverMarkerX=32290;riverMarkerY=26426;total=236;
bridgeResolverEdgeStats	T440|T449	bridge=0;bridgePixels=[];river=0;riverMarkerImageHeight=0;riverMarkerImageWidth=0;riverMarkerSamples=0;riverMarkerX=0;riverMarkerY=0;total=310;
bridgeResolverEdgeStats	T440|T451	bridge=0;bridgePixels=[];river=0;riverMarkerImageHeight=0;riverMarkerImageWidth=0;riverMarkerSamples=0;riverMarkerX=0;riverMarkerY=0;total=89;
bridgeResolverEdgeStats	T441|T444	bridge=0;bridgePixels=[];river=17;riverMarkerImageHeight=4000;riverMarkerImageWidth=3200;riverMarkerSamples=17;riverMarkerX=23618;riverMarkerY=26142;total=129;
bridgeResolverEdgeStats	T441|T460	bridge=0;bridgePixels=[];river=75;riverMarkerImageHeight=4000;riverMarkerImageWidth=3200;riverMarkerSamples=75;riverMarkerX=101498;riverMarkerY=116532;total=75;
bridgeResolverEdgeStats	T441|T462	bridge=0;bridgePixels=[];river=10;riverMarkerImageHeight=4000;riverMarkerImageWidth=3200;riverMarkerSamples=10;riverMarkerX=13852;riverMarkerY=15455;total=10;
bridgeResolverEdgeStats	T443|T444	bridge=0;bridgePixels=[];river=162;riverMarkerImageHeight=4000;riverMarkerImageWidth=3200;riverMarkerSamples=162;riverMarkerX=254506;riverMarkerY=236251;total=162;
bridgeResolverEdgeStats	T443|T448	bridge=0;bridgePixels=[];river=20;riverMarkerImageHeight=4000;riverMarkerImageWidth=3200;riverMarkerSamples=20;riverMarkerX=32276;riverMarkerY=28748;total=232;
bridgeResolverEdgeStats	T443|T450	bridge=0;bridgePixels=[];river=19;riverMarkerImageHeight=4000;riverMarkerImageWidth=3200;riverMarkerSamples=19;riverMarkerX=29177;riverMarkerY=28418;total=114;
bridgeResolverEdgeStats	T444|T450	bridge=0;bridgePixels=[];river=114;riverMarkerImageHeight=4000;riverMarkerImageWidth=3200;riverMarkerSamples=114;riverMarkerX=173783;riverMarkerY=172516;total=114;
bridgeResolverEdgeStats	T444|T454	bridge=0;bridgePixels=[];river=29;riverMarkerImageHeight=4000;riverMarkerImageWidth=3200;riverMarkerSamples=29;riverMarkerX=43854;riverMarkerY=44655;total=29;
bridgeResolverEdgeStats	T444|T455	bridge=0;bridgePixels=[];river=159;riverMarkerImageHeight=4000;riverMarkerImageWidth=3200;riverMarkerSamples=159;riverMarkerX=238180;riverMarkerY=246333;total=189;
bridgeResolverEdgeStats	T444|T462	bridge=0;bridgePixels=[];river=186;riverMarkerImageHeight=4000;riverMarkerImageWidth=3200;riverMarkerSamples=186;riverMarkerX=266742;riverMarkerY=287961;total=186;
bridgeResolverEdgeStats	T445|T447	bridge=0;bridgePixels=[];river=18;riverMarkerImageHeight=4000;riverMarkerImageWidth=3200;riverMarkerSamples=18;riverMarkerX=32547;riverMarkerY=26746;total=100;
bridgeResolverEdgeStats	T445|T448	bridge=0;bridgePixels=[];river=0;riverMarkerImageHeight=0;riverMarkerImageWidth=0;riverMarkerSamples=0;riverMarkerX=0;riverMarkerY=0;total=236;
bridgeResolverEdgeStats	T446|T447	bridge=0;bridgePixels=[];river=76;riverMarkerImageHeight=4000;riverMarkerImageWidth=3200;riverMarkerSamples=76;riverMarkerX=162104;riverMarkerY=112515;total=76;
bridgeResolverEdgeStats	T446|T468	bridge=0;bridgePixels=[];river=21;riverMarkerImageHeight=4000;riverMarkerImageWidth=3200;riverMarkerSamples=21;riverMarkerX=47545;riverMarkerY=33191;total=120;
bridgeResolverEdgeStats	T448|T450	bridge=0;bridgePixels=[];river=13;riverMarkerImageHeight=4000;riverMarkerImageWidth=3200;riverMarkerSamples=13;riverMarkerX=20613;riverMarkerY=20151;total=21;
bridgeResolverEdgeStats	T448|T454	bridge=0;bridgePixels=[];river=48;riverMarkerImageHeight=4000;riverMarkerImageWidth=3200;riverMarkerSamples=48;riverMarkerX=76132;riverMarkerY=75281;total=48;
bridgeResolverEdgeStats	T448|T463	bridge=0;bridgePixels=[];river=71;riverMarkerImageHeight=4000;riverMarkerImageWidth=3200;riverMarkerSamples=71;riverMarkerX=114066;riverMarkerY=112950;total=151;
bridgeResolverEdgeStats	T448|T466	bridge=0;bridgePixels=[];river=22;riverMarkerImageHeight=4000;riverMarkerImageWidth=3200;riverMarkerSamples=22;riverMarkerX=34861;riverMarkerY=34956;total=22;
bridgeResolverEdgeStats	T449|T451	bridge=0;bridgePixels=[];river=0;riverMarkerImageHeight=0;riverMarkerImageWidth=0;riverMarkerSamples=0;riverMarkerX=0;riverMarkerY=0;total=47;
bridgeResolverEdgeStats	T449|T461	bridge=0;bridgePixels=[];river=0;riverMarkerImageHeight=0;riverMarkerImageWidth=0;riverMarkerSamples=0;riverMarkerX=0;riverMarkerY=0;total=209;
bridgeResolverEdgeStats	T449|T465	bridge=0;bridgePixels=[];river=0;riverMarkerImageHeight=0;riverMarkerImageWidth=0;riverMarkerSamples=0;riverMarkerX=0;riverMarkerY=0;total=389;
bridgeResolverEdgeStats	T450|T454	bridge=0;bridgePixels=[];river=266;riverMarkerImageHeight=4000;riverMarkerImageWidth=3200;riverMarkerSamples=266;riverMarkerX=410937;riverMarkerY=411927;total=266;
bridgeResolverEdgeStats	T451|T465	bridge=0;bridgePixels=[];river=0;riverMarkerImageHeight=0;riverMarkerImageWidth=0;riverMarkerSamples=0;riverMarkerX=0;riverMarkerY=0;total=154;
bridgeResolverEdgeStats	T451|T476	bridge=0;bridgePixels=[];river=2;riverMarkerImageHeight=4000;riverMarkerImageWidth=3200;riverMarkerSamples=2;riverMarkerX=5420;riverMarkerY=3187;total=169;
bridgeResolverEdgeStats	T452|T464	bridge=0;bridgePixels=[];river=2;riverMarkerImageHeight=4000;riverMarkerImageWidth=3200;riverMarkerSamples=2;riverMarkerX=2613;riverMarkerY=3100;total=2;
bridgeResolverEdgeStats	T454|T455	bridge=0;bridgePixels=[];river=17;riverMarkerImageHeight=4000;riverMarkerImageWidth=3200;riverMarkerSamples=17;riverMarkerX=25725;riverMarkerY=26253;total=135;
bridgeResolverEdgeStats	T454|T466	bridge=0;bridgePixels=[];river=8;riverMarkerImageHeight=4000;riverMarkerImageWidth=3200;riverMarkerSamples=8;riverMarkerX=12654;riverMarkerY=12648;total=67;
bridgeResolverEdgeStats	T455|T462	bridge=0;bridgePixels=[];river=14;riverMarkerImageHeight=4000;riverMarkerImageWidth=3200;riverMarkerSamples=14;riverMarkerX=20643;riverMarkerY=21846;total=78;
bridgeResolverEdgeStats	T455|T466	bridge=0;bridgePixels=[];river=0;riverMarkerImageHeight=0;riverMarkerImageWidth=0;riverMarkerSamples=0;riverMarkerX=0;riverMarkerY=0;total=111;
bridgeResolverEdgeStats	T457|T464	bridge=0;bridgePixels=[];river=16;riverMarkerImageHeight=4000;riverMarkerImageWidth=3200;riverMarkerSamples=16;riverMarkerX=20507;riverMarkerY=24856;total=162;
bridgeResolverEdgeStats	T457|T467	bridge=0;bridgePixels=[];river=9;riverMarkerImageHeight=4000;riverMarkerImageWidth=3200;riverMarkerSamples=9;riverMarkerX=10966;riverMarkerY=14434;total=55;
bridgeResolverEdgeStats	T460|T462	bridge=0;bridgePixels=[];river=16;riverMarkerImageHeight=4000;riverMarkerImageWidth=3200;riverMarkerSamples=16;riverMarkerX=22112;riverMarkerY=24865;total=187;
bridgeResolverEdgeStats	T460|T464	bridge=0;bridgePixels=[];river=12;riverMarkerImageHeight=4000;riverMarkerImageWidth=3200;riverMarkerSamples=12;riverMarkerX=15701;riverMarkerY=18647;total=185;
bridgeResolverEdgeStats	T460|T469	bridge=0;bridgePixels=[];river=0;riverMarkerImageHeight=0;riverMarkerImageWidth=0;riverMarkerSamples=0;riverMarkerX=0;riverMarkerY=0;total=138;
bridgeResolverEdgeStats	T461|T465	bridge=0;bridgePixels=[];river=0;riverMarkerImageHeight=0;riverMarkerImageWidth=0;riverMarkerSamples=0;riverMarkerX=0;riverMarkerY=0;total=103;
bridgeResolverEdgeStats	T461|T476	bridge=0;bridgePixels=[];river=22;riverMarkerImageHeight=4000;riverMarkerImageWidth=3200;riverMarkerSamples=22;riverMarkerX=62794;riverMarkerY=37925;total=133;
bridgeResolverEdgeStats	T462|T466	bridge=0;bridgePixels=[];river=0;riverMarkerImageHeight=0;riverMarkerImageWidth=0;riverMarkerSamples=0;riverMarkerX=0;riverMarkerY=0;total=89;
bridgeResolverEdgeStats	T462|T469	bridge=0;bridgePixels=[];river=0;riverMarkerImageHeight=0;riverMarkerImageWidth=0;riverMarkerSamples=0;riverMarkerX=0;riverMarkerY=0;total=79;
bridgeResolverEdgeStats	T463|T466	bridge=0;bridgePixels=[];river=22;riverMarkerImageHeight=4000;riverMarkerImageWidth=3200;riverMarkerSamples=22;riverMarkerX=34703;riverMarkerY=35202;total=96;
bridgeResolverEdgeStats	T464|T467	bridge=0;bridgePixels=[];river=0;riverMarkerImageHeight=0;riverMarkerImageWidth=0;riverMarkerSamples=0;riverMarkerX=0;riverMarkerY=0;total=61;
bridgeResolverEdgeStats	T464|T469	bridge=0;bridgePixels=[];river=0;riverMarkerImageHeight=0;riverMarkerImageWidth=0;riverMarkerSamples=0;riverMarkerX=0;riverMarkerY=0;total=166;
bridgeResolverEdgeStats	T465|T476	bridge=0;bridgePixels=[];river=0;riverMarkerImageHeight=0;riverMarkerImageWidth=0;riverMarkerSamples=0;riverMarkerX=0;riverMarkerY=0;total=214;
bridgeResolverEdgeStats	T467|T470	bridge=0;bridgePixels=[];river=12;riverMarkerImageHeight=4000;riverMarkerImageWidth=3200;riverMarkerSamples=12;riverMarkerX=14226;riverMarkerY=19988;total=154;
bridgeResolverEdgeStats	T468|T471	bridge=0;bridgePixels=[];river=10;riverMarkerImageHeight=4000;riverMarkerImageWidth=3200;riverMarkerSamples=10;riverMarkerX=23422;riverMarkerY=17809;total=108;
bridgeResolverEdgeStats	T469|T470	bridge=0;bridgePixels=[];river=12;riverMarkerImageHeight=4000;riverMarkerImageWidth=3200;riverMarkerSamples=12;riverMarkerX=14800;riverMarkerY=20325;total=119;
bridgeResolverEdgeStats	T469|T474	bridge=0;bridgePixels=[];river=10;riverMarkerImageHeight=4000;riverMarkerImageWidth=3200;riverMarkerSamples=10;riverMarkerX=12607;riverMarkerY=17092;total=248;
bridgeResolverEdgeStats	T469|T475	bridge=0;bridgePixels=[];river=32;riverMarkerImageHeight=4000;riverMarkerImageWidth=3200;riverMarkerSamples=32;riverMarkerX=39839;riverMarkerY=54477;total=32;
bridgeResolverEdgeStats	T470|T472	bridge=0;bridgePixels=[];river=6;riverMarkerImageHeight=4000;riverMarkerImageWidth=3200;riverMarkerSamples=6;riverMarkerX=7256;riverMarkerY=10132;total=6;
bridgeResolverEdgeStats	T470|T475	bridge=0;bridgePixels=[];river=27;riverMarkerImageHeight=4000;riverMarkerImageWidth=3200;riverMarkerSamples=27;riverMarkerX=33001;riverMarkerY=45758;total=27;
bridgeResolverEdgeStats	T471|T476	bridge=0;bridgePixels=[];river=26;riverMarkerImageHeight=4000;riverMarkerImageWidth=3200;riverMarkerSamples=26;riverMarkerX=68131;riverMarkerY=40537;total=611;
bridgeResolverEdgeStats	T471|T501	bridge=0;bridgePixels=[];river=15;riverMarkerImageHeight=4000;riverMarkerImageWidth=3200;riverMarkerSamples=15;riverMarkerX=35222;riverMarkerY=28106;total=418;
bridgeResolverEdgeStats	T472|T473	bridge=0;bridgePixels=[];river=30;riverMarkerImageHeight=4000;riverMarkerImageWidth=3200;riverMarkerSamples=30;riverMarkerX=34933;riverMarkerY=51378;total=30;
bridgeResolverEdgeStats	T472|T475	bridge=0;bridgePixels=[];river=77;riverMarkerImageHeight=4000;riverMarkerImageWidth=3200;riverMarkerSamples=77;riverMarkerX=92419;riverMarkerY=131720;total=90;
bridgeResolverEdgeStats	T473|T475	bridge=0;bridgePixels=[];river=73;riverMarkerImageHeight=4000;riverMarkerImageWidth=3200;riverMarkerSamples=73;riverMarkerX=84807;riverMarkerY=126483;total=73;
bridgeResolverEdgeStats	T473|T477	bridge=0;bridgePixels=[];river=64;riverMarkerImageHeight=4000;riverMarkerImageWidth=3200;riverMarkerSamples=64;riverMarkerX=72034;riverMarkerY=111902;total=64;
bridgeResolverEdgeStats	T473|T478	bridge=0;bridgePixels=[];river=85;riverMarkerImageHeight=4000;riverMarkerImageWidth=3200;riverMarkerSamples=85;riverMarkerX=91404;riverMarkerY=149936;total=85;
bridgeResolverEdgeStats	T474|T475	bridge=0;bridgePixels=[];river=58;riverMarkerImageHeight=4000;riverMarkerImageWidth=3200;riverMarkerSamples=58;riverMarkerX=72899;riverMarkerY=100423;total=58;
bridgeResolverEdgeStats	T474|T479	bridge=0;bridgePixels=[];river=15;riverMarkerImageHeight=4000;riverMarkerImageWidth=3200;riverMarkerSamples=15;riverMarkerX=18945;riverMarkerY=26339;total=171;
bridgeResolverEdgeStats	T475|T477	bridge=0;bridgePixels=[];river=34;riverMarkerImageHeight=4000;riverMarkerImageWidth=3200;riverMarkerSamples=34;riverMarkerX=39919;riverMarkerY=60176;total=136;
bridgeResolverEdgeStats	T475|T479	bridge=0;bridgePixels=[];river=153;riverMarkerImageHeight=4000;riverMarkerImageWidth=3200;riverMarkerSamples=153;riverMarkerX=187778;riverMarkerY=271270;total=153;
bridgeResolverEdgeStats	T476|T501	bridge=0;bridgePixels=[];river=5;riverMarkerImageHeight=4000;riverMarkerImageWidth=3200;riverMarkerSamples=5;riverMarkerX=13144;riverMarkerY=9622;total=273;
bridgeResolverEdgeStats	T477|T478	bridge=0;bridgePixels=[];river=32;riverMarkerImageHeight=4000;riverMarkerImageWidth=3200;riverMarkerSamples=32;riverMarkerX=35723;riverMarkerY=57785;total=188;
bridgeResolverEdgeStats	T477|T479	bridge=0;bridgePixels=[];river=53;riverMarkerImageHeight=4000;riverMarkerImageWidth=3200;riverMarkerSamples=53;riverMarkerX=63118;riverMarkerY=95432;total=53;
bridgeResolverEdgeStats	T477|T485	bridge=0;bridgePixels=[];river=106;riverMarkerImageHeight=4000;riverMarkerImageWidth=3200;riverMarkerSamples=106;riverMarkerX=121543;riverMarkerY=194251;total=106;
bridgeResolverEdgeStats	T477|T503	bridge=0;bridgePixels=[];river=15;riverMarkerImageHeight=4000;riverMarkerImageWidth=3200;riverMarkerSamples=15;riverMarkerX=17626;riverMarkerY=27359;total=15;
bridgeResolverEdgeStats	T478|T483	bridge=0;bridgePixels=[];river=25;riverMarkerImageHeight=4000;riverMarkerImageWidth=3200;riverMarkerSamples=25;riverMarkerX=26300;riverMarkerY=45666;total=174;
bridgeResolverEdgeStats	T478|T485	bridge=0;bridgePixels=[];river=109;riverMarkerImageHeight=4000;riverMarkerImageWidth=3200;riverMarkerSamples=109;riverMarkerX=119843;riverMarkerY=200308;total=109;
bridgeResolverEdgeStats	T478|T491	bridge=0;bridgePixels=[];river=23;riverMarkerImageHeight=4000;riverMarkerImageWidth=3200;riverMarkerSamples=23;riverMarkerX=24630;riverMarkerY=42652;total=23;
bridgeResolverEdgeStats	T479|T503	bridge=0;bridgePixels=[];river=13;riverMarkerImageHeight=4000;riverMarkerImageWidth=3200;riverMarkerSamples=13;riverMarkerX=15419;riverMarkerY=23675;total=112;
bridgeResolverEdgeStats	T480|T481	bridge=0;bridgePixels=[];river=50;riverMarkerImageHeight=4000;riverMarkerImageWidth=3200;riverMarkerSamples=50;riverMarkerX=82340;riverMarkerY=90231;total=61;
bridgeResolverEdgeStats	T480|T486	bridge=0;bridgePixels=[];river=11;riverMarkerImageHeight=4000;riverMarkerImageWidth=3200;riverMarkerSamples=11;riverMarkerX=18357;riverMarkerY=20040;total=52;
bridgeResolverEdgeStats	T481|T482	bridge=0;bridgePixels=[];river=27;riverMarkerImageHeight=4000;riverMarkerImageWidth=3200;riverMarkerSamples=27;riverMarkerX=43975;riverMarkerY=49250;total=84;
bridgeResolverEdgeStats	T481|T484	bridge=0;bridgePixels=[];river=49;riverMarkerImageHeight=4000;riverMarkerImageWidth=3200;riverMarkerSamples=49;riverMarkerX=80069;riverMarkerY=89763;total=49;
bridgeResolverEdgeStats	T481|T486	bridge=0;bridgePixels=[];river=40;riverMarkerImageHeight=4000;riverMarkerImageWidth=3200;riverMarkerSamples=40;riverMarkerX=66002;riverMarkerY=73099;total=40;
bridgeResolverEdgeStats	T482|T484	bridge=0;bridgePixels=[];river=23;riverMarkerImageHeight=4000;riverMarkerImageWidth=3200;riverMarkerSamples=23;riverMarkerX=37017;riverMarkerY=42166;total=162;
bridgeResolverEdgeStats	T482|T492	bridge=0;bridgePixels=[];river=20;riverMarkerImageHeight=4000;riverMarkerImageWidth=3200;riverMarkerSamples=20;riverMarkerX=31437;riverMarkerY=37184;total=44;
bridgeResolverEdgeStats	T483|T488	bridge=0;bridgePixels=[];river=40;riverMarkerImageHeight=4000;riverMarkerImageWidth=3200;riverMarkerSamples=40;riverMarkerX=37770;riverMarkerY=74979;total=40;
bridgeResolverEdgeStats	T483|T491	bridge=0;bridgePixels=[];river=80;riverMarkerImageHeight=4000;riverMarkerImageWidth=3200;riverMarkerSamples=80;riverMarkerX=83599;riverMarkerY=149132;total=80;
bridgeResolverEdgeStats	T484|T486	bridge=0;bridgePixels=[];river=67;riverMarkerImageHeight=4000;riverMarkerImageWidth=3200;riverMarkerSamples=67;riverMarkerX=109205;riverMarkerY=124359;total=67;
bridgeResolverEdgeStats	T484|T492	bridge=0;bridgePixels=[];river=82;riverMarkerImageHeight=4000;riverMarkerImageWidth=3200;riverMarkerSamples=82;riverMarkerX=131013;riverMarkerY=153183;total=82;
bridgeResolverEdgeStats	T485|T491	bridge=0;bridgePixels=[];river=23;riverMarkerImageHeight=4000;riverMarkerImageWidth=3200;riverMarkerSamples=23;riverMarkerX=25729;riverMarkerY=42963;total=243;
bridgeResolverEdgeStats	T485|T503	bridge=0;bridgePixels=[];river=127;riverMarkerImageHeight=4000;riverMarkerImageWidth=3200;riverMarkerSamples=127;riverMarkerX=148532;riverMarkerY=235747;total=127;
bridgeResolverEdgeStats	T486|T492	bridge=0;bridgePixels=[];river=27;riverMarkerImageHeight=4000;riverMarkerImageWidth=3200;riverMarkerSamples=27;riverMarkerX=43942;riverMarkerY=50933;total=27;
bridgeResolverEdgeStats	T486|T493	bridge=0;bridgePixels=[];river=9;riverMarkerImageHeight=4000;riverMarkerImageWidth=3200;riverMarkerSamples=9;riverMarkerX=15203;riverMarkerY=17403;total=62;
bridgeResolverEdgeStats	T488|T513	bridge=0;bridgePixels=[];river=10;riverMarkerImageHeight=4000;riverMarkerImageWidth=3200;riverMarkerSamples=10;riverMarkerX=8663;riverMarkerY=19072;total=58;
bridgeResolverEdgeStats	T489|T492	bridge=0;bridgePixels=[];river=31;riverMarkerImageHeight=4000;riverMarkerImageWidth=3200;riverMarkerSamples=31;riverMarkerX=48915;riverMarkerY=58252;total=194;
bridgeResolverEdgeStats	T490|T508	bridge=0;bridgePixels=[];river=20;riverMarkerImageHeight=4000;riverMarkerImageWidth=3200;riverMarkerSamples=20;riverMarkerX=42177;riverMarkerY=39994;total=56;
bridgeResolverEdgeStats	T491|T496	bridge=0;bridgePixels=[];river=15;riverMarkerImageHeight=4000;riverMarkerImageWidth=3200;riverMarkerSamples=15;riverMarkerX=15466;riverMarkerY=28403;total=168;
bridgeResolverEdgeStats	T491|T498	bridge=0;bridgePixels=[];river=43;riverMarkerImageHeight=4000;riverMarkerImageWidth=3200;riverMarkerSamples=43;riverMarkerX=48968;riverMarkerY=85678;total=137;
bridgeResolverEdgeStats	T491|T503	bridge=0;bridgePixels=[];river=234;riverMarkerImageHeight=4000;riverMarkerImageWidth=3200;riverMarkerSamples=234;riverMarkerX=266833;riverMarkerY=454144;total=234;
bridgeResolverEdgeStats	T491|T511	bridge=0;bridgePixels=[];river=6;riverMarkerImageHeight=4000;riverMarkerImageWidth=3200;riverMarkerSamples=6;riverMarkerX=6891;riverMarkerY=11998;total=6;
bridgeResolverEdgeStats	T492|T497	bridge=0;bridgePixels=[];river=8;riverMarkerImageHeight=4000;riverMarkerImageWidth=3200;riverMarkerSamples=8;riverMarkerX=13425;riverMarkerY=15666;total=50;
bridgeResolverEdgeStats	T493|T504	bridge=0;bridgePixels=[];river=1;riverMarkerImageHeight=4000;riverMarkerImageWidth=3200;riverMarkerSamples=1;riverMarkerX=1793;riverMarkerY=2028;total=1;
bridgeResolverEdgeStats	T493|T506	bridge=0;bridgePixels=[];river=8;riverMarkerImageHeight=4000;riverMarkerImageWidth=3200;riverMarkerSamples=8;riverMarkerX=14340;riverMarkerY=16192;total=86;
bridgeResolverEdgeStats	T494|T495	bridge=0;bridgePixels=[];river=5;riverMarkerImageHeight=4000;riverMarkerImageWidth=3200;riverMarkerSamples=5;riverMarkerX=4010;riverMarkerY=9864;total=5;
bridgeResolverEdgeStats	T496|T498	bridge=0;bridgePixels=[];river=16;riverMarkerImageHeight=4000;riverMarkerImageWidth=3200;riverMarkerSamples=16;riverMarkerX=16043;riverMarkerY=31901;total=139;
bridgeResolverEdgeStats	T496|T507	bridge=0;bridgePixels=[];river=233;riverMarkerImageHeight=4000;riverMarkerImageWidth=3200;riverMarkerSamples=233;riverMarkerX=221165;riverMarkerY=472495;total=233;
bridgeResolverEdgeStats	T496|T517	bridge=0;bridgePixels=[];river=31;riverMarkerImageHeight=4000;riverMarkerImageWidth=3200;riverMarkerSamples=31;riverMarkerX=27232;riverMarkerY=63716;total=31;
bridgeResolverEdgeStats	T497|T502	bridge=0;bridgePixels=[];river=9;riverMarkerImageHeight=4000;riverMarkerImageWidth=3200;riverMarkerSamples=9;riverMarkerX=15453;riverMarkerY=18010;total=110;
bridgeResolverEdgeStats	T498|T507	bridge=0;bridgePixels=[];river=17;riverMarkerImageHeight=4000;riverMarkerImageWidth=3200;riverMarkerSamples=17;riverMarkerX=17048;riverMarkerY=34007;total=165;
bridgeResolverEdgeStats	T498|T511	bridge=0;bridgePixels=[];river=21;riverMarkerImageHeight=4000;riverMarkerImageWidth=3200;riverMarkerSamples=21;riverMarkerX=23956;riverMarkerY=42194;total=151;
bridgeResolverEdgeStats	T500|T510	bridge=0;bridgePixels=[];river=124;riverMarkerImageHeight=4000;riverMarkerImageWidth=3200;riverMarkerSamples=124;riverMarkerX=157024;riverMarkerY=251448;total=124;
bridgeResolverEdgeStats	T500|T512	bridge=0;bridgePixels=[];river=36;riverMarkerImageHeight=4000;riverMarkerImageWidth=3200;riverMarkerSamples=36;riverMarkerX=43666;riverMarkerY=72570;total=98;
bridgeResolverEdgeStats	T500|T655	bridge=0;bridgePixels=[];river=200;riverMarkerImageHeight=4000;riverMarkerImageWidth=3200;riverMarkerSamples=200;riverMarkerX=248502;riverMarkerY=400600;total=200;
bridgeResolverEdgeStats	T502|T509	bridge=0;bridgePixels=[];river=132;riverMarkerImageHeight=4000;riverMarkerImageWidth=3200;riverMarkerSamples=132;riverMarkerX=224192;riverMarkerY=267977;total=132;
bridgeResolverEdgeStats	T502|T655	bridge=0;bridgePixels=[];river=16;riverMarkerImageHeight=4000;riverMarkerImageWidth=3200;riverMarkerSamples=16;riverMarkerX=26492;riverMarkerY=32728;total=55;
bridgeResolverEdgeStats	T503|T511	bridge=0;bridgePixels=[];river=44;riverMarkerImageHeight=4000;riverMarkerImageWidth=3200;riverMarkerSamples=44;riverMarkerX=50751;riverMarkerY=88317;total=44;
bridgeResolverEdgeStats	T503|T512	bridge=0;bridgePixels=[];river=42;riverMarkerImageHeight=4000;riverMarkerImageWidth=3200;riverMarkerSamples=42;riverMarkerX=48648;riverMarkerY=84023;total=116;
bridgeResolverEdgeStats	T503|T655	bridge=0;bridgePixels=[];river=0;riverMarkerImageHeight=0;riverMarkerImageWidth=0;riverMarkerSamples=0;riverMarkerX=0;riverMarkerY=0;total=222;
bridgeResolverEdgeStats	T504|T506	bridge=0;bridgePixels=[];river=1;riverMarkerImageHeight=4000;riverMarkerImageWidth=3200;riverMarkerSamples=1;riverMarkerX=1795;riverMarkerY=2026;total=1;
bridgeResolverEdgeStats	T506|T508	bridge=0;bridgePixels=[];river=8;riverMarkerImageHeight=4000;riverMarkerImageWidth=3200;riverMarkerSamples=8;riverMarkerX=15444;riverMarkerY=16577;total=68;
bridgeResolverEdgeStats	T507|T511	bridge=0;bridgePixels=[];river=0;riverMarkerImageHeight=0;riverMarkerImageWidth=0;riverMarkerSamples=0;riverMarkerX=0;riverMarkerY=0;total=291;
bridgeResolverEdgeStats	T507|T517	bridge=0;bridgePixels=[];river=177;riverMarkerImageHeight=4000;riverMarkerImageWidth=3200;riverMarkerSamples=177;riverMarkerX=160910;riverMarkerY=372038;total=177;
bridgeResolverEdgeStats	T507|T519	bridge=0;bridgePixels=[];river=13;riverMarkerImageHeight=4000;riverMarkerImageWidth=3200;riverMarkerSamples=13;riverMarkerX=12063;riverMarkerY=27947;total=301;
bridgeResolverEdgeStats	T507|T525	bridge=0;bridgePixels=[];river=14;riverMarkerImageHeight=4000;riverMarkerImageWidth=3200;riverMarkerSamples=14;riverMarkerX=12880;riverMarkerY=30045;total=14;
bridgeResolverEdgeStats	T509|T515	bridge=0;bridgePixels=[];river=0;riverMarkerImageHeight=0;riverMarkerImageWidth=0;riverMarkerSamples=0;riverMarkerX=0;riverMarkerY=0;total=151;
bridgeResolverEdgeStats	T509|T516	bridge=0;bridgePixels=[];river=13;riverMarkerImageHeight=4000;riverMarkerImageWidth=3200;riverMarkerSamples=13;riverMarkerX=21071;riverMarkerY=27383;total=219;
bridgeResolverEdgeStats	T509|T524	bridge=0;bridgePixels=[];river=19;riverMarkerImageHeight=4000;riverMarkerImageWidth=3200;riverMarkerSamples=19;riverMarkerX=34472;riverMarkerY=40239;total=53;
bridgeResolverEdgeStats	T509|T655	bridge=0;bridgePixels=[];river=88;riverMarkerImageHeight=4000;riverMarkerImageWidth=3200;riverMarkerSamples=88;riverMarkerX=144247;riverMarkerY=182965;total=88;
bridgeResolverEdgeStats	T510|T512	bridge=0;bridgePixels=[];river=39;riverMarkerImageHeight=4000;riverMarkerImageWidth=3200;riverMarkerSamples=39;riverMarkerX=49797;riverMarkerY=80643;total=318;
bridgeResolverEdgeStats	T510|T514	bridge=0;bridgePixels=[];river=108;riverMarkerImageHeight=4000;riverMarkerImageWidth=3200;riverMarkerSamples=108;riverMarkerX=151030;riverMarkerY=230936;total=108;
bridgeResolverEdgeStats	T510|T655	bridge=0;bridgePixels=[];river=265;riverMarkerImageHeight=4000;riverMarkerImageWidth=3200;riverMarkerSamples=265;riverMarkerX=359793;riverMarkerY=548686;total=265;
bridgeResolverEdgeStats	T511|T512	bridge=0;bridgePixels=[];river=12;riverMarkerImageHeight=4000;riverMarkerImageWidth=3200;riverMarkerSamples=12;riverMarkerX=13881;riverMarkerY=24289;total=197;
bridgeResolverEdgeStats	T511|T519	bridge=0;bridgePixels=[];river=0;riverMarkerImageHeight=0;riverMarkerImageWidth=0;riverMarkerSamples=0;riverMarkerX=0;riverMarkerY=0;total=288;
bridgeResolverEdgeStats	T511|T523	bridge=0;bridgePixels=[];river=0;riverMarkerImageHeight=0;riverMarkerImageWidth=0;riverMarkerSamples=0;riverMarkerX=0;riverMarkerY=0;total=164;
bridgeResolverEdgeStats	T512|T514	bridge=0;bridgePixels=[];river=15;riverMarkerImageHeight=4000;riverMarkerImageWidth=3200;riverMarkerSamples=15;riverMarkerX=20676;riverMarkerY=32395;total=134;
bridgeResolverEdgeStats	T512|T523	bridge=0;bridgePixels=[];river=4;riverMarkerImageHeight=4000;riverMarkerImageWidth=3200;riverMarkerSamples=4;riverMarkerX=5056;riverMarkerY=8562;total=254;
bridgeResolverEdgeStats	T512|T533	bridge=0;bridgePixels=[];river=0;riverMarkerImageHeight=0;riverMarkerImageWidth=0;riverMarkerSamples=0;riverMarkerX=0;riverMarkerY=0;total=137;
bridgeResolverEdgeStats	T512|T655	bridge=0;bridgePixels=[];river=15;riverMarkerImageHeight=4000;riverMarkerImageWidth=3200;riverMarkerSamples=15;riverMarkerX=17791;riverMarkerY=29734;total=34;
bridgeResolverEdgeStats	T513|T543	bridge=0;bridgePixels=[];river=134;riverMarkerImageHeight=4000;riverMarkerImageWidth=3200;riverMarkerSamples=134;riverMarkerX=102152;riverMarkerY=305214;total=134;
bridgeResolverEdgeStats	T514|T516	bridge=0;bridgePixels=[];river=26;riverMarkerImageHeight=4000;riverMarkerImageWidth=3200;riverMarkerSamples=26;riverMarkerX=40527;riverMarkerY=56400;total=151;
bridgeResolverEdgeStats	T514|T518	bridge=0;bridgePixels=[];river=17;riverMarkerImageHeight=4000;riverMarkerImageWidth=3200;riverMarkerSamples=17;riverMarkerX=25834;riverMarkerY=37274;total=281;
bridgeResolverEdgeStats	T514|T534	bridge=0;bridgePixels=[];river=0;riverMarkerImageHeight=0;riverMarkerImageWidth=0;riverMarkerSamples=0;riverMarkerX=0;riverMarkerY=0;total=84;
bridgeResolverEdgeStats	T514|T535	bridge=0;bridgePixels=[];river=74;riverMarkerImageHeight=4000;riverMarkerImageWidth=3200;riverMarkerSamples=74;riverMarkerX=113939;riverMarkerY=163164;total=74;
bridgeResolverEdgeStats	T514|T655	bridge=0;bridgePixels=[];river=268;riverMarkerImageHeight=4000;riverMarkerImageWidth=3200;riverMarkerSamples=268;riverMarkerX=401046;riverMarkerY=570849;total=268;
bridgeResolverEdgeStats	T515|T516	bridge=0;bridgePixels=[];river=0;riverMarkerImageHeight=0;riverMarkerImageWidth=0;riverMarkerSamples=0;riverMarkerX=0;riverMarkerY=0;total=154;
bridgeResolverEdgeStats	T515|T524	bridge=0;bridgePixels=[];river=0;riverMarkerImageHeight=0;riverMarkerImageWidth=0;riverMarkerSamples=0;riverMarkerX=0;riverMarkerY=0;total=190;
bridgeResolverEdgeStats	T516|T524	bridge=0;bridgePixels=[];river=30;riverMarkerImageHeight=4000;riverMarkerImageWidth=3200;riverMarkerSamples=30;riverMarkerX=50519;riverMarkerY=67554;total=117;
bridgeResolverEdgeStats	T516|T535	bridge=0;bridgePixels=[];river=208;riverMarkerImageHeight=4000;riverMarkerImageWidth=3200;riverMarkerSamples=208;riverMarkerX=335815;riverMarkerY=462750;total=208;
bridgeResolverEdgeStats	T516|T655	bridge=0;bridgePixels=[];river=95;riverMarkerImageHeight=4000;riverMarkerImageWidth=3200;riverMarkerSamples=95;riverMarkerX=150949;riverMarkerY=200983;total=95;
bridgeResolverEdgeStats	T517|T525	bridge=0;bridgePixels=[];river=365;riverMarkerImageHeight=4000;riverMarkerImageWidth=3200;riverMarkerSamples=365;riverMarkerX=330603;riverMarkerY=809295;total=365;
bridgeResolverEdgeStats	T517|T538	bridge=0;bridgePixels=[];river=16;riverMarkerImageHeight=4000;riverMarkerImageWidth=3200;riverMarkerSamples=16;riverMarkerX=14640;riverMarkerY=36789;total=144;
bridgeResolverEdgeStats	T518|T534	bridge=0;bridgePixels=[];river=0;riverMarkerImageHeight=0;riverMarkerImageWidth=0;riverMarkerSamples=0;riverMarkerX=0;riverMarkerY=0;total=231;
bridgeResolverEdgeStats	T518|T535	bridge=0;bridgePixels=[];river=19;riverMarkerImageHeight=4000;riverMarkerImageWidth=3200;riverMarkerSamples=19;riverMarkerX=28824;riverMarkerY=41809;total=49;
bridgeResolverEdgeStats	T519|T523	bridge=0;bridgePixels=[];river=17;riverMarkerImageHeight=4000;riverMarkerImageWidth=3200;riverMarkerSamples=17;riverMarkerX=19483;riverMarkerY=38222;total=127;
bridgeResolverEdgeStats	T519|T525	bridge=0;bridgePixels=[];river=106;riverMarkerImageHeight=4000;riverMarkerImageWidth=3200;riverMarkerSamples=106;riverMarkerX=99051;riverMarkerY=230730;total=106;
bridgeResolverEdgeStats	T519|T536	bridge=0;bridgePixels=[];river=357;riverMarkerImageHeight=4000;riverMarkerImageWidth=3200;riverMarkerSamples=357;riverMarkerX=378157;riverMarkerY=797320;total=357;
bridgeResolverEdgeStats	T523|T533	bridge=0;bridgePixels=[];river=0;riverMarkerImageHeight=0;riverMarkerImageWidth=0;riverMarkerSamples=0;riverMarkerX=0;riverMarkerY=0;total=104;
bridgeResolverEdgeStats	T523|T536	bridge=0;bridgePixels=[];river=199;riverMarkerImageHeight=4000;riverMarkerImageWidth=3200;riverMarkerSamples=199;riverMarkerX=237525;riverMarkerY=453200;total=199;
bridgeResolverEdgeStats	T523|T540	bridge=0;bridgePixels=[];river=15;riverMarkerImageHeight=4000;riverMarkerImageWidth=3200;riverMarkerSamples=15;riverMarkerX=18693;riverMarkerY=34426;total=146;
bridgeResolverEdgeStats	T524|T537	bridge=0;bridgePixels=[];river=558;riverMarkerImageHeight=4000;riverMarkerImageWidth=3200;riverMarkerSamples=558;riverMarkerX=990661;riverMarkerY=1260767;total=558;
bridgeResolverEdgeStats	T525|T536	bridge=0;bridgePixels=[];river=27;riverMarkerImageHeight=4000;riverMarkerImageWidth=3200;riverMarkerSamples=27;riverMarkerX=26222;riverMarkerY=59672;total=150;
bridgeResolverEdgeStats	T525|T538	bridge=0;bridgePixels=[];river=19;riverMarkerImageHeight=4000;riverMarkerImageWidth=3200;riverMarkerSamples=19;riverMarkerX=17557;riverMarkerY=43712;total=190;
bridgeResolverEdgeStats	T533|T534	bridge=0;bridgePixels=[];river=0;riverMarkerImageHeight=0;riverMarkerImageWidth=0;riverMarkerSamples=0;riverMarkerX=0;riverMarkerY=0;total=297;
bridgeResolverEdgeStats	T533|T540	bridge=0;bridgePixels=[];river=0;riverMarkerImageHeight=0;riverMarkerImageWidth=0;riverMarkerSamples=0;riverMarkerX=0;riverMarkerY=0;total=201;
bridgeResolverEdgeStats	T534|T535	bridge=0;bridgePixels=[];river=0;riverMarkerImageHeight=0;riverMarkerImageWidth=0;riverMarkerSamples=0;riverMarkerX=0;riverMarkerY=0;total=208;
bridgeResolverEdgeStats	T534|T540	bridge=0;bridgePixels=[];river=0;riverMarkerImageHeight=0;riverMarkerImageWidth=0;riverMarkerSamples=0;riverMarkerX=0;riverMarkerY=0;total=165;
bridgeResolverEdgeStats	T534|T541	bridge=0;bridgePixels=[];river=0;riverMarkerImageHeight=0;riverMarkerImageWidth=0;riverMarkerSamples=0;riverMarkerX=0;riverMarkerY=0;total=97;
bridgeResolverEdgeStats	T535|T537	bridge=0;bridgePixels=[];river=73;riverMarkerImageHeight=4000;riverMarkerImageWidth=3200;riverMarkerSamples=73;riverMarkerX=122773;riverMarkerY=165199;total=142;
bridgeResolverEdgeStats	T535|T541	bridge=0;bridgePixels=[];river=0;riverMarkerImageHeight=0;riverMarkerImageWidth=0;riverMarkerSamples=0;riverMarkerX=0;riverMarkerY=0;total=202;
bridgeResolverEdgeStats	T535|T544	bridge=0;bridgePixels=[];river=0;riverMarkerImageHeight=0;riverMarkerImageWidth=0;riverMarkerSamples=0;riverMarkerX=0;riverMarkerY=0;total=162;
bridgeResolverEdgeStats	T536|T538	bridge=0;bridgePixels=[];river=0;riverMarkerImageHeight=0;riverMarkerImageWidth=0;riverMarkerSamples=0;riverMarkerX=0;riverMarkerY=0;total=132;
bridgeResolverEdgeStats	T536|T540	bridge=0;bridgePixels=[];river=16;riverMarkerImageHeight=4000;riverMarkerImageWidth=3200;riverMarkerSamples=16;riverMarkerX=19950;riverMarkerY=36883;total=16;
bridgeResolverEdgeStats	T536|T547	bridge=0;bridgePixels=[];river=0;riverMarkerImageHeight=0;riverMarkerImageWidth=0;riverMarkerSamples=0;riverMarkerX=0;riverMarkerY=0;total=240;
bridgeResolverEdgeStats	T536|T552	bridge=0;bridgePixels=[];river=14;riverMarkerImageHeight=4000;riverMarkerImageWidth=3200;riverMarkerSamples=14;riverMarkerX=17525;riverMarkerY=32439;total=217;
bridgeResolverEdgeStats	T536|T553	bridge=0;bridgePixels=[];river=0;riverMarkerImageHeight=0;riverMarkerImageWidth=0;riverMarkerSamples=0;riverMarkerX=0;riverMarkerY=0;total=111;
bridgeResolverEdgeStats	T537|T544	bridge=0;bridgePixels=[];river=0;riverMarkerImageHeight=0;riverMarkerImageWidth=0;riverMarkerSamples=0;riverMarkerX=0;riverMarkerY=0;total=205;
bridgeResolverEdgeStats	T537|T548	bridge=0;bridgePixels=[];river=22;riverMarkerImageHeight=4000;riverMarkerImageWidth=3200;riverMarkerSamples=22;riverMarkerX=41150;riverMarkerY=52782;total=267;
bridgeResolverEdgeStats	T537|T549	bridge=0;bridgePixels=[];river=92;riverMarkerImageHeight=4000;riverMarkerImageWidth=3200;riverMarkerSamples=92;riverMarkerX=174241;riverMarkerY=219878;total=92;
bridgeResolverEdgeStats	T538|T547	bridge=0;bridgePixels=[];river=29;riverMarkerImageHeight=4000;riverMarkerImageWidth=3200;riverMarkerSamples=29;riverMarkerX=26575;riverMarkerY=68119;total=379;
bridgeResolverEdgeStats	T540|T541	bridge=0;bridgePixels=[];river=0;riverMarkerImageHeight=0;riverMarkerImageWidth=0;riverMarkerSamples=0;riverMarkerX=0;riverMarkerY=0;total=219;
bridgeResolverEdgeStats	T540|T550	bridge=0;bridgePixels=[];river=14;riverMarkerImageHeight=4000;riverMarkerImageWidth=3200;riverMarkerSamples=14;riverMarkerX=18830;riverMarkerY=34202;total=269;
bridgeResolverEdgeStats	T540|T552	bridge=0;bridgePixels=[];river=279;riverMarkerImageHeight=4000;riverMarkerImageWidth=3200;riverMarkerSamples=279;riverMarkerX=361769;riverMarkerY=665341;total=279;
bridgeResolverEdgeStats	T541|T544	bridge=0;bridgePixels=[];river=12;riverMarkerImageHeight=4000;riverMarkerImageWidth=3200;riverMarkerSamples=12;riverMarkerX=19474;riverMarkerY=29305;total=208;
bridgeResolverEdgeStats	T541|T550	bridge=0;bridgePixels=[];river=20;riverMarkerImageHeight=4000;riverMarkerImageWidth=3200;riverMarkerSamples=20;riverMarkerX=32325;riverMarkerY=48936;total=355;
bridgeResolverEdgeStats	T541|T557	bridge=0;bridgePixels=[];river=3;riverMarkerImageHeight=4000;riverMarkerImageWidth=3200;riverMarkerSamples=3;riverMarkerX=4869;riverMarkerY=7340;total=3;
bridgeResolverEdgeStats	T542|T543	bridge=0;bridgePixels=[];river=0;riverMarkerImageHeight=0;riverMarkerImageWidth=0;riverMarkerSamples=0;riverMarkerX=0;riverMarkerY=0;total=7;
bridgeResolverEdgeStats	T542|T547	bridge=0;bridgePixels=[];river=0;riverMarkerImageHeight=0;riverMarkerImageWidth=0;riverMarkerSamples=0;riverMarkerX=0;riverMarkerY=0;total=1;
bridgeResolverEdgeStats	T543|T558	bridge=0;bridgePixels=[];river=126;riverMarkerImageHeight=4000;riverMarkerImageWidth=3200;riverMarkerSamples=126;riverMarkerX=108871;riverMarkerY=313873;total=126;
bridgeResolverEdgeStats	T544|T548	bridge=0;bridgePixels=[];river=16;riverMarkerImageHeight=4000;riverMarkerImageWidth=3200;riverMarkerSamples=16;riverMarkerX=27317;riverMarkerY=39043;total=63;
bridgeResolverEdgeStats	T544|T557	bridge=0;bridgePixels=[];river=145;riverMarkerImageHeight=4000;riverMarkerImageWidth=3200;riverMarkerSamples=145;riverMarkerX=240703;riverMarkerY=353476;total=145;
bridgeResolverEdgeStats	T547|T553	bridge=0;bridgePixels=[];river=0;riverMarkerImageHeight=0;riverMarkerImageWidth=0;riverMarkerSamples=0;riverMarkerX=0;riverMarkerY=0;total=388;
bridgeResolverEdgeStats	T548|T551	bridge=0;bridgePixels=[];river=114;riverMarkerImageHeight=4000;riverMarkerImageWidth=3200;riverMarkerSamples=114;riverMarkerX=208795;riverMarkerY=277369;total=114;
bridgeResolverEdgeStats	T548|T557	bridge=0;bridgePixels=[];river=59;riverMarkerImageHeight=4000;riverMarkerImageWidth=3200;riverMarkerSamples=59;riverMarkerX=101506;riverMarkerY=144853;total=59;
bridgeResolverEdgeStats	T549|T551	bridge=0;bridgePixels=[];river=54;riverMarkerImageHeight=4000;riverMarkerImageWidth=3200;riverMarkerSamples=54;riverMarkerX=100153;riverMarkerY=134003;total=190;
bridgeResolverEdgeStats	T549|T564	bridge=0;bridgePixels=[];river=20;riverMarkerImageHeight=4000;riverMarkerImageWidth=3200;riverMarkerSamples=20;riverMarkerX=37011;riverMarkerY=50872;total=20;
bridgeResolverEdgeStats	T549|T567	bridge=0;bridgePixels=[];river=64;riverMarkerImageHeight=4000;riverMarkerImageWidth=3200;riverMarkerSamples=64;riverMarkerX=119626;riverMarkerY=162677;total=171;
bridgeResolverEdgeStats	T550|T552	bridge=0;bridgePixels=[];river=84;riverMarkerImageHeight=4000;riverMarkerImageWidth=3200;riverMarkerSamples=84;riverMarkerX=113948;riverMarkerY=207639;total=84;
bridgeResolverEdgeStats	T550|T556	bridge=0;bridgePixels=[];river=27;riverMarkerImageHeight=4000;riverMarkerImageWidth=3200;riverMarkerSamples=27;riverMarkerX=40216;riverMarkerY=67706;total=121;
bridgeResolverEdgeStats	T550|T557	bridge=0;bridgePixels=[];river=129;riverMarkerImageHeight=4000;riverMarkerImageWidth=3200;riverMarkerSamples=129;riverMarkerX=205123;riverMarkerY=319814;total=129;
bridgeResolverEdgeStats	T551|T561	bridge=0;bridgePixels=[];river=20;riverMarkerImageHeight=4000;riverMarkerImageWidth=3200;riverMarkerSamples=20;riverMarkerX=35897;riverMarkerY=50514;total=49;
bridgeResolverEdgeStats	T551|T564	bridge=0;bridgePixels=[];river=10;riverMarkerImageHeight=4000;riverMarkerImageWidth=3200;riverMarkerSamples=10;riverMarkerX=18439;riverMarkerY=25362;total=15;
bridgeResolverEdgeStats	T551|T569	bridge=0;bridgePixels=[];river=0;riverMarkerImageHeight=0;riverMarkerImageWidth=0;riverMarkerSamples=0;riverMarkerX=0;riverMarkerY=0;total=35;
bridgeResolverEdgeStats	T551|T573	bridge=0;bridgePixels=[];river=0;riverMarkerImageHeight=0;riverMarkerImageWidth=0;riverMarkerSamples=0;riverMarkerX=0;riverMarkerY=0;total=7;
bridgeResolverEdgeStats	T552|T553	bridge=0;bridgePixels=[];river=0;riverMarkerImageHeight=0;riverMarkerImageWidth=0;riverMarkerSamples=0;riverMarkerX=0;riverMarkerY=0;total=441;
bridgeResolverEdgeStats	T552|T556	bridge=0;bridgePixels=[];river=166;riverMarkerImageHeight=4000;riverMarkerImageWidth=3200;riverMarkerSamples=166;riverMarkerX=226038;riverMarkerY=418949;total=166;
bridgeResolverEdgeStats	T552|T563	bridge=0;bridgePixels=[];river=68;riverMarkerImageHeight=4000;riverMarkerImageWidth=3200;riverMarkerSamples=68;riverMarkerX=77809;riverMarkerY=177174;total=115;
bridgeResolverEdgeStats	T552|T566	bridge=0;bridgePixels=[];river=91;riverMarkerImageHeight=4000;riverMarkerImageWidth=3200;riverMarkerSamples=91;riverMarkerX=123678;riverMarkerY=232938;total=91;
bridgeResolverEdgeStats	T552|T568	bridge=0;bridgePixels=[];river=325;riverMarkerImageHeight=4000;riverMarkerImageWidth=3200;riverMarkerSamples=325;riverMarkerX=405157;riverMarkerY=839972;total=325;
bridgeResolverEdgeStats	T554|T557	bridge=0;bridgePixels=[];river=14;riverMarkerImageHeight=4000;riverMarkerImageWidth=3200;riverMarkerSamples=14;riverMarkerX=24235;riverMarkerY=34644;total=427;
bridgeResolverEdgeStats	T554|T559	bridge=0;bridgePixels=[];river=0;riverMarkerImageHeight=0;riverMarkerImageWidth=0;riverMarkerSamples=0;riverMarkerX=0;riverMarkerY=0;total=2;
bridgeResolverEdgeStats	T554|T561	bridge=0;bridgePixels=[];river=23;riverMarkerImageHeight=4000;riverMarkerImageWidth=3200;riverMarkerSamples=23;riverMarkerX=40697;riverMarkerY=57793;total=215;
bridgeResolverEdgeStats	T555|T558	bridge=0;bridgePixels=[];river=0;riverMarkerImageHeight=0;riverMarkerImageWidth=0;riverMarkerSamples=0;riverMarkerX=0;riverMarkerY=0;total=2;
bridgeResolverEdgeStats	T556|T557	bridge=0;bridgePixels=[];river=145;riverMarkerImageHeight=4000;riverMarkerImageWidth=3200;riverMarkerSamples=145;riverMarkerX=226822;riverMarkerY=369573;total=145;
bridgeResolverEdgeStats	T556|T565	bridge=0;bridgePixels=[];river=24;riverMarkerImageHeight=4000;riverMarkerImageWidth=3200;riverMarkerSamples=24;riverMarkerX=36797;riverMarkerY=61877;total=24;
bridgeResolverEdgeStats	T556|T566	bridge=0;bridgePixels=[];river=263;riverMarkerImageHeight=4000;riverMarkerImageWidth=3200;riverMarkerSamples=263;riverMarkerX=380814;riverMarkerY=671502;total=263;
bridgeResolverEdgeStats	T557|T559	bridge=0;bridgePixels=[];river=0;riverMarkerImageHeight=0;riverMarkerImageWidth=0;riverMarkerSamples=0;riverMarkerX=0;riverMarkerY=0;total=2;
bridgeResolverEdgeStats	T557|T561	bridge=0;bridgePixels=[];river=0;riverMarkerImageHeight=0;riverMarkerImageWidth=0;riverMarkerSamples=0;riverMarkerX=0;riverMarkerY=0;total=24;
bridgeResolverEdgeStats	T557|T565	bridge=0;bridgePixels=[];river=116;riverMarkerImageHeight=4000;riverMarkerImageWidth=3200;riverMarkerSamples=116;riverMarkerX=183479;riverMarkerY=303484;total=116;
bridgeResolverEdgeStats	T557|T575	bridge=0;bridgePixels=[];river=16;riverMarkerImageHeight=4000;riverMarkerImageWidth=3200;riverMarkerSamples=16;riverMarkerX=25807;riverMarkerY=42292;total=140;
bridgeResolverEdgeStats	T558|T560	bridge=0;bridgePixels=[];river=15;riverMarkerImageHeight=4000;riverMarkerImageWidth=3200;riverMarkerSamples=15;riverMarkerX=14106;riverMarkerY=38938;total=179;
bridgeResolverEdgeStats	T558|T581	bridge=0;bridgePixels=[];river=74;riverMarkerImageHeight=4000;riverMarkerImageWidth=3200;riverMarkerSamples=74;riverMarkerX=68079;riverMarkerY=193356;total=74;
bridgeResolverEdgeStats	T560|T562	bridge=0;bridgePixels=[];river=6;riverMarkerImageHeight=4000;riverMarkerImageWidth=3200;riverMarkerSamples=6;riverMarkerX=6034;riverMarkerY=15537;total=6;
bridgeResolverEdgeStats	T560|T581	bridge=0;bridgePixels=[];river=120;riverMarkerImageHeight=4000;riverMarkerImageWidth=3200;riverMarkerSamples=120;riverMarkerX=116876;riverMarkerY=312373;total=120;
bridgeResolverEdgeStats	T561|T569	bridge=0;bridgePixels=[];river=0;riverMarkerImageHeight=0;riverMarkerImageWidth=0;riverMarkerSamples=0;riverMarkerX=0;riverMarkerY=0;total=238;
bridgeResolverEdgeStats	T561|T575	bridge=0;bridgePixels=[];river=0;riverMarkerImageHeight=0;riverMarkerImageWidth=0;riverMarkerSamples=0;riverMarkerX=0;riverMarkerY=0;total=87;
bridgeResolverEdgeStats	T563|T568	bridge=0;bridgePixels=[];river=81;riverMarkerImageHeight=4000;riverMarkerImageWidth=3200;riverMarkerSamples=81;riverMarkerX=92127;riverMarkerY=212520;total=145;
bridgeResolverEdgeStats	T564|T567	bridge=0;bridgePixels=[];river=195;riverMarkerImageHeight=4000;riverMarkerImageWidth=3200;riverMarkerSamples=195;riverMarkerX=368248;riverMarkerY=507674;total=195;
bridgeResolverEdgeStats	T564|T573	bridge=0;bridgePixels=[];river=58;riverMarkerImageHeight=4000;riverMarkerImageWidth=3200;riverMarkerSamples=58;riverMarkerX=107788;riverMarkerY=150289;total=216;
bridgeResolverEdgeStats	T565|T566	bridge=0;bridgePixels=[];river=12;riverMarkerImageHeight=4000;riverMarkerImageWidth=3200;riverMarkerSamples=12;riverMarkerX=18247;riverMarkerY=30836;total=185;
bridgeResolverEdgeStats	T565|T576	bridge=0;bridgePixels=[];river=13;riverMarkerImageHeight=4000;riverMarkerImageWidth=3200;riverMarkerSamples=13;riverMarkerX=20881;riverMarkerY=34497;total=85;
bridgeResolverEdgeStats	T566|T568	bridge=0;bridgePixels=[];river=19;riverMarkerImageHeight=4000;riverMarkerImageWidth=3200;riverMarkerSamples=19;riverMarkerX=25422;riverMarkerY=49151;total=130;
bridgeResolverEdgeStats	T566|T576	bridge=0;bridgePixels=[];river=0;riverMarkerImageHeight=0;riverMarkerImageWidth=0;riverMarkerSamples=0;riverMarkerX=0;riverMarkerY=0;total=28;
bridgeResolverEdgeStats	T566|T580	bridge=0;bridgePixels=[];river=0;riverMarkerImageHeight=0;riverMarkerImageWidth=0;riverMarkerSamples=0;riverMarkerX=0;riverMarkerY=0;total=115;
bridgeResolverEdgeStats	T566|T582	bridge=0;bridgePixels=[];river=0;riverMarkerImageHeight=0;riverMarkerImageWidth=0;riverMarkerSamples=0;riverMarkerX=0;riverMarkerY=0;total=156;
bridgeResolverEdgeStats	T566|T583	bridge=0;bridgePixels=[];river=0;riverMarkerImageHeight=0;riverMarkerImageWidth=0;riverMarkerSamples=0;riverMarkerX=0;riverMarkerY=0;total=260;
bridgeResolverEdgeStats	T567|T570	bridge=0;bridgePixels=[];river=2;riverMarkerImageHeight=4000;riverMarkerImageWidth=3200;riverMarkerSamples=2;riverMarkerX=3804;riverMarkerY=5327;total=2;
bridgeResolverEdgeStats	T567|T587	bridge=0;bridgePixels=[];river=8;riverMarkerImageHeight=4000;riverMarkerImageWidth=3200;riverMarkerSamples=8;riverMarkerX=15069;riverMarkerY=22149;total=8;
bridgeResolverEdgeStats	T568|T577	bridge=0;bridgePixels=[];river=0;riverMarkerImageHeight=0;riverMarkerImageWidth=0;riverMarkerSamples=0;riverMarkerX=0;riverMarkerY=0;total=55;
bridgeResolverEdgeStats	T568|T579	bridge=0;bridgePixels=[];river=0;riverMarkerImageHeight=0;riverMarkerImageWidth=0;riverMarkerSamples=0;riverMarkerX=0;riverMarkerY=0;total=181;
bridgeResolverEdgeStats	T568|T580	bridge=0;bridgePixels=[];river=0;riverMarkerImageHeight=0;riverMarkerImageWidth=0;riverMarkerSamples=0;riverMarkerX=0;riverMarkerY=0;total=81;
bridgeResolverEdgeStats	T569|T573	bridge=0;bridgePixels=[];river=0;riverMarkerImageHeight=0;riverMarkerImageWidth=0;riverMarkerSamples=0;riverMarkerX=0;riverMarkerY=0;total=510;
bridgeResolverEdgeStats	T569|T575	bridge=0;bridgePixels=[];river=0;riverMarkerImageHeight=0;riverMarkerImageWidth=0;riverMarkerSamples=0;riverMarkerX=0;riverMarkerY=0;total=218;
bridgeResolverEdgeStats	T572|T573	bridge=0;bridgePixels=[];river=2;riverMarkerImageHeight=4000;riverMarkerImageWidth=3200;riverMarkerSamples=2;riverMarkerX=3755;riverMarkerY=5346;total=2;
bridgeResolverEdgeStats	T573|T575	bridge=0;bridgePixels=[];river=0;riverMarkerImageHeight=0;riverMarkerImageWidth=0;riverMarkerSamples=0;riverMarkerX=0;riverMarkerY=0;total=8;
bridgeResolverEdgeStats	T573|T589	bridge=0;bridgePixels=[];river=12;riverMarkerImageHeight=4000;riverMarkerImageWidth=3200;riverMarkerSamples=12;riverMarkerX=22206;riverMarkerY=32936;total=120;
bridgeResolverEdgeStats	T574|T577	bridge=0;bridgePixels=[];river=64;riverMarkerImageHeight=4000;riverMarkerImageWidth=3200;riverMarkerSamples=64;riverMarkerX=69213;riverMarkerY=170829;total=64;
bridgeResolverEdgeStats	T574|T578	bridge=0;bridgePixels=[];river=22;riverMarkerImageHeight=4000;riverMarkerImageWidth=3200;riverMarkerSamples=22;riverMarkerX=23840;riverMarkerY=59152;total=153;
bridgeResolverEdgeStats	T574|T581	bridge=0;bridgePixels=[];river=0;riverMarkerImageHeight=0;riverMarkerImageWidth=0;riverMarkerSamples=0;riverMarkerX=0;riverMarkerY=0;total=196;
bridgeResolverEdgeStats	T574|T586	bridge=0;bridgePixels=[];river=0;riverMarkerImageHeight=0;riverMarkerImageWidth=0;riverMarkerSamples=0;riverMarkerX=0;riverMarkerY=0;total=49;
bridgeResolverEdgeStats	T575|T576	bridge=0;bridgePixels=[];river=64;riverMarkerImageHeight=4000;riverMarkerImageWidth=3200;riverMarkerSamples=64;riverMarkerX=103605;riverMarkerY=170866;total=64;
bridgeResolverEdgeStats	T575|T589	bridge=0;bridgePixels=[];river=27;riverMarkerImageHeight=4000;riverMarkerImageWidth=3200;riverMarkerSamples=27;riverMarkerX=44139;riverMarkerY=72671;total=406;
bridgeResolverEdgeStats	T576|T583	bridge=0;bridgePixels=[];river=0;riverMarkerImageHeight=0;riverMarkerImageWidth=0;riverMarkerSamples=0;riverMarkerX=0;riverMarkerY=0;total=190;
bridgeResolverEdgeStats	T576|T589	bridge=0;bridgePixels=[];river=11;riverMarkerImageHeight=4000;riverMarkerImageWidth=3200;riverMarkerSamples=11;riverMarkerX=17872;riverMarkerY=29647;total=23;
bridgeResolverEdgeStats	T577|T578	bridge=0;bridgePixels=[];river=40;riverMarkerImageHeight=4000;riverMarkerImageWidth=3200;riverMarkerSamples=40;riverMarkerX=44731;riverMarkerY=108648;total=115;
bridgeResolverEdgeStats	T577|T585	bridge=0;bridgePixels=[];river=41;riverMarkerImageHeight=4000;riverMarkerImageWidth=3200;riverMarkerSamples=41;riverMarkerX=47823;riverMarkerY=111658;total=79;
bridgeResolverEdgeStats	T577|T590	bridge=0;bridgePixels=[];river=0;riverMarkerImageHeight=0;riverMarkerImageWidth=0;riverMarkerSamples=0;riverMarkerX=0;riverMarkerY=0;total=37;
bridgeResolverEdgeStats	T578|T586	bridge=0;bridgePixels=[];river=12;riverMarkerImageHeight=4000;riverMarkerImageWidth=3200;riverMarkerSamples=12;riverMarkerX=12951;riverMarkerY=33280;total=48;
bridgeResolverEdgeStats	T578|T590	bridge=0;bridgePixels=[];river=17;riverMarkerImageHeight=4000;riverMarkerImageWidth=3200;riverMarkerSamples=17;riverMarkerX=18508;riverMarkerY=47181;total=100;
bridgeResolverEdgeStats	T579|T580	bridge=0;bridgePixels=[];river=0;riverMarkerImageHeight=0;riverMarkerImageWidth=0;riverMarkerSamples=0;riverMarkerX=0;riverMarkerY=0;total=431;
bridgeResolverEdgeStats	T579|T585	bridge=0;bridgePixels=[];river=0;riverMarkerImageHeight=0;riverMarkerImageWidth=0;riverMarkerSamples=0;riverMarkerX=0;riverMarkerY=0;total=46;
bridgeResolverEdgeStats	T580|T582	bridge=0;bridgePixels=[];river=0;riverMarkerImageHeight=0;riverMarkerImageWidth=0;riverMarkerSamples=0;riverMarkerX=0;riverMarkerY=0;total=225;
bridgeResolverEdgeStats	T580|T585	bridge=0;bridgePixels=[];river=0;riverMarkerImageHeight=0;riverMarkerImageWidth=0;riverMarkerSamples=0;riverMarkerX=0;riverMarkerY=0;total=27;
bridgeResolverEdgeStats	T580|T591	bridge=0;bridgePixels=[];river=0;riverMarkerImageHeight=0;riverMarkerImageWidth=0;riverMarkerSamples=0;riverMarkerX=0;riverMarkerY=0;total=104;
bridgeResolverEdgeStats	T581|T586	bridge=0;bridgePixels=[];river=0;riverMarkerImageHeight=0;riverMarkerImageWidth=0;riverMarkerSamples=0;riverMarkerX=0;riverMarkerY=0;total=276;
bridgeResolverEdgeStats	T581|T594	bridge=0;bridgePixels=[];river=5;riverMarkerImageHeight=4000;riverMarkerImageWidth=3200;riverMarkerSamples=5;riverMarkerX=4160;riverMarkerY=14697;total=272;
bridgeResolverEdgeStats	T582|T583	bridge=0;bridgePixels=[];river=0;riverMarkerImageHeight=0;riverMarkerImageWidth=0;riverMarkerSamples=0;riverMarkerX=0;riverMarkerY=0;total=137;
bridgeResolverEdgeStats	T582|T584	bridge=0;bridgePixels=[];river=0;riverMarkerImageHeight=0;riverMarkerImageWidth=0;riverMarkerSamples=0;riverMarkerX=0;riverMarkerY=0;total=178;
bridgeResolverEdgeStats	T582|T591	bridge=0;bridgePixels=[];river=0;riverMarkerImageHeight=0;riverMarkerImageWidth=0;riverMarkerSamples=0;riverMarkerX=0;riverMarkerY=0;total=26;
bridgeResolverEdgeStats	T583|T584	bridge=0;bridgePixels=[];river=0;riverMarkerImageHeight=0;riverMarkerImageWidth=0;riverMarkerSamples=0;riverMarkerX=0;riverMarkerY=0;total=140;
bridgeResolverEdgeStats	T583|T588	bridge=0;bridgePixels=[];river=0;riverMarkerImageHeight=0;riverMarkerImageWidth=0;riverMarkerSamples=0;riverMarkerX=0;riverMarkerY=0;total=64;
bridgeResolverEdgeStats	T583|T589	bridge=0;bridgePixels=[];river=0;riverMarkerImageHeight=0;riverMarkerImageWidth=0;riverMarkerSamples=0;riverMarkerX=0;riverMarkerY=0;total=314;
bridgeResolverEdgeStats	T584|T588	bridge=0;bridgePixels=[];river=0;riverMarkerImageHeight=0;riverMarkerImageWidth=0;riverMarkerSamples=0;riverMarkerX=0;riverMarkerY=0;total=19;
bridgeResolverEdgeStats	T585|T590	bridge=0;bridgePixels=[];river=0;riverMarkerImageHeight=0;riverMarkerImageWidth=0;riverMarkerSamples=0;riverMarkerX=0;riverMarkerY=0;total=111;
bridgeResolverEdgeStats	T585|T591	bridge=0;bridgePixels=[];river=0;riverMarkerImageHeight=0;riverMarkerImageWidth=0;riverMarkerSamples=0;riverMarkerX=0;riverMarkerY=0;total=201;
bridgeResolverEdgeStats	T585|T592	bridge=0;bridgePixels=[];river=0;riverMarkerImageHeight=0;riverMarkerImageWidth=0;riverMarkerSamples=0;riverMarkerX=0;riverMarkerY=0;total=202;
bridgeResolverEdgeStats	T586|T590	bridge=0;bridgePixels=[];river=198;riverMarkerImageHeight=4000;riverMarkerImageWidth=3200;riverMarkerSamples=198;riverMarkerX=207680;riverMarkerY=558646;total=198;
bridgeResolverEdgeStats	T586|T594	bridge=0;bridgePixels=[];river=8;riverMarkerImageHeight=4000;riverMarkerImageWidth=3200;riverMarkerSamples=8;riverMarkerX=8084;riverMarkerY=22918;total=146;
bridgeResolverEdgeStats	T588|T589	bridge=0;bridgePixels=[];river=12;riverMarkerImageHeight=4000;riverMarkerImageWidth=3200;riverMarkerSamples=12;riverMarkerX=19101;riverMarkerY=34341;total=31;
bridgeResolverEdgeStats	T588|T591	bridge=0;bridgePixels=[];river=0;riverMarkerImageHeight=0;riverMarkerImageWidth=0;riverMarkerSamples=0;riverMarkerX=0;riverMarkerY=0;total=58;
bridgeResolverEdgeStats	T588|T593	bridge=0;bridgePixels=[];river=84;riverMarkerImageHeight=4000;riverMarkerImageWidth=3200;riverMarkerSamples=84;riverMarkerX=131995;riverMarkerY=240994;total=260;
bridgeResolverEdgeStats	T589|T593	bridge=0;bridgePixels=[];river=28;riverMarkerImageHeight=4000;riverMarkerImageWidth=3200;riverMarkerSamples=28;riverMarkerX=44851;riverMarkerY=81491;total=231;
bridgeResolverEdgeStats	T589|T604	bridge=0;bridgePixels=[];river=19;riverMarkerImageHeight=4000;riverMarkerImageWidth=3200;riverMarkerSamples=19;riverMarkerX=31795;riverMarkerY=56853;total=359;
bridgeResolverEdgeStats	T590|T592	bridge=0;bridgePixels=[];river=0;riverMarkerImageHeight=0;riverMarkerImageWidth=0;riverMarkerSamples=0;riverMarkerX=0;riverMarkerY=0;total=73;
bridgeResolverEdgeStats	T590|T594	bridge=0;bridgePixels=[];river=171;riverMarkerImageHeight=4000;riverMarkerImageWidth=3200;riverMarkerSamples=171;riverMarkerX=170190;riverMarkerY=496872;total=171;
bridgeResolverEdgeStats	T590|T595	bridge=0;bridgePixels=[];river=0;riverMarkerImageHeight=0;riverMarkerImageWidth=0;riverMarkerSamples=0;riverMarkerX=0;riverMarkerY=0;total=223;
bridgeResolverEdgeStats	T590|T605	bridge=0;bridgePixels=[];river=14;riverMarkerImageHeight=4000;riverMarkerImageWidth=3200;riverMarkerSamples=14;riverMarkerX=13551;riverMarkerY=41388;total=45;
bridgeResolverEdgeStats	T591|T593	bridge=0;bridgePixels=[];river=16;riverMarkerImageHeight=4000;riverMarkerImageWidth=3200;riverMarkerSamples=16;riverMarkerX=23104;riverMarkerY=46426;total=71;
bridgeResolverEdgeStats	T591|T596	bridge=0;bridgePixels=[];river=0;riverMarkerImageHeight=0;riverMarkerImageWidth=0;riverMarkerSamples=0;riverMarkerX=0;riverMarkerY=0;total=164;
bridgeResolverEdgeStats	T591|T597	bridge=0;bridgePixels=[];river=10;riverMarkerImageHeight=4000;riverMarkerImageWidth=3200;riverMarkerSamples=10;riverMarkerX=14379;riverMarkerY=29097;total=36;
bridgeResolverEdgeStats	T591|T598	bridge=0;bridgePixels=[];river=0;riverMarkerImageHeight=0;riverMarkerImageWidth=0;riverMarkerSamples=0;riverMarkerX=0;riverMarkerY=0;total=139;
bridgeResolverEdgeStats	T592|T595	bridge=0;bridgePixels=[];river=0;riverMarkerImageHeight=0;riverMarkerImageWidth=0;riverMarkerSamples=0;riverMarkerX=0;riverMarkerY=0;total=476;
bridgeResolverEdgeStats	T593|T597	bridge=0;bridgePixels=[];river=437;riverMarkerImageHeight=4000;riverMarkerImageWidth=3200;riverMarkerSamples=437;riverMarkerX=656000;riverMarkerY=1293778;total=437;
bridgeResolverEdgeStats	T593|T604	bridge=0;bridgePixels=[];river=43;riverMarkerImageHeight=4000;riverMarkerImageWidth=3200;riverMarkerSamples=43;riverMarkerX=68617;riverMarkerY=129026;total=43;
bridgeResolverEdgeStats	T594|T605	bridge=0;bridgePixels=[];river=346;riverMarkerImageHeight=4000;riverMarkerImageWidth=3200;riverMarkerSamples=346;riverMarkerX=308624;riverMarkerY=1035398;total=346;
bridgeResolverEdgeStats	T595|T599	bridge=0;bridgePixels=[];river=0;riverMarkerImageHeight=0;riverMarkerImageWidth=0;riverMarkerSamples=0;riverMarkerX=0;riverMarkerY=0;total=266;
bridgeResolverEdgeStats	T595|T603	bridge=0;bridgePixels=[];river=0;riverMarkerImageHeight=0;riverMarkerImageWidth=0;riverMarkerSamples=0;riverMarkerX=0;riverMarkerY=0;total=143;
bridgeResolverEdgeStats	T595|T605	bridge=0;bridgePixels=[];river=0;riverMarkerImageHeight=0;riverMarkerImageWidth=0;riverMarkerSamples=0;riverMarkerX=0;riverMarkerY=0;total=67;
bridgeResolverEdgeStats	T595|T606	bridge=0;bridgePixels=[];river=0;riverMarkerImageHeight=0;riverMarkerImageWidth=0;riverMarkerSamples=0;riverMarkerX=0;riverMarkerY=0;total=74;
bridgeResolverEdgeStats	T596|T597	bridge=0;bridgePixels=[];river=0;riverMarkerImageHeight=0;riverMarkerImageWidth=0;riverMarkerSamples=0;riverMarkerX=0;riverMarkerY=0;total=130;
bridgeResolverEdgeStats	T596|T598	bridge=0;bridgePixels=[];river=3;riverMarkerImageHeight=4000;riverMarkerImageWidth=3200;riverMarkerSamples=3;riverMarkerX=3858;riverMarkerY=9186;total=204;
bridgeResolverEdgeStats	T596|T602	bridge=0;bridgePixels=[];river=22;riverMarkerImageHeight=4000;riverMarkerImageWidth=3200;riverMarkerSamples=22;riverMarkerX=30042;riverMarkerY=67154;total=355;
bridgeResolverEdgeStats	T596|T609	bridge=0;bridgePixels=[];river=16;riverMarkerImageHeight=4000;riverMarkerImageWidth=3200;riverMarkerSamples=16;riverMarkerX=21700;riverMarkerY=48928;total=16;
bridgeResolverEdgeStats	T596|T610	bridge=0;bridgePixels=[];river=113;riverMarkerImageHeight=4000;riverMarkerImageWidth=3200;riverMarkerSamples=113;riverMarkerX=149391;riverMarkerY=346279;total=113;
bridgeResolverEdgeStats	T597|T602	bridge=0;bridgePixels=[];river=9;riverMarkerImageHeight=4000;riverMarkerImageWidth=3200;riverMarkerSamples=9;riverMarkerX=13521;riverMarkerY=27572;total=116;
bridgeResolverEdgeStats	T597|T604	bridge=0;bridgePixels=[];river=204;riverMarkerImageHeight=4000;riverMarkerImageWidth=3200;riverMarkerSamples=204;riverMarkerX=316087;riverMarkerY=622910;total=204;
bridgeResolverEdgeStats	T597|T607	bridge=0;bridgePixels=[];river=1;riverMarkerImageHeight=4000;riverMarkerImageWidth=3200;riverMarkerSamples=1;riverMarkerX=1506;riverMarkerY=3068;total=1;
bridgeResolverEdgeStats	T598|T610	bridge=0;bridgePixels=[];river=14;riverMarkerImageHeight=4000;riverMarkerImageWidth=3200;riverMarkerSamples=14;riverMarkerX=17966;riverMarkerY=42941;total=113;
bridgeResolverEdgeStats	T598|T612	bridge=0;bridgePixels=[];river=0;riverMarkerImageHeight=0;riverMarkerImageWidth=0;riverMarkerSamples=0;riverMarkerX=0;riverMarkerY=0;total=40;
bridgeResolverEdgeStats	T599|T603	bridge=0;bridgePixels=[];river=0;riverMarkerImageHeight=0;riverMarkerImageWidth=0;riverMarkerSamples=0;riverMarkerX=0;riverMarkerY=0;total=98;
bridgeResolverEdgeStats	T599|T605	bridge=0;bridgePixels=[];river=0;riverMarkerImageHeight=0;riverMarkerImageWidth=0;riverMarkerSamples=0;riverMarkerX=0;riverMarkerY=0;total=206;
bridgeResolverEdgeStats	T599|T608	bridge=0;bridgePixels=[];river=0;riverMarkerImageHeight=0;riverMarkerImageWidth=0;riverMarkerSamples=0;riverMarkerX=0;riverMarkerY=0;total=319;
bridgeResolverEdgeStats	T600|T601	bridge=0;bridgePixels=[];river=4;riverMarkerImageHeight=4000;riverMarkerImageWidth=3200;riverMarkerSamples=4;riverMarkerX=6920;riverMarkerY=12158;total=4;
bridgeResolverEdgeStats	T600|T604	bridge=0;bridgePixels=[];river=5;riverMarkerImageHeight=4000;riverMarkerImageWidth=3200;riverMarkerSamples=5;riverMarkerX=8934;riverMarkerY=14932;total=358;
bridgeResolverEdgeStats	T600|T618	bridge=0;bridgePixels=[];river=7;riverMarkerImageHeight=4000;riverMarkerImageWidth=3200;riverMarkerSamples=7;riverMarkerX=11758;riverMarkerY=21837;total=35;
bridgeResolverEdgeStats	T602|T607	bridge=0;bridgePixels=[];river=154;riverMarkerImageHeight=4000;riverMarkerImageWidth=3200;riverMarkerSamples=154;riverMarkerX=224572;riverMarkerY=474381;total=154;
bridgeResolverEdgeStats	T602|T609	bridge=0;bridgePixels=[];river=95;riverMarkerImageHeight=4000;riverMarkerImageWidth=3200;riverMarkerSamples=95;riverMarkerX=132076;riverMarkerY=291568;total=95;
bridgeResolverEdgeStats	T603|T606	bridge=0;bridgePixels=[];river=0;riverMarkerImageHeight=0;riverMarkerImageWidth=0;riverMarkerSamples=0;riverMarkerX=0;riverMarkerY=0;total=186;
bridgeResolverEdgeStats	T603|T608	bridge=0;bridgePixels=[];river=0;riverMarkerImageHeight=0;riverMarkerImageWidth=0;riverMarkerSamples=0;riverMarkerX=0;riverMarkerY=0;total=36;
bridgeResolverEdgeStats	T603|T611	bridge=0;bridgePixels=[];river=0;riverMarkerImageHeight=0;riverMarkerImageWidth=0;riverMarkerSamples=0;riverMarkerX=0;riverMarkerY=0;total=129;
bridgeResolverEdgeStats	T604|T607	bridge=0;bridgePixels=[];river=13;riverMarkerImageHeight=4000;riverMarkerImageWidth=3200;riverMarkerSamples=13;riverMarkerX=19631;riverMarkerY=39965;total=81;
bridgeResolverEdgeStats	T604|T613	bridge=0;bridgePixels=[];river=0;riverMarkerImageHeight=0;riverMarkerImageWidth=0;riverMarkerSamples=0;riverMarkerX=0;riverMarkerY=0;total=118;
bridgeResolverEdgeStats	T604|T618	bridge=0;bridgePixels=[];river=0;riverMarkerImageHeight=0;riverMarkerImageWidth=0;riverMarkerSamples=0;riverMarkerX=0;riverMarkerY=0;total=116;
bridgeResolverEdgeStats	T605|T608	bridge=0;bridgePixels=[];river=0;riverMarkerImageHeight=0;riverMarkerImageWidth=0;riverMarkerSamples=0;riverMarkerX=0;riverMarkerY=0;total=124;
bridgeResolverEdgeStats	T605|T615	bridge=0;bridgePixels=[];river=4;riverMarkerImageHeight=4000;riverMarkerImageWidth=3200;riverMarkerSamples=4;riverMarkerX=3293;riverMarkerY=12700;total=92;
bridgeResolverEdgeStats	T606|T611	bridge=0;bridgePixels=[];river=0;riverMarkerImageHeight=0;riverMarkerImageWidth=0;riverMarkerSamples=0;riverMarkerX=0;riverMarkerY=0;total=90;
bridgeResolverEdgeStats	T606|T612	bridge=0;bridgePixels=[];river=0;riverMarkerImageHeight=0;riverMarkerImageWidth=0;riverMarkerSamples=0;riverMarkerX=0;riverMarkerY=0;total=192;
bridgeResolverEdgeStats	T607|T609	bridge=0;bridgePixels=[];river=16;riverMarkerImageHeight=4000;riverMarkerImageWidth=3200;riverMarkerSamples=16;riverMarkerX=22716;riverMarkerY=49592;total=95;
bridgeResolverEdgeStats	T607|T613	bridge=0;bridgePixels=[];river=0;riverMarkerImageHeight=0;riverMarkerImageWidth=0;riverMarkerSamples=0;riverMarkerX=0;riverMarkerY=0;total=248;
bridgeResolverEdgeStats	T608|T611	bridge=0;bridgePixels=[];river=0;riverMarkerImageHeight=0;riverMarkerImageWidth=0;riverMarkerSamples=0;riverMarkerX=0;riverMarkerY=0;total=136;
bridgeResolverEdgeStats	T608|T614	bridge=0;bridgePixels=[];river=0;riverMarkerImageHeight=0;riverMarkerImageWidth=0;riverMarkerSamples=0;riverMarkerX=0;riverMarkerY=0;total=107;
bridgeResolverEdgeStats	T608|T615	bridge=0;bridgePixels=[];river=0;riverMarkerImageHeight=0;riverMarkerImageWidth=0;riverMarkerSamples=0;riverMarkerX=0;riverMarkerY=0;total=84;
bridgeResolverEdgeStats	T608|T616	bridge=0;bridgePixels=[];river=0;riverMarkerImageHeight=0;riverMarkerImageWidth=0;riverMarkerSamples=0;riverMarkerX=0;riverMarkerY=0;total=195;
bridgeResolverEdgeStats	T609|T610	bridge=0;bridgePixels=[];river=17;riverMarkerImageHeight=4000;riverMarkerImageWidth=3200;riverMarkerSamples=17;riverMarkerX=22916;riverMarkerY=52073;total=272;
bridgeResolverEdgeStats	T609|T613	bridge=0;bridgePixels=[];river=0;riverMarkerImageHeight=0;riverMarkerImageWidth=0;riverMarkerSamples=0;riverMarkerX=0;riverMarkerY=0;total=89;
bridgeResolverEdgeStats	T609|T617	bridge=0;bridgePixels=[];river=0;riverMarkerImageHeight=0;riverMarkerImageWidth=0;riverMarkerSamples=0;riverMarkerX=0;riverMarkerY=0;total=85;
bridgeResolverEdgeStats	T609|T620	bridge=0;bridgePixels=[];river=0;riverMarkerImageHeight=0;riverMarkerImageWidth=0;riverMarkerSamples=0;riverMarkerX=0;riverMarkerY=0;total=45;
bridgeResolverEdgeStats	T610|T612	bridge=0;bridgePixels=[];river=0;riverMarkerImageHeight=0;riverMarkerImageWidth=0;riverMarkerSamples=0;riverMarkerX=0;riverMarkerY=0;total=44;
bridgeResolverEdgeStats	T610|T617	bridge=0;bridgePixels=[];river=0;riverMarkerImageHeight=0;riverMarkerImageWidth=0;riverMarkerSamples=0;riverMarkerX=0;riverMarkerY=0;total=85;
bridgeResolverEdgeStats	T611|T612	bridge=0;bridgePixels=[];river=0;riverMarkerImageHeight=0;riverMarkerImageWidth=0;riverMarkerSamples=0;riverMarkerX=0;riverMarkerY=0;total=134;
bridgeResolverEdgeStats	T611|T614	bridge=0;bridgePixels=[];river=0;riverMarkerImageHeight=0;riverMarkerImageWidth=0;riverMarkerSamples=0;riverMarkerX=0;riverMarkerY=0;total=211;
bridgeResolverEdgeStats	T611|T621	bridge=0;bridgePixels=[];river=0;riverMarkerImageHeight=0;riverMarkerImageWidth=0;riverMarkerSamples=0;riverMarkerX=0;riverMarkerY=0;total=38;
bridgeResolverEdgeStats	T612|T619	bridge=0;bridgePixels=[];river=0;riverMarkerImageHeight=0;riverMarkerImageWidth=0;riverMarkerSamples=0;riverMarkerX=0;riverMarkerY=0;total=74;
bridgeResolverEdgeStats	T612|T621	bridge=0;bridgePixels=[];river=0;riverMarkerImageHeight=0;riverMarkerImageWidth=0;riverMarkerSamples=0;riverMarkerX=0;riverMarkerY=0;total=109;
bridgeResolverEdgeStats	T612|T623	bridge=0;bridgePixels=[];river=0;riverMarkerImageHeight=0;riverMarkerImageWidth=0;riverMarkerSamples=0;riverMarkerX=0;riverMarkerY=0;total=77;
bridgeResolverEdgeStats	T613|T618	bridge=0;bridgePixels=[];river=0;riverMarkerImageHeight=0;riverMarkerImageWidth=0;riverMarkerSamples=0;riverMarkerX=0;riverMarkerY=0;total=125;
bridgeResolverEdgeStats	T613|T620	bridge=0;bridgePixels=[];river=0;riverMarkerImageHeight=0;riverMarkerImageWidth=0;riverMarkerSamples=0;riverMarkerX=0;riverMarkerY=0;total=364;
bridgeResolverEdgeStats	T614|T616	bridge=0;bridgePixels=[];river=0;riverMarkerImageHeight=0;riverMarkerImageWidth=0;riverMarkerSamples=0;riverMarkerX=0;riverMarkerY=0;total=264;
bridgeResolverEdgeStats	T614|T621	bridge=0;bridgePixels=[];river=0;riverMarkerImageHeight=0;riverMarkerImageWidth=0;riverMarkerSamples=0;riverMarkerX=0;riverMarkerY=0;total=312;
bridgeResolverEdgeStats	T614|T624	bridge=0;bridgePixels=[];river=0;riverMarkerImageHeight=0;riverMarkerImageWidth=0;riverMarkerSamples=0;riverMarkerX=0;riverMarkerY=0;total=66;
bridgeResolverEdgeStats	T615|T616	bridge=0;bridgePixels=[];river=0;riverMarkerImageHeight=0;riverMarkerImageWidth=0;riverMarkerSamples=0;riverMarkerX=0;riverMarkerY=0;total=324;
bridgeResolverEdgeStats	T615|T624	bridge=0;bridgePixels=[];river=0;riverMarkerImageHeight=0;riverMarkerImageWidth=0;riverMarkerSamples=0;riverMarkerX=0;riverMarkerY=0;total=59;
bridgeResolverEdgeStats	T615|T634	bridge=0;bridgePixels=[];river=10;riverMarkerImageHeight=4000;riverMarkerImageWidth=3200;riverMarkerSamples=10;riverMarkerX=8337;riverMarkerY=33195;total=67;
bridgeResolverEdgeStats	T616|T624	bridge=0;bridgePixels=[];river=0;riverMarkerImageHeight=0;riverMarkerImageWidth=0;riverMarkerSamples=0;riverMarkerX=0;riverMarkerY=0;total=286;
bridgeResolverEdgeStats	T617|T619	bridge=0;bridgePixels=[];river=0;riverMarkerImageHeight=0;riverMarkerImageWidth=0;riverMarkerSamples=0;riverMarkerX=0;riverMarkerY=0;total=93;
bridgeResolverEdgeStats	T617|T620	bridge=0;bridgePixels=[];river=0;riverMarkerImageHeight=0;riverMarkerImageWidth=0;riverMarkerSamples=0;riverMarkerX=0;riverMarkerY=0;total=133;
bridgeResolverEdgeStats	T617|T622	bridge=0;bridgePixels=[];river=0;riverMarkerImageHeight=0;riverMarkerImageWidth=0;riverMarkerSamples=0;riverMarkerX=0;riverMarkerY=0;total=194;
bridgeResolverEdgeStats	T618|T620	bridge=0;bridgePixels=[];river=0;riverMarkerImageHeight=0;riverMarkerImageWidth=0;riverMarkerSamples=0;riverMarkerX=0;riverMarkerY=0;total=169;
bridgeResolverEdgeStats	T618|T633	bridge=0;bridgePixels=[];river=4;riverMarkerImageHeight=4000;riverMarkerImageWidth=3200;riverMarkerSamples=4;riverMarkerX=6214;riverMarkerY=13459;total=48;
bridgeResolverEdgeStats	T619|T622	bridge=0;bridgePixels=[];river=0;riverMarkerImageHeight=0;riverMarkerImageWidth=0;riverMarkerSamples=0;riverMarkerX=0;riverMarkerY=0;total=129;
bridgeResolverEdgeStats	T619|T623	bridge=0;bridgePixels=[];river=0;riverMarkerImageHeight=0;riverMarkerImageWidth=0;riverMarkerSamples=0;riverMarkerX=0;riverMarkerY=0;total=5;
bridgeResolverEdgeStats	T619|T625	bridge=0;bridgePixels=[];river=0;riverMarkerImageHeight=0;riverMarkerImageWidth=0;riverMarkerSamples=0;riverMarkerX=0;riverMarkerY=0;total=153;
bridgeResolverEdgeStats	T620|T622	bridge=0;bridgePixels=[];river=0;riverMarkerImageHeight=0;riverMarkerImageWidth=0;riverMarkerSamples=0;riverMarkerX=0;riverMarkerY=0;total=125;
bridgeResolverEdgeStats	T620|T626	bridge=0;bridgePixels=[];river=0;riverMarkerImageHeight=0;riverMarkerImageWidth=0;riverMarkerSamples=0;riverMarkerX=0;riverMarkerY=0;total=153;
bridgeResolverEdgeStats	T620|T633	bridge=0;bridgePixels=[];river=0;riverMarkerImageHeight=0;riverMarkerImageWidth=0;riverMarkerSamples=0;riverMarkerX=0;riverMarkerY=0;total=144;
bridgeResolverEdgeStats	T621|T623	bridge=0;bridgePixels=[];river=0;riverMarkerImageHeight=0;riverMarkerImageWidth=0;riverMarkerSamples=0;riverMarkerX=0;riverMarkerY=0;total=126;
bridgeResolverEdgeStats	T621|T624	bridge=0;bridgePixels=[];river=0;riverMarkerImageHeight=0;riverMarkerImageWidth=0;riverMarkerSamples=0;riverMarkerX=0;riverMarkerY=0;total=144;
bridgeResolverEdgeStats	T621|T627	bridge=0;bridgePixels=[];river=0;riverMarkerImageHeight=0;riverMarkerImageWidth=0;riverMarkerSamples=0;riverMarkerX=0;riverMarkerY=0;total=156;
bridgeResolverEdgeStats	T621|T630	bridge=0;bridgePixels=[];river=0;riverMarkerImageHeight=0;riverMarkerImageWidth=0;riverMarkerSamples=0;riverMarkerX=0;riverMarkerY=0;total=57;
bridgeResolverEdgeStats	T622|T625	bridge=0;bridgePixels=[];river=0;riverMarkerImageHeight=0;riverMarkerImageWidth=0;riverMarkerSamples=0;riverMarkerX=0;riverMarkerY=0;total=58;
bridgeResolverEdgeStats	T622|T626	bridge=0;bridgePixels=[];river=0;riverMarkerImageHeight=0;riverMarkerImageWidth=0;riverMarkerSamples=0;riverMarkerX=0;riverMarkerY=0;total=171;
bridgeResolverEdgeStats	T622|T628	bridge=0;bridgePixels=[];river=0;riverMarkerImageHeight=0;riverMarkerImageWidth=0;riverMarkerSamples=0;riverMarkerX=0;riverMarkerY=0;total=50;
bridgeResolverEdgeStats	T622|T629	bridge=0;bridgePixels=[];river=0;riverMarkerImageHeight=0;riverMarkerImageWidth=0;riverMarkerSamples=0;riverMarkerX=0;riverMarkerY=0;total=71;
bridgeResolverEdgeStats	T623|T625	bridge=0;bridgePixels=[];river=0;riverMarkerImageHeight=0;riverMarkerImageWidth=0;riverMarkerSamples=0;riverMarkerX=0;riverMarkerY=0;total=147;
bridgeResolverEdgeStats	T623|T627	bridge=0;bridgePixels=[];river=0;riverMarkerImageHeight=0;riverMarkerImageWidth=0;riverMarkerSamples=0;riverMarkerX=0;riverMarkerY=0;total=129;
bridgeResolverEdgeStats	T624|T630	bridge=0;bridgePixels=[];river=0;riverMarkerImageHeight=0;riverMarkerImageWidth=0;riverMarkerSamples=0;riverMarkerX=0;riverMarkerY=0;total=120;
bridgeResolverEdgeStats	T624|T631	bridge=0;bridgePixels=[];river=0;riverMarkerImageHeight=0;riverMarkerImageWidth=0;riverMarkerSamples=0;riverMarkerX=0;riverMarkerY=0;total=221;
bridgeResolverEdgeStats	T624|T634	bridge=0;bridgePixels=[];river=0;riverMarkerImageHeight=0;riverMarkerImageWidth=0;riverMarkerSamples=0;riverMarkerX=0;riverMarkerY=0;total=85;
bridgeResolverEdgeStats	T625|T627	bridge=0;bridgePixels=[];river=0;riverMarkerImageHeight=0;riverMarkerImageWidth=0;riverMarkerSamples=0;riverMarkerX=0;riverMarkerY=0;total=19;
bridgeResolverEdgeStats	T625|T628	bridge=0;bridgePixels=[];river=0;riverMarkerImageHeight=0;riverMarkerImageWidth=0;riverMarkerSamples=0;riverMarkerX=0;riverMarkerY=0;total=222;
bridgeResolverEdgeStats	T626|T629	bridge=0;bridgePixels=[];river=0;riverMarkerImageHeight=0;riverMarkerImageWidth=0;riverMarkerSamples=0;riverMarkerX=0;riverMarkerY=0;total=288;
bridgeResolverEdgeStats	T626|T633	bridge=0;bridgePixels=[];river=0;riverMarkerImageHeight=0;riverMarkerImageWidth=0;riverMarkerSamples=0;riverMarkerX=0;riverMarkerY=0;total=179;
bridgeResolverEdgeStats	T627|T628	bridge=0;bridgePixels=[];river=0;riverMarkerImageHeight=0;riverMarkerImageWidth=0;riverMarkerSamples=0;riverMarkerX=0;riverMarkerY=0;total=120;
bridgeResolverEdgeStats	T627|T630	bridge=0;bridgePixels=[];river=0;riverMarkerImageHeight=0;riverMarkerImageWidth=0;riverMarkerSamples=0;riverMarkerX=0;riverMarkerY=0;total=67;
bridgeResolverEdgeStats	T627|T632	bridge=0;bridgePixels=[];river=0;riverMarkerImageHeight=0;riverMarkerImageWidth=0;riverMarkerSamples=0;riverMarkerX=0;riverMarkerY=0;total=137;
bridgeResolverEdgeStats	T628|T629	bridge=0;bridgePixels=[];river=0;riverMarkerImageHeight=0;riverMarkerImageWidth=0;riverMarkerSamples=0;riverMarkerX=0;riverMarkerY=0;total=148;
bridgeResolverEdgeStats	T628|T632	bridge=0;bridgePixels=[];river=0;riverMarkerImageHeight=0;riverMarkerImageWidth=0;riverMarkerSamples=0;riverMarkerX=0;riverMarkerY=0;total=33;
bridgeResolverEdgeStats	T628|T635	bridge=0;bridgePixels=[];river=0;riverMarkerImageHeight=0;riverMarkerImageWidth=0;riverMarkerSamples=0;riverMarkerX=0;riverMarkerY=0;total=71;
bridgeResolverEdgeStats	T628|T640	bridge=0;bridgePixels=[];river=0;riverMarkerImageHeight=0;riverMarkerImageWidth=0;riverMarkerSamples=0;riverMarkerX=0;riverMarkerY=0;total=83;
bridgeResolverEdgeStats	T629|T633	bridge=0;bridgePixels=[];river=0;riverMarkerImageHeight=0;riverMarkerImageWidth=0;riverMarkerSamples=0;riverMarkerX=0;riverMarkerY=0;total=181;
bridgeResolverEdgeStats	T629|T635	bridge=0;bridgePixels=[];river=0;riverMarkerImageHeight=0;riverMarkerImageWidth=0;riverMarkerSamples=0;riverMarkerX=0;riverMarkerY=0;total=277;
bridgeResolverEdgeStats	T630|T631	bridge=0;bridgePixels=[];river=0;riverMarkerImageHeight=0;riverMarkerImageWidth=0;riverMarkerSamples=0;riverMarkerX=0;riverMarkerY=0;total=161;
bridgeResolverEdgeStats	T630|T632	bridge=0;bridgePixels=[];river=0;riverMarkerImageHeight=0;riverMarkerImageWidth=0;riverMarkerSamples=0;riverMarkerX=0;riverMarkerY=0;total=256;
bridgeResolverEdgeStats	T630|T639	bridge=0;bridgePixels=[];river=0;riverMarkerImageHeight=0;riverMarkerImageWidth=0;riverMarkerSamples=0;riverMarkerX=0;riverMarkerY=0;total=240;
bridgeResolverEdgeStats	T631|T634	bridge=0;bridgePixels=[];river=0;riverMarkerImageHeight=0;riverMarkerImageWidth=0;riverMarkerSamples=0;riverMarkerX=0;riverMarkerY=0;total=464;
bridgeResolverEdgeStats	T631|T639	bridge=0;bridgePixels=[];river=0;riverMarkerImageHeight=0;riverMarkerImageWidth=0;riverMarkerSamples=0;riverMarkerX=0;riverMarkerY=0;total=175;
bridgeResolverEdgeStats	T632|T639	bridge=0;bridgePixels=[];river=0;riverMarkerImageHeight=0;riverMarkerImageWidth=0;riverMarkerSamples=0;riverMarkerX=0;riverMarkerY=0;total=20;
bridgeResolverEdgeStats	T632|T640	bridge=0;bridgePixels=[];river=0;riverMarkerImageHeight=0;riverMarkerImageWidth=0;riverMarkerSamples=0;riverMarkerX=0;riverMarkerY=0;total=174;
bridgeResolverEdgeStats	T632|T646	bridge=0;bridgePixels=[];river=0;riverMarkerImageHeight=0;riverMarkerImageWidth=0;riverMarkerSamples=0;riverMarkerX=0;riverMarkerY=0;total=135;
bridgeResolverEdgeStats	T633|T635	bridge=0;bridgePixels=[];river=0;riverMarkerImageHeight=0;riverMarkerImageWidth=0;riverMarkerSamples=0;riverMarkerX=0;riverMarkerY=0;total=163;
bridgeResolverEdgeStats	T633|T637	bridge=0;bridgePixels=[];river=0;riverMarkerImageHeight=0;riverMarkerImageWidth=0;riverMarkerSamples=0;riverMarkerX=0;riverMarkerY=0;total=355;
bridgeResolverEdgeStats	T633|T648	bridge=0;bridgePixels=[];river=7;riverMarkerImageHeight=4000;riverMarkerImageWidth=3200;riverMarkerSamples=7;riverMarkerX=9682;riverMarkerY=25312;total=110;
bridgeResolverEdgeStats	T634|T639	bridge=0;bridgePixels=[];river=0;riverMarkerImageHeight=0;riverMarkerImageWidth=0;riverMarkerSamples=0;riverMarkerX=0;riverMarkerY=0;total=34;
bridgeResolverEdgeStats	T634|T642	bridge=0;bridgePixels=[];river=0;riverMarkerImageHeight=0;riverMarkerImageWidth=0;riverMarkerSamples=0;riverMarkerX=0;riverMarkerY=0;total=480;
bridgeResolverEdgeStats	T634|T647	bridge=0;bridgePixels=[];river=10;riverMarkerImageHeight=4000;riverMarkerImageWidth=3200;riverMarkerSamples=10;riverMarkerX=8178;riverMarkerY=36153;total=120;
bridgeResolverEdgeStats	T635|T640	bridge=0;bridgePixels=[];river=0;riverMarkerImageHeight=0;riverMarkerImageWidth=0;riverMarkerSamples=0;riverMarkerX=0;riverMarkerY=0;total=138;
bridgeResolverEdgeStats	T635|T645	bridge=0;bridgePixels=[];river=0;riverMarkerImageHeight=0;riverMarkerImageWidth=0;riverMarkerSamples=0;riverMarkerX=0;riverMarkerY=0;total=191;
bridgeResolverEdgeStats	T635|T648	bridge=0;bridgePixels=[];river=0;riverMarkerImageHeight=0;riverMarkerImageWidth=0;riverMarkerSamples=0;riverMarkerX=0;riverMarkerY=0;total=174;
bridgeResolverEdgeStats	T636|T642	bridge=0;bridgePixels=[];river=0;riverMarkerImageHeight=0;riverMarkerImageWidth=0;riverMarkerSamples=0;riverMarkerX=0;riverMarkerY=0;total=8;
bridgeResolverEdgeStats	T637|T648	bridge=0;bridgePixels=[];river=0;riverMarkerImageHeight=0;riverMarkerImageWidth=0;riverMarkerSamples=0;riverMarkerX=0;riverMarkerY=0;total=10;
bridgeResolverEdgeStats	T638|T642	bridge=0;bridgePixels=[];river=0;riverMarkerImageHeight=0;riverMarkerImageWidth=0;riverMarkerSamples=0;riverMarkerX=0;riverMarkerY=0;total=4;
bridgeResolverEdgeStats	T639|T646	bridge=0;bridgePixels=[];river=0;riverMarkerImageHeight=0;riverMarkerImageWidth=0;riverMarkerSamples=0;riverMarkerX=0;riverMarkerY=0;total=211;
bridgeResolverEdgeStats	T639|T647	bridge=0;bridgePixels=[];river=0;riverMarkerImageHeight=0;riverMarkerImageWidth=0;riverMarkerSamples=0;riverMarkerX=0;riverMarkerY=0;total=156;
bridgeResolverEdgeStats	T640|T645	bridge=0;bridgePixels=[];river=0;riverMarkerImageHeight=0;riverMarkerImageWidth=0;riverMarkerSamples=0;riverMarkerX=0;riverMarkerY=0;total=330;
bridgeResolverEdgeStats	T640|T646	bridge=0;bridgePixels=[];river=0;riverMarkerImageHeight=0;riverMarkerImageWidth=0;riverMarkerSamples=0;riverMarkerX=0;riverMarkerY=0;total=300;
bridgeResolverEdgeStats	T642|T647	bridge=0;bridgePixels=[];river=0;riverMarkerImageHeight=0;riverMarkerImageWidth=0;riverMarkerSamples=0;riverMarkerX=0;riverMarkerY=0;total=70;
bridgeResolverEdgeStats	T643|T644	bridge=0;bridgePixels=[];river=2;riverMarkerImageHeight=4000;riverMarkerImageWidth=3200;riverMarkerSamples=2;riverMarkerX=3092;riverMarkerY=7109;total=2;
bridgeResolverEdgeStats	T645|T646	bridge=0;bridgePixels=[];river=0;riverMarkerImageHeight=0;riverMarkerImageWidth=0;riverMarkerSamples=0;riverMarkerX=0;riverMarkerY=0;total=19;
bridgeResolverEdgeStats	T645|T648	bridge=0;bridgePixels=[];river=0;riverMarkerImageHeight=0;riverMarkerImageWidth=0;riverMarkerSamples=0;riverMarkerX=0;riverMarkerY=0;total=168;
bridgeResolverEdgeStats	T645|T649	bridge=0;bridgePixels=[];river=0;riverMarkerImageHeight=0;riverMarkerImageWidth=0;riverMarkerSamples=0;riverMarkerX=0;riverMarkerY=0;total=39;
bridgeResolverEdgeStats	T646|T647	bridge=0;bridgePixels=[];river=0;riverMarkerImageHeight=0;riverMarkerImageWidth=0;riverMarkerSamples=0;riverMarkerX=0;riverMarkerY=0;total=109;
bridgeResolverEdgeStats	T646|T649	bridge=0;bridgePixels=[];river=0;riverMarkerImageHeight=0;riverMarkerImageWidth=0;riverMarkerSamples=0;riverMarkerX=0;riverMarkerY=0;total=223;
bridgeResolverEdgeStats	T647|T649	bridge=0;bridgePixels=[];river=9;riverMarkerImageHeight=4000;riverMarkerImageWidth=3200;riverMarkerSamples=9;riverMarkerX=8703;riverMarkerY=33207;total=150;
bridgeResolverEdgeStats	T648|T649	bridge=0;bridgePixels=[];river=8;riverMarkerImageHeight=4000;riverMarkerImageWidth=3200;riverMarkerSamples=8;riverMarkerX=9339;riverMarkerY=29653;total=151;
bridgeResolverEdgeStats	T649|T651	bridge=0;bridgePixels=[];river=3;riverMarkerImageHeight=4000;riverMarkerImageWidth=3200;riverMarkerSamples=3;riverMarkerX=3364;riverMarkerY=11175;total=3;
bridgeResolverEdgeStats	T649|T652	bridge=0;bridgePixels=[];river=2;riverMarkerImageHeight=4000;riverMarkerImageWidth=3200;riverMarkerSamples=2;riverMarkerX=2238;riverMarkerY=7452;total=2;
center	T001	dimensionId=100;x=190006.85714285716;y=80.0;z=-85942.85714285714;
center	T002	dimensionId=100;x=62336.0;y=80.0;z=-85632.0;
center	T003	dimensionId=100;x=61696.0;y=80.0;z=-85248.0;
center	T004	dimensionId=100;x=64896.0;y=80.0;z=-84736.0;
center	T005	dimensionId=100;x=67200.0;y=80.0;z=-83968.0;
center	T006	dimensionId=100;x=67072.0;y=80.0;z=-83840.0;
center	T007	dimensionId=100;x=36864.0;y=80.0;z=-82560.0;
center	T008	dimensionId=100;x=36992.0;y=80.0;z=-82432.0;
center	T009	dimensionId=100;x=37120.0;y=80.0;z=-82304.0;
center	T010	dimensionId=100;x=206272.0;y=80.0;z=-80768.0;
center	T011	dimensionId=100;x=206208.0;y=80.0;z=-76928.0;
center	T012	dimensionId=100;x=208640.0;y=80.0;z=-73984.0;
center	T013	dimensionId=100;x=-7369.142857142855;y=80.0;z=-69668.57142857142;
center	T014	dimensionId=100;x=115072.0;y=80.0;z=-69056.0;
center	T015	dimensionId=100;x=114944.0;y=80.0;z=-68800.0;
center	T016	dimensionId=100;x=111488.0;y=80.0;z=-66432.0;
center	T017	dimensionId=100;x=105600.0;y=80.0;z=-65152.0;
center	T018	dimensionId=100;x=107648.0;y=80.0;z=-64704.0;
center	T019	dimensionId=100;x=107904.0;y=80.0;z=-64512.0;
center	T020	dimensionId=100;x=-9600.0;y=80.0;z=-61696.0;
center	T021	dimensionId=100;x=-9984.0;y=80.0;z=-61568.0;
center	T022	dimensionId=100;x=153344.0;y=80.0;z=-59584.0;
center	T023	dimensionId=100;x=161280.0;y=80.0;z=-56832.0;
center	T024	dimensionId=100;x=-4564.144655772834;y=80.0;z=-47361.81730511653;
center	T025	dimensionId=100;x=24576.0;y=80.0;z=-45696.0;
center	T026	dimensionId=100;x=24832.0;y=80.0;z=-45568.0;
center	T027	dimensionId=100;x=238336.0;y=80.0;z=-43776.0;
center	T028	dimensionId=100;x=239104.0;y=80.0;z=-42624.0;
center	T029	dimensionId=100;x=241792.0;y=80.0;z=-39680.0;
center	T030	dimensionId=100;x=-11853.18399999998;y=80.0;z=-34590.848;
center	T031	dimensionId=100;x=248448.0;y=80.0;z=-33664.0;
center	T032	dimensionId=100;x=248320.0;y=80.0;z=-33536.0;
center	T033	dimensionId=100;x=-22581.12771084337;y=80.0;z=-32497.580722891566;
center	T034	dimensionId=100;x=4636.78468899522;y=80.0;z=-32183.63636363636;
center	T035	dimensionId=100;x=-20324.78740157481;y=80.0;z=-30202.96062992126;
center	T036	dimensionId=100;x=-14463.480880648902;y=80.0;z=-29771.56894553882;
center	T037	dimensionId=100;x=11923.715317612063;y=80.0;z=-29296.526874867217;
center	T039	dimensionId=100;x=-41676.8;y=80.0;z=-26498.32727272727;
center	T040	dimensionId=100;x=25703.75371242303;y=80.0;z=-26431.907279971027;
center	T041	dimensionId=100;x=-32129.412236710137;y=80.0;z=-26420.937479103974;
center	T042	dimensionId=100;x=-26611.912832929782;y=80.0;z=-25842.05326876513;
center	T043	dimensionId=100;x=-4235.707582454954;y=80.0;z=-25784.274736484193;
center	T044	dimensionId=100;x=242077.17309719586;y=80.0;z=-25767.090870756903;
center	T046	dimensionId=100;x=10130.199710564397;y=80.0;z=-24803.1027496382;
center	T047	dimensionId=100;x=-60420.20058273271;y=80.0;z=-24738.389817512652;
center	T048	dimensionId=100;x=21632.0;y=80.0;z=-24448.0;
center	T049	dimensionId=100;x=195562.35328681604;y=80.0;z=-23975.885420492108;
center	T050	dimensionId=100;x=-18039.901581722326;y=80.0;z=-23438.19268253715;
center	T051	dimensionId=100;x=19164.788321167885;y=80.0;z=-23123.094890510954;
center	T052	dimensionId=100;x=1030.360624704219;y=80.0;z=-22682.108849976343;
center	T053	dimensionId=100;x=214876.4527095743;y=80.0;z=-22511.700130756944;
center	T054	dimensionId=100;x=86889.60183591506;y=80.0;z=-21918.953528399317;
center	T055	dimensionId=100;x=57788.779874213826;y=80.0;z=-21793.408805031446;
center	T056	dimensionId=100;x=102852.73458792991;y=80.0;z=-21696.456846203757;
center	T057	dimensionId=100;x=37484.480280455755;y=80.0;z=-21225.058720420682;
center	T058	dimensionId=100;x=111588.62915179797;y=80.0;z=-20583.826516607194;
center	T059	dimensionId=100;x=119893.23524904213;y=80.0;z=-20365.265900383136;
center	T060	dimensionId=100;x=180094.64731576724;y=80.0;z=-20040.846554882344;
center	T061	dimensionId=100;x=55013.527614571096;y=80.0;z=-19529.400705052874;
center	T062	dimensionId=100;x=76471.4043145442;y=80.0;z=-18759.408025980054;
center	T063	dimensionId=100;x=37364.10140845072;y=80.0;z=-18440.653521126762;
center	T064	dimensionId=100;x=10249.202054029913;y=80.0;z=-18386.90421969189;
center	T065	dimensionId=100;x=137102.79909599145;y=80.0;z=-18343.76876412514;
center	T066	dimensionId=100;x=92557.35652173913;y=80.0;z=-17938.71936758893;
center	T067	dimensionId=100;x=-8260.24990176817;y=80.0;z=-17756.089587426322;
center	T068	dimensionId=100;x=49357.12820512822;y=80.0;z=-17647.58974358975;
center	T069	dimensionId=100;x=103163.72383073496;y=80.0;z=-17612.11581291759;
center	T070	dimensionId=100;x=-24464.537467700255;y=80.0;z=-17547.245478036173;
center	T072	dimensionId=100;x=60246.86070038911;y=80.0;z=-17390.86692607004;
center	T074	dimensionId=100;x=72861.11454102356;y=80.0;z=-16464.792851340375;
center	T075	dimensionId=100;x=83594.97142857141;y=80.0;z=-16087.039999999994;
center	T076	dimensionId=100;x=-35189.13748735;y=80.0;z=-15797.035709122458;
center	T077	dimensionId=100;x=159102.92925430211;y=80.0;z=-15701.0707456979;
center	T078	dimensionId=100;x=17970.484621155294;y=80.0;z=-15350.469617404364;
center	T079	dimensionId=100;x=55163.150881776615;y=80.0;z=-15331.23971260614;
center	T080	dimensionId=100;x=3221.9656194427953;y=80.0;z=-15269.671606401898;
center	T081	dimensionId=100;x=36565.71311194796;y=80.0;z=-15217.40773707634;
center	T082	dimensionId=100;x=90178.75515695068;y=80.0;z=-15132.125560538116;
center	T083	dimensionId=100;x=185945.6033979294;y=80.0;z=-15078.46456065835;
center	T084	dimensionId=100;x=45568.0;y=80.0;z=-14976.0;
center	T085	dimensionId=100;x=113856.17250673854;y=80.0;z=-14814.878706199466;
center	T086	dimensionId=100;x=102243.2829015544;y=80.0;z=-14706.802072538863;
center	T087	dimensionId=100;x=82932.82539682538;y=80.0;z=-14404.063492063491;
center	T088	dimensionId=100;x=67473.49953603465;y=80.0;z=-13769.284256108876;
center	T089	dimensionId=100;x=-25979.34545454546;y=80.0;z=-13510.593939393933;
center	T090	dimensionId=100;x=-2981.9424031777744;y=80.0;z=-13242.979145978155;
center	T091	dimensionId=100;x=82943.22424242424;y=80.0;z=-13149.090909090912;
center	T092	dimensionId=100;x=86316.27811158798;y=80.0;z=-12425.339055793986;
center	T093	dimensionId=100;x=28797.890584898007;y=80.0;z=-12374.676212346341;
center	T094	dimensionId=100;x=226664.77732336766;y=80.0;z=-12247.67395289804;
center	T095	dimensionId=100;x=96816.70376258611;y=80.0;z=-12062.728139904604;
center	T096	dimensionId=100;x=-23655.80099502488;y=80.0;z=-11791.920398009956;
center	T097	dimensionId=100;x=114532.05821205821;y=80.0;z=-11433.460291060284;
center	T098	dimensionId=100;x=105903.66788766789;y=80.0;z=-11241.494505494498;
center	T099	dimensionId=100;x=46800.645435244165;y=80.0;z=-10909.418259023354;
center	T100	dimensionId=100;x=80631.7108433735;y=80.0;z=-10795.662650602404;
center	T101	dimensionId=100;x=-17452.273972602736;y=80.0;z=-10028.411741682969;
center	T102	dimensionId=100;x=72623.32484929671;y=80.0;z=-9895.608841259207;
center	T103	dimensionId=100;x=126105.26013634735;y=80.0;z=-9851.02451859825;
center	T104	dimensionId=100;x=60744.748885586916;y=80.0;z=-9464.867756315012;
center	T105	dimensionId=100;x=252114.77721638163;y=80.0;z=-9164.350101992779;
center	T106	dimensionId=100;x=66040.31309041835;y=80.0;z=-9099.487179487172;
center	T107	dimensionId=100;x=173094.59522878373;y=80.0;z=-8639.92491200626;
center	T108	dimensionId=100;x=-21964.800000000003;y=80.0;z=-8046.933333333334;
center	T109	dimensionId=100;x=1206.8237869390723;y=80.0;z=-7903.404596862456;
center	T110	dimensionId=100;x=57300.88965915656;y=80.0;z=-7867.748122472563;
center	T111	dimensionId=100;x=79412.70588235295;y=80.0;z=-7742.117647058825;
center	T112	dimensionId=100;x=-8433.482825664294;y=80.0;z=-7666.685677252113;
center	T113	dimensionId=100;x=85139.52542372877;y=80.0;z=-7524.067796610165;
center	T114	dimensionId=100;x=191516.7094459944;y=80.0;z=-7404.741331207653;
center	T115	dimensionId=100;x=104461.64878373875;y=80.0;z=-7186.511162945681;
center	T116	dimensionId=100;x=10842.083993424007;y=80.0;z=-7120.671947392024;
center	T117	dimensionId=100;x=92628.56746968982;y=80.0;z=-6986.3290820343245;
center	T118	dimensionId=100;x=143707.63507169142;y=80.0;z=-6973.084633929699;
center	T119	dimensionId=100;x=-30190.811301011505;y=80.0;z=-6962.330891756777;
center	T120	dimensionId=100;x=82983.20295202953;y=80.0;z=-6563.424354243543;
center	T121	dimensionId=100;x=-40470.30036630037;y=80.0;z=-5505.4065934065875;
center	T122	dimensionId=100;x=63815.26977687626;y=80.0;z=-5386.774847870183;
center	T123	dimensionId=100;x=42094.38033519554;y=80.0;z=-5326.144357541896;
center	T124	dimensionId=100;x=162810.32874640857;y=80.0;z=-5209.694843490099;
center	T125	dimensionId=100;x=110769.837535014;y=80.0;z=-4537.315726290515;
center	T126	dimensionId=100;x=2126.3244353182818;y=80.0;z=-4440.574948665293;
center	T127	dimensionId=100;x=52579.72093023255;y=80.0;z=-4429.395348837206;
center	T128	dimensionId=100;x=74848.61538461538;y=80.0;z=-4215.179487179485;
center	T129	dimensionId=100;x=-92535.54716981133;y=80.0;z=-4018.716981132078;
center	T130	dimensionId=100;x=46634.581333333335;y=80.0;z=-3631.957333333339;
center	T131	dimensionId=100;x=-216.8000000000029;y=80.0;z=-3313.600000000006;
center	T132	dimensionId=100;x=24176.957120169405;y=80.0;z=-3101.923133933291;
center	T133	dimensionId=100;x=52610.04255319148;y=80.0;z=-3060.4255319148942;
center	T134	dimensionId=100;x=-1835.076923076922;y=80.0;z=-2840.61538461539;
center	T135	dimensionId=100;x=-4669.247311827945;y=80.0;z=-2696.946236559146;
center	T136	dimensionId=100;x=32992.23357664235;y=80.0;z=-2302.4428223844297;
center	T138	dimensionId=100;x=84800.0;y=80.0;z=-2176.0;
center	T139	dimensionId=100;x=2654.6303501945513;y=80.0;z=-2111.7509727626457;
center	T140	dimensionId=100;x=4311.7241379310435;y=80.0;z=-2003.8620689655218;
center	T141	dimensionId=100;x=48322.33576642335;y=80.0;z=-1923.7372262773715;
center	T142	dimensionId=100;x=36796.04633204633;y=80.0;z=-1764.5714285714348;
center	T143	dimensionId=100;x=6627.005524861874;y=80.0;z=-1615.2044198895019;
center	T144	dimensionId=100;x=14792.164609053492;y=80.0;z=-1592.6255144033057;
center	T145	dimensionId=100;x=5685.894736842107;y=80.0;z=-1446.1754385964887;
center	T146	dimensionId=100;x=933.2815533980611;y=80.0;z=-1334.6796116504847;
center	T147	dimensionId=100;x=45667.55555555556;y=80.0;z=-1282.8444444444467;
center	T148	dimensionId=100;x=-3211.6363636363676;y=80.0;z=-1170.7012987013004;
center	T149	dimensionId=100;x=19210.936708860754;y=80.0;z=-956.1518987341842;
center	T150	dimensionId=100;x=226.04255319149524;y=80.0;z=-531.0638297872356;
center	T152	dimensionId=100;x=4305.142857142855;y=80.0;z=-323.4285714285652;
center	T153	dimensionId=100;x=94407.27905531385;y=80.0;z=-193.11373523928341;
center	T155	dimensionId=100;x=70794.06666666668;y=80.0;z=-114.66666666667152;
center	T156	dimensionId=100;x=211887.39534291893;y=80.0;z=-81.21542180939286;
center	T157	dimensionId=100;x=15140.571428571435;y=80.0;z=64.0;
center	T158	dimensionId=100;x=1463.5471698113106;y=80.0;z=183.54716981132515;
center	T159	dimensionId=100;x=79818.54457162679;y=80.0;z=219.2826916406484;
center	T160	dimensionId=100;x=-431.86086956522195;y=80.0;z=225.94782608695095;
center	T161	dimensionId=100;x=-37262.66518353726;y=80.0;z=314.37597330367134;
center	T162	dimensionId=100;x=103801.86522522525;y=80.0;z=320.6688288288278;
center	T163	dimensionId=100;x=133875.15666642657;y=80.0;z=336.25009003817104;
center	T164	dimensionId=100;x=12585.3164556962;y=80.0;z=503.08860759493837;
center	T165	dimensionId=100;x=119082.87586360596;y=80.0;z=505.72409182081174;
center	T166	dimensionId=100;x=6121.739130434784;y=80.0;z=641.3913043478242;
center	T167	dimensionId=100;x=2760.0842105263146;y=80.0;z=685.1368421052612;
center	T168	dimensionId=100;x=-15555.197715917195;y=80.0;z=702.9493219129217;
center	T169	dimensionId=100;x=4466.059405940599;y=80.0;z=846.5742574257456;
center	T170	dimensionId=100;x=7981.948717948719;y=80.0;z=918.3179487179441;
center	T171	dimensionId=100;x=17267.70196078431;y=80.0;z=1062.3999999999942;
center	T172	dimensionId=100;x=152960.43794712287;y=80.0;z=1275.2356661482627;
center	T173	dimensionId=100;x=15129.328621908135;y=80.0;z=1675.7597173144895;
center	T174	dimensionId=100;x=58165.35300627074;y=80.0;z=1853.1907045370754;
center	T175	dimensionId=100;x=624.2730375426618;y=80.0;z=1853.5972696245735;
center	T176	dimensionId=100;x=-7963.028446389493;y=80.0;z=1862.5820568927738;
center	T177	dimensionId=100;x=5980.444444444438;y=80.0;z=1896.296296296292;
center	T178	dimensionId=100;x=5060.0;y=80.0;z=1984.0;
center	T179	dimensionId=100;x=-2443.5936352509016;y=80.0;z=2018.7025703794352;
center	T180	dimensionId=100;x=-5021.030927835047;y=80.0;z=2082.3092783505126;
center	T181	dimensionId=100;x=-12133.691973969631;y=80.0;z=2094.7158351410035;
center	T182	dimensionId=100;x=3804.245810055887;y=80.0;z=2700.871508379889;
center	T183	dimensionId=100;x=8703.264367816097;y=80.0;z=2877.057471264372;
center	T184	dimensionId=100;x=180441.66096945922;y=80.0;z=3041.751975343228;
center	T185	dimensionId=100;x=38065.762993763;y=80.0;z=3507.3153153153107;
center	T186	dimensionId=100;x=11733.408716136633;y=80.0;z=3891.8633686690155;
center	T187	dimensionId=100;x=19005.588697017258;y=80.0;z=4738.1098901098885;
center	T188	dimensionId=100;x=44064.7225054625;y=80.0;z=4903.4969652828295;
center	T189	dimensionId=100;x=1779.504761904769;y=80.0;z=5443.199999999997;
center	T190	dimensionId=100;x=71384.19627549511;y=80.0;z=5461.169376293226;
center	T191	dimensionId=100;x=240614.65552627144;y=80.0;z=5659.390119441479;
center	T192	dimensionId=100;x=164414.75361050328;y=80.0;z=5665.526477024076;
center	T193	dimensionId=100;x=93229.35825545172;y=80.0;z=6016.859813084113;
center	T194	dimensionId=100;x=79264.8009535161;y=80.0;z=6409.5733015494625;
center	T195	dimensionId=100;x=106855.82504970179;y=80.0;z=6647.9840954274405;
center	T196	dimensionId=100;x=7506.928322894921;y=80.0;z=7068.949199721639;
center	T197	dimensionId=100;x=65221.449416681164;y=80.0;z=7230.027511753433;
center	T198	dimensionId=100;x=114612.44537638917;y=80.0;z=7985.654015516877;
center	T199	dimensionId=100;x=144752.0065546907;y=80.0;z=8000.550594018845;
center	T200	dimensionId=100;x=24441.422169106663;y=80.0;z=8040.729011054675;
center	T201	dimensionId=100;x=128685.68577596545;y=80.0;z=9288.182297913168;
center	T202	dimensionId=100;x=-14578.082372322897;y=80.0;z=9410.319604612843;
center	T203	dimensionId=100;x=10350.135922330097;y=80.0;z=9720.543689320388;
center	T204	dimensionId=100;x=14336.458781362002;y=80.0;z=10114.408602150535;
center	T205	dimensionId=100;x=-2950.8825359206094;y=80.0;z=10249.802399644497;
center	T206	dimensionId=100;x=-29591.573641375682;y=80.0;z=10572.013651877132;
center	T207	dimensionId=100;x=57084.11525163273;y=80.0;z=10925.338455628123;
center	T208	dimensionId=100;x=27665.78407079645;y=80.0;z=11733.635398230093;
center	T209	dimensionId=100;x=118391.05040650407;y=80.0;z=11745.092682926828;
center	T210	dimensionId=100;x=190725.8566703418;y=80.0;z=12151.603087100331;
center	T211	dimensionId=100;x=81701.72631578948;y=80.0;z=12180.816842105269;
center	T212	dimensionId=100;x=74281.79696243006;y=80.0;z=12237.864108713024;
center	T213	dimensionId=100;x=146978.59354052405;y=80.0;z=12590.137720901883;
center	T214	dimensionId=100;x=153962.31857031854;y=80.0;z=13138.15073815074;
center	T215	dimensionId=100;x=134196.025477707;y=80.0;z=13474.191082802543;
center	T216	dimensionId=100;x=126340.52208047104;y=80.0;z=14171.446516192344;
center	T217	dimensionId=100;x=33417.20847190617;y=80.0;z=14431.221424820586;
center	T218	dimensionId=100;x=40570.721649484534;y=80.0;z=14448.912714776627;
center	T219	dimensionId=100;x=182205.76407727087;y=80.0;z=14556.383066173454;
center	T220	dimensionId=100;x=45920.73282442748;y=80.0;z=14575.389312977102;
center	T222	dimensionId=100;x=219597.4973598629;y=80.0;z=15258.591880267166;
center	T223	dimensionId=100;x=48704.0;y=80.0;z=15717.333333333328;
center	T224	dimensionId=100;x=166169.91631564166;y=80.0;z=15940.385285032287;
center	T225	dimensionId=100;x=139999.9828968466;y=80.0;z=16065.33404596473;
center	T226	dimensionId=100;x=119284.29799649873;y=80.0;z=16767.35265512546;
center	T227	dimensionId=100;x=257958.1617281083;y=80.0;z=16871.837276437596;
center	T228	dimensionId=100;x=10418.447317240585;y=80.0;z=16997.14357624986;
center	T229	dimensionId=100;x=20288.412143514273;y=80.0;z=17015.462741490337;
center	T230	dimensionId=100;x=-6557.904175824195;y=80.0;z=17072.330549450548;
center	T231	dimensionId=100;x=51964.21565217391;y=80.0;z=17169.36347826087;
center	T232	dimensionId=100;x=44715.32307692309;y=80.0;z=17230.769230769234;
center	T233	dimensionId=100;x=47564.846292947565;y=80.0;z=17699.414104882453;
center	T234	dimensionId=100;x=197632.0;y=80.0;z=17792.0;
center	T235	dimensionId=100;x=92280.28536285364;y=80.0;z=18493.52029520295;
center	T236	dimensionId=100;x=190445.23524741997;y=80.0;z=18834.25668166182;
center	T237	dimensionId=100;x=56539.87777112043;y=80.0;z=18837.013780707013;
center	T238	dimensionId=100;x=81535.54755784062;y=80.0;z=18845.285347043697;
center	T239	dimensionId=100;x=40344.0;y=80.0;z=18858.28571428571;
center	T240	dimensionId=100;x=26722.704225352107;y=80.0;z=18950.08450704225;
center	T241	dimensionId=100;x=111627.72359843543;y=80.0;z=19058.607561929603;
center	T242	dimensionId=100;x=93030.3534187137;y=80.0;z=19500.709076912317;
center	T243	dimensionId=100;x=106634.78030150753;y=80.0;z=19600.646432160807;
center	T244	dimensionId=100;x=145100.824993898;y=80.0;z=19661.137417622653;
center	T245	dimensionId=100;x=-19743.083883883883;y=80.0;z=20359.751751751755;
center	T246	dimensionId=100;x=71913.32306974576;y=80.0;z=20422.120830417538;
center	T247	dimensionId=100;x=48196.57142857142;y=80.0;z=20631.27272727272;
center	T248	dimensionId=100;x=133400.5517241379;y=80.0;z=21333.241379310348;
center	T249	dimensionId=100;x=194152.93333333335;y=80.0;z=21383.77777777778;
center	T250	dimensionId=100;x=61948.92705447829;y=80.0;z=22001.65170821792;
center	T251	dimensionId=100;x=174080.0;y=80.0;z=22016.0;
center	T252	dimensionId=100;x=33693.3058040835;y=80.0;z=22954.05001147052;
center	T253	dimensionId=100;x=53190.26910656621;y=80.0;z=23465.472551130253;
center	T254	dimensionId=100;x=181770.32511241315;y=80.0;z=23495.56070309307;
center	T255	dimensionId=100;x=119260.10265982267;y=80.0;z=24116.86047596825;
center	T256	dimensionId=100;x=2179.1524667128397;y=80.0;z=24942.79935349805;
center	T258	dimensionId=100;x=210304.0;y=80.0;z=25728.0;
center	T259	dimensionId=100;x=153839.23492723494;y=80.0;z=25812.091476091475;
center	T260	dimensionId=100;x=210688.0;y=80.0;z=25856.0;
center	T261	dimensionId=100;x=148290.45106382982;y=80.0;z=26242.995744680855;
center	T262	dimensionId=100;x=141102.69310071372;y=80.0;z=26451.489294210944;
center	T263	dimensionId=100;x=164113.35977337108;y=80.0;z=26481.291784702553;
center	T264	dimensionId=100;x=-9600.0;y=80.0;z=26496.0;
center	T265	dimensionId=100;x=80825.19148936166;y=80.0;z=27056.236566895066;
center	T266	dimensionId=100;x=53093.039492930286;y=80.0;z=27535.456525272224;
center	T267	dimensionId=100;x=34503.02726602802;y=80.0;z=27571.926308032445;
center	T268	dimensionId=100;x=20786.455191203655;y=80.0;z=27834.13992410236;
center	T269	dimensionId=100;x=233398.31300917588;y=80.0;z=27956.900666037793;
center	T270	dimensionId=100;x=69983.51919866443;y=80.0;z=28246.074123539234;
center	T272	dimensionId=100;x=48662.17322834645;y=80.0;z=30123.170603674545;
center	T273	dimensionId=100;x=131122.4267352185;y=80.0;z=30724.93573264782;
center	T274	dimensionId=100;x=-8838.549222797912;y=80.0;z=30773.637305699478;
center	T275	dimensionId=100;x=123512.4705882353;y=80.0;z=31581.86666666667;
center	T276	dimensionId=100;x=196609.3627827007;y=80.0;z=31680.846448882425;
center	T277	dimensionId=100;x=119317.86893617024;y=80.0;z=31746.042553191495;
center	T278	dimensionId=100;x=152752.9482220836;y=80.0;z=31856.509045539613;
center	T279	dimensionId=100;x=30836.35320484088;y=80.0;z=32584.462572837292;
center	T280	dimensionId=100;x=176918.1109123435;y=80.0;z=32606.840787119843;
center	T281	dimensionId=100;x=67346.45958795561;y=80.0;z=32815.87321711569;
center	T282	dimensionId=100;x=141421.45397815912;y=80.0;z=32973.40405616225;
center	T283	dimensionId=100;x=45661.871357888944;y=80.0;z=33732.6794942276;
center	T284	dimensionId=100;x=10591.807099799073;y=80.0;z=34161.46818486269;
center	T285	dimensionId=100;x=78606.03714466203;y=80.0;z=34904.184965255845;
center	T286	dimensionId=100;x=60071.38872651357;y=80.0;z=35013.07724425888;
center	T287	dimensionId=100;x=50840.54355981658;y=80.0;z=35226.51771571489;
center	T288	dimensionId=100;x=103333.45169415008;y=80.0;z=35265.80962790476;
center	T289	dimensionId=100;x=286.9850057670119;y=80.0;z=35319.23414071511;
center	T290	dimensionId=100;x=145577.86184909672;y=80.0;z=36258.27842720511;
center	T292	dimensionId=100;x=133740.47119875453;y=80.0;z=36793.85573430202;
center	T296	dimensionId=100;x=128572.76325433666;y=80.0;z=36975.050085511844;
center	T297	dimensionId=100;x=69985.5941676792;y=80.0;z=37356.792223572294;
center	T298	dimensionId=100;x=90071.49908814591;y=80.0;z=37973.32036474164;
center	T299	dimensionId=100;x=31995.13463587922;y=80.0;z=38200.656483126106;
center	T300	dimensionId=100;x=45350.17912900576;y=80.0;z=38477.304847986845;
center	T301	dimensionId=100;x=38702.07999999999;y=80.0;z=38541.65333333332;
center	T302	dimensionId=100;x=152165.53424657535;y=80.0;z=38669.123287671246;
center	T303	dimensionId=100;x=188054.88810620428;y=80.0;z=39525.245191005146;
center	T304	dimensionId=100;x=263374.53807695094;y=80.0;z=39966.20766611115;
center	T305	dimensionId=100;x=45302.595918367355;y=80.0;z=40561.37142857144;
center	T306	dimensionId=100;x=25061.48373101953;y=80.0;z=40793.12798264643;
center	T307	dimensionId=100;x=55982.37329286797;y=80.0;z=41028.17602427921;
center	T308	dimensionId=100;x=166400.51180188317;y=80.0;z=41264.48084612409;
center	T309	dimensionId=100;x=43135.07581227436;y=80.0;z=41336.144404332124;
center	T310	dimensionId=100;x=37208.21621621621;y=80.0;z=41615.567567567574;
center	T311	dimensionId=100;x=40427.87223587223;y=80.0;z=42041.23832923832;
center	T312	dimensionId=100;x=138607.92426633008;y=80.0;z=42128.92395077311;
center	T313	dimensionId=100;x=15443.661161777985;y=80.0;z=42257.08980363159;
center	T314	dimensionId=100;x=72746.0025940337;y=80.0;z=42320.56031128403;
center	T315	dimensionId=100;x=37018.98795180724;y=80.0;z=42836.04819277109;
center	T316	dimensionId=100;x=180078.45925925928;y=80.0;z=42922.82469135802;
center	T317	dimensionId=100;x=234046.67990832694;y=80.0;z=43544.039564151026;
center	T318	dimensionId=100;x=207555.87636363634;y=80.0;z=44000.530909090914;
center	T319	dimensionId=100;x=118477.39842283141;y=80.0;z=44192.43259481789;
center	T320	dimensionId=100;x=31616.111498257844;y=80.0;z=44985.19860627179;
center	T321	dimensionId=100;x=37143.272727272735;y=80.0;z=45164.60606060605;
center	T322	dimensionId=100;x=127112.22018348624;y=80.0;z=45500.06783430636;
center	T323	dimensionId=100;x=41133.93333333332;y=80.0;z=45691.0;
center	T324	dimensionId=100;x=52561.86283891546;y=80.0;z=45692.7336523126;
center	T325	dimensionId=100;x=46611.39880765611;y=80.0;z=45815.686225290236;
center	T326	dimensionId=100;x=84963.99944266406;y=80.0;z=47072.30764943571;
center	T328	dimensionId=100;x=62011.819970692915;y=80.0;z=47513.87063010258;
center	T329	dimensionId=100;x=134372.7223008015;y=80.0;z=47596.92975011788;
center	T330	dimensionId=100;x=7732.646575342471;y=80.0;z=48194.14794520548;
center	T331	dimensionId=100;x=143104.10799865003;y=80.0;z=48389.87512656092;
center	T332	dimensionId=100;x=68657.45454545456;y=80.0;z=48674.90909090909;
center	T333	dimensionId=100;x=28701.744384198304;y=80.0;z=48758.2835011619;
center	T334	dimensionId=100;x=101411.5756062193;y=80.0;z=49065.742044630635;
center	T335	dimensionId=100;x=40937.739130434784;y=80.0;z=49215.07246376813;
center	T336	dimensionId=100;x=72010.92682926831;y=80.0;z=49770.146341463405;
center	T337	dimensionId=100;x=35458.68424206111;y=80.0;z=50235.28340323546;
center	T338	dimensionId=100;x=130154.22306238185;y=80.0;z=50316.58223062381;
center	T339	dimensionId=100;x=69079.79487179487;y=80.0;z=50477.12820512822;
center	T340	dimensionId=100;x=77028.18519770194;y=80.0;z=50503.33220682663;
center	T342	dimensionId=100;x=49024.53222453222;y=80.0;z=51044.85654885654;
center	T343	dimensionId=100;x=67076.41379310342;y=80.0;z=51191.1724137931;
center	T344	dimensionId=100;x=196494.78028306493;y=80.0;z=51525.97833089312;
center	T345	dimensionId=100;x=27740.866333095066;y=80.0;z=53294.867762687645;
center	T346	dimensionId=100;x=86136.1732484076;y=80.0;z=53567.42929936305;
center	T347	dimensionId=100;x=46941.09090909091;y=80.0;z=54000.48484848486;
center	T348	dimensionId=100;x=49824.98159509202;y=80.0;z=54089.81595092025;
center	T349	dimensionId=100;x=157166.96316836457;y=80.0;z=54605.753692205675;
center	T350	dimensionId=100;x=176922.89413496933;y=80.0;z=54720.31096932516;
center	T351	dimensionId=100;x=74322.68789275241;y=80.0;z=55163.06661080854;
center	T352	dimensionId=100;x=81378.75862068965;y=80.0;z=55323.03448275861;
center	T353	dimensionId=100;x=68319.69348659003;y=80.0;z=56293.39463601532;
center	T354	dimensionId=100;x=55787.55878787878;y=80.0;z=56794.64727272728;
center	T355	dimensionId=100;x=135307.16602711694;y=80.0;z=57594.85904323356;
center	T356	dimensionId=100;x=84748.04181184669;y=80.0;z=57822.104529616714;
center	T357	dimensionId=100;x=90195.27710843374;y=80.0;z=58161.697629226575;
center	T358	dimensionId=100;x=78887.5490605428;y=80.0;z=58536.21711899791;
center	T359	dimensionId=100;x=61848.12926391381;y=80.0;z=59104.17235188509;
center	T360	dimensionId=100;x=11636.706523590532;y=80.0;z=59205.06898313746;
center	T361	dimensionId=100;x=144738.46153846153;y=80.0;z=59219.08242459968;
center	T362	dimensionId=100;x=202469.31448763248;y=80.0;z=59226.68551236749;
center	T363	dimensionId=100;x=111656.0600901352;y=80.0;z=59386.93640460691;
center	T364	dimensionId=100;x=122340.45891226677;y=80.0;z=59638.87045123725;
center	T365	dimensionId=100;x=66817.56097560975;y=80.0;z=60108.09756097561;
center	T366	dimensionId=100;x=64092.52173913043;y=80.0;z=60626.08695652173;
center	T367	dimensionId=100;x=69336.92138939671;y=80.0;z=60901.089579524676;
center	T368	dimensionId=100;x=71730.09694793538;y=80.0;z=61119.19569120288;
center	T369	dimensionId=100;x=92558.49056603774;y=80.0;z=61206.60528301887;
center	T370	dimensionId=100;x=79049.91549295775;y=80.0;z=61250.70422535212;
center	T371	dimensionId=100;x=73826.081300813;y=80.0;z=61420.22764227641;
center	T372	dimensionId=100;x=50170.4347826087;y=80.0;z=61651.47826086957;
center	T373	dimensionId=100;x=216515.3833431778;y=80.0;z=61689.21441228589;
center	T374	dimensionId=100;x=89472.0;y=80.0;z=61824.0;
center	T375	dimensionId=100;x=81467.79027645374;y=80.0;z=61953.95233555767;
center	T376	dimensionId=100;x=75923.69230769231;y=80.0;z=62284.737484737474;
center	T377	dimensionId=100;x=46168.911827956996;y=80.0;z=62853.41362007169;
center	T378	dimensionId=100;x=99367.3088220399;y=80.0;z=63168.21391674262;
center	T379	dimensionId=100;x=78289.05903398927;y=80.0;z=63446.55456171735;
center	T380	dimensionId=100;x=107392.0;y=80.0;z=64384.0;
center	T381	dimensionId=100;x=83855.01675977654;y=80.0;z=64838.07821229051;
center	T382	dimensionId=100;x=129966.31411530814;y=80.0;z=65105.68588469186;
center	T383	dimensionId=100;x=53367.28510638297;y=80.0;z=65332.398297872336;
center	T384	dimensionId=100;x=79177.14285714287;y=80.0;z=65674.66666666666;
center	T385	dimensionId=100;x=58700.60500544071;y=80.0;z=65791.11788175552;
center	T386	dimensionId=100;x=80325.39759036145;y=80.0;z=65855.22891566265;
center	T387	dimensionId=100;x=119565.98498748959;y=80.0;z=66276.90542118432;
center	T388	dimensionId=100;x=77604.46511627908;y=80.0;z=66468.46511627908;
center	T389	dimensionId=100;x=74987.10204081633;y=80.0;z=67061.55102040817;
center	T390	dimensionId=100;x=31413.324654190394;y=80.0;z=67589.65471689083;
center	T391	dimensionId=100;x=88597.86807387864;y=80.0;z=67638.12137203166;
center	T392	dimensionId=100;x=48704.78104809762;y=80.0;z=67786.88872936109;
center	T393	dimensionId=100;x=275392.26367409684;y=80.0;z=67890.23385088393;
center	T394	dimensionId=100;x=188934.85819861433;y=80.0;z=67944.31556581985;
center	T395	dimensionId=100;x=133901.22479649342;y=80.0;z=67962.10895428929;
center	T396	dimensionId=100;x=172320.53522981692;y=80.0;z=68776.54260503096;
center	T397	dimensionId=100;x=17655.79209039548;y=80.0;z=68897.57288135594;
center	T398	dimensionId=100;x=77621.16923076924;y=80.0;z=69001.00219780221;
center	T399	dimensionId=100;x=105263.02629601804;y=80.0;z=69044.7483095417;
center	T400	dimensionId=100;x=138840.47867768595;y=80.0;z=69655.48429752066;
center	T401	dimensionId=100;x=240639.33160359657;y=80.0;z=69868.39718672997;
center	T402	dimensionId=100;x=81470.35051546391;y=80.0;z=70061.63573883165;
center	T403	dimensionId=100;x=125389.19368246052;y=80.0;z=70941.84538653368;
center	T404	dimensionId=100;x=56487.0;y=80.0;z=70994.88235294117;
center	T405	dimensionId=100;x=227840.0;y=80.0;z=71168.0;
center	T406	dimensionId=100;x=155198.73166864843;y=80.0;z=72195.3991280222;
center	T407	dimensionId=100;x=113028.25366934371;y=80.0;z=72914.45029077819;
center	T408	dimensionId=100;x=75366.3396226415;y=80.0;z=72939.60107816712;
center	T409	dimensionId=100;x=144203.1334044824;y=80.0;z=73170.05478477411;
center	T410	dimensionId=100;x=50465.472502805846;y=80.0;z=73307.22334455667;
center	T411	dimensionId=100;x=61516.48178311187;y=80.0;z=73704.73724817831;
center	T412	dimensionId=100;x=70773.23606889564;y=80.0;z=74644.01485984464;
center	T413	dimensionId=100;x=65171.78596908442;y=80.0;z=75704.21244550138;
center	T414	dimensionId=100;x=125753.53393806695;y=80.0;z=76522.45980606819;
center	T415	dimensionId=100;x=81022.96727924698;y=80.0;z=76893.57597489914;
center	T416	dimensionId=100;x=52541.30296127562;y=80.0;z=77140.84738041004;
center	T417	dimensionId=100;x=100906.51224944324;y=80.0;z=77285.73719376393;
center	T418	dimensionId=100;x=55003.56020942409;y=80.0;z=77742.74345549737;
center	T419	dimensionId=100;x=3823.605249343833;y=80.0;z=78409.37322834646;
center	T420	dimensionId=100;x=140777.76350364962;y=80.0;z=79186.70481751824;
center	T421	dimensionId=100;x=73289.21121495328;y=80.0;z=79354.01869158878;
center	T422	dimensionId=100;x=48158.15732028603;y=80.0;z=79994.79713963118;
center	T423	dimensionId=100;x=93781.65537555228;y=80.0;z=75467.49926362297;
center	T425	dimensionId=100;x=76559.90411506192;y=80.0;z=81716.05912904514;
center	T426	dimensionId=100;x=270152.4418888308;y=80.0;z=81802.98449207179;
center	T427	dimensionId=100;x=124184.3587878788;y=80.0;z=82016.11636363636;
center	T428	dimensionId=100;x=170103.12114171922;y=80.0;z=82087.34736143379;
center	T429	dimensionId=100;x=187762.3326946525;y=80.0;z=83049.66707309993;
center	T430	dimensionId=100;x=102648.41550841258;y=80.0;z=83186.54767129969;
center	T431	dimensionId=100;x=63634.573155985476;y=80.0;z=83585.39298669892;
center	T432	dimensionId=100;x=205627.64608839108;y=80.0;z=83759.5790570461;
center	T433	dimensionId=100;x=113482.75360501566;y=80.0;z=84783.6288401254;
center	T434	dimensionId=100;x=54929.16840536514;y=80.0;z=87354.75409836066;
center	T435	dimensionId=100;x=78914.68217054263;y=80.0;z=88113.24031007753;
center	T436	dimensionId=100;x=137222.90046328795;y=80.0;z=88942.35350273762;
center	T437	dimensionId=100;x=153851.86791855682;y=80.0;z=90076.62749235152;
center	T438	dimensionId=100;x=269936.03033175354;y=80.0;z=90809.53933649289;
center	T439	dimensionId=100;x=124270.6591832785;y=80.0;z=90863.45190632861;
center	T440	dimensionId=100;x=252979.4439151148;y=80.0;z=91084.95521870936;
center	T441	dimensionId=100;x=66796.1861190538;y=80.0;z=95216.26202235508;
center	T442	dimensionId=100;x=220312.43574051408;y=80.0;z=95544.18115055081;
center	T443	dimensionId=100;x=98739.16409537167;y=80.0;z=96343.42776998598;
center	T444	dimensionId=100;x=85365.68477993607;y=80.0;z=97102.7056798623;
center	T445	dimensionId=100;x=118291.53124161973;y=80.0;z=98282.78680611425;
center	T446	dimensionId=100;x=180969.31144883484;y=80.0;z=98374.6269503546;
center	T447	dimensionId=100;x=145578.88158256246;y=80.0;z=99057.34664346551;
center	T448	dimensionId=100;x=105714.1606254442;y=80.0;z=100606.61265103056;
center	T449	dimensionId=100;x=258532.14404604497;y=80.0;z=101270.7287858754;
center	T450	dimensionId=100;x=94534.29508196723;y=80.0;z=102272.37029893926;
center	T451	dimensionId=100;x=242263.11946461623;y=80.0;z=102235.93108358252;
center	T452	dimensionId=100;x=63744.0;y=80.0;z=104960.0;
center	T453	dimensionId=100;x=224768.0;y=80.0;z=105856.0;
center	T454	dimensionId=100;x=95801.17894736846;y=80.0;z=106816.92631578946;
center	T455	dimensionId=100;x=89594.96629213484;y=80.0;z=107773.52808988764;
center	T457	dimensionId=100;x=56507.72435560232;y=80.0;z=108962.47448711205;
center	T460	dimensionId=100;x=69276.61618078317;y=80.0;z=110708.76108331897;
center	T461	dimensionId=100;x=272013.9542630896;y=80.0;z=111045.16840739985;
center	T462	dimensionId=100;x=79239.17340521113;y=80.0;z=111300.75831087152;
center	T463	dimensionId=100;x=102542.25716625716;y=80.0;z=112115.36773136773;
center	T464	dimensionId=100;x=60800.889060389745;y=80.0;z=112385.43237507236;
center	T465	dimensionId=100;x=255397.38033898303;y=80.0;z=112498.29966101694;
center	T466	dimensionId=100;x=91461.41777496305;y=80.0;z=113409.48617268313;
center	T467	dimensionId=100;x=45861.09937789122;y=80.0;z=117453.79231137343;
center	T468	dimensionId=100;x=188911.59685144312;y=80.0;z=118807.02411394779;
center	T469	dimensionId=100;x=65640.83151487305;y=80.0;z=120641.19811645802;
center	T470	dimensionId=100;x=52708.74917022284;y=80.0;z=120804.14224751067;
center	T471	dimensionId=100;x=214113.7355649987;y=80.0;z=124738.4632035383;
center	T472	dimensionId=100;x=48632.89619732785;y=80.0;z=125052.7112024666;
center	T473	dimensionId=100;x=39316.30043451273;y=80.0;z=128482.36374922405;
center	T474	dimensionId=100;x=64475.45788399884;y=80.0;z=129137.00262314195;
center	T475	dimensionId=100;x=51134.761028245004;y=80.0;z=129735.10885433195;
center	T476	dimensionId=100;x=241183.63447559706;y=80.0;z=130243.16379734382;
center	T477	dimensionId=100;x=43041.556686342345;y=80.0;z=135941.6014654997;
center	T478	dimensionId=100;x=34755.62400906003;y=80.0;z=137279.39599848998;
center	T479	dimensionId=100;x=57479.62490392005;y=80.0;z=138412.3228285934;
center	T480	dimensionId=100;x=110404.18588640276;y=80.0;z=138625.10154905336;
center	T481	dimensionId=100;x=106007.54943679602;y=80.0;z=138899.8648310388;
center	T482	dimensionId=100;x=98807.16707021793;y=80.0;z=141494.62469733655;
center	T483	dimensionId=100;x=25632.519643792562;y=80.0;z=141907.8135149293;
center	T484	dimensionId=100;x=102579.09736540663;y=80.0;z=143148.7926689576;
center	T485	dimensionId=100;x=41294.76923076922;y=80.0;z=143737.99294283698;
center	T486	dimensionId=100;x=109767.93753404758;y=80.0;z=147010.70782640277;
center	T487	dimensionId=100;x=18750.337662337668;y=80.0;z=149282.0779220779;
center	T488	dimensionId=100;x=11938.998384491118;y=80.0;z=149288.37479806138;
center	T489	dimensionId=100;x=98376.21953896817;y=80.0;z=149969.98463227222;
center	T490	dimensionId=100;x=162750.25310173695;y=80.0;z=150340.49202410493;
center	T491	dimensionId=100;x=36500.99490084985;y=80.0;z=151145.7480642115;
center	T492	dimensionId=100;x=104113.96323215048;y=80.0;z=151880.94741342455;
center	T493	dimensionId=100;x=120382.76856680453;y=80.0;z=158823.3253012048;
center	T494	dimensionId=100;x=-960.0;y=80.0;z=158976.0;
center	T495	dimensionId=100;x=-1990.6285714285768;y=80.0;z=159019.42857142858;
center	T496	dimensionId=100;x=19817.633174675604;y=80.0;z=159257.8637282389;
center	T497	dimensionId=100;x=112045.17255717254;y=80.0;z=161157.25571725573;
center	T498	dimensionId=100;x=33306.73024282561;y=80.0;z=161592.99249448124;
center	T500	dimensionId=100;x=54678.88466882816;y=80.0;z=164429.72487262622;
center	T501	dimensionId=100;x=213607.3987632647;y=80.0;z=164650.9734426193;
center	T502	dimensionId=100;x=112215.01947308134;y=80.0;z=165325.48911798396;
center	T503	dimensionId=100;x=45853.32392612574;y=80.0;z=150927.37912429965;
center	T504	dimensionId=100;x=126080.0;y=80.0;z=166144.0;
center	T505	dimensionId=100;x=125824.0;y=80.0;z=166400.0;
center	T506	dimensionId=100;x=135387.8884316415;y=80.0;z=167411.4165523548;
center	T507	dimensionId=100;x=23363.948895711597;y=80.0;z=172924.13984351786;
center	T508	dimensionId=100;x=157049.22908548213;y=80.0;z=173869.81510654173;
center	T509	dimensionId=100;x=116199.74360482211;y=80.0;z=173956.0270508674;
center	T510	dimensionId=100;x=67059.96849749412;y=80.0;z=174270.69735092565;
center	T511	dimensionId=100;x=42234.50839955738;y=80.0;z=174531.67608892464;
center	T512	dimensionId=100;x=57992.80150177292;y=80.0;z=175419.13648056734;
center	T513	dimensionId=100;x=-3683.56628930819;y=80.0;z=178341.50373165618;
center	T514	dimensionId=100;x=84559.67715899917;y=80.0;z=183262.78611783695;
center	T515	dimensionId=100;x=122873.83449979415;y=80.0;z=184408.58295594895;
center	T516	dimensionId=100;x=107491.88031496064;y=80.0;z=185355.65774278215;
center	T517	dimensionId=100;x=8736.70202447848;y=80.0;z=185575.6631514125;
center	T518	dimensionId=100;x=82362.02143950996;y=80.0;z=186976.58805513015;
center	T519	dimensionId=100;x=32695.891418374522;y=80.0;z=187151.54577407666;
center	T523	dimensionId=100;x=54724.8459530026;y=80.0;z=190387.25751411746;
center	T524	dimensionId=100;x=124828.32190872941;y=80.0;z=192157.6186328347;
center	T525	dimensionId=100;x=17623.30152445061;y=80.0;z=192896.53217184718;
center	T533	dimensionId=100;x=66653.89738973897;y=80.0;z=195507.499549955;
center	T534	dimensionId=100;x=77658.70007516912;y=80.0;z=195901.96341768978;
center	T535	dimensionId=100;x=100338.75796650362;y=80.0;z=197590.62971197075;
center	T536	dimensionId=100;x=41546.318401619385;y=80.0;z=203277.3436293436;
center	T537	dimensionId=100;x=127401.1112952223;y=80.0;z=204028.3034678661;
center	T538	dimensionId=100;x=19722.8001035286;y=80.0;z=204569.82969545334;
center	T539	dimensionId=100;x=150047.5207048458;y=80.0;z=205739.92599118943;
center	T540	dimensionId=100;x=69396.29355742299;y=80.0;z=208423.34655462182;
center	T541	dimensionId=100;x=92304.32184448888;y=80.0;z=209015.71862133866;
center	T542	dimensionId=100;x=7218.823529411762;y=80.0;z=210948.23529411765;
center	T543	dimensionId=100;x=-570.3540500736417;y=80.0;z=211862.48954344622;
center	T544	dimensionId=100;x=109252.694509222;y=80.0;z=212080.64108543564;
center	T547	dimensionId=100;x=27704.600207030016;y=80.0;z=215589.35325622215;
center	T548	dimensionId=100;x=124889.36369761487;y=80.0;z=216556.19889502763;
center	T549	dimensionId=100;x=141261.0448208319;y=80.0;z=220705.3678995276;
center	T550	dimensionId=100;x=85474.19785024595;y=80.0;z=221077.5121151394;
center	T551	dimensionId=100;x=130472.300990099;y=80.0;z=224032.87445544556;
center	T552	dimensionId=100;x=58078.13154656091;y=80.0;z=225741.36797483935;
center	T553	dimensionId=100;x=41358.1112356644;y=80.0;z=225893.27860653616;
center	T554	dimensionId=100;x=113423.99283475147;y=80.0;z=228072.36041200178;
center	T555	dimensionId=100;x=15488.0;y=80.0;z=229504.0;
center	T556	dimensionId=100;x=82251.4279781988;y=80.0;z=231146.52270957694;
center	T557	dimensionId=100;x=103806.67752309272;y=80.0;z=231821.39993157715;
center	T558	dimensionId=100;x=11333.716996047428;y=80.0;z=232765.55467720685;
center	T559	dimensionId=100;x=111744.0;y=80.0;z=236032.0;
center	T560	dimensionId=100;x=19493.31281444215;y=80.0;z=236050.94051494525;
center	T561	dimensionId=100;x=119640.38138869006;y=80.0;z=236311.9141016464;
center	T562	dimensionId=100;x=26530.461538461546;y=80.0;z=237988.10256410256;
center	T563	dimensionId=100;x=37251.8541436464;y=80.0;z=240069.86961325968;
center	T564	dimensionId=100;x=137077.8240285842;y=80.0;z=240823.79633765074;
center	T565	dimensionId=100;x=95295.87129210657;y=80.0;z=241542.14580191055;
center	T566	dimensionId=100;x=80972.72511535927;y=80.0;z=242315.73895847064;
center	T567	dimensionId=100;x=140190.55639097744;y=80.0;z=243473.7109440267;
center	T568	dimensionId=100;x=54741.856917358324;y=80.0;z=244006.7148021793;
center	T569	dimensionId=100;x=126004.13366106423;y=80.0;z=244373.02012887795;
center	T570	dimensionId=100;x=139776.0;y=80.0;z=247552.0;
center	T572	dimensionId=100;x=136832.0;y=80.0;z=248704.0;
center	T573	dimensionId=100;x=131283.97518772446;y=80.0;z=250076.50016323867;
center	T574	dimensionId=100;x=31212.10341525695;y=80.0;z=250584.04340887326;
center	T575	dimensionId=100;x=112713.4434508154;y=80.0;z=250670.5355076276;
center	T576	dimensionId=100;x=101059.32683560753;y=80.0;z=251222.33138401562;
center	T577	dimensionId=100;x=40522.40674789128;y=80.0;z=251292.73102155578;
center	T578	dimensionId=100;x=36265.07345096429;y=80.0;z=256401.01764464506;
center	T579	dimensionId=100;x=59147.424184261035;y=80.0;z=256561.89086920756;
center	T580	dimensionId=100;x=68251.02004757049;y=80.0;z=256634.17193340132;
center	T581	dimensionId=100;x=15554.796412286421;y=80.0;z=258388.86405772413;
center	T582	dimensionId=100;x=80010.8404993065;y=80.0;z=258471.71151178918;
center	T583	dimensionId=100;x=96229.83263278563;y=80.0;z=258590.21719526174;
center	T584	dimensionId=100;x=89611.82074770983;y=80.0;z=262726.0371379054;
center	T585	dimensionId=100;x=51473.25950314276;y=80.0;z=265271.4564501646;
center	T586	dimensionId=100;x=25822.058735262588;y=80.0;z=265944.2829581993;
center	T587	dimensionId=100;x=144522.92939244665;y=80.0;z=268886.3842364532;
center	T588	dimensionId=100;x=91378.83669271905;y=80.0;z=270507.0966680378;
center	T589	dimensionId=100;x=117465.37907200502;y=80.0;z=271784.96090482455;
center	T590	dimensionId=100;x=31615.628716461215;y=80.0;z=272798.80622028845;
center	T591	dimensionId=100;x=71643.4276202861;y=80.0;z=275212.99641092325;
center	T592	dimensionId=100;x=46111.333458434965;y=80.0;z=276699.21411146555;
center	T593	dimensionId=100;x=93986.76371933828;y=80.0;z=281071.4833998859;
center	T594	dimensionId=100;x=11528.70425321463;y=80.0;z=283324.61325420375;
center	T595	dimensionId=100;x=39776.19529206626;y=80.0;z=285374.90264458006;
center	T596	dimensionId=100;x=72855.32982424836;y=80.0;z=289776.1156213757;
center	T597	dimensionId=100;x=88797.10133386421;y=80.0;z=290771.31594664545;
center	T598	dimensionId=100;x=60326.601250236796;y=80.0;z=291633.81549535895;
center	T599	dimensionId=100;x=26903.647513527438;y=80.0;z=294919.3712960577;
center	T600	dimensionId=100;x=115554.52214382225;y=80.0;z=295492.3332832908;
center	T601	dimensionId=100;x=117760.0;y=80.0;z=295680.0;
center	T602	dimensionId=100;x=79126.17525083612;y=80.0;z=296434.19826086954;
center	T603	dimensionId=100;x=39727.35139065626;y=80.0;z=297032.5977095074;
center	T604	dimensionId=100;x=105392.24095112286;y=80.0;z=297193.75358872744;
center	T605	dimensionId=100;x=9169.06105944197;y=80.0;z=297960.3526081682;
center	T606	dimensionId=100;x=46971.63154406892;y=80.0;z=301206.03313452617;
center	T607	dimensionId=100;x=85235.31327433628;y=80.0;z=304680.90233306517;
center	T608	dimensionId=100;x=21328.02928217988;y=80.0;z=304814.8428116315;
center	T609	dimensionId=100;x=72037.39242599637;y=80.0;z=307350.46932363155;
center	T610	dimensionId=100;x=62209.714816288644;y=80.0;z=307598.46557898924;
center	T611	dimensionId=100;x=37805.5174461767;y=80.0;z=308674.54533884826;
center	T612	dimensionId=100;x=50450.85244806626;y=80.0;z=314775.1444793267;
center	T613	dimensionId=100;x=89667.65262414687;y=80.0;z=315882.55871969875;
center	T614	dimensionId=100;x=30135.085081123863;y=80.0;z=318919.0027700831;
center	T615	dimensionId=100;x=5466.261192052974;y=80.0;z=319775.4094481236;
center	T616	dimensionId=100;x=17142.369954883543;y=80.0;z=320101.81782709423;
center	T617	dimensionId=100;x=68809.47262388299;y=80.0;z=320225.74167343625;
center	T618	dimensionId=100;x=103169.89926389614;y=80.0;z=321248.58053671825;
center	T619	dimensionId=100;x=58248.05594405593;y=80.0;z=325359.86906710314;
center	T620	dimensionId=100;x=83356.77261888064;y=80.0;z=326383.00575115724;
center	T621	dimensionId=100;x=35886.827598502394;y=80.0;z=328148.8008557675;
center	T622	dimensionId=100;x=68761.21163490473;y=80.0;z=330146.2788365095;
center	T623	dimensionId=100;x=44944.57572162911;y=80.0;z=330315.9193357058;
center	T624	dimensionId=100;x=18237.163146901832;y=80.0;z=333741.637193471;
center	T625	dimensionId=100;x=54148.818432581524;y=80.0;z=334148.16420574393;
center	T626	dimensionId=100;x=78126.65229540918;y=80.0;z=338598.23393213574;
center	T627	dimensionId=100;x=40552.637168141606;y=80.0;z=338905.2642225032;
center	T628	dimensionId=100;x=52845.67251962883;y=80.0;z=342089.09064953605;
center	T629	dimensionId=100;x=68285.57959542653;y=80.0;z=344475.1423043096;
center	T630	dimensionId=100;x=27714.003488478833;y=80.0;z=345814.2851372441;
center	T631	dimensionId=100;x=10995.46769261123;y=80.0;z=349106.81108809315;
center	T632	dimensionId=100;x=37816.422339800105;y=80.0;z=350397.5543797766;
center	T633	dimensionId=100;x=81538.78260869568;y=80.0;z=351128.9010846389;
center	T634	dimensionId=100;x=319.5516224188759;y=80.0;z=351333.67158308753;
center	T635	dimensionId=100;x=59128.97137860683;y=80.0;z=354851.7773243952;
center	T636	dimensionId=100;x=-1280.0;y=80.0;z=358720.0;
center	T637	dimensionId=100;x=74513.33470648815;y=80.0;z=358763.4356333677;
center	T638	dimensionId=100;x=-1450.666666666686;y=80.0;z=358997.3333333333;
center	T639	dimensionId=100;x=22140.85427817567;y=80.0;z=359780.21922352054;
center	T640	dimensionId=100;x=43232.18175363864;y=80.0;z=360028.4103656372;
center	T641	dimensionId=100;x=93525.33333333337;y=80.0;z=360234.6666666667;
center	T642	dimensionId=100;x=1953.9681093394029;y=80.0;z=360235.26195899775;
center	T643	dimensionId=100;x=94336.0;y=80.0;z=361472.0;
center	T644	dimensionId=100;x=97547.7721966749;y=80.0;z=364365.5833038557;
center	T645	dimensionId=100;x=49142.91496837666;y=80.0;z=365683.69472944486;
center	T646	dimensionId=100;x=32281.185416992637;y=80.0;z=368472.965107182;
center	T647	dimensionId=100;x=15524.340620140865;y=80.0;z=371229.2340620141;
center	T648	dimensionId=100;x=57756.043629027175;y=80.0;z=371644.67915011663;
center	T649	dimensionId=100;x=34940.181931464176;y=80.0;z=382102.71900311526;
center	T650	dimensionId=100;x=19840.0;y=80.0;z=383360.0;
center	T651	dimensionId=100;x=39808.0;y=80.0;z=383488.0;
center	T652	dimensionId=100;x=39680.0;y=80.0;z=383616.0;
center	T653	dimensionId=100;x=40448.0;y=80.0;z=385344.0;
center	T654	dimensionId=100;x=96368.30069238378;y=80.0;z=86510.21167161225;
center	T655	dimensionId=100;x=76765.02405745062;y=80.0;z=169917.74027528428;
riverMarker	T035/T036	dimensionId=100;fromTile=T035;imageX=671;imageY=492;toTile=T036;x=-17792.0;y=80.0;z=-30464.0;
riverMarker	T036/T050	dimensionId=100;fromTile=T036;imageX=685;imageY=513;toTile=T050;x=-16000.0;y=80.0;z=-27776.0;
riverMarker	T041/T042	dimensionId=100;fromTile=T041;imageX=578;imageY=515;toTile=T042;x=-29696.0;y=80.0;z=-27520.0;
riverMarker	T041/T076	dimensionId=100;fromTile=T041;imageX=568;imageY=544;toTile=T076;x=-30976.0;y=80.0;z=-23808.0;
riverMarker	T042/T070	dimensionId=100;fromTile=T042;imageX=609;imageY=565;toTile=T070;x=-25728.0;y=80.0;z=-21120.0;
riverMarker	T043/T050	dimensionId=100;fromTile=T043;imageX=716;imageY=534;toTile=T050;x=-12032.0;y=80.0;z=-25088.0;
riverMarker	T049/T060	dimensionId=100;fromTile=T049;imageX=2341;imageY=506;toTile=T060;x=195968.0;y=80.0;z=-28672.0;
riverMarker	T049/T114	dimensionId=100;fromTile=T049;imageX=2332;imageY=592;toTile=T114;x=194816.0;y=80.0;z=-17664.0;
riverMarker	T050/T067	dimensionId=100;fromTile=T050;imageX=719;imageY=564;toTile=T067;x=-11648.0;y=80.0;z=-21248.0;
riverMarker	T050/T101	dimensionId=100;fromTile=T050;imageX=673;imageY=580;toTile=T101;x=-17536.0;y=80.0;z=-19200.0;
riverMarker	T053/T156	dimensionId=100;fromTile=T053;imageX=2397;imageY=620;toTile=T156;x=203136.0;y=80.0;z=-14080.0;
riverMarker	T055/T072	dimensionId=100;fromTile=T055;imageX=1265;imageY=569;toTile=T072;x=58240.0;y=80.0;z=-20608.0;
riverMarker	T060/T083	dimensionId=100;fromTile=T060;imageX=2252;imageY=580;toTile=T083;x=184576.0;y=80.0;z=-19200.0;
riverMarker	T061/T079	dimensionId=100;fromTile=T061;imageX=1235;imageY=588;toTile=T079;x=54400.0;y=80.0;z=-18176.0;
riverMarker	T062/T072	dimensionId=100;fromTile=T062;imageX=1304;imageY=574;toTile=T072;x=63232.0;y=80.0;z=-19968.0;
riverMarker	T062/T087	dimensionId=100;fromTile=T062;imageX=1450;imageY=618;toTile=T087;x=81920.0;y=80.0;z=-14336.0;
riverMarker	T062/T100	dimensionId=100;fromTile=T062;imageX=1438;imageY=631;toTile=T100;x=80384.0;y=80.0;z=-12672.0;
riverMarker	T067/T101	dimensionId=100;fromTile=T067;imageX=718;imageY=620;toTile=T101;x=-11776.0;y=80.0;z=-14080.0;
riverMarker	T067/T112	dimensionId=100;fromTile=T067;imageX=750;imageY=636;toTile=T112;x=-7680.0;y=80.0;z=-12032.0;
riverMarker	T070/T096	dimensionId=100;fromTile=T070;imageX=628;imageY=618;toTile=T096;x=-23296.0;y=80.0;z=-14336.0;
riverMarker	T072/T079	dimensionId=100;fromTile=T072;imageX=1260;imageY=614;toTile=T079;x=57600.0;y=80.0;z=-14848.0;
riverMarker	T074/T088	dimensionId=100;fromTile=T074;imageX=1371;imageY=619;toTile=T088;x=71808.0;y=80.0;z=-14208.0;
riverMarker	T074/T100	dimensionId=100;fromTile=T074;imageX=1421;imageY=629;toTile=T100;x=78208.0;y=80.0;z=-12928.0;
riverMarker	T076/T119	dimensionId=100;fromTile=T076;imageX=558;imageY=624;toTile=T119;x=-32256.0;y=80.0;z=-13568.0;
riverMarker	T079/T104	dimensionId=100;fromTile=T079;imageX=1267;imageY=638;toTile=T104;x=58496.0;y=80.0;z=-11776.0;
riverMarker	T079/T110	dimensionId=100;fromTile=T079;imageX=1252;imageY=635;toTile=T110;x=56576.0;y=80.0;z=-12160.0;
riverMarker	T080/T109	dimensionId=100;fromTile=T080;imageX=831;imageY=648;toTile=T109;x=2688.0;y=80.0;z=-10496.0;
riverMarker	T081/T099	dimensionId=100;fromTile=T081;imageX=1160;imageY=633;toTile=T099;x=44800.0;y=80.0;z=-12416.0;
riverMarker	T083/T107	dimensionId=100;fromTile=T083;imageX=2201;imageY=665;toTile=T107;x=178048.0;y=80.0;z=-8320.0;
riverMarker	T083/T114	dimensionId=100;fromTile=T083;imageX=2278;imageY=648;toTile=T114;x=187904.0;y=80.0;z=-10496.0;
riverMarker	T083/T184	dimensionId=100;fromTile=T083;imageX=2226;imageY=677;toTile=T184;x=181248.0;y=80.0;z=-6784.0;
riverMarker	T089/T096	dimensionId=100;fromTile=T089;imageX=623;imageY=621;toTile=T096;x=-23936.0;y=80.0;z=-13952.0;
riverMarker	T091/T092	dimensionId=100;fromTile=T091;imageX=1465;imageY=627;toTile=T092;x=83840.0;y=80.0;z=-13184.0;
riverMarker	T091/T100	dimensionId=100;fromTile=T091;imageX=1456;imageY=633;toTile=T100;x=82688.0;y=80.0;z=-12416.0;
riverMarker	T092/T100	dimensionId=100;fromTile=T092;imageX=1464;imageY=643;toTile=T100;x=83712.0;y=80.0;z=-11136.0;
riverMarker	T093/T123	dimensionId=100;fromTile=T093;imageX=1109;imageY=671;toTile=T123;x=38272.0;y=80.0;z=-7552.0;
riverMarker	T094/T156	dimensionId=100;fromTile=T094;imageX=2502;imageY=669;toTile=T156;x=216576.0;y=80.0;z=-7808.0;
riverMarker	T094/T191	dimensionId=100;fromTile=T094;imageX=2652;imageY=709;toTile=T191;x=235776.0;y=80.0;z=-2688.0;
riverMarker	T098/T115	dimensionId=100;fromTile=T098;imageX=1631;imageY=649;toTile=T115;x=105088.0;y=80.0;z=-10368.0;
riverMarker	T100/T113	dimensionId=100;fromTile=T100;imageX=1465;imageY=659;toTile=T113;x=83840.0;y=80.0;z=-9088.0;
riverMarker	T100/T120	dimensionId=100;fromTile=T100;imageX=1465;imageY=668;toTile=T120;x=83840.0;y=80.0;z=-7936.0;
riverMarker	T101/T112	dimensionId=100;fromTile=T101;imageX=716;imageY=671;toTile=T112;x=-12032.0;y=80.0;z=-7552.0;
riverMarker	T104/T110	dimensionId=100;fromTile=T104;imageX=1274;imageY=667;toTile=T110;x=59392.0;y=80.0;z=-8064.0;
riverMarker	T105/T191	dimensionId=100;fromTile=T105;imageX=2759;imageY=746;toTile=T191;x=249472.0;y=80.0;z=2048.0;
riverMarker	T105/T227	dimensionId=100;fromTile=T105;imageX=2858;imageY=763;toTile=T227;x=262144.0;y=80.0;z=4224.0;
riverMarker	T107/T184	dimensionId=100;fromTile=T107;imageX=2171;imageY=682;toTile=T184;x=174208.0;y=80.0;z=-6144.0;
riverMarker	T113/T120	dimensionId=100;fromTile=T113;imageX=1469;imageY=677;toTile=T120;x=84352.0;y=80.0;z=-6784.0;
riverMarker	T113/T128	dimensionId=100;fromTile=T113;imageX=1474;imageY=688;toTile=T128;x=84992.0;y=80.0;z=-5376.0;
riverMarker	T116/T126	dimensionId=100;fromTile=T116;imageX=843;imageY=692;toTile=T126;x=4224.0;y=80.0;z=-4864.0;
riverMarker	T116/T139	dimensionId=100;fromTile=T116;imageX=842;imageY=700;toTile=T139;x=4096.0;y=80.0;z=-3840.0;
riverMarker	T116/T140	dimensionId=100;fromTile=T116;imageX=846;imageY=703;toTile=T140;x=4608.0;y=80.0;z=-3456.0;
riverMarker	T116/T145	dimensionId=100;fromTile=T116;imageX=851;imageY=708;toTile=T145;x=5248.0;y=80.0;z=-2816.0;
riverMarker	T117/T193	dimensionId=100;fromTile=T117;imageX=1494;imageY=715;toTile=T193;x=87552.0;y=80.0;z=-1920.0;
riverMarker	T119/T121	dimensionId=100;fromTile=T119;imageX=530;imageY=684;toTile=T121;x=-35840.0;y=80.0;z=-5888.0;
riverMarker	T120/T128	dimensionId=100;fromTile=T120;imageX=1456;imageY=684;toTile=T128;x=82688.0;y=80.0;z=-5888.0;
riverMarker	T121/T161	dimensionId=100;fromTile=T121;imageX=511;imageY=717;toTile=T161;x=-38272.0;y=80.0;z=-1664.0;
riverMarker	T124/T184	dimensionId=100;fromTile=T124;imageX=2132;imageY=703;toTile=T184;x=169216.0;y=80.0;z=-3456.0;
riverMarker	T124/T192	dimensionId=100;fromTile=T124;imageX=2116;imageY=728;toTile=T192;x=167168.0;y=80.0;z=-256.0;
riverMarker	T125/T162	dimensionId=100;fromTile=T125;imageX=1669;imageY=730;toTile=T162;x=109952.0;y=80.0;z=0.0;
riverMarker	T130/T147	dimensionId=100;fromTile=T130;imageX=1165;imageY=717;toTile=T147;x=45440.0;y=80.0;z=-1664.0;
riverMarker	T130/T188	dimensionId=100;fromTile=T130;imageX=1158;imageY=727;toTile=T188;x=44544.0;y=80.0;z=-384.0;
riverMarker	T131/T139	dimensionId=100;fromTile=T131;imageX=822;imageY=712;toTile=T139;x=1536.0;y=80.0;z=-2304.0;
riverMarker	T134/T146	dimensionId=100;fromTile=T134;imageX=808;imageY=719;toTile=T146;x=-256.0;y=80.0;z=-1408.0;
riverMarker	T136/T185	dimensionId=100;fromTile=T136;imageX=1083;imageY=738;toTile=T185;x=34944.0;y=80.0;z=1024.0;
riverMarker	T139/T146	dimensionId=100;fromTile=T139;imageX=823;imageY=719;toTile=T146;x=1664.0;y=80.0;z=-1408.0;
riverMarker	T139/T158	dimensionId=100;fromTile=T139;imageX=824;imageY=727;toTile=T158;x=1792.0;y=80.0;z=-384.0;
riverMarker	T140/T145	dimensionId=100;fromTile=T140;imageX=851;imageY=715;toTile=T145;x=5248.0;y=80.0;z=-1920.0;
riverMarker	T141/T147	dimensionId=100;fromTile=T141;imageX=1170;imageY=718;toTile=T147;x=46080.0;y=80.0;z=-1536.0;
riverMarker	T141/T188	dimensionId=100;fromTile=T141;imageX=1186;imageY=723;toTile=T188;x=48128.0;y=80.0;z=-896.0;
riverMarker	T146/T158	dimensionId=100;fromTile=T146;imageX=820;imageY=726;toTile=T158;x=1280.0;y=80.0;z=-512.0;
riverMarker	T153/T193	dimensionId=100;fromTile=T153;imageX=1543;imageY=750;toTile=T193;x=93824.0;y=80.0;z=2560.0;
riverMarker	T162/T193	dimensionId=100;fromTile=T162;imageX=1601;imageY=762;toTile=T193;x=101248.0;y=80.0;z=4096.0;
riverMarker	T162/T198	dimensionId=100;fromTile=T162;imageX=1665;imageY=758;toTile=T198;x=109440.0;y=80.0;z=3584.0;
riverMarker	T166/T169	dimensionId=100;fromTile=T166;imageX=852;imageY=735;toTile=T169;x=5376.0;y=80.0;z=640.0;
riverMarker	T169/T182	dimensionId=100;fromTile=T169;imageX=841;imageY=743;toTile=T182;x=3968.0;y=80.0;z=1664.0;
riverMarker	T170/T183	dimensionId=100;fromTile=T170;imageX=875;imageY=748;toTile=T183;x=8320.0;y=80.0;z=2304.0;
riverMarker	T172/T192	dimensionId=100;fromTile=T172;imageX=2045;imageY=764;toTile=T192;x=158080.0;y=80.0;z=4352.0;
riverMarker	T174/T207	dimensionId=100;fromTile=T174;imageX=1259;imageY=785;toTile=T207;x=57472.0;y=80.0;z=7040.0;
riverMarker	T177/T183	dimensionId=100;fromTile=T177;imageX=859;imageY=750;toTile=T183;x=6272.0;y=80.0;z=2560.0;
riverMarker	T177/T189	dimensionId=100;fromTile=T177;imageX=856;imageY=751;toTile=T189;x=5888.0;y=80.0;z=2688.0;
riverMarker	T178/T189	dimensionId=100;fromTile=T178;imageX=852;imageY=751;toTile=T189;x=5376.0;y=80.0;z=2688.0;
riverMarker	T182/T189	dimensionId=100;fromTile=T182;imageX=839;imageY=756;toTile=T189;x=3712.0;y=80.0;z=3328.0;
riverMarker	T183/T189	dimensionId=100;fromTile=T183;imageX=862;imageY=752;toTile=T189;x=6656.0;y=80.0;z=2816.0;
riverMarker	T183/T196	dimensionId=100;fromTile=T183;imageX=874;imageY=755;toTile=T196;x=8192.0;y=80.0;z=3200.0;
riverMarker	T184/T210	dimensionId=100;fromTile=T184;imageX=2287;imageY=802;toTile=T210;x=189056.0;y=80.0;z=9216.0;
riverMarker	T184/T219	dimensionId=100;fromTile=T184;imageX=2225;imageY=825;toTile=T219;x=181120.0;y=80.0;z=12160.0;
riverMarker	T184/T224	dimensionId=100;fromTile=T184;imageX=2177;imageY=822;toTile=T224;x=174976.0;y=80.0;z=11776.0;
riverMarker	T185/T188	dimensionId=100;fromTile=T185;imageX=1129;imageY=763;toTile=T188;x=40832.0;y=80.0;z=4224.0;
riverMarker	T185/T200	dimensionId=100;fromTile=T185;imageX=1081;imageY=771;toTile=T200;x=34688.0;y=80.0;z=5248.0;
riverMarker	T185/T208	dimensionId=100;fromTile=T185;imageX=1077;imageY=796;toTile=T208;x=34176.0;y=80.0;z=8448.0;
riverMarker	T185/T217	dimensionId=100;fromTile=T185;imageX=1088;imageY=798;toTile=T217;x=35584.0;y=80.0;z=8704.0;
riverMarker	T186/T196	dimensionId=100;fromTile=T186;imageX=884;imageY=772;toTile=T196;x=9472.0;y=80.0;z=5376.0;
riverMarker	T191/T227	dimensionId=100;fromTile=T191;imageX=2768;imageY=803;toTile=T227;x=250624.0;y=80.0;z=9344.0;
riverMarker	T191/T269	dimensionId=100;fromTile=T191;imageX=2702;imageY=841;toTile=T269;x=242176.0;y=80.0;z=14208.0;
riverMarker	T192/T199	dimensionId=100;fromTile=T192;imageX=1985;imageY=795;toTile=T199;x=150400.0;y=80.0;z=8320.0;
riverMarker	T192/T213	dimensionId=100;fromTile=T192;imageX=1987;imageY=804;toTile=T213;x=150656.0;y=80.0;z=9472.0;
riverMarker	T192/T214	dimensionId=100;fromTile=T192;imageX=2031;imageY=803;toTile=T214;x=156288.0;y=80.0;z=9344.0;
riverMarker	T192/T224	dimensionId=100;fromTile=T192;imageX=2113;imageY=807;toTile=T224;x=166784.0;y=80.0;z=9856.0;
riverMarker	T195/T198	dimensionId=100;fromTile=T195;imageX=1665;imageY=786;toTile=T198;x=109440.0;y=80.0;z=7168.0;
riverMarker	T197/T207	dimensionId=100;fromTile=T197;imageX=1298;imageY=815;toTile=T207;x=62464.0;y=80.0;z=10880.0;
riverMarker	T198/T226	dimensionId=100;fromTile=T198;imageX=1682;imageY=832;toTile=T226;x=111616.0;y=80.0;z=13056.0;
riverMarker	T198/T243	dimensionId=100;fromTile=T198;imageX=1670;imageY=812;toTile=T243;x=110080.0;y=80.0;z=10496.0;
riverMarker	T203/T205	dimensionId=100;fromTile=T203;imageX=873;imageY=812;toTile=T205;x=8064.0;y=80.0;z=10496.0;
riverMarker	T205/T228	dimensionId=100;fromTile=T205;imageX=838;imageY=835;toTile=T228;x=3584.0;y=80.0;z=13440.0;
riverMarker	T207/T250	dimensionId=100;fromTile=T207;imageX=1287;imageY=850;toTile=T250;x=61056.0;y=80.0;z=15360.0;
riverMarker	T208/T240	dimensionId=100;fromTile=T208;imageX=1001;imageY=855;toTile=T240;x=24448.0;y=80.0;z=16000.0;
riverMarker	T209/T226	dimensionId=100;fromTile=T209;imageX=1728;imageY=831;toTile=T226;x=117504.0;y=80.0;z=12928.0;
riverMarker	T215/T225	dimensionId=100;fromTile=T215;imageX=1891;imageY=832;toTile=T225;x=138368.0;y=80.0;z=13056.0;
riverMarker	T216/T226	dimensionId=100;fromTile=T216;imageX=1782;imageY=842;toTile=T226;x=124416.0;y=80.0;z=14336.0;
riverMarker	T217/T252	dimensionId=100;fromTile=T217;imageX=1078;imageY=888;toTile=T252;x=34304.0;y=80.0;z=20224.0;
riverMarker	T218/T239	dimensionId=100;fromTile=T218;imageX=1117;imageY=873;toTile=T239;x=39296.0;y=80.0;z=18304.0;
riverMarker	T222/T260	dimensionId=100;fromTile=T222;imageX=2456;imageY=930;toTile=T260;x=210688.0;y=80.0;z=25600.0;
riverMarker	T222/T269	dimensionId=100;fromTile=T222;imageX=2569;imageY=898;toTile=T269;x=225152.0;y=80.0;z=21504.0;
riverMarker	T227/T304	dimensionId=100;fromTile=T227;imageX=2863;imageY=915;toTile=T304;x=262784.0;y=80.0;z=23680.0;
riverMarker	T228/T230	dimensionId=100;fromTile=T228;imageX=805;imageY=862;toTile=T230;x=-640.0;y=80.0;z=16896.0;
riverMarker	T228/T268	dimensionId=100;fromTile=T228;imageX=943;imageY=907;toTile=T268;x=17024.0;y=80.0;z=22656.0;
riverMarker	T229/T240	dimensionId=100;fromTile=T229;imageX=994;imageY=867;toTile=T240;x=23552.0;y=80.0;z=17536.0;
riverMarker	T230/T256	dimensionId=100;fromTile=T230;imageX=775;imageY=887;toTile=T256;x=-4480.0;y=80.0;z=20096.0;
riverMarker	T231/T247	dimensionId=100;fromTile=T231;imageX=1199;imageY=889;toTile=T247;x=49792.0;y=80.0;z=20352.0;
riverMarker	T231/T253	dimensionId=100;fromTile=T231;imageX=1216;imageY=902;toTile=T253;x=51968.0;y=80.0;z=22016.0;
riverMarker	T236/T303	dimensionId=100;fromTile=T236;imageX=2298;imageY=925;toTile=T303;x=190464.0;y=80.0;z=24960.0;
riverMarker	T237/T250	dimensionId=100;fromTile=T237;imageX=1264;imageY=886;toTile=T250;x=58112.0;y=80.0;z=19968.0;
riverMarker	T237/T253	dimensionId=100;fromTile=T237;imageX=1244;imageY=911;toTile=T253;x=55552.0;y=80.0;z=23168.0;
riverMarker	T239/T252	dimensionId=100;fromTile=T239;imageX=1117;imageY=885;toTile=T252;x=39296.0;y=80.0;z=19840.0;
riverMarker	T247/T253	dimensionId=100;fromTile=T247;imageX=1195;imageY=897;toTile=T253;x=49280.0;y=80.0;z=21376.0;
riverMarker	T247/T266	dimensionId=100;fromTile=T247;imageX=1180;imageY=898;toTile=T266;x=47360.0;y=80.0;z=21504.0;
riverMarker	T249/T276	dimensionId=100;fromTile=T249;imageX=2350;imageY=909;toTile=T276;x=197120.0;y=80.0;z=22912.0;
riverMarker	T249/T303	dimensionId=100;fromTile=T249;imageX=2321;imageY=926;toTile=T303;x=193408.0;y=80.0;z=25088.0;
riverMarker	T250/T253	dimensionId=100;fromTile=T250;imageX=1256;imageY=917;toTile=T253;x=57088.0;y=80.0;z=23936.0;
riverMarker	T250/T266	dimensionId=100;fromTile=T250;imageX=1286;imageY=948;toTile=T266;x=60928.0;y=80.0;z=27904.0;
riverMarker	T254/T303	dimensionId=100;fromTile=T254;imageX=2262;imageY=962;toTile=T303;x=185856.0;y=80.0;z=29696.0;
riverMarker	T256/T268	dimensionId=100;fromTile=T256;imageX=913;imageY=942;toTile=T268;x=13184.0;y=80.0;z=27136.0;
riverMarker	T259/T302	dimensionId=100;fromTile=T259;imageX=2051;imageY=988;toTile=T302;x=158848.0;y=80.0;z=33024.0;
riverMarker	T261/T262	dimensionId=100;fromTile=T261;imageX=1947;imageY=940;toTile=T262;x=145536.0;y=80.0;z=26880.0;
riverMarker	T261/T278	dimensionId=100;fromTile=T261;imageX=1993;imageY=947;toTile=T278;x=151424.0;y=80.0;z=27776.0;
riverMarker	T261/T282	dimensionId=100;fromTile=T261;imageX=1963;imageY=959;toTile=T282;x=147584.0;y=80.0;z=29312.0;
riverMarker	T263/T308	dimensionId=100;fromTile=T263;imageX=2096;imageY=996;toTile=T308;x=164608.0;y=80.0;z=34048.0;
riverMarker	T266/T270	dimensionId=100;fromTile=T266;imageX=1316;imageY=967;toTile=T270;x=64768.0;y=80.0;z=30336.0;
riverMarker	T266/T281	dimensionId=100;fromTile=T266;imageX=1311;imageY=980;toTile=T281;x=64128.0;y=80.0;z=32000.0;
riverMarker	T266/T286	dimensionId=100;fromTile=T266;imageX=1264;imageY=974;toTile=T286;x=58112.0;y=80.0;z=31232.0;
riverMarker	T269/T304	dimensionId=100;fromTile=T269;imageX=2794;imageY=1004;toTile=T304;x=253952.0;y=80.0;z=35072.0;
riverMarker	T269/T317	dimensionId=100;fromTile=T269;imageX=2643;imageY=1009;toTile=T317;x=234624.0;y=80.0;z=35712.0;
riverMarker	T272/T283	dimensionId=100;fromTile=T272;imageX=1174;imageY=967;toTile=T283;x=46592.0;y=80.0;z=30336.0;
riverMarker	T272/T287	dimensionId=100;fromTile=T272;imageX=1208;imageY=975;toTile=T287;x=50944.0;y=80.0;z=31360.0;
riverMarker	T278/T302	dimensionId=100;fromTile=T278;imageX=2006;imageY=999;toTile=T302;x=153088.0;y=80.0;z=34432.0;
riverMarker	T280/T303	dimensionId=100;fromTile=T280;imageX=2244;imageY=1020;toTile=T303;x=183552.0;y=80.0;z=37120.0;
riverMarker	T280/T308	dimensionId=100;fromTile=T280;imageX=2166;imageY=1015;toTile=T308;x=173568.0;y=80.0;z=36480.0;
riverMarker	T280/T316	dimensionId=100;fromTile=T280;imageX=2218;imageY=1045;toTile=T316;x=180224.0;y=80.0;z=40320.0;
riverMarker	T281/T286	dimensionId=100;fromTile=T281;imageX=1327;imageY=997;toTile=T286;x=66176.0;y=80.0;z=34176.0;
riverMarker	T283/T300	dimensionId=100;fromTile=T283;imageX=1160;imageY=1018;toTile=T300;x=44800.0;y=80.0;z=36864.0;
riverMarker	T284/T289	dimensionId=100;fromTile=T284;imageX=865;imageY=992;toTile=T289;x=7040.0;y=80.0;z=33536.0;
riverMarker	T286/T297	dimensionId=100;fromTile=T286;imageX=1334;imageY=1014;toTile=T297;x=67072.0;y=80.0;z=36352.0;
riverMarker	T287/T300	dimensionId=100;fromTile=T287;imageX=1192;imageY=1029;toTile=T300;x=48896.0;y=80.0;z=38272.0;
riverMarker	T292/T312	dimensionId=100;fromTile=T292;imageX=1865;imageY=1042;toTile=T312;x=135040.0;y=80.0;z=39936.0;
riverMarker	T296/T312	dimensionId=100;fromTile=T296;imageX=1850;imageY=1066;toTile=T312;x=133120.0;y=80.0;z=43008.0;
riverMarker	T296/T329	dimensionId=100;fromTile=T296;imageX=1837;imageY=1076;toTile=T329;x=131456.0;y=80.0;z=44288.0;
riverMarker	T297/T328	dimensionId=100;fromTile=T297;imageX=1338;imageY=1034;toTile=T328;x=67584.0;y=80.0;z=38912.0;
riverMarker	T303/T316	dimensionId=100;fromTile=T303;imageX=2237;imageY=1070;toTile=T316;x=182656.0;y=80.0;z=43520.0;
riverMarker	T303/T350	dimensionId=100;fromTile=T303;imageX=2246;imageY=1100;toTile=T350;x=183808.0;y=80.0;z=47360.0;
riverMarker	T304/T393	dimensionId=100;fromTile=T304;imageX=2894;imageY=1164;toTile=T393;x=266752.0;y=80.0;z=55552.0;
riverMarker	T304/T401	dimensionId=100;fromTile=T304;imageX=2785;imageY=1132;toTile=T401;x=252800.0;y=80.0;z=51456.0;
riverMarker	T306/T333	dimensionId=100;fromTile=T306;imageX=1007;imageY=1102;toTile=T333;x=25216.0;y=80.0;z=47616.0;
riverMarker	T311/T315	dimensionId=100;fromTile=T311;imageX=1106;imageY=1069;toTile=T315;x=37888.0;y=80.0;z=43392.0;
riverMarker	T313/T333	dimensionId=100;fromTile=T313;imageX=989;imageY=1112;toTile=T333;x=22912.0;y=80.0;z=48896.0;
riverMarker	T313/T345	dimensionId=100;fromTile=T313;imageX=964;imageY=1128;toTile=T345;x=19712.0;y=80.0;z=50944.0;
riverMarker	T313/T360	dimensionId=100;fromTile=T313;imageX=924;imageY=1115;toTile=T360;x=14592.0;y=80.0;z=49280.0;
riverMarker	T314/T328	dimensionId=100;fromTile=T314;imageX=1339;imageY=1072;toTile=T328;x=67712.0;y=80.0;z=43776.0;
riverMarker	T317/T401	dimensionId=100;fromTile=T317;imageX=2664;imageY=1137;toTile=T401;x=237312.0;y=80.0;z=52096.0;
riverMarker	T318/T373	dimensionId=100;fromTile=T318;imageX=2506;imageY=1125;toTile=T373;x=217088.0;y=80.0;z=50560.0;
riverMarker	T320/T333	dimensionId=100;fromTile=T320;imageX=1041;imageY=1100;toTile=T333;x=29568.0;y=80.0;z=47360.0;
riverMarker	T320/T337	dimensionId=100;fromTile=T320;imageX=1082;imageY=1101;toTile=T337;x=34816.0;y=80.0;z=47488.0;
riverMarker	T321/T337	dimensionId=100;fromTile=T321;imageX=1101;imageY=1097;toTile=T337;x=37248.0;y=80.0;z=46976.0;
riverMarker	T322/T338	dimensionId=100;fromTile=T322;imageX=1803;imageY=1121;toTile=T338;x=127104.0;y=80.0;z=50048.0;
riverMarker	T324/T328	dimensionId=100;fromTile=T324;imageX=1239;imageY=1128;toTile=T328;x=54912.0;y=80.0;z=50944.0;
riverMarker	T324/T354	dimensionId=100;fromTile=T324;imageX=1230;imageY=1141;toTile=T354;x=53760.0;y=80.0;z=52608.0;
riverMarker	T328/T351	dimensionId=100;fromTile=T328;imageX=1354;imageY=1138;toTile=T351;x=69632.0;y=80.0;z=52224.0;
riverMarker	T328/T354	dimensionId=100;fromTile=T328;imageX=1264;imageY=1155;toTile=T354;x=58112.0;y=80.0;z=54400.0;
riverMarker	T328/T359	dimensionId=100;fromTile=T328;imageX=1295;imageY=1170;toTile=T359;x=62080.0;y=80.0;z=56320.0;
riverMarker	T330/T360	dimensionId=100;fromTile=T330;imageX=891;imageY=1118;toTile=T360;x=10368.0;y=80.0;z=49664.0;
riverMarker	T333/T345	dimensionId=100;fromTile=T333;imageX=1020;imageY=1119;toTile=T345;x=26880.0;y=80.0;z=49792.0;
riverMarker	T337/T345	dimensionId=100;fromTile=T337;imageX=1081;imageY=1140;toTile=T345;x=34688.0;y=80.0;z=52480.0;
riverMarker	T340/T352	dimensionId=100;fromTile=T340;imageX=1437;imageY=1154;toTile=T352;x=80256.0;y=80.0;z=54272.0;
riverMarker	T342/T347	dimensionId=100;fromTile=T342;imageX=1177;imageY=1146;toTile=T347;x=46976.0;y=80.0;z=53248.0;
riverMarker	T344/T350	dimensionId=100;fromTile=T344;imageX=2275;imageY=1137;toTile=T350;x=187520.0;y=80.0;z=52096.0;
riverMarker	T344/T362	dimensionId=100;fromTile=T344;imageX=2404;imageY=1161;toTile=T362;x=204032.0;y=80.0;z=55168.0;
riverMarker	T344/T373	dimensionId=100;fromTile=T344;imageX=2469;imageY=1138;toTile=T373;x=212352.0;y=80.0;z=52224.0;
riverMarker	T351/T352	dimensionId=100;fromTile=T351;imageX=1431;imageY=1163;toTile=T352;x=79488.0;y=80.0;z=55424.0;
riverMarker	T351/T353	dimensionId=100;fromTile=T351;imageX=1368;imageY=1165;toTile=T353;x=71424.0;y=80.0;z=55680.0;
riverMarker	T351/T371	dimensionId=100;fromTile=T351;imageX=1392;imageY=1189;toTile=T371;x=74496.0;y=80.0;z=58752.0;
riverMarker	T352/T375	dimensionId=100;fromTile=T352;imageX=1452;imageY=1179;toTile=T375;x=82176.0;y=80.0;z=57472.0;
riverMarker	T353/T365	dimensionId=100;fromTile=T353;imageX=1333;imageY=1184;toTile=T365;x=66944.0;y=80.0;z=58112.0;
riverMarker	T353/T367	dimensionId=100;fromTile=T353;imageX=1357;imageY=1189;toTile=T367;x=70016.0;y=80.0;z=58752.0;
riverMarker	T353/T368	dimensionId=100;fromTile=T353;imageX=1375;imageY=1191;toTile=T368;x=72320.0;y=80.0;z=59008.0;
riverMarker	T358/T376	dimensionId=100;fromTile=T358;imageX=1410;imageY=1197;toTile=T376;x=76800.0;y=80.0;z=59776.0;
riverMarker	T362/T394	dimensionId=100;fromTile=T362;imageX=2351;imageY=1236;toTile=T394;x=197248.0;y=80.0;z=64768.0;
riverMarker	T370/T375	dimensionId=100;fromTile=T370;imageX=1432;imageY=1215;toTile=T375;x=79616.0;y=80.0;z=62080.0;
riverMarker	T370/T376	dimensionId=100;fromTile=T370;imageX=1422;imageY=1204;toTile=T376;x=78336.0;y=80.0;z=60672.0;
riverMarker	T375/T379	dimensionId=100;fromTile=T375;imageX=1434;imageY=1228;toTile=T379;x=79872.0;y=80.0;z=63744.0;
riverMarker	T379/T384	dimensionId=100;fromTile=T379;imageX=1429;imageY=1237;toTile=T384;x=79232.0;y=80.0;z=64896.0;
riverMarker	T382/T387	dimensionId=100;fromTile=T382;imageX=1799;imageY=1229;toTile=T387;x=126592.0;y=80.0;z=63872.0;
riverMarker	T382/T403	dimensionId=100;fromTile=T382;imageX=1829;imageY=1253;toTile=T403;x=130432.0;y=80.0;z=66944.0;
riverMarker	T384/T402	dimensionId=100;fromTile=T384;imageX=1428;imageY=1251;toTile=T402;x=79104.0;y=80.0;z=66688.0;
riverMarker	T386/T402	dimensionId=100;fromTile=T386;imageX=1437;imageY=1249;toTile=T402;x=80256.0;y=80.0;z=66432.0;
riverMarker	T387/T407	dimensionId=100;fromTile=T387;imageX=1708;imageY=1282;toTile=T407;x=114944.0;y=80.0;z=70656.0;
riverMarker	T390/T392	dimensionId=100;fromTile=T390;imageX=1170;imageY=1259;toTile=T392;x=46080.0;y=80.0;z=67712.0;
riverMarker	T390/T397	dimensionId=100;fromTile=T390;imageX=971;imageY=1242;toTile=T397;x=20608.0;y=80.0;z=65536.0;
riverMarker	T390/T404	dimensionId=100;fromTile=T390;imageX=1189;imageY=1287;toTile=T404;x=48512.0;y=80.0;z=71296.0;
riverMarker	T390/T410	dimensionId=100;fromTile=T390;imageX=1185;imageY=1292;toTile=T410;x=48000.0;y=80.0;z=71936.0;
riverMarker	T392/T404	dimensionId=100;fromTile=T392;imageX=1209;imageY=1277;toTile=T404;x=51072.0;y=80.0;z=70016.0;
riverMarker	T394/T432	dimensionId=100;fromTile=T394;imageX=2351;imageY=1270;toTile=T432;x=197248.0;y=80.0;z=69120.0;
riverMarker	T398/T402	dimensionId=100;fromTile=T398;imageX=1425;imageY=1271;toTile=T402;x=78720.0;y=80.0;z=69248.0;
riverMarker	T402/T408	dimensionId=100;fromTile=T402;imageX=1425;imageY=1300;toTile=T408;x=78720.0;y=80.0;z=72960.0;
riverMarker	T403/T407	dimensionId=100;fromTile=T403;imageX=1743;imageY=1299;toTile=T407;x=119424.0;y=80.0;z=72832.0;
riverMarker	T403/T414	dimensionId=100;fromTile=T403;imageX=1811;imageY=1300;toTile=T414;x=128128.0;y=80.0;z=72960.0;
riverMarker	T406/T437	dimensionId=100;fromTile=T406;imageX=2011;imageY=1363;toTile=T437;x=153728.0;y=80.0;z=81024.0;
riverMarker	T408/T412	dimensionId=100;fromTile=T408;imageX=1378;imageY=1290;toTile=T412;x=72704.0;y=80.0;z=71680.0;
riverMarker	T408/T415	dimensionId=100;fromTile=T408;imageX=1417;imageY=1327;toTile=T415;x=77696.0;y=80.0;z=76416.0;
riverMarker	T409/T437	dimensionId=100;fromTile=T409;imageX=1962;imageY=1338;toTile=T437;x=147456.0;y=80.0;z=77824.0;
riverMarker	T411/T418	dimensionId=100;fromTile=T411;imageX=1259;imageY=1326;toTile=T418;x=57472.0;y=80.0;z=76288.0;
riverMarker	T412/T425	dimensionId=100;fromTile=T412;imageX=1360;imageY=1370;toTile=T425;x=70400.0;y=80.0;z=81920.0;
riverMarker	T412/T431	dimensionId=100;fromTile=T412;imageX=1350;imageY=1372;toTile=T431;x=69120.0;y=80.0;z=82176.0;
riverMarker	T412/T441	dimensionId=100;fromTile=T412;imageX=1355;imageY=1373;toTile=T441;x=69760.0;y=80.0;z=82304.0;
riverMarker	T413/T418	dimensionId=100;fromTile=T413;imageX=1264;imageY=1346;toTile=T418;x=58112.0;y=80.0;z=78848.0;
riverMarker	T414/T433	dimensionId=100;fromTile=T414;imageX=1728;imageY=1375;toTile=T433;x=117504.0;y=80.0;z=82560.0;
riverMarker	T415/T421	dimensionId=100;fromTile=T415;imageX=1403;imageY=1347;toTile=T421;x=75904.0;y=80.0;z=78976.0;
riverMarker	T415/T435	dimensionId=100;fromTile=T415;imageX=1466;imageY=1356;toTile=T435;x=83968.0;y=80.0;z=80128.0;
riverMarker	T417/T430	dimensionId=100;fromTile=T417;imageX=1599;imageY=1361;toTile=T430;x=100992.0;y=80.0;z=80768.0;
riverMarker	T417/T654	dimensionId=100;fromTile=T417;imageX=1541;imageY=1378;toTile=T654;x=93568.0;y=80.0;z=82944.0;
riverMarker	T425/T441	dimensionId=100;fromTile=T425;imageX=1369;imageY=1385;toTile=T441;x=71552.0;y=80.0;z=83840.0;
riverMarker	T427/T433	dimensionId=100;fromTile=T427;imageX=1729;imageY=1398;toTile=T433;x=117632.0;y=80.0;z=85504.0;
riverMarker	T428/T437	dimensionId=100;fromTile=T428;imageX=2090;imageY=1418;toTile=T437;x=163840.0;y=80.0;z=88064.0;
riverMarker	T429/T432	dimensionId=100;fromTile=T429;imageX=2332;imageY=1377;toTile=T432;x=194816.0;y=80.0;z=82816.0;
riverMarker	T432/T446	dimensionId=100;fromTile=T432;imageX=2321;imageY=1527;toTile=T446;x=193408.0;y=80.0;z=102016.0;
riverMarker	T432/T468	dimensionId=100;fromTile=T432;imageX=2339;imageY=1579;toTile=T468;x=195712.0;y=80.0;z=108672.0;
riverMarker	T436/T445	dimensionId=100;fromTile=T436;imageX=1802;imageY=1474;toTile=T445;x=126976.0;y=80.0;z=95232.0;
riverMarker	T436/T447	dimensionId=100;fromTile=T436;imageX=1871;imageY=1481;toTile=T447;x=135808.0;y=80.0;z=96128.0;
riverMarker	T437/T446	dimensionId=100;fromTile=T437;imageX=2117;imageY=1451;toTile=T446;x=167296.0;y=80.0;z=92288.0;
riverMarker	T437/T447	dimensionId=100;fromTile=T437;imageX=2018;imageY=1495;toTile=T447;x=154624.0;y=80.0;z=97920.0;
riverMarker	T441/T460	dimensionId=100;fromTile=T441;imageX=1353;imageY=1554;toTile=T460;x=69504.0;y=80.0;z=105472.0;
riverMarker	T441/T462	dimensionId=100;fromTile=T441;imageX=1385;imageY=1546;toTile=T462;x=73600.0;y=80.0;z=104448.0;
riverMarker	T443/T444	dimensionId=100;fromTile=T443;imageX=1571;imageY=1458;toTile=T444;x=97408.0;y=80.0;z=93184.0;
riverMarker	T444/T450	dimensionId=100;fromTile=T444;imageX=1524;imageY=1513;toTile=T450;x=91392.0;y=80.0;z=100224.0;
riverMarker	T444/T454	dimensionId=100;fromTile=T444;imageX=1512;imageY=1540;toTile=T454;x=89856.0;y=80.0;z=103680.0;
riverMarker	T444/T462	dimensionId=100;fromTile=T444;imageX=1434;imageY=1548;toTile=T462;x=79872.0;y=80.0;z=104704.0;
riverMarker	T446/T447	dimensionId=100;fromTile=T446;imageX=2133;imageY=1480;toTile=T447;x=169344.0;y=80.0;z=96000.0;
riverMarker	T448/T454	dimensionId=100;fromTile=T448;imageX=1586;imageY=1568;toTile=T454;x=99328.0;y=80.0;z=107264.0;
riverMarker	T448/T466	dimensionId=100;fromTile=T448;imageX=1585;imageY=1589;toTile=T466;x=99200.0;y=80.0;z=109952.0;
riverMarker	T469/T475	dimensionId=100;fromTile=T469;imageX=1245;imageY=1702;toTile=T475;x=55680.0;y=80.0;z=124416.0;
riverMarker	T470/T475	dimensionId=100;fromTile=T470;imageX=1223;imageY=1695;toTile=T475;x=52864.0;y=80.0;z=123520.0;
riverMarker	T472/T475	dimensionId=100;fromTile=T472;imageX=1200;imageY=1710;toTile=T475;x=49920.0;y=80.0;z=125440.0;
riverMarker	T473/T475	dimensionId=100;fromTile=T473;imageX=1161;imageY=1735;toTile=T475;x=44928.0;y=80.0;z=128640.0;
riverMarker	T473/T477	dimensionId=100;fromTile=T473;imageX=1126;imageY=1748;toTile=T477;x=40448.0;y=80.0;z=130304.0;
riverMarker	T473/T478	dimensionId=100;fromTile=T473;imageX=1075;imageY=1764;toTile=T478;x=33920.0;y=80.0;z=132352.0;
riverMarker	T474/T475	dimensionId=100;fromTile=T474;imageX=1257;imageY=1731;toTile=T475;x=57216.0;y=80.0;z=128128.0;
riverMarker	T475/T479	dimensionId=100;fromTile=T475;imageX=1228;imageY=1773;toTile=T479;x=53504.0;y=80.0;z=133504.0;
riverMarker	T477/T503	dimensionId=100;fromTile=T477;imageX=1175;imageY=1824;toTile=T503;x=46720.0;y=80.0;z=140032.0;
riverMarker	T478/T485	dimensionId=100;fromTile=T478;imageX=1099;imageY=1838;toTile=T485;x=36992.0;y=80.0;z=141824.0;
riverMarker	T478/T491	dimensionId=100;fromTile=T478;imageX=1071;imageY=1854;toTile=T491;x=33408.0;y=80.0;z=143872.0;
riverMarker	T481/T484	dimensionId=100;fromTile=T481;imageX=1634;imageY=1832;toTile=T484;x=105472.0;y=80.0;z=141056.0;
riverMarker	T481/T486	dimensionId=100;fromTile=T481;imageX=1650;imageY=1827;toTile=T486;x=107520.0;y=80.0;z=140416.0;
riverMarker	T483/T488	dimensionId=100;fromTile=T483;imageX=944;imageY=1874;toTile=T488;x=17152.0;y=80.0;z=146432.0;
riverMarker	T483/T491	dimensionId=100;fromTile=T483;imageX=1045;imageY=1864;toTile=T491;x=30080.0;y=80.0;z=145152.0;
riverMarker	T484/T486	dimensionId=100;fromTile=T484;imageX=1630;imageY=1856;toTile=T486;x=104960.0;y=80.0;z=144128.0;
riverMarker	T484/T492	dimensionId=100;fromTile=T484;imageX=1598;imageY=1868;toTile=T492;x=100864.0;y=80.0;z=145664.0;
riverMarker	T485/T503	dimensionId=100;fromTile=T485;imageX=1170;imageY=1856;toTile=T503;x=46080.0;y=80.0;z=144128.0;
riverMarker	T491/T511	dimensionId=100;fromTile=T491;imageX=1149;imageY=2000;toTile=T511;x=43392.0;y=80.0;z=162560.0;
riverMarker	T493/T504	dimensionId=100;fromTile=T493;imageX=1793;imageY=2028;toTile=T504;x=125824.0;y=80.0;z=166144.0;
riverMarker	T496/T507	dimensionId=100;fromTile=T496;imageX=949;imageY=2028;toTile=T507;x=17792.0;y=80.0;z=166144.0;
riverMarker	T496/T517	dimensionId=100;fromTile=T496;imageX=878;imageY=2055;toTile=T517;x=8704.0;y=80.0;z=169600.0;
riverMarker	T500/T510	dimensionId=100;fromTile=T500;imageX=1266;imageY=2028;toTile=T510;x=58368.0;y=80.0;z=166144.0;
riverMarker	T500/T655	dimensionId=100;fromTile=T500;imageX=1243;imageY=2003;toTile=T655;x=55424.0;y=80.0;z=162944.0;
riverMarker	T503/T511	dimensionId=100;fromTile=T503;imageX=1153;imageY=2007;toTile=T511;x=43904.0;y=80.0;z=163456.0;
riverMarker	T507/T517	dimensionId=100;fromTile=T507;imageX=909;imageY=2102;toTile=T517;x=12672.0;y=80.0;z=175616.0;
riverMarker	T507/T525	dimensionId=100;fromTile=T507;imageX=920;imageY=2146;toTile=T525;x=14080.0;y=80.0;z=181248.0;
riverMarker	T509/T655	dimensionId=100;fromTile=T509;imageX=1639;imageY=2079;toTile=T655;x=106112.0;y=80.0;z=172672.0;
riverMarker	T510/T514	dimensionId=100;fromTile=T510;imageX=1398;imageY=2138;toTile=T514;x=75264.0;y=80.0;z=180224.0;
riverMarker	T510/T655	dimensionId=100;fromTile=T510;imageX=1358;imageY=2071;toTile=T655;x=70144.0;y=80.0;z=171648.0;
riverMarker	T513/T543	dimensionId=100;fromTile=T513;imageX=762;imageY=2278;toTile=T543;x=-6144.0;y=80.0;z=198144.0;
riverMarker	T514/T535	dimensionId=100;fromTile=T514;imageX=1540;imageY=2205;toTile=T535;x=93440.0;y=80.0;z=188800.0;
riverMarker	T514/T655	dimensionId=100;fromTile=T514;imageX=1496;imageY=2130;toTile=T655;x=87808.0;y=80.0;z=179200.0;
riverMarker	T516/T535	dimensionId=100;fromTile=T516;imageX=1614;imageY=2225;toTile=T535;x=102912.0;y=80.0;z=191360.0;
riverMarker	T516/T655	dimensionId=100;fromTile=T516;imageX=1589;imageY=2116;toTile=T655;x=99712.0;y=80.0;z=177408.0;
riverMarker	T517/T525	dimensionId=100;fromTile=T517;imageX=906;imageY=2217;toTile=T525;x=12288.0;y=80.0;z=190336.0;
riverMarker	T519/T525	dimensionId=100;fromTile=T519;imageX=934;imageY=2177;toTile=T525;x=15872.0;y=80.0;z=185216.0;
riverMarker	T519/T536	dimensionId=100;fromTile=T519;imageX=1059;imageY=2233;toTile=T536;x=31872.0;y=80.0;z=192384.0;
riverMarker	T523/T536	dimensionId=100;fromTile=T523;imageX=1194;imageY=2277;toTile=T536;x=49152.0;y=80.0;z=198016.0;
riverMarker	T524/T537	dimensionId=100;fromTile=T524;imageX=1775;imageY=2259;toTile=T537;x=123520.0;y=80.0;z=195712.0;
riverMarker	T536/T540	dimensionId=100;fromTile=T536;imageX=1247;imageY=2305;toTile=T540;x=55936.0;y=80.0;z=201600.0;
riverMarker	T537/T549	dimensionId=100;fromTile=T537;imageX=1894;imageY=2390;toTile=T549;x=138752.0;y=80.0;z=212480.0;
riverMarker	T540/T552	dimensionId=100;fromTile=T540;imageX=1297;imageY=2385;toTile=T552;x=62336.0;y=80.0;z=211840.0;
riverMarker	T541/T557	dimensionId=100;fromTile=T541;imageX=1623;imageY=2447;toTile=T557;x=104064.0;y=80.0;z=219776.0;
riverMarker	T543/T558	dimensionId=100;fromTile=T543;imageX=864;imageY=2491;toTile=T558;x=6912.0;y=80.0;z=225408.0;
riverMarker	T544/T557	dimensionId=100;fromTile=T544;imageX=1660;imageY=2438;toTile=T557;x=108800.0;y=80.0;z=218624.0;
riverMarker	T548/T551	dimensionId=100;fromTile=T548;imageX=1832;imageY=2433;toTile=T551;x=130816.0;y=80.0;z=217984.0;
riverMarker	T548/T557	dimensionId=100;fromTile=T548;imageX=1720;imageY=2455;toTile=T557;x=116480.0;y=80.0;z=220800.0;
riverMarker	T549/T564	dimensionId=100;fromTile=T549;imageX=1851;imageY=2544;toTile=T564;x=133248.0;y=80.0;z=232192.0;
riverMarker	T550/T552	dimensionId=100;fromTile=T550;imageX=1357;imageY=2472;toTile=T552;x=70016.0;y=80.0;z=222976.0;
riverMarker	T550/T557	dimensionId=100;fromTile=T550;imageX=1590;imageY=2479;toTile=T557;x=99840.0;y=80.0;z=223872.0;
riverMarker	T552/T556	dimensionId=100;fromTile=T552;imageX=1362;imageY=2524;toTile=T556;x=70656.0;y=80.0;z=229632.0;
riverMarker	T552/T566	dimensionId=100;fromTile=T552;imageX=1359;imageY=2560;toTile=T566;x=70272.0;y=80.0;z=234240.0;
riverMarker	T552/T568	dimensionId=100;fromTile=T552;imageX=1247;imageY=2585;toTile=T568;x=55936.0;y=80.0;z=237440.0;
riverMarker	T556/T557	dimensionId=100;fromTile=T556;imageX=1564;imageY=2549;toTile=T557;x=96512.0;y=80.0;z=232832.0;
riverMarker	T556/T565	dimensionId=100;fromTile=T556;imageX=1533;imageY=2578;toTile=T565;x=92544.0;y=80.0;z=236544.0;
riverMarker	T556/T566	dimensionId=100;fromTile=T556;imageX=1448;imageY=2553;toTile=T566;x=81664.0;y=80.0;z=233344.0;
riverMarker	T557/T565	dimensionId=100;fromTile=T557;imageX=1582;imageY=2616;toTile=T565;x=98816.0;y=80.0;z=241408.0;
riverMarker	T558/T581	dimensionId=100;fromTile=T558;imageX=920;imageY=2613;toTile=T581;x=14080.0;y=80.0;z=241024.0;
riverMarker	T560/T581	dimensionId=100;fromTile=T560;imageX=974;imageY=2603;toTile=T581;x=20992.0;y=80.0;z=239744.0;
riverMarker	T564/T567	dimensionId=100;fromTile=T564;imageX=1888;imageY=2603;toTile=T567;x=137984.0;y=80.0;z=239744.0;
riverMarker	T586/T590	dimensionId=100;fromTile=T586;imageX=1049;imageY=2821;toTile=T590;x=30592.0;y=80.0;z=267648.0;
riverMarker	T590/T594	dimensionId=100;fromTile=T590;imageX=995;imageY=2906;toTile=T594;x=23680.0;y=80.0;z=278528.0;
riverMarker	T593/T597	dimensionId=100;fromTile=T593;imageX=1501;imageY=2960;toTile=T597;x=88448.0;y=80.0;z=285440.0;
riverMarker	T593/T604	dimensionId=100;fromTile=T593;imageX=1596;imageY=3001;toTile=T604;x=100608.0;y=80.0;z=290688.0;
riverMarker	T594/T605	dimensionId=100;fromTile=T594;imageX=892;imageY=2992;toTile=T605;x=10496.0;y=80.0;z=289536.0;
riverMarker	T596/T609	dimensionId=100;fromTile=T596;imageX=1356;imageY=3058;toTile=T609;x=69888.0;y=80.0;z=297984.0;
riverMarker	T596/T610	dimensionId=100;fromTile=T596;imageX=1322;imageY=3064;toTile=T610;x=65536.0;y=80.0;z=298752.0;
riverMarker	T597/T604	dimensionId=100;fromTile=T597;imageX=1549;imageY=3053;toTile=T604;x=94592.0;y=80.0;z=297344.0;
riverMarker	T597/T607	dimensionId=100;fromTile=T597;imageX=1506;imageY=3068;toTile=T607;x=89088.0;y=80.0;z=299264.0;
riverMarker	T602/T607	dimensionId=100;fromTile=T602;imageX=1458;imageY=3080;toTile=T607;x=82944.0;y=80.0;z=300800.0;
riverMarker	T602/T609	dimensionId=100;fromTile=T602;imageX=1390;imageY=3069;toTile=T609;x=74240.0;y=80.0;z=299392.0;
route	T030/T033	open;passable=true
route	T030/T034	open;passable=true
route	T030/T036	open;passable=true
route	T031/T044	open;passable=true
route	T032/T044	open;passable=true
route	T033/T041	open;passable=true
route	T034/T036	open;passable=true
route	T034/T037	open;passable=true
route	T034/T043	open;passable=true
route	T035/T036	river;passable=false
route	T035/T042	open;passable=true
route	T036/T043	open;passable=true
route	T036/T050	river;passable=false
route	T037/T040	open;passable=true
route	T037/T043	open;passable=true
route	T037/T046	open;passable=true
route	T037/T051	open;passable=true
route	T037/T052	open;passable=true
route	T040/T048	open;passable=true
route	T040/T051	open;passable=true
route	T040/T057	open;passable=true
route	T040/T081	open;passable=true
route	T041/T042	river;passable=false
route	T041/T076	river;passable=false
route	T042/T070	river;passable=false
route	T043/T050	river;passable=false
route	T043/T052	open;passable=true
route	T043/T067	open;passable=true
route	T044/T053	open;passable=true
route	T044/T094	open;passable=true
route	T044/T105	open;passable=true
route	T046/T051	open;passable=true
route	T046/T052	open;passable=true
route	T046/T064	open;passable=true
route	T048/T051	open;passable=true
route	T049/T060	river;passable=false
route	T049/T083	open;passable=true
route	T049/T114	river;passable=false
route	T050/T067	river;passable=false
route	T050/T101	river;passable=false
route	T051/T064	open;passable=true
route	T051/T078	open;passable=true
route	T051/T081	open;passable=true
route	T051/T093	open;passable=true
route	T052/T064	open;passable=true
route	T052/T067	open;passable=true
route	T052/T080	open;passable=true
route	T053/T094	open;passable=true
route	T053/T156	river;passable=false
route	T054/T056	open;passable=true
route	T054/T066	open;passable=true
route	T055/T061	bridge;passable=true
route	T055/T072	river;passable=false
route	T056/T058	open;passable=true
route	T056/T066	open;passable=true
route	T056/T069	open;passable=true
route	T057/T063	open;passable=true
route	T057/T068	open;passable=true
route	T057/T081	open;passable=true
route	T058/T059	open;passable=true
route	T058/T069	open;passable=true
route	T058/T085	open;passable=true
route	T059/T065	open;passable=true
route	T059/T085	open;passable=true
route	T059/T097	open;passable=true
route	T059/T103	open;passable=true
route	T060/T077	open;passable=true
route	T060/T083	river;passable=false
route	T060/T107	open;passable=true
route	T061/T072	bridge;passable=true
route	T061/T079	river;passable=false
route	T062/T066	open;passable=true
route	T062/T072	river;passable=false
route	T062/T074	open;passable=true
route	T062/T075	open;passable=true
route	T062/T082	open;passable=true
route	T062/T087	river;passable=false
route	T062/T091	open;passable=true
route	T062/T100	river;passable=false
route	T063/T081	open;passable=true
route	T064/T078	open;passable=true
route	T064/T080	open;passable=true
route	T064/T116	open;passable=true
route	T065/T077	open;passable=true
route	T065/T103	open;passable=true
route	T065/T118	open;passable=true
route	T066/T069	open;passable=true
route	T066/T082	open;passable=true
route	T066/T086	open;passable=true
route	T067/T080	open;passable=true
route	T067/T090	open;passable=true
route	T067/T101	river;passable=false
route	T067/T112	river;passable=false
route	T068/T079	open;passable=true
route	T069/T086	open;passable=true
route	T070/T089	open;passable=true
route	T070/T096	river;passable=false
route	T072/T079	river;passable=false
route	T072/T088	open;passable=true
route	T072/T104	open;passable=true
route	T074/T088	river;passable=false
route	T074/T100	river;passable=false
route	T075/T082	open;passable=true
route	T075/T087	open;passable=true
route	T075/T092	open;passable=true
route	T076/T119	river;passable=false
route	T076/T121	open;passable=true
route	T077/T124	open;passable=true
route	T078/T093	open;passable=true
route	T078/T116	open;passable=true
route	T078/T132	open;passable=true
route	T079/T104	river;passable=false
route	T079/T110	river;passable=false
route	T080/T090	open;passable=true
route	T080/T109	river;passable=false
route	T080/T116	open;passable=true
route	T081/T084	open;passable=true
route	T081/T093	open;passable=true
route	T081/T099	river;passable=false
route	T082/T086	open;passable=true
route	T082/T092	open;passable=true
route	T082/T095	open;passable=true
route	T082/T117	open;passable=true
route	T083/T107	river;passable=false
route	T083/T114	river;passable=false
route	T083/T184	river;passable=false
route	T085/T086	open;passable=true
route	T085/T097	open;passable=true
route	T085/T098	open;passable=true
route	T086/T095	open;passable=true
route	T086/T098	open;passable=true
route	T086/T115	open;passable=true
route	T087/T091	open;passable=true
route	T087/T092	bridge;passable=true
route	T088/T100	bridge;passable=true
route	T088/T102	open;passable=true
route	T088/T104	open;passable=true
route	T088/T106	open;passable=true
route	T089/T096	river;passable=false
route	T090/T109	open;passable=true
route	T090/T112	open;passable=true
route	T090/T135	open;passable=true
route	T091/T092	river;passable=false
route	T091/T100	river;passable=false
route	T092/T100	river;passable=false
route	T092/T113	open;passable=true
route	T092/T117	open;passable=true
route	T093/T123	river;passable=false
route	T093/T132	open;passable=true
route	T093/T136	open;passable=true
route	T094/T105	open;passable=true
route	T094/T156	river;passable=false
route	T094/T191	river;passable=false
route	T095/T115	open;passable=true
route	T095/T117	open;passable=true
route	T096/T101	open;passable=true
route	T096/T108	open;passable=true
route	T097/T098	open;passable=true
route	T097/T103	open;passable=true
route	T097/T125	open;passable=true
route	T098/T115	river;passable=false
route	T099/T123	open;passable=true
route	T099/T130	open;passable=true
route	T100/T102	open;passable=true
route	T100/T111	open;passable=true
route	T100/T113	river;passable=false
route	T100/T120	river;passable=false
route	T101/T112	river;passable=false
route	T101/T119	open;passable=true
route	T101/T168	bridge;passable=true
route	T102/T106	open;passable=true
route	T103/T118	open;passable=true
route	T103/T125	open;passable=true
route	T103/T163	open;passable=true
route	T103/T165	open;passable=true
route	T104/T106	open;passable=true
route	T104/T110	river;passable=false
route	T104/T122	open;passable=true
route	T104/T197	open;passable=true
route	T105/T191	river;passable=false
route	T105/T227	river;passable=false
route	T106/T122	open;passable=true
route	T106/T128	open;passable=true
route	T107/T124	open;passable=true
route	T107/T184	river;passable=false
route	T109/T116	bridge;passable=true
route	T109/T126	open;passable=true
route	T109/T131	open;passable=true
route	T109/T134	open;passable=true
route	T109/T135	open;passable=true
route	T110/T174	open;passable=true
route	T111/T128	open;passable=true
route	T112/T135	open;passable=true
route	T112/T168	open;passable=true
route	T112/T176	open;passable=true
route	T112/T181	open;passable=true
route	T113/T117	open;passable=true
route	T113/T120	river;passable=false
route	T113/T128	river;passable=false
route	T114/T184	open;passable=true
route	T115/T117	open;passable=true
route	T115/T125	bridge;passable=true
route	T115/T162	open;passable=true
route	T116/T126	river;passable=false
route	T116/T132	open;passable=true
route	T116/T139	river;passable=false
route	T116/T140	river;passable=false
route	T116/T143	open;passable=true
route	T116/T144	open;passable=true
route	T116/T145	river;passable=false
route	T116/T164	open;passable=true
route	T116/T170	open;passable=true
route	T116/T171	open;passable=true
route	T116/T186	open;passable=true
route	T117/T128	bridge;passable=true
route	T117/T153	open;passable=true
route	T117/T162	open;passable=true
route	T117/T193	river;passable=false
route	T118/T124	open;passable=true
route	T118/T163	open;passable=true
route	T118/T172	open;passable=true
route	T119/T121	river;passable=false
route	T119/T161	bridge;passable=true
route	T120/T128	river;passable=false
route	T121/T161	river;passable=false
route	T122/T128	open;passable=true
route	T122/T155	open;passable=true
route	T122/T197	open;passable=true
route	T123/T130	open;passable=true
route	T123/T142	open;passable=true
route	T123/T185	open;passable=true
route	T124/T172	open;passable=true
route	T124/T184	river;passable=false
route	T124/T192	river;passable=false
route	T125/T162	river;passable=false
route	T125/T165	open;passable=true
route	T125/T198	open;passable=true
route	T126/T131	open;passable=true
route	T126/T139	open;passable=true
route	T127/T133	open;passable=true
route	T128/T138	open;passable=true
route	T128/T155	open;passable=true
route	T128/T159	open;passable=true
route	T128/T193	open;passable=true
route	T130/T141	bridge;passable=true
route	T130/T147	river;passable=false
route	T130/T185	open;passable=true
route	T130/T188	river;passable=false
route	T131/T134	bridge;passable=true
route	T131/T139	river;passable=false
route	T131/T146	open;passable=true
route	T132/T136	open;passable=true
route	T132/T149	open;passable=true
route	T132/T171	open;passable=true
route	T132/T187	open;passable=true
route	T132/T200	open;passable=true
route	T133/T141	open;passable=true
route	T133/T174	open;passable=true
route	T134/T135	open;passable=true
route	T134/T146	river;passable=false
route	T134/T148	open;passable=true
route	T134/T150	open;passable=true
route	T134/T160	open;passable=true
route	T135/T148	open;passable=true
route	T135/T176	open;passable=true
route	T135/T180	open;passable=true
route	T136/T142	bridge;passable=true
route	T136/T185	river;passable=false
route	T136/T200	open;passable=true
route	T138/T193	open;passable=true
route	T139/T140	open;passable=true
route	T139/T146	river;passable=false
route	T139/T158	river;passable=false
route	T139/T167	bridge;passable=true
route	T140/T145	river;passable=false
route	T140/T152	bridge;passable=true
route	T141/T147	river;passable=false
route	T141/T188	river;passable=false
route	T142/T185	open;passable=true
route	T143/T145	open;passable=true
route	T143/T166	open;passable=true
route	T143/T170	open;passable=true
route	T144/T157	open;passable=true
route	T144/T164	open;passable=true
route	T144/T171	open;passable=true
route	T145/T152	bridge;passable=true
route	T146/T150	bridge;passable=true
route	T146/T158	river;passable=false
route	T147/T188	open;passable=true
route	T148/T179	open;passable=true
route	T148/T180	open;passable=true
route	T149/T171	open;passable=true
route	T150/T158	open;passable=true
route	T150/T160	open;passable=true
route	T152/T167	open;passable=true
route	T152/T169	open;passable=true
route	T153/T162	open;passable=true
route	T153/T193	river;passable=false
route	T155/T159	open;passable=true
route	T155/T190	open;passable=true
route	T155/T197	open;passable=true
route	T156/T191	open;passable=true
route	T156/T222	open;passable=true
route	T157/T164	open;passable=true
route	T157/T171	open;passable=true
route	T157/T173	open;passable=true
route	T158/T160	open;passable=true
route	T158/T167	open;passable=true
route	T158/T175	open;passable=true
route	T159/T190	open;passable=true
route	T159/T193	open;passable=true
route	T159/T194	open;passable=true
route	T160/T175	open;passable=true
route	T160/T179	open;passable=true
route	T162/T193	river;passable=false
route	T162/T195	bridge;passable=true
route	T162/T198	river;passable=false
route	T163/T165	open;passable=true
route	T163/T172	open;passable=true
route	T163/T199	open;passable=true
route	T163/T201	open;passable=true
route	T163/T215	open;passable=true
route	T164/T173	open;passable=true
route	T164/T186	open;passable=true
route	T165/T198	open;passable=true
route	T165/T201	open;passable=true
route	T166/T169	river;passable=false
route	T166/T170	open;passable=true
route	T166/T177	open;passable=true
route	T167/T169	open;passable=true
route	T167/T175	open;passable=true
route	T167/T182	open;passable=true
route	T168/T181	open;passable=true
route	T168/T202	open;passable=true
route	T168/T206	open;passable=true
route	T169/T178	bridge;passable=true
route	T169/T182	river;passable=false
route	T170/T177	open;passable=true
route	T170/T183	river;passable=false
route	T170/T186	open;passable=true
route	T171/T173	open;passable=true
route	T171/T187	open;passable=true
route	T172/T192	river;passable=false
route	T172/T199	open;passable=true
route	T173/T187	open;passable=true
route	T174/T197	bridge;passable=true
route	T174/T207	river;passable=false
route	T175/T179	open;passable=true
route	T175/T189	open;passable=true
route	T176/T180	open;passable=true
route	T176/T181	open;passable=true
route	T176/T205	open;passable=true
route	T177/T178	open;passable=true
route	T177/T183	river;passable=false
route	T177/T189	river;passable=false
route	T178/T182	open;passable=true
route	T178/T189	river;passable=false
route	T179/T180	open;passable=true
route	T179/T189	open;passable=true
route	T180/T189	open;passable=true
route	T180/T205	open;passable=true
route	T181/T202	open;passable=true
route	T181/T205	open;passable=true
route	T182/T189	river;passable=false
route	T183/T186	open;passable=true
route	T183/T189	river;passable=false
route	T183/T196	river;passable=false
route	T184/T192	open;passable=true
route	T184/T210	river;passable=false
route	T184/T219	river;passable=false
route	T184/T224	river;passable=false
route	T185/T188	river;passable=false
route	T185/T200	river;passable=false
route	T185/T208	river;passable=false
route	T185/T217	river;passable=false
route	T186/T187	open;passable=true
route	T186/T196	river;passable=false
route	T186/T200	open;passable=true
route	T186/T203	open;passable=true
route	T186/T204	open;passable=true
route	T187/T200	open;passable=true
route	T188/T217	open;passable=true
route	T188/T218	open;passable=true
route	T189/T196	open;passable=true
route	T189/T205	open;passable=true
route	T190/T194	open;passable=true
route	T190/T197	open;passable=true
route	T190/T212	open;passable=true
route	T191/T222	open;passable=true
route	T191/T227	river;passable=false
route	T191/T269	river;passable=false
route	T192/T199	river;passable=false
route	T192/T213	river;passable=false
route	T192/T214	river;passable=false
route	T192/T224	river;passable=false
route	T193/T194	open;passable=true
route	T193/T195	open;passable=true
route	T193/T211	open;passable=true
route	T193/T242	open;passable=true
route	T193/T243	open;passable=true
route	T194/T211	open;passable=true
route	T194/T212	open;passable=true
route	T195/T198	river;passable=false
route	T195/T243	open;passable=true
route	T196/T203	bridge;passable=true
route	T196/T205	open;passable=true
route	T197/T207	river;passable=false
route	T197/T212	open;passable=true
route	T197/T246	open;passable=true
route	T197/T250	open;passable=true
route	T198/T201	open;passable=true
route	T198/T209	open;passable=true
route	T198/T226	river;passable=false
route	T198/T243	river;passable=false
route	T199/T213	bridge;passable=true
route	T200/T204	open;passable=true
route	T200/T208	open;passable=true
route	T200/T228	open;passable=true
route	T200/T229	open;passable=true
route	T201/T215	open;passable=true
route	T201/T216	open;passable=true
route	T202/T205	open;passable=true
route	T203/T204	open;passable=true
route	T203/T205	river;passable=false
route	T203/T228	open;passable=true
route	T204/T228	open;passable=true
route	T205/T228	river;passable=false
route	T205/T230	open;passable=true
route	T206/T245	open;passable=true
route	T207/T231	open;passable=true
route	T207/T237	open;passable=true
route	T207/T250	river;passable=false
route	T208/T217	bridge;passable=true
route	T208/T229	open;passable=true
route	T208/T240	river;passable=false
route	T209/T216	open;passable=true
route	T209/T226	river;passable=false
route	T210/T219	open;passable=true
route	T210/T236	open;passable=true
route	T211/T212	open;passable=true
route	T211/T238	open;passable=true
route	T211/T242	open;passable=true
route	T212/T238	open;passable=true
route	T212/T246	open;passable=true
route	T213/T214	open;passable=true
route	T213/T225	open;passable=true
route	T213/T244	open;passable=true
route	T214/T224	open;passable=true
route	T214/T244	open;passable=true
route	T214/T259	open;passable=true
route	T214/T263	open;passable=true
route	T215/T216	open;passable=true
route	T215/T225	river;passable=false
route	T216/T226	river;passable=false
route	T217/T218	open;passable=true
route	T217/T240	open;passable=true
route	T217/T252	river;passable=false
route	T218/T239	river;passable=false
route	T219/T224	open;passable=true
route	T219/T236	open;passable=true
route	T219/T254	open;passable=true
route	T220/T223	open;passable=true
route	T220/T232	open;passable=true
route	T222/T260	river;passable=false
route	T222/T269	river;passable=false
route	T223/T233	open;passable=true
route	T224/T251	open;passable=true
route	T224/T254	open;passable=true
route	T224/T263	open;passable=true
route	T225/T244	open;passable=true
route	T226/T241	open;passable=true
route	T226/T255	open;passable=true
route	T227/T269	open;passable=true
route	T227/T304	river;passable=false
route	T228/T229	open;passable=true
route	T228/T230	river;passable=false
route	T228/T256	open;passable=true
route	T228/T268	river;passable=false
route	T229/T240	river;passable=false
route	T229/T268	bridge;passable=true
route	T230/T245	open;passable=true
route	T230/T256	river;passable=false
route	T231/T233	open;passable=true
route	T231/T237	open;passable=true
route	T231/T247	river;passable=false
route	T231/T253	river;passable=false
route	T232/T239	open;passable=true
route	T233/T247	open;passable=true
route	T234/T249	open;passable=true
route	T235/T242	open;passable=true
route	T236/T249	open;passable=true
route	T236/T254	open;passable=true
route	T236/T303	river;passable=false
route	T237/T250	river;passable=false
route	T237/T253	river;passable=false
route	T238/T242	open;passable=true
route	T238/T246	open;passable=true
route	T238/T265	open;passable=true
route	T239/T252	river;passable=false
route	T240/T252	open;passable=true
route	T240/T268	open;passable=true
route	T241/T243	open;passable=true
route	T241/T255	open;passable=true
route	T242/T243	open;passable=true
route	T242/T265	open;passable=true
route	T242/T288	open;passable=true
route	T243/T255	open;passable=true
route	T243/T277	open;passable=true
route	T243/T288	open;passable=true
route	T244/T259	open;passable=true
route	T244/T261	open;passable=true
route	T244/T262	bridge;passable=true
route	T246/T250	open;passable=true
route	T246/T265	open;passable=true
route	T246/T270	open;passable=true
route	T247/T253	river;passable=false
route	T247/T266	river;passable=false
route	T249/T276	river;passable=false
route	T249/T303	river;passable=false
route	T250/T253	river;passable=false
route	T250/T266	river;passable=false
route	T250/T270	open;passable=true
route	T252/T267	open;passable=true
route	T252/T268	open;passable=true
route	T252/T279	open;passable=true
route	T253/T266	open;passable=true
route	T254/T280	open;passable=true
route	T254/T303	river;passable=false
route	T255/T275	open;passable=true
route	T255/T277	open;passable=true
route	T256/T264	open;passable=true
route	T256/T268	river;passable=false
route	T256/T274	open;passable=true
route	T256/T284	bridge;passable=true
route	T256/T289	open;passable=true
route	T259/T261	open;passable=true
route	T259/T263	open;passable=true
route	T259/T278	bridge;passable=true
route	T259/T302	river;passable=false
route	T261/T262	river;passable=false
route	T261/T278	river;passable=false
route	T261/T282	river;passable=false
route	T261/T290	open;passable=true
route	T262/T282	open;passable=true
route	T263/T280	open;passable=true
route	T263/T308	river;passable=false
route	T265/T270	open;passable=true
route	T265/T285	open;passable=true
route	T265/T288	open;passable=true
route	T266/T270	river;passable=false
route	T266/T272	open;passable=true
route	T266/T281	river;passable=false
route	T266/T286	river;passable=false
route	T267/T279	open;passable=true
route	T268/T279	open;passable=true
route	T268/T284	open;passable=true
route	T268/T306	open;passable=true
route	T268/T313	open;passable=true
route	T269/T304	river;passable=false
route	T269/T317	river;passable=false
route	T270/T281	open;passable=true
route	T270/T285	open;passable=true
route	T272/T283	river;passable=false
route	T272/T287	river;passable=false
route	T273/T292	open;passable=true
route	T273/T296	open;passable=true
route	T275/T277	open;passable=true
route	T275/T296	bridge;passable=true
route	T276/T303	open;passable=true
route	T276/T318	open;passable=true
route	T277/T288	open;passable=true
route	T277/T296	open;passable=true
route	T277/T319	open;passable=true
route	T277/T322	open;passable=true
route	T278/T290	open;passable=true
route	T278/T302	river;passable=false
route	T279/T299	open;passable=true
route	T279/T306	open;passable=true
route	T280/T303	river;passable=false
route	T280/T308	river;passable=false
route	T280/T316	river;passable=false
route	T281/T285	open;passable=true
route	T281/T286	river;passable=false
route	T281/T297	open;passable=true
route	T282/T290	open;passable=true
route	T282/T292	bridge;passable=true
route	T282/T312	open;passable=true
route	T283/T287	open;passable=true
route	T283/T300	river;passable=false
route	T284/T289	river;passable=false
route	T284/T313	open;passable=true
route	T285/T297	open;passable=true
route	T285/T298	open;passable=true
route	T285/T314	open;passable=true
route	T285/T326	open;passable=true
route	T286/T287	open;passable=true
route	T286/T297	river;passable=false
route	T286/T307	open;passable=true
route	T286/T328	open;passable=true
route	T287/T300	river;passable=false
route	T287/T307	open;passable=true
route	T288/T298	open;passable=true
route	T288/T319	open;passable=true
route	T288/T334	open;passable=true
route	T290/T302	open;passable=true
route	T290/T312	open;passable=true
route	T292/T296	open;passable=true
route	T292/T312	river;passable=false
route	T296/T312	river;passable=false
route	T296/T322	open;passable=true
route	T296/T329	river;passable=false
route	T297/T314	open;passable=true
route	T297/T328	river;passable=false
route	T298/T326	open;passable=true
route	T298/T334	open;passable=true
route	T299/T306	open;passable=true
route	T299/T320	open;passable=true
route	T300/T305	open;passable=true
route	T300/T309	open;passable=true
route	T300/T324	open;passable=true
route	T300/T325	open;passable=true
route	T302/T308	open;passable=true
route	T302/T312	open;passable=true
route	T302/T331	open;passable=true
route	T302/T349	open;passable=true
route	T303/T316	river;passable=false
route	T303/T318	open;passable=true
route	T303/T344	open;passable=true
route	T303/T350	river;passable=false
route	T304/T317	open;passable=true
route	T304/T393	river;passable=false
route	T304/T401	river;passable=false
route	T305/T309	open;passable=true
route	T305/T325	open;passable=true
route	T306/T313	open;passable=true
route	T306/T320	open;passable=true
route	T306/T333	river;passable=false
route	T307/T324	bridge;passable=true
route	T307/T328	open;passable=true
route	T308/T316	open;passable=true
route	T308/T349	open;passable=true
route	T308/T350	open;passable=true
route	T309/T311	open;passable=true
route	T309/T323	open;passable=true
route	T309/T325	open;passable=true
route	T310/T315	open;passable=true
route	T311/T315	river;passable=false
route	T311/T323	open;passable=true
route	T312/T329	open;passable=true
route	T312/T331	open;passable=true
route	T313/T330	open;passable=true
route	T313/T333	river;passable=false
route	T313/T345	river;passable=false
route	T313/T360	river;passable=false
route	T314/T326	open;passable=true
route	T314/T328	river;passable=false
route	T315/T321	open;passable=true
route	T316/T350	open;passable=true
route	T317/T401	river;passable=false
route	T318/T344	open;passable=true
route	T318/T373	river;passable=false
route	T319/T322	open;passable=true
route	T319/T334	open;passable=true
route	T320/T321	open;passable=true
route	T320/T333	river;passable=false
route	T320/T337	river;passable=false
route	T321/T323	bridge;passable=true
route	T321/T337	river;passable=false
route	T322/T329	bridge;passable=true
route	T322/T338	river;passable=false
route	T323/T325	open;passable=true
route	T323/T335	open;passable=true
route	T323/T337	open;passable=true
route	T324/T325	open;passable=true
route	T324/T328	river;passable=false
route	T324/T342	open;passable=true
route	T324/T354	river;passable=false
route	T325/T342	open;passable=true
route	T326/T334	open;passable=true
route	T326/T340	open;passable=true
route	T326/T346	open;passable=true
route	T326/T352	open;passable=true
route	T328/T351	river;passable=false
route	T328/T353	open;passable=true
route	T328/T354	river;passable=false
route	T328/T359	river;passable=false
route	T329/T331	open;passable=true
route	T329/T338	bridge;passable=true
route	T330/T360	river;passable=false
route	T331/T349	open;passable=true
route	T331/T355	open;passable=true
route	T331/T361	open;passable=true
route	T332/T339	open;passable=true
route	T333/T337	open;passable=true
route	T333/T345	river;passable=false
route	T337/T345	river;passable=false
route	T338/T355	open;passable=true
route	T340/T351	open;passable=true
route	T340/T352	river;passable=false
route	T342/T347	river;passable=false
route	T342/T348	bridge;passable=true
route	T344/T350	river;passable=false
route	T344/T362	river;passable=false
route	T344/T373	river;passable=false
route	T345/T360	open;passable=true
route	T346/T357	open;passable=true
route	T347/T348	open;passable=true
route	T348/T354	open;passable=true
route	T349/T350	open;passable=true
route	T349/T361	open;passable=true
route	T349/T396	open;passable=true
route	T349/T406	open;passable=true
route	T350/T394	open;passable=true
route	T350/T396	open;passable=true
route	T351/T352	river;passable=false
route	T351/T353	river;passable=false
route	T351/T358	open;passable=true
route	T351/T371	river;passable=false
route	T352/T358	open;passable=true
route	T352/T375	river;passable=false
route	T353/T359	open;passable=true
route	T353/T365	river;passable=false
route	T353/T367	river;passable=false
route	T353/T368	river;passable=false
route	T353/T371	open;passable=true
route	T354/T359	open;passable=true
route	T355/T361	open;passable=true
route	T355/T364	open;passable=true
route	T355/T395	open;passable=true
route	T355/T400	open;passable=true
route	T356/T391	open;passable=true
route	T357/T369	open;passable=true
route	T357/T374	open;passable=true
route	T357/T378	open;passable=true
route	T357/T391	open;passable=true
route	T358/T370	bridge;passable=true
route	T358/T375	bridge;passable=true
route	T358/T376	river;passable=false
route	T359/T366	bridge;passable=true
route	T360/T419	open;passable=true
route	T361/T400	open;passable=true
route	T361/T406	open;passable=true
route	T361/T409	open;passable=true
route	T362/T373	open;passable=true
route	T362/T394	river;passable=false
route	T362/T432	open;passable=true
route	T363/T378	open;passable=true
route	T363/T399	open;passable=true
route	T364/T382	open;passable=true
route	T364/T387	open;passable=true
route	T364/T395	open;passable=true
route	T364/T399	open;passable=true
route	T364/T407	open;passable=true
route	T365/T366	open;passable=true
route	T365/T367	open;passable=true
route	T367/T368	open;passable=true
route	T368/T371	open;passable=true
route	T369/T374	open;passable=true
route	T369/T378	open;passable=true
route	T369/T391	open;passable=true
route	T370/T375	river;passable=false
route	T370/T376	river;passable=false
route	T370/T379	bridge;passable=true
route	T371/T376	open;passable=true
route	T372/T377	open;passable=true
route	T372/T383	open;passable=true
route	T373/T432	open;passable=true
route	T375/T379	river;passable=false
route	T375/T381	bridge;passable=true
route	T375/T386	open;passable=true
route	T375/T402	bridge;passable=true
route	T376/T379	open;passable=true
route	T377/T390	open;passable=true
route	T377/T392	open;passable=true
route	T378/T391	open;passable=true
route	T378/T399	open;passable=true
route	T378/T423	open;passable=true
route	T379/T384	river;passable=false
route	T379/T388	open;passable=true
route	T380/T399	open;passable=true
route	T381/T391	open;passable=true
route	T381/T402	open;passable=true
route	T382/T387	river;passable=false
route	T382/T395	open;passable=true
route	T382/T403	river;passable=false
route	T382/T414	open;passable=true
route	T383/T385	open;passable=true
route	T383/T392	open;passable=true
route	T384/T386	bridge;passable=true
route	T384/T388	open;passable=true
route	T384/T402	river;passable=false
route	T385/T404	open;passable=true
route	T386/T402	river;passable=false
route	T387/T403	open;passable=true
route	T387/T407	river;passable=false
route	T388/T389	open;passable=true
route	T388/T398	open;passable=true
route	T389/T398	open;passable=true
route	T389/T408	open;passable=true
route	T390/T392	river;passable=false
route	T390/T397	river;passable=false
route	T390/T404	river;passable=false
route	T390/T410	river;passable=false
route	T391/T423	open;passable=true
route	T392/T404	river;passable=false
route	T393/T401	open;passable=true
route	T393/T426	open;passable=true
route	T393/T438	open;passable=true
route	T393/T461	open;passable=true
route	T394/T396	open;passable=true
route	T394/T429	open;passable=true
route	T394/T432	river;passable=false
route	T395/T400	open;passable=true
route	T395/T414	open;passable=true
route	T395/T427	open;passable=true
route	T396/T406	open;passable=true
route	T396/T428	open;passable=true
route	T397/T419	open;passable=true
route	T398/T402	river;passable=false
route	T398/T408	bridge;passable=true
route	T399/T407	open;passable=true
route	T399/T417	open;passable=true
route	T399/T423	open;passable=true
route	T400/T409	open;passable=true
route	T401/T426	open;passable=true
route	T401/T432	open;passable=true
route	T401/T440	open;passable=true
route	T401/T442	open;passable=true
route	T402/T408	river;passable=false
route	T402/T415	open;passable=true
route	T403/T407	river;passable=false
route	T403/T414	river;passable=false
route	T404/T410	open;passable=true
route	T404/T411	open;passable=true
route	T404/T418	open;passable=true
route	T406/T409	open;passable=true
route	T406/T428	open;passable=true
route	T406/T437	river;passable=false
route	T407/T417	open;passable=true
route	T408/T412	river;passable=false
route	T408/T415	river;passable=false
route	T408/T421	open;passable=true
route	T409/T420	bridge;passable=true
route	T409/T437	river;passable=false
route	T410/T416	open;passable=true
route	T410/T418	open;passable=true
route	T410/T422	open;passable=true
route	T411/T413	bridge;passable=true
route	T411/T418	river;passable=false
route	T412/T413	open;passable=true
route	T412/T421	open;passable=true
route	T412/T425	river;passable=false
route	T412/T431	river;passable=false
route	T412/T441	river;passable=false
route	T413/T418	river;passable=false
route	T413/T431	open;passable=true
route	T414/T427	open;passable=true
route	T414/T433	river;passable=false
route	T415/T421	river;passable=false
route	T415/T425	open;passable=true
route	T415/T435	river;passable=false
route	T416/T418	open;passable=true
route	T416/T422	open;passable=true
route	T417/T423	open;passable=true
route	T417/T430	river;passable=false
route	T417/T654	river;passable=false
route	T418/T422	open;passable=true
route	T420/T436	open;passable=true
route	T420/T437	open;passable=true
route	T421/T425	bridge;passable=true
route	T425/T435	bridge;passable=true
route	T425/T441	river;passable=false
route	T426/T438	open;passable=true
route	T426/T440	open;passable=true
route	T427/T433	river;passable=false
route	T428/T429	open;passable=true
route	T428/T437	river;passable=false
route	T428/T446	open;passable=true
route	T429/T432	river;passable=false
route	T429/T446	open;passable=true
route	T430/T433	open;passable=true
route	T430/T654	open;passable=true
route	T431/T441	open;passable=true
route	T432/T442	open;passable=true
route	T432/T446	river;passable=false
route	T432/T468	river;passable=false
route	T433/T654	open;passable=true
route	T435/T441	open;passable=true
route	T435/T444	open;passable=true
route	T436/T437	open;passable=true
route	T436/T439	open;passable=true
route	T436/T445	river;passable=false
route	T436/T447	river;passable=false
route	T437/T446	river;passable=false
route	T437/T447	river;passable=false
route	T438/T440	open;passable=true
route	T438/T449	open;passable=true
route	T438/T461	open;passable=true
route	T439/T445	open;passable=true
route	T440/T449	open;passable=true
route	T440/T451	open;passable=true
route	T441/T444	open;passable=true
route	T441/T460	river;passable=false
route	T441/T462	river;passable=false
route	T443/T444	river;passable=false
route	T443/T448	open;passable=true
route	T443/T450	open;passable=true
route	T444/T450	river;passable=false
route	T444/T454	river;passable=false
route	T444/T455	bridge;passable=true
route	T444/T462	river;passable=false
route	T445/T447	open;passable=true
route	T445/T448	open;passable=true
route	T446/T447	river;passable=false
route	T446/T468	open;passable=true
route	T448/T450	open;passable=true
route	T448/T454	river;passable=false
route	T448/T463	open;passable=true
route	T448/T466	river;passable=false
route	T449/T451	open;passable=true
route	T449/T461	open;passable=true
route	T449/T465	open;passable=true
route	T450/T454	bridge;passable=true
route	T451/T465	open;passable=true
route	T451/T476	open;passable=true
route	T452/T464	open;passable=true
route	T454/T455	open;passable=true
route	T454/T466	open;passable=true
route	T455/T462	open;passable=true
route	T455/T466	open;passable=true
route	T457/T464	open;passable=true
route	T457/T467	open;passable=true
route	T460/T462	open;passable=true
route	T460/T464	open;passable=true
route	T460/T469	open;passable=true
route	T461/T465	open;passable=true
route	T461/T476	open;passable=true
route	T462/T466	open;passable=true
route	T462/T469	open;passable=true
route	T463/T466	open;passable=true
route	T464/T467	open;passable=true
route	T464/T469	open;passable=true
route	T465/T476	open;passable=true
route	T467/T470	open;passable=true
route	T468/T471	open;passable=true
route	T469/T470	open;passable=true
route	T469/T474	open;passable=true
route	T469/T475	river;passable=false
route	T470/T472	bridge;passable=true
route	T470/T475	river;passable=false
route	T471/T476	open;passable=true
route	T471/T501	open;passable=true
route	T472/T473	bridge;passable=true
route	T472/T475	river;passable=false
route	T473/T475	river;passable=false
route	T473/T477	river;passable=false
route	T473/T478	river;passable=false
route	T474/T475	river;passable=false
route	T474/T479	open;passable=true
route	T475/T477	open;passable=true
route	T475/T479	river;passable=false
route	T476/T501	open;passable=true
route	T477/T478	open;passable=true
route	T477/T479	bridge;passable=true
route	T477/T485	bridge;passable=true
route	T477/T503	river;passable=false
route	T478/T483	open;passable=true
route	T478/T485	river;passable=false
route	T478/T491	river;passable=false
route	T479/T503	open;passable=true
route	T480/T481	open;passable=true
route	T480/T486	open;passable=true
route	T481/T482	open;passable=true
route	T481/T484	river;passable=false
route	T481/T486	river;passable=false
route	T482/T484	open;passable=true
route	T482/T492	open;passable=true
route	T483/T488	river;passable=false
route	T483/T491	river;passable=false
route	T484/T486	river;passable=false
route	T484/T492	river;passable=false
route	T485/T491	open;passable=true
route	T485/T503	river;passable=false
route	T486/T492	bridge;passable=true
route	T486/T493	open;passable=true
route	T487/T488	open;passable=true
route	T487/T496	open;passable=true
route	T488/T513	open;passable=true
route	T489/T492	open;passable=true
route	T490/T508	open;passable=true
route	T491/T496	open;passable=true
route	T491/T498	open;passable=true
route	T491/T503	bridge;passable=true
route	T491/T511	river;passable=false
route	T492/T497	open;passable=true
route	T493/T504	river;passable=false
route	T493/T506	open;passable=true
route	T494/T495	open;passable=true
route	T496/T498	open;passable=true
route	T496/T507	river;passable=false
route	T496/T517	river;passable=false
route	T497/T502	open;passable=true
route	T498/T507	open;passable=true
route	T498/T511	open;passable=true
route	T500/T510	river;passable=false
route	T500/T512	open;passable=true
route	T500/T655	river;passable=false
route	T502/T509	bridge;passable=true
route	T502/T655	open;passable=true
route	T503/T511	river;passable=false
route	T503/T512	open;passable=true
route	T503/T655	open;passable=true
route	T504/T506	open;passable=true
route	T506/T508	open;passable=true
route	T507/T511	open;passable=true
route	T507/T517	river;passable=false
route	T507/T519	open;passable=true
route	T507/T525	river;passable=false
route	T509/T515	open;passable=true
route	T509/T516	open;passable=true
route	T509/T524	open;passable=true
route	T509/T655	river;passable=false
route	T510/T512	open;passable=true
route	T510/T514	river;passable=false
route	T510/T655	river;passable=false
route	T511/T512	open;passable=true
route	T511/T519	open;passable=true
route	T511/T523	open;passable=true
route	T512/T514	open;passable=true
route	T512/T523	open;passable=true
route	T512/T533	open;passable=true
route	T512/T655	open;passable=true
route	T513/T543	river;passable=false
route	T514/T516	open;passable=true
route	T514/T518	open;passable=true
route	T514/T534	open;passable=true
route	T514/T535	river;passable=false
route	T514/T655	river;passable=false
route	T515/T516	open;passable=true
route	T515/T524	open;passable=true
route	T516/T524	open;passable=true
route	T516/T535	river;passable=false
route	T516/T655	river;passable=false
route	T517/T525	river;passable=false
route	T517/T538	open;passable=true
route	T518/T534	open;passable=true
route	T518/T535	open;passable=true
route	T519/T523	open;passable=true
route	T519/T525	river;passable=false
route	T519/T536	river;passable=false
route	T523/T533	open;passable=true
route	T523/T536	river;passable=false
route	T523/T540	open;passable=true
route	T524/T537	river;passable=false
route	T525/T536	open;passable=true
route	T525/T538	open;passable=true
route	T533/T534	open;passable=true
route	T533/T540	open;passable=true
route	T534/T535	open;passable=true
route	T534/T540	open;passable=true
route	T534/T541	open;passable=true
route	T535/T537	open;passable=true
route	T535/T541	open;passable=true
route	T535/T544	open;passable=true
route	T536/T538	open;passable=true
route	T536/T540	river;passable=false
route	T536/T547	open;passable=true
route	T536/T552	open;passable=true
route	T536/T553	open;passable=true
route	T537/T544	open;passable=true
route	T537/T548	open;passable=true
route	T537/T549	river;passable=false
route	T538/T547	open;passable=true
route	T540/T541	open;passable=true
route	T540/T550	open;passable=true
route	T540/T552	river;passable=false
route	T541/T544	open;passable=true
route	T541/T550	open;passable=true
route	T541/T557	river;passable=false
route	T542/T543	open;passable=true
route	T542/T547	open;passable=true
route	T543/T558	river;passable=false
route	T544/T548	open;passable=true
route	T544/T557	river;passable=false
route	T547/T553	open;passable=true
route	T548/T551	river;passable=false
route	T548/T557	river;passable=false
route	T549/T551	open;passable=true
route	T549/T564	river;passable=false
route	T549/T567	open;passable=true
route	T550/T552	river;passable=false
route	T550/T556	open;passable=true
route	T550/T557	river;passable=false
route	T551/T561	open;passable=true
route	T551/T564	open;passable=true
route	T551/T569	open;passable=true
route	T551/T573	open;passable=true
route	T552/T553	open;passable=true
route	T552/T556	river;passable=false
route	T552/T563	open;passable=true
route	T552/T566	river;passable=false
route	T552/T568	river;passable=false
route	T554/T557	open;passable=true
route	T554/T559	open;passable=true
route	T554/T561	open;passable=true
route	T555/T558	open;passable=true
route	T556/T557	river;passable=false
route	T556/T565	river;passable=false
route	T556/T566	river;passable=false
route	T557/T559	open;passable=true
route	T557/T561	open;passable=true
route	T557/T565	river;passable=false
route	T557/T575	open;passable=true
route	T558/T560	open;passable=true
route	T558/T581	river;passable=false
route	T560/T562	open;passable=true
route	T560/T581	river;passable=false
route	T561/T569	open;passable=true
route	T561/T575	open;passable=true
route	T563/T568	open;passable=true
route	T564/T567	river;passable=false
route	T564/T573	open;passable=true
route	T565/T566	open;passable=true
route	T565/T576	open;passable=true
route	T566/T568	open;passable=true
route	T566/T576	open;passable=true
route	T566/T580	open;passable=true
route	T566/T582	open;passable=true
route	T566/T583	open;passable=true
route	T567/T570	open;passable=true
route	T567/T587	open;passable=true
route	T568/T577	open;passable=true
route	T568/T579	open;passable=true
route	T568/T580	open;passable=true
route	T569/T573	open;passable=true
route	T569/T575	open;passable=true
route	T572/T573	open;passable=true
route	T573/T575	open;passable=true
route	T573/T589	open;passable=true
route	T574/T577	bridge;passable=true
route	T574/T578	open;passable=true
route	T574/T581	open;passable=true
route	T574/T586	open;passable=true
route	T575/T576	bridge;passable=true
route	T575/T589	open;passable=true
route	T576/T583	open;passable=true
route	T576/T589	open;passable=true
route	T577/T578	open;passable=true
route	T577/T585	open;passable=true
route	T577/T590	open;passable=true
route	T578/T586	open;passable=true
route	T578/T590	open;passable=true
route	T579/T580	open;passable=true
route	T579/T585	open;passable=true
route	T580/T582	open;passable=true
route	T580/T585	open;passable=true
route	T580/T591	open;passable=true
route	T581/T586	open;passable=true
route	T581/T594	open;passable=true
route	T582/T583	open;passable=true
route	T582/T584	open;passable=true
route	T582/T591	open;passable=true
route	T583/T584	open;passable=true
route	T583/T588	open;passable=true
route	T583/T589	open;passable=true
route	T584/T588	open;passable=true
route	T585/T590	open;passable=true
route	T585/T591	open;passable=true
route	T585/T592	open;passable=true
route	T586/T590	river;passable=false
route	T586/T594	open;passable=true
route	T588/T589	open;passable=true
route	T588/T591	open;passable=true
route	T588/T593	open;passable=true
route	T589/T593	open;passable=true
route	T589/T604	open;passable=true
route	T590/T592	open;passable=true
route	T590/T594	river;passable=false
route	T590/T595	open;passable=true
route	T590/T605	open;passable=true
route	T591/T593	open;passable=true
route	T591/T596	open;passable=true
route	T591/T597	open;passable=true
route	T591/T598	open;passable=true
route	T592/T595	open;passable=true
route	T593/T597	river;passable=false
route	T593/T604	river;passable=false
route	T594/T605	river;passable=false
route	T595/T599	open;passable=true
route	T595/T603	open;passable=true
route	T595/T605	open;passable=true
route	T595/T606	open;passable=true
route	T596/T597	open;passable=true
route	T596/T598	open;passable=true
route	T596/T602	open;passable=true
route	T596/T609	river;passable=false
route	T596/T610	river;passable=false
route	T597/T602	open;passable=true
route	T597/T604	river;passable=false
route	T597/T607	river;passable=false
route	T598/T610	open;passable=true
route	T598/T612	open;passable=true
route	T599/T603	open;passable=true
route	T599/T605	open;passable=true
route	T599/T608	open;passable=true
route	T600/T601	open;passable=true
route	T600/T604	open;passable=true
route	T600/T618	open;passable=true
route	T602/T607	river;passable=false
route	T602/T609	river;passable=false
route	T603/T606	open;passable=true
route	T603/T608	open;passable=true
route	T603/T611	open;passable=true
route	T604/T607	open;passable=true
route	T604/T613	open;passable=true
route	T604/T618	open;passable=true
route	T605/T608	open;passable=true
route	T605/T615	open;passable=true
route	T606/T611	open;passable=true
route	T606/T612	open;passable=true
route	T607/T609	open;passable=true
route	T607/T613	open;passable=true
route	T608/T611	open;passable=true
route	T608/T614	open;passable=true
route	T608/T615	open;passable=true
route	T608/T616	open;passable=true
route	T609/T610	open;passable=true
route	T609/T613	open;passable=true
route	T609/T617	open;passable=true
route	T609/T620	open;passable=true
route	T610/T612	open;passable=true
route	T610/T617	open;passable=true
route	T611/T612	open;passable=true
route	T611/T614	open;passable=true
route	T611/T621	open;passable=true
route	T612/T619	open;passable=true
route	T612/T621	open;passable=true
route	T612/T623	open;passable=true
route	T613/T618	open;passable=true
route	T613/T620	open;passable=true
route	T614/T616	open;passable=true
route	T614/T621	open;passable=true
route	T614/T624	open;passable=true
route	T615/T616	open;passable=true
route	T615/T624	open;passable=true
route	T615/T634	open;passable=true
route	T616/T624	open;passable=true
route	T617/T619	open;passable=true
route	T617/T620	open;passable=true
route	T617/T622	open;passable=true
route	T618/T620	open;passable=true
route	T618/T633	open;passable=true
route	T619/T622	open;passable=true
route	T619/T623	open;passable=true
route	T619/T625	open;passable=true
route	T620/T622	open;passable=true
route	T620/T626	open;passable=true
route	T620/T633	open;passable=true
route	T621/T623	open;passable=true
route	T621/T624	open;passable=true
route	T621/T627	open;passable=true
route	T621/T630	open;passable=true
route	T622/T625	open;passable=true
route	T622/T626	open;passable=true
route	T622/T628	open;passable=true
route	T622/T629	open;passable=true
route	T623/T625	open;passable=true
route	T623/T627	open;passable=true
route	T624/T630	open;passable=true
route	T624/T631	open;passable=true
route	T624/T634	open;passable=true
route	T625/T627	open;passable=true
route	T625/T628	open;passable=true
route	T626/T629	open;passable=true
route	T626/T633	open;passable=true
route	T627/T628	open;passable=true
route	T627/T630	open;passable=true
route	T627/T632	open;passable=true
route	T628/T629	open;passable=true
route	T628/T632	open;passable=true
route	T628/T635	open;passable=true
route	T628/T640	open;passable=true
route	T629/T633	open;passable=true
route	T629/T635	open;passable=true
route	T630/T631	open;passable=true
route	T630/T632	open;passable=true
route	T630/T639	open;passable=true
route	T631/T634	open;passable=true
route	T631/T639	open;passable=true
route	T632/T639	open;passable=true
route	T632/T640	open;passable=true
route	T632/T646	open;passable=true
route	T633/T635	open;passable=true
route	T633/T637	open;passable=true
route	T633/T648	open;passable=true
route	T634/T639	open;passable=true
route	T634/T642	open;passable=true
route	T634/T647	open;passable=true
route	T635/T640	open;passable=true
route	T635/T645	open;passable=true
route	T635/T648	open;passable=true
route	T636/T642	open;passable=true
route	T637/T648	open;passable=true
route	T638/T642	open;passable=true
route	T639/T646	open;passable=true
route	T639/T647	open;passable=true
route	T640/T645	open;passable=true
route	T640/T646	open;passable=true
route	T642/T647	open;passable=true
route	T643/T644	open;passable=true
route	T645/T646	open;passable=true
route	T645/T648	open;passable=true
route	T645/T649	open;passable=true
route	T646/T647	open;passable=true
route	T646/T649	open;passable=true
route	T647/T649	open;passable=true
route	T648/T649	open;passable=true
route	T649/T651	open;passable=true
route	T649/T652	open;passable=true
