mask_x,mask_y,world_x_min,world_z_min,world_x_max_exclusive,world_z_max_exclusive,current_tile,review_groups,disposition,evidence_note,proposed_disposition,approved_type,approved_reason
2291,58,189568,-86016,189696,-85888,GAP,protected_control,protected control,Protected unclassified gap,PRESERVE_UNKNOWN,,
671,487,-17792,-31104,-17664,-30976,GAP,withheld_gap,pending explicit design; preserve current cell,unsupported/conflicting transition continuation or more than one local tile correspondence,PRESERVE_UNKNOWN,,
658,494,-19456,-30208,-19328,-30080,GAP,withheld_gap,pending explicit design; preserve current cell,topology unsafe; no nearby map transition,PRESERVE_UNKNOWN,,
659,494,-19328,-30208,-19200,-30080,GAP,withheld_gap,pending explicit design; preserve current cell,topology unsafe; no nearby map transition,PRESERVE_UNKNOWN,,
659,495,-19328,-30080,-19200,-29952,GAP,withheld_gap,pending explicit design; preserve current cell,topology unsafe; no nearby map transition,PRESERVE_UNKNOWN,,
660,495,-19200,-30080,-19072,-29952,GAP,withheld_gap,pending explicit design; preserve current cell,topology unsafe; no nearby map transition,PRESERVE_UNKNOWN,,
660,496,-19200,-29952,-19072,-29824,GAP,withheld_gap,pending explicit design; preserve current cell,topology unsafe; no nearby map transition,PRESERVE_UNKNOWN,,
661,496,-19072,-29952,-18944,-29824,GAP,withheld_gap,pending explicit design; preserve current cell,unsupported/conflicting transition continuation or more than one local tile correspondence,PRESERVE_UNKNOWN,,
661,497,-19072,-29824,-18944,-29696,GAP,withheld_gap,pending explicit design; preserve current cell,unsupported/conflicting transition continuation or more than one local tile correspondence,PRESERVE_UNKNOWN,,
578,519,-29696,-27008,-29568,-26880,GAP,withheld_gap,pending explicit design; preserve current cell,mapped/conflicting water transition within local seam context; banks not established,PRESERVE_UNKNOWN,,
584,523,-28928,-26496,-28800,-26368,GAP,withheld_gap,pending explicit design; preserve current cell,unsupported/conflicting transition continuation or more than one local tile correspondence,PRESERVE_UNKNOWN,,
584,524,-28928,-26368,-28800,-26240,GAP,withheld_gap,pending explicit design; preserve current cell,unsupported/conflicting transition continuation or more than one local tile correspondence,PRESERVE_UNKNOWN,,
585,524,-28800,-26368,-28672,-26240,GAP,withheld_gap,pending explicit design; preserve current cell,unsupported/conflicting transition continuation or more than one local tile correspondence,PRESERVE_UNKNOWN,,
584,525,-28928,-26240,-28800,-26112,GAP,withheld_gap,pending explicit design; preserve current cell,mapped/conflicting water transition within local seam context; banks not established,PRESERVE_UNKNOWN,,
587,528,-28544,-25856,-28416,-25728,GAP,withheld_gap,pending explicit design; preserve current cell,mapped/conflicting water transition within local seam context; banks not established,PRESERVE_UNKNOWN,,
588,528,-28416,-25856,-28288,-25728,GAP,withheld_gap,pending explicit design; preserve current cell,mapped/conflicting water transition within local seam context; banks not established,PRESERVE_UNKNOWN,,
586,529,-28672,-25728,-28544,-25600,GAP,withheld_gap,pending explicit design; preserve current cell,mapped/conflicting water transition within local seam context; banks not established,PRESERVE_UNKNOWN,,
587,529,-28544,-25728,-28416,-25600,GAP,withheld_gap,pending explicit design; preserve current cell,mapped/conflicting water transition within local seam context; banks not established,PRESERVE_UNKNOWN,,
585,530,-28800,-25600,-28672,-25472,GAP,withheld_gap,pending explicit design; preserve current cell,mapped/conflicting water transition within local seam context; banks not established,PRESERVE_UNKNOWN,,
586,530,-28672,-25600,-28544,-25472,GAP,withheld_gap,pending explicit design; preserve current cell,mapped/conflicting water transition within local seam context; banks not established,PRESERVE_UNKNOWN,,
584,531,-28928,-25472,-28800,-25344,GAP,withheld_gap,pending explicit design; preserve current cell,mapped/conflicting water transition within local seam context; banks not established,PRESERVE_UNKNOWN,,
585,531,-28800,-25472,-28672,-25344,GAP,withheld_gap,pending explicit design; preserve current cell,mapped/conflicting water transition within local seam context; banks not established,PRESERVE_UNKNOWN,,
585,532,-28800,-25344,-28672,-25216,GAP,withheld_gap,pending explicit design; preserve current cell,mapped/conflicting water transition within local seam context; banks not established,PRESERVE_UNKNOWN,,
585,533,-28800,-25216,-28672,-25088,GAP,withheld_gap,pending explicit design; preserve current cell,mapped/conflicting water transition within local seam context; banks not established,PRESERVE_UNKNOWN,,
1082,578,34816,-19456,34944,-19328,GAP,withheld_gap,pending explicit design; preserve current cell,unsupported/conflicting transition continuation or more than one local tile correspondence,PRESERVE_UNKNOWN,,
1083,578,34944,-19456,35072,-19328,GAP,withheld_gap,pending explicit design; preserve current cell,unsupported/conflicting transition continuation or more than one local tile correspondence,PRESERVE_UNKNOWN,,
1084,578,35072,-19456,35200,-19328,GAP,withheld_gap,pending explicit design; preserve current cell,unsupported/conflicting transition continuation or more than one local tile correspondence,PRESERVE_UNKNOWN,,
1085,578,35200,-19456,35328,-19328,GAP,withheld_gap,pending explicit design; preserve current cell,unsupported/conflicting transition continuation or more than one local tile correspondence,PRESERVE_UNKNOWN,,
1086,578,35328,-19456,35456,-19328,GAP,withheld_gap,pending explicit design; preserve current cell,unsupported/conflicting transition continuation or more than one local tile correspondence,PRESERVE_UNKNOWN,,
1085,579,35200,-19328,35328,-19200,GAP,withheld_gap,pending explicit design; preserve current cell,unsupported/conflicting transition continuation or more than one local tile correspondence,PRESERVE_UNKNOWN,,
1114,598,38912,-16896,39040,-16768,GAP,withheld_gap,pending explicit design; preserve current cell,same-biome seam reaches a different boundary pair; do not extrapolate biome ownership,PRESERVE_UNKNOWN,,
1114,599,38912,-16768,39040,-16640,GAP,withheld_gap,pending explicit design; preserve current cell,same-biome seam reaches a different boundary pair; do not extrapolate biome ownership,PRESERVE_UNKNOWN,,
1164,614,45312,-14848,45440,-14720,GAP,withheld_gap,pending explicit design; preserve current cell,unsupported/conflicting transition continuation or more than one local tile correspondence,PRESERVE_UNKNOWN,,
1165,615,45440,-14720,45568,-14592,GAP,withheld_gap,pending explicit design; preserve current cell,unsupported/conflicting transition continuation or more than one local tile correspondence,PRESERVE_UNKNOWN,,
636,632,-22272,-12544,-22144,-12416,GAP,withheld_gap,pending explicit design; preserve current cell,mapped/conflicting water transition within local seam context; banks not established,PRESERVE_UNKNOWN,,
637,632,-22144,-12544,-22016,-12416,GAP,withheld_gap,pending explicit design; preserve current cell,mapped/conflicting water transition within local seam context; banks not established,PRESERVE_UNKNOWN,,
638,632,-22016,-12544,-21888,-12416,GAP,withheld_gap,pending explicit design; preserve current cell,mapped/conflicting water transition within local seam context; banks not established,PRESERVE_UNKNOWN,,
602,633,-26624,-12416,-26496,-12288,GAP,withheld_gap,pending explicit design; preserve current cell,mapped/conflicting water transition within local seam context; banks not established,PRESERVE_UNKNOWN,,
638,633,-22016,-12416,-21888,-12288,GAP,withheld_gap,pending explicit design; preserve current cell,mapped/conflicting water transition within local seam context; banks not established,PRESERVE_UNKNOWN,,
1519,637,90752,-11904,90880,-11776,GAP,withheld_gap,pending explicit design; preserve current cell,mapped/conflicting water transition within local seam context; banks not established,PRESERVE_UNKNOWN,,
603,640,-26496,-11520,-26368,-11392,GAP,withheld_gap,pending explicit design; preserve current cell,unsupported/conflicting transition continuation or more than one local tile correspondence,PRESERVE_UNKNOWN,,
636,641,-22272,-11392,-22144,-11264,GAP,withheld_gap,pending explicit design; preserve current cell,mapped/conflicting water transition within local seam context; banks not established,PRESERVE_UNKNOWN,,
637,641,-22144,-11392,-22016,-11264,GAP,withheld_gap,pending explicit design; preserve current cell,mapped/conflicting water transition within local seam context; banks not established,PRESERVE_UNKNOWN,,
636,642,-22272,-11264,-22144,-11136,GAP,withheld_gap,pending explicit design; preserve current cell,mapped/conflicting water transition within local seam context; banks not established,PRESERVE_UNKNOWN,,
637,642,-22144,-11264,-22016,-11136,GAP,withheld_gap,pending explicit design; preserve current cell,mapped/conflicting water transition within local seam context; banks not established,PRESERVE_UNKNOWN,,
636,643,-22272,-11136,-22144,-11008,GAP,withheld_gap,pending explicit design; preserve current cell,topology unsafe; no nearby map transition,PRESERVE_UNKNOWN,,
637,643,-22144,-11136,-22016,-11008,GAP,withheld_gap,pending explicit design; preserve current cell,mapped/conflicting water transition within local seam context; banks not established,PRESERVE_UNKNOWN,,
638,643,-22016,-11136,-21888,-11008,GAP,withheld_gap,pending explicit design; preserve current cell,mapped/conflicting water transition within local seam context; banks not established,PRESERVE_UNKNOWN,,
607,644,-25984,-11008,-25856,-10880,GAP,withheld_gap,pending explicit design; preserve current cell,mapped/conflicting water transition within local seam context; banks not established,PRESERVE_UNKNOWN,,
636,644,-22272,-11008,-22144,-10880,GAP,withheld_gap,pending explicit design; preserve current cell,topology unsafe; no nearby map transition,PRESERVE_UNKNOWN,,
637,644,-22144,-11008,-22016,-10880,GAP,withheld_gap,pending explicit design; preserve current cell,"topology unsafe; transition demonstrably crosses existing tile interiors, not the tile boundary",PRESERVE_UNKNOWN,,
638,655,-22016,-9600,-21888,-9472,GAP,withheld_gap,pending explicit design; preserve current cell,unsupported/conflicting transition continuation or more than one local tile correspondence,PRESERVE_UNKNOWN,,
639,655,-21888,-9600,-21760,-9472,GAP,withheld_gap,pending explicit design; preserve current cell,unsupported/conflicting transition continuation or more than one local tile correspondence,PRESERVE_UNKNOWN,,
640,655,-21760,-9600,-21632,-9472,GAP,withheld_gap,pending explicit design; preserve current cell,unsupported/conflicting transition continuation or more than one local tile correspondence,PRESERVE_UNKNOWN,,
641,655,-21632,-9600,-21504,-9472,GAP,withheld_gap,pending explicit design; preserve current cell,unsupported/conflicting transition continuation or more than one local tile correspondence,PRESERVE_UNKNOWN,,
642,655,-21504,-9600,-21376,-9472,GAP,withheld_gap,pending explicit design; preserve current cell,unsupported/conflicting transition continuation or more than one local tile correspondence,PRESERVE_UNKNOWN,,
608,656,-25856,-9472,-25728,-9344,GAP,withheld_gap,pending explicit design; preserve current cell,mapped/conflicting water transition within local seam context; banks not established,PRESERVE_UNKNOWN,,
608,661,-25856,-8832,-25728,-8704,GAP,withheld_gap,pending explicit design; preserve current cell,mapped/conflicting water transition within local seam context; banks not established,PRESERVE_UNKNOWN,,
644,667,-21248,-8064,-21120,-7936,GAP,withheld_gap,pending explicit design; preserve current cell,mapped/conflicting water transition within local seam context; banks not established,PRESERVE_UNKNOWN,,
1456,668,82688,-7936,82816,-7808,GAP,withheld_gap,pending explicit design; preserve current cell,topology unsafe; four or more consistent original boundary edges on connected map transition; same-biome reach,PRESERVE_UNKNOWN,,
1359,671,70272,-7552,70400,-7424,GAP,withheld_gap,pending explicit design; preserve current cell,unsupported/conflicting transition continuation or more than one local tile correspondence,PRESERVE_UNKNOWN,,
1356,672,69888,-7424,70016,-7296,GAP,withheld_gap,pending explicit design; preserve current cell,unsupported/conflicting transition continuation or more than one local tile correspondence,PRESERVE_UNKNOWN,,
1358,672,70144,-7424,70272,-7296,GAP,withheld_gap,pending explicit design; preserve current cell,unsupported/conflicting transition continuation or more than one local tile correspondence,PRESERVE_UNKNOWN,,
645,673,-21120,-7296,-20992,-7168,GAP,withheld_gap,pending explicit design; preserve current cell,mapped/conflicting water transition within local seam context; banks not established,PRESERVE_UNKNOWN,,
1356,673,69888,-7296,70016,-7168,GAP,withheld_gap,pending explicit design; preserve current cell,unsupported/conflicting transition continuation or more than one local tile correspondence,PRESERVE_UNKNOWN,,
1357,673,70016,-7296,70144,-7168,GAP,withheld_gap,pending explicit design; preserve current cell,unsupported/conflicting transition continuation or more than one local tile correspondence,PRESERVE_UNKNOWN,,
1358,673,70144,-7296,70272,-7168,GAP,withheld_gap,pending explicit design; preserve current cell,unsupported/conflicting transition continuation or more than one local tile correspondence,PRESERVE_UNKNOWN,,
1359,673,70272,-7296,70400,-7168,GAP,withheld_gap,pending explicit design; preserve current cell,unsupported/conflicting transition continuation or more than one local tile correspondence,PRESERVE_UNKNOWN,,
645,674,-21120,-7168,-20992,-7040,GAP,withheld_gap,pending explicit design; preserve current cell,mapped/conflicting water transition within local seam context; banks not established,PRESERVE_UNKNOWN,,
1356,674,69888,-7168,70016,-7040,GAP,withheld_gap,pending explicit design; preserve current cell,unsupported/conflicting transition continuation or more than one local tile correspondence,PRESERVE_UNKNOWN,,
1357,674,70016,-7168,70144,-7040,GAP,withheld_gap,pending explicit design; preserve current cell,unsupported/conflicting transition continuation or more than one local tile correspondence,PRESERVE_UNKNOWN,,
1358,674,70144,-7168,70272,-7040,GAP,withheld_gap,pending explicit design; preserve current cell,unsupported/conflicting transition continuation or more than one local tile correspondence,PRESERVE_UNKNOWN,,
1359,674,70272,-7168,70400,-7040,GAP,withheld_gap,pending explicit design; preserve current cell,unsupported/conflicting transition continuation or more than one local tile correspondence,PRESERVE_UNKNOWN,,
1362,674,70656,-7168,70784,-7040,GAP,withheld_gap,pending explicit design; preserve current cell,unsupported/conflicting transition continuation or more than one local tile correspondence,PRESERVE_UNKNOWN,,
644,675,-21248,-7040,-21120,-6912,GAP,withheld_gap,pending explicit design; preserve current cell,unsupported/conflicting transition continuation or more than one local tile correspondence,PRESERVE_UNKNOWN,,
645,675,-21120,-7040,-20992,-6912,GAP,withheld_gap,pending explicit design; preserve current cell,unsupported/conflicting transition continuation or more than one local tile correspondence,PRESERVE_UNKNOWN,,
1357,675,70016,-7040,70144,-6912,GAP,withheld_gap,pending explicit design; preserve current cell,unsupported/conflicting transition continuation or more than one local tile correspondence,PRESERVE_UNKNOWN,,
1358,675,70144,-7040,70272,-6912,GAP,withheld_gap,pending explicit design; preserve current cell,unsupported/conflicting transition continuation or more than one local tile correspondence,PRESERVE_UNKNOWN,,
1359,675,70272,-7040,70400,-6912,GAP,withheld_gap,pending explicit design; preserve current cell,unsupported/conflicting transition continuation or more than one local tile correspondence,PRESERVE_UNKNOWN,,
1362,675,70656,-7040,70784,-6912,GAP,withheld_gap,pending explicit design; preserve current cell,unsupported/conflicting transition continuation or more than one local tile correspondence,PRESERVE_UNKNOWN,,
1363,675,70784,-7040,70912,-6912,GAP,withheld_gap,pending explicit design; preserve current cell,unsupported/conflicting transition continuation or more than one local tile correspondence,PRESERVE_UNKNOWN,,
1435,675,80000,-7040,80128,-6912,GAP,withheld_gap,pending explicit design; preserve current cell,mapped/conflicting water transition within local seam context; banks not established,PRESERVE_UNKNOWN,,
642,676,-21504,-6912,-21376,-6784,GAP,withheld_gap,pending explicit design; preserve current cell,topology unsafe; no nearby map transition,PRESERVE_UNKNOWN,,
643,676,-21376,-6912,-21248,-6784,GAP,withheld_gap,pending explicit design; preserve current cell,unsupported/conflicting transition continuation or more than one local tile correspondence,PRESERVE_UNKNOWN,,
644,676,-21248,-6912,-21120,-6784,GAP,withheld_gap,pending explicit design; preserve current cell,unsupported/conflicting transition continuation or more than one local tile correspondence,PRESERVE_UNKNOWN,,
1356,676,69888,-6912,70016,-6784,GAP,withheld_gap,pending explicit design; preserve current cell,unsupported/conflicting transition continuation or more than one local tile correspondence,PRESERVE_UNKNOWN,,
1357,676,70016,-6912,70144,-6784,GAP,withheld_gap,pending explicit design; preserve current cell,unsupported/conflicting transition continuation or more than one local tile correspondence,PRESERVE_UNKNOWN,,
1358,676,70144,-6912,70272,-6784,GAP,withheld_gap,pending explicit design; preserve current cell,unsupported/conflicting transition continuation or more than one local tile correspondence,PRESERVE_UNKNOWN,,
1359,676,70272,-6912,70400,-6784,GAP,withheld_gap,pending explicit design; preserve current cell,unsupported/conflicting transition continuation or more than one local tile correspondence,PRESERVE_UNKNOWN,,
1362,676,70656,-6912,70784,-6784,GAP,withheld_gap,pending explicit design; preserve current cell,unsupported/conflicting transition continuation or more than one local tile correspondence,PRESERVE_UNKNOWN,,
1363,676,70784,-6912,70912,-6784,GAP,withheld_gap,pending explicit design; preserve current cell,unsupported/conflicting transition continuation or more than one local tile correspondence,PRESERVE_UNKNOWN,,
1364,676,70912,-6912,71040,-6784,GAP,withheld_gap,pending explicit design; preserve current cell,unsupported/conflicting transition continuation or more than one local tile correspondence,PRESERVE_UNKNOWN,,
1420,676,78080,-6912,78208,-6784,GAP,withheld_gap,pending explicit design; preserve current cell,topology unsafe; four or more consistent original boundary edges on connected map transition; same-biome reach,PRESERVE_UNKNOWN,,
643,677,-21376,-6784,-21248,-6656,GAP,withheld_gap,pending explicit design; preserve current cell,unsupported/conflicting transition continuation or more than one local tile correspondence,PRESERVE_UNKNOWN,,
1356,677,69888,-6784,70016,-6656,GAP,withheld_gap,pending explicit design; preserve current cell,unsupported/conflicting transition continuation or more than one local tile correspondence,PRESERVE_UNKNOWN,,
1357,677,70016,-6784,70144,-6656,GAP,withheld_gap,pending explicit design; preserve current cell,unsupported/conflicting transition continuation or more than one local tile correspondence,PRESERVE_UNKNOWN,,
1358,677,70144,-6784,70272,-6656,GAP,withheld_gap,pending explicit design; preserve current cell,unsupported/conflicting transition continuation or more than one local tile correspondence,PRESERVE_UNKNOWN,,
1359,677,70272,-6784,70400,-6656,GAP,withheld_gap,pending explicit design; preserve current cell,unsupported/conflicting transition continuation or more than one local tile correspondence,PRESERVE_UNKNOWN,,
1362,677,70656,-6784,70784,-6656,GAP,withheld_gap,pending explicit design; preserve current cell,unsupported/conflicting transition continuation or more than one local tile correspondence,PRESERVE_UNKNOWN,,
1363,677,70784,-6784,70912,-6656,GAP,withheld_gap,pending explicit design; preserve current cell,unsupported/conflicting transition continuation or more than one local tile correspondence,PRESERVE_UNKNOWN,,
1364,677,70912,-6784,71040,-6656,GAP,withheld_gap,pending explicit design; preserve current cell,unsupported/conflicting transition continuation or more than one local tile correspondence,PRESERVE_UNKNOWN,,
1365,677,71040,-6784,71168,-6656,GAP,withheld_gap,pending explicit design; preserve current cell,unsupported/conflicting transition continuation or more than one local tile correspondence,PRESERVE_UNKNOWN,,
1356,678,69888,-6656,70016,-6528,GAP,withheld_gap,pending explicit design; preserve current cell,unsupported/conflicting transition continuation or more than one local tile correspondence,PRESERVE_UNKNOWN,,
1357,678,70016,-6656,70144,-6528,GAP,withheld_gap,pending explicit design; preserve current cell,unsupported/conflicting transition continuation or more than one local tile correspondence,PRESERVE_UNKNOWN,,
1359,678,70272,-6656,70400,-6528,GAP,withheld_gap,pending explicit design; preserve current cell,unsupported/conflicting transition continuation or more than one local tile correspondence,PRESERVE_UNKNOWN,,
1362,678,70656,-6656,70784,-6528,GAP,withheld_gap,pending explicit design; preserve current cell,unsupported/conflicting transition continuation or more than one local tile correspondence,PRESERVE_UNKNOWN,,
1363,678,70784,-6656,70912,-6528,GAP,withheld_gap,pending explicit design; preserve current cell,unsupported/conflicting transition continuation or more than one local tile correspondence,PRESERVE_UNKNOWN,,
1364,678,70912,-6656,71040,-6528,GAP,withheld_gap,pending explicit design; preserve current cell,unsupported/conflicting transition continuation or more than one local tile correspondence,PRESERVE_UNKNOWN,,
1365,678,71040,-6656,71168,-6528,GAP,withheld_gap,pending explicit design; preserve current cell,unsupported/conflicting transition continuation or more than one local tile correspondence,PRESERVE_UNKNOWN,,
1356,679,69888,-6528,70016,-6400,GAP,withheld_gap,pending explicit design; preserve current cell,unsupported/conflicting transition continuation or more than one local tile correspondence,PRESERVE_UNKNOWN,,
1359,679,70272,-6528,70400,-6400,GAP,withheld_gap,pending explicit design; preserve current cell,unsupported/conflicting transition continuation or more than one local tile correspondence,PRESERVE_UNKNOWN,,
1362,679,70656,-6528,70784,-6400,GAP,withheld_gap,pending explicit design; preserve current cell,unsupported/conflicting transition continuation or more than one local tile correspondence,PRESERVE_UNKNOWN,,
1363,679,70784,-6528,70912,-6400,GAP,withheld_gap,pending explicit design; preserve current cell,unsupported/conflicting transition continuation or more than one local tile correspondence,PRESERVE_UNKNOWN,,
1434,680,79872,-6400,80000,-6272,GAP,withheld_gap,pending explicit design; preserve current cell,mapped/conflicting water transition within local seam context; banks not established,PRESERVE_UNKNOWN,,
1433,681,79744,-6272,79872,-6144,GAP,withheld_gap,pending explicit design; preserve current cell,mapped/conflicting water transition within local seam context; banks not established,PRESERVE_UNKNOWN,,
1434,681,79872,-6272,80000,-6144,GAP,withheld_gap,pending explicit design; preserve current cell,mapped/conflicting water transition within local seam context; banks not established,PRESERVE_UNKNOWN,,
1434,682,79872,-6144,80000,-6016,GAP,withheld_gap,pending explicit design; preserve current cell,mapped/conflicting water transition within local seam context; banks not established,PRESERVE_UNKNOWN,,
1420,684,78080,-5888,78208,-5760,GAP,withheld_gap,pending explicit design; preserve current cell,topology unsafe; four or more consistent original boundary edges on connected map transition; same-biome reach,PRESERVE_UNKNOWN,,
1210,699,51200,-3968,51328,-3840,GAP,withheld_gap,pending explicit design; preserve current cell,mapped/conflicting water transition within local seam context; banks not established,PRESERVE_UNKNOWN,,
1211,699,51328,-3968,51456,-3840,GAP,withheld_gap,pending explicit design; preserve current cell,mapped/conflicting water transition within local seam context; banks not established,PRESERVE_UNKNOWN,,
1209,700,51072,-3840,51200,-3712,GAP,withheld_gap,pending explicit design; preserve current cell,mapped/conflicting water transition within local seam context; banks not established,PRESERVE_UNKNOWN,,
1210,700,51200,-3840,51328,-3712,GAP,withheld_gap,pending explicit design; preserve current cell,mapped/conflicting water transition within local seam context; banks not established,PRESERVE_UNKNOWN,,
1211,700,51328,-3840,51456,-3712,GAP,withheld_gap,pending explicit design; preserve current cell,mapped/conflicting water transition within local seam context; banks not established,PRESERVE_UNKNOWN,,
1202,710,50176,-2560,50304,-2432,GAP,withheld_gap,pending explicit design; preserve current cell,mapped/conflicting water transition within local seam context; banks not established,PRESERVE_UNKNOWN,,
1203,710,50304,-2560,50432,-2432,GAP,withheld_gap,pending explicit design; preserve current cell,mapped/conflicting water transition within local seam context; banks not established,PRESERVE_UNKNOWN,,
1237,710,54656,-2560,54784,-2432,GAP,withheld_gap,pending explicit design; preserve current cell,topology unsafe; four or more consistent original boundary edges on connected map transition; same-biome reach,PRESERVE_UNKNOWN,,
1201,711,50048,-2432,50176,-2304,GAP,withheld_gap,pending explicit design; preserve current cell,mapped/conflicting water transition within local seam context; banks not established,PRESERVE_UNKNOWN,,
1202,711,50176,-2432,50304,-2304,GAP,withheld_gap,pending explicit design; preserve current cell,mapped/conflicting water transition within local seam context; banks not established,PRESERVE_UNKNOWN,,
1238,711,54784,-2432,54912,-2304,GAP,withheld_gap,pending explicit design; preserve current cell,topology unsafe; four or more consistent original boundary edges on connected map transition; same-biome reach,PRESERVE_UNKNOWN,,
1201,712,50048,-2304,50176,-2176,GAP,withheld_gap,pending explicit design; preserve current cell,mapped/conflicting water transition within local seam context; banks not established,PRESERVE_UNKNOWN,,
1239,712,54912,-2304,55040,-2176,GAP,withheld_gap,pending explicit design; preserve current cell,topology unsafe; four or more consistent original boundary edges on connected map transition; same-biome reach,PRESERVE_UNKNOWN,,
1240,713,55040,-2176,55168,-2048,GAP,withheld_gap,pending explicit design; preserve current cell,topology unsafe; four or more consistent original boundary edges on connected map transition; same-biome reach,PRESERVE_UNKNOWN,,
685,716,-16000,-1792,-15872,-1664,GAP,withheld_gap,pending explicit design; preserve current cell,mapped/conflicting water transition within local seam context; banks not established,PRESERVE_UNKNOWN,,
1083,735,34944,640,35072,768,GAP,protected_control,protected control,R1 protected unclassified gap,PRESERVE_UNKNOWN,,
678,768,-16896,4864,-16768,4992,GAP,withheld_gap,pending explicit design; preserve current cell,mapped/conflicting water transition within local seam context; banks not established,PRESERVE_UNKNOWN,,
682,772,-16384,5376,-16256,5504,GAP,withheld_gap,pending explicit design; preserve current cell,unsupported/conflicting transition continuation or more than one local tile correspondence,PRESERVE_UNKNOWN,,
1181,848,47488,15104,47616,15232,GAP,withheld_gap,pending explicit design; preserve current cell,unsupported/conflicting transition continuation or more than one local tile correspondence,PRESERVE_UNKNOWN,,
1182,848,47616,15104,47744,15232,GAP,withheld_gap,pending explicit design; preserve current cell,unsupported/conflicting transition continuation or more than one local tile correspondence,PRESERVE_UNKNOWN,,
1181,849,47488,15232,47616,15360,GAP,withheld_gap,pending explicit design; preserve current cell,unsupported/conflicting transition continuation or more than one local tile correspondence,PRESERVE_UNKNOWN,,
1182,849,47616,15232,47744,15360,GAP,withheld_gap,pending explicit design; preserve current cell,unsupported/conflicting transition continuation or more than one local tile correspondence,PRESERVE_UNKNOWN,,
1183,849,47744,15232,47872,15360,GAP,withheld_gap,pending explicit design; preserve current cell,unsupported/conflicting transition continuation or more than one local tile correspondence,PRESERVE_UNKNOWN,,
1181,850,47488,15360,47616,15488,GAP,withheld_gap,pending explicit design; preserve current cell,unsupported/conflicting transition continuation or more than one local tile correspondence,PRESERVE_UNKNOWN,,
1182,850,47616,15360,47744,15488,GAP,withheld_gap,pending explicit design; preserve current cell,unsupported/conflicting transition continuation or more than one local tile correspondence,PRESERVE_UNKNOWN,,
1183,850,47744,15360,47872,15488,GAP,withheld_gap,pending explicit design; preserve current cell,unsupported/conflicting transition continuation or more than one local tile correspondence,PRESERVE_UNKNOWN,,
1184,850,47872,15360,48000,15488,GAP,withheld_gap,pending explicit design; preserve current cell,unsupported/conflicting transition continuation or more than one local tile correspondence,PRESERVE_UNKNOWN,,
1181,851,47488,15488,47616,15616,GAP,withheld_gap,pending explicit design; preserve current cell,unsupported/conflicting transition continuation or more than one local tile correspondence,PRESERVE_UNKNOWN,,
1182,851,47616,15488,47744,15616,GAP,withheld_gap,pending explicit design; preserve current cell,unsupported/conflicting transition continuation or more than one local tile correspondence,PRESERVE_UNKNOWN,,
1183,851,47744,15488,47872,15616,GAP,withheld_gap,pending explicit design; preserve current cell,unsupported/conflicting transition continuation or more than one local tile correspondence,PRESERVE_UNKNOWN,,
1167,855,45696,16000,45824,16128,GAP,withheld_gap,pending explicit design; preserve current cell,unsupported/conflicting transition continuation or more than one local tile correspondence,PRESERVE_UNKNOWN,,
1144,863,42752,17024,42880,17152,GAP,withheld_gap,pending explicit design; preserve current cell,unsupported/conflicting transition continuation or more than one local tile correspondence,PRESERVE_UNKNOWN,,
1144,864,42752,17152,42880,17280,GAP,withheld_gap,pending explicit design; preserve current cell,unsupported/conflicting transition continuation or more than one local tile correspondence,PRESERVE_UNKNOWN,,
1145,864,42880,17152,43008,17280,GAP,withheld_gap,pending explicit design; preserve current cell,unsupported/conflicting transition continuation or more than one local tile correspondence,PRESERVE_UNKNOWN,,
1190,864,48640,17152,48768,17280,GAP,withheld_gap,pending explicit design; preserve current cell,unsupported/conflicting transition continuation or more than one local tile correspondence,PRESERVE_UNKNOWN,,
1144,865,42752,17280,42880,17408,GAP,withheld_gap,pending explicit design; preserve current cell,unsupported/conflicting transition continuation or more than one local tile correspondence,PRESERVE_UNKNOWN,,
1145,865,42880,17280,43008,17408,GAP,withheld_gap,pending explicit design; preserve current cell,unsupported/conflicting transition continuation or more than one local tile correspondence,PRESERVE_UNKNOWN,,
1146,865,43008,17280,43136,17408,GAP,withheld_gap,pending explicit design; preserve current cell,topology unsafe; no nearby map transition,PRESERVE_UNKNOWN,,
1190,865,48640,17280,48768,17408,GAP,withheld_gap,pending explicit design; preserve current cell,unsupported/conflicting transition continuation or more than one local tile correspondence,PRESERVE_UNKNOWN,,
1192,865,48896,17280,49024,17408,GAP,withheld_gap,pending explicit design; preserve current cell,unsupported/conflicting transition continuation or more than one local tile correspondence,PRESERVE_UNKNOWN,,
1144,866,42752,17408,42880,17536,GAP,withheld_gap,pending explicit design; preserve current cell,unsupported/conflicting transition continuation or more than one local tile correspondence,PRESERVE_UNKNOWN,,
1145,866,42880,17408,43008,17536,GAP,withheld_gap,pending explicit design; preserve current cell,unsupported/conflicting transition continuation or more than one local tile correspondence,PRESERVE_UNKNOWN,,
1144,867,42752,17536,42880,17664,GAP,withheld_gap,pending explicit design; preserve current cell,unsupported/conflicting transition continuation or more than one local tile correspondence,PRESERVE_UNKNOWN,,
1169,868,45952,17664,46080,17792,GAP,withheld_gap,pending explicit design; preserve current cell,unsupported/conflicting transition continuation or more than one local tile correspondence,PRESERVE_UNKNOWN,,
1170,868,46080,17664,46208,17792,GAP,withheld_gap,pending explicit design; preserve current cell,unsupported/conflicting transition continuation or more than one local tile correspondence,PRESERVE_UNKNOWN,,
1171,869,46208,17792,46336,17920,GAP,withheld_gap,pending explicit design; preserve current cell,unsupported/conflicting transition continuation or more than one local tile correspondence,PRESERVE_UNKNOWN,,
1172,870,46336,17920,46464,18048,GAP,withheld_gap,pending explicit design; preserve current cell,unsupported/conflicting transition continuation or more than one local tile correspondence,PRESERVE_UNKNOWN,,
1173,871,46464,18048,46592,18176,GAP,withheld_gap,pending explicit design; preserve current cell,unsupported/conflicting transition continuation or more than one local tile correspondence,PRESERVE_UNKNOWN,,
1174,872,46592,18176,46720,18304,GAP,withheld_gap,pending explicit design; preserve current cell,unsupported/conflicting transition continuation or more than one local tile correspondence,PRESERVE_UNKNOWN,,
1122,924,39936,24832,40064,24960,GAP,withheld_gap,pending explicit design; preserve current cell,unsupported/conflicting transition continuation or more than one local tile correspondence,PRESERVE_UNKNOWN,,
1121,925,39808,24960,39936,25088,GAP,withheld_gap,pending explicit design; preserve current cell,unsupported/conflicting transition continuation or more than one local tile correspondence,PRESERVE_UNKNOWN,,
1120,926,39680,25088,39808,25216,GAP,withheld_gap,pending explicit design; preserve current cell,unsupported/conflicting transition continuation or more than one local tile correspondence,PRESERVE_UNKNOWN,,
1118,928,39424,25344,39552,25472,GAP,withheld_gap,pending explicit design; preserve current cell,unsupported/conflicting transition continuation or more than one local tile correspondence,PRESERVE_UNKNOWN,,
2454,928,210432,25344,210560,25472,GAP,withheld_gap,pending explicit design; preserve current cell,mapped/conflicting water transition within local seam context; banks not established,PRESERVE_UNKNOWN,,
734,934,-9728,26112,-9600,26240,GAP,withheld_gap,pending explicit design; preserve current cell,mapped/conflicting water transition within local seam context; banks not established,PRESERVE_UNKNOWN,,
1075,977,33920,31616,34048,31744,GAP,withheld_gap,pending explicit design; preserve current cell,unsupported/conflicting transition continuation or more than one local tile correspondence,PRESERVE_UNKNOWN,,
1074,978,33792,31744,33920,31872,GAP,withheld_gap,pending explicit design; preserve current cell,unsupported/conflicting transition continuation or more than one local tile correspondence,PRESERVE_UNKNOWN,,
1075,978,33920,31744,34048,31872,GAP,withheld_gap,pending explicit design; preserve current cell,unsupported/conflicting transition continuation or more than one local tile correspondence,PRESERVE_UNKNOWN,,
1075,979,33920,31872,34048,32000,GAP,withheld_gap,pending explicit design; preserve current cell,unsupported/conflicting transition continuation or more than one local tile correspondence,PRESERVE_UNKNOWN,,
1074,980,33792,32000,33920,32128,GAP,withheld_gap,pending explicit design; preserve current cell,unsupported/conflicting transition continuation or more than one local tile correspondence,PRESERVE_UNKNOWN,,
1075,980,33920,32000,34048,32128,GAP,withheld_gap,pending explicit design; preserve current cell,unsupported/conflicting transition continuation or more than one local tile correspondence,PRESERVE_UNKNOWN,,
1075,981,33920,32128,34048,32256,GAP,withheld_gap,pending explicit design; preserve current cell,unsupported/conflicting transition continuation or more than one local tile correspondence,PRESERVE_UNKNOWN,,
1075,982,33920,32256,34048,32384,GAP,withheld_gap,pending explicit design; preserve current cell,unsupported/conflicting transition continuation or more than one local tile correspondence,PRESERVE_UNKNOWN,,
1071,983,33408,32384,33536,32512,GAP,withheld_gap,pending explicit design; preserve current cell,unsupported/conflicting transition continuation or more than one local tile correspondence,PRESERVE_UNKNOWN,,
1075,983,33920,32384,34048,32512,GAP,withheld_gap,pending explicit design; preserve current cell,unsupported/conflicting transition continuation or more than one local tile correspondence,PRESERVE_UNKNOWN,,
1081,1006,34688,35328,34816,35456,GAP,withheld_gap,pending explicit design; preserve current cell,unsupported/conflicting transition continuation or more than one local tile correspondence,PRESERVE_UNKNOWN,,
2520,1010,218880,35840,219008,35968,GAP,withheld_gap,pending explicit design; preserve current cell,mapped/conflicting water transition within local seam context; banks not established,PRESERVE_UNKNOWN,,
2517,1013,218496,36224,218624,36352,GAP,withheld_gap,pending explicit design; preserve current cell,mapped/conflicting water transition within local seam context; banks not established,PRESERVE_UNKNOWN,,
1976,1018,149248,36864,149376,36992,GAP,withheld_gap,pending explicit design; preserve current cell,mapped/conflicting water transition within local seam context; banks not established,PRESERVE_UNKNOWN,,
1986,1018,150528,36864,150656,36992,GAP,withheld_gap,pending explicit design; preserve current cell,topology unsafe; four or more consistent original boundary edges on connected map transition; same-biome reach,PRESERVE_UNKNOWN,,
1986,1019,150528,36992,150656,37120,GAP,withheld_gap,pending explicit design; preserve current cell,topology unsafe; four or more consistent original boundary edges on connected map transition; same-biome reach,PRESERVE_UNKNOWN,,
849,1027,4992,38016,5120,38144,GAP,withheld_gap,pending explicit design; preserve current cell,mapped/conflicting water transition within local seam context; banks not established,PRESERVE_UNKNOWN,,
848,1028,4864,38144,4992,38272,GAP,withheld_gap,pending explicit design; preserve current cell,mapped/conflicting water transition within local seam context; banks not established,PRESERVE_UNKNOWN,,
855,1029,5760,38272,5888,38400,GAP,withheld_gap,pending explicit design; preserve current cell,mapped/conflicting water transition within local seam context; banks not established,PRESERVE_UNKNOWN,,
856,1029,5888,38272,6016,38400,GAP,withheld_gap,pending explicit design; preserve current cell,mapped/conflicting water transition within local seam context; banks not established,PRESERVE_UNKNOWN,,
1138,1041,41984,39808,42112,39936,GAP,withheld_gap,pending explicit design; preserve current cell,unsupported/conflicting transition continuation or more than one local tile correspondence,PRESERVE_UNKNOWN,,
1137,1042,41856,39936,41984,40064,GAP,withheld_gap,pending explicit design; preserve current cell,unsupported/conflicting transition continuation or more than one local tile correspondence,PRESERVE_UNKNOWN,,
1138,1042,41984,39936,42112,40064,GAP,withheld_gap,pending explicit design; preserve current cell,unsupported/conflicting transition continuation or more than one local tile correspondence,PRESERVE_UNKNOWN,,
1137,1043,41856,40064,41984,40192,GAP,withheld_gap,pending explicit design; preserve current cell,unsupported/conflicting transition continuation or more than one local tile correspondence,PRESERVE_UNKNOWN,,
1091,1072,35968,43776,36096,43904,GAP,withheld_gap,pending explicit design; preserve current cell,unsupported/conflicting transition continuation or more than one local tile correspondence,PRESERVE_UNKNOWN,,
1090,1073,35840,43904,35968,44032,GAP,withheld_gap,pending explicit design; preserve current cell,unsupported/conflicting transition continuation or more than one local tile correspondence,PRESERVE_UNKNOWN,,
1121,1104,39808,47872,39936,48000,GAP,withheld_gap,pending explicit design; preserve current cell,unsupported/conflicting transition continuation or more than one local tile correspondence,PRESERVE_UNKNOWN,,
1125,1108,40320,48384,40448,48512,GAP,withheld_gap,pending explicit design; preserve current cell,unsupported/conflicting transition continuation or more than one local tile correspondence,PRESERVE_UNKNOWN,,
1134,1117,41472,49536,41600,49664,GAP,withheld_gap,pending explicit design; preserve current cell,unsupported/conflicting transition continuation or more than one local tile correspondence,PRESERVE_UNKNOWN,,
1135,1117,41600,49536,41728,49664,GAP,withheld_gap,pending explicit design; preserve current cell,unsupported/conflicting transition continuation or more than one local tile correspondence,PRESERVE_UNKNOWN,,
1136,1117,41728,49536,41856,49664,GAP,withheld_gap,pending explicit design; preserve current cell,unsupported/conflicting transition continuation or more than one local tile correspondence,PRESERVE_UNKNOWN,,
1137,1117,41856,49536,41984,49664,GAP,withheld_gap,pending explicit design; preserve current cell,unsupported/conflicting transition continuation or more than one local tile correspondence,PRESERVE_UNKNOWN,,
1138,1117,41984,49536,42112,49664,GAP,withheld_gap,pending explicit design; preserve current cell,unsupported/conflicting transition continuation or more than one local tile correspondence,PRESERVE_UNKNOWN,,
1139,1117,42112,49536,42240,49664,GAP,withheld_gap,pending explicit design; preserve current cell,unsupported/conflicting transition continuation or more than one local tile correspondence,PRESERVE_UNKNOWN,,
1140,1117,42240,49536,42368,49664,GAP,withheld_gap,pending explicit design; preserve current cell,unsupported/conflicting transition continuation or more than one local tile correspondence,PRESERVE_UNKNOWN,,
1141,1117,42368,49536,42496,49664,GAP,withheld_gap,pending explicit design; preserve current cell,unsupported/conflicting transition continuation or more than one local tile correspondence,PRESERVE_UNKNOWN,,
1341,1121,67968,50048,68096,50176,GAP,withheld_gap,pending explicit design; preserve current cell,mapped/conflicting water transition within local seam context; banks not established,PRESERVE_UNKNOWN,,
1363,1128,70784,50944,70912,51072,GAP,withheld_gap,pending explicit design; preserve current cell,unsupported/conflicting transition continuation or more than one local tile correspondence,PRESERVE_UNKNOWN,,
1364,1128,70912,50944,71040,51072,GAP,withheld_gap,pending explicit design; preserve current cell,unsupported/conflicting transition continuation or more than one local tile correspondence,PRESERVE_UNKNOWN,,
1365,1128,71040,50944,71168,51072,GAP,withheld_gap,pending explicit design; preserve current cell,unsupported/conflicting transition continuation or more than one local tile correspondence,PRESERVE_UNKNOWN,,
1366,1128,71168,50944,71296,51072,GAP,withheld_gap,pending explicit design; preserve current cell,unsupported/conflicting transition continuation or more than one local tile correspondence,PRESERVE_UNKNOWN,,
1367,1128,71296,50944,71424,51072,GAP,withheld_gap,pending explicit design; preserve current cell,unsupported/conflicting transition continuation or more than one local tile correspondence,PRESERVE_UNKNOWN,,
1368,1128,71424,50944,71552,51072,GAP,withheld_gap,pending explicit design; preserve current cell,unsupported/conflicting transition continuation or more than one local tile correspondence,PRESERVE_UNKNOWN,,
1363,1129,70784,51072,70912,51200,GAP,withheld_gap,pending explicit design; preserve current cell,unsupported/conflicting transition continuation or more than one local tile correspondence,PRESERVE_UNKNOWN,,
1364,1129,70912,51072,71040,51200,GAP,withheld_gap,pending explicit design; preserve current cell,unsupported/conflicting transition continuation or more than one local tile correspondence,PRESERVE_UNKNOWN,,
1365,1129,71040,51072,71168,51200,GAP,withheld_gap,pending explicit design; preserve current cell,unsupported/conflicting transition continuation or more than one local tile correspondence,PRESERVE_UNKNOWN,,
1366,1129,71168,51072,71296,51200,GAP,withheld_gap,pending explicit design; preserve current cell,unsupported/conflicting transition continuation or more than one local tile correspondence,PRESERVE_UNKNOWN,,
1367,1129,71296,51072,71424,51200,GAP,withheld_gap,pending explicit design; preserve current cell,unsupported/conflicting transition continuation or more than one local tile correspondence,PRESERVE_UNKNOWN,,
1368,1129,71424,51072,71552,51200,GAP,withheld_gap,pending explicit design; preserve current cell,unsupported/conflicting transition continuation or more than one local tile correspondence,PRESERVE_UNKNOWN,,
1844,1131,132352,51328,132480,51456,GAP,withheld_gap,pending explicit design; preserve current cell,unsupported/conflicting transition continuation or more than one local tile correspondence,PRESERVE_UNKNOWN,,
1322,1132,65536,51456,65664,51584,GAP,withheld_gap,pending explicit design; preserve current cell,unsupported/conflicting transition continuation or more than one local tile correspondence,PRESERVE_UNKNOWN,,
1323,1132,65664,51456,65792,51584,GAP,withheld_gap,pending explicit design; preserve current cell,unsupported/conflicting transition continuation or more than one local tile correspondence,PRESERVE_UNKNOWN,,
1324,1132,65792,51456,65920,51584,GAP,withheld_gap,pending explicit design; preserve current cell,unsupported/conflicting transition continuation or more than one local tile correspondence,PRESERVE_UNKNOWN,,
1325,1132,65920,51456,66048,51584,GAP,withheld_gap,pending explicit design; preserve current cell,unsupported/conflicting transition continuation or more than one local tile correspondence,PRESERVE_UNKNOWN,,
1326,1132,66048,51456,66176,51584,GAP,withheld_gap,pending explicit design; preserve current cell,unsupported/conflicting transition continuation or more than one local tile correspondence,PRESERVE_UNKNOWN,,
1327,1132,66176,51456,66304,51584,GAP,withheld_gap,pending explicit design; preserve current cell,unsupported/conflicting transition continuation or more than one local tile correspondence,PRESERVE_UNKNOWN,,
1357,1132,70016,51456,70144,51584,GAP,withheld_gap,pending explicit design; preserve current cell,mapped/conflicting water transition within local seam context; banks not established,PRESERVE_UNKNOWN,,
1844,1132,132352,51456,132480,51584,GAP,withheld_gap,pending explicit design; preserve current cell,unsupported/conflicting transition continuation or more than one local tile correspondence,PRESERVE_UNKNOWN,,
1324,1133,65792,51584,65920,51712,GAP,withheld_gap,pending explicit design; preserve current cell,unsupported/conflicting transition continuation or more than one local tile correspondence,PRESERVE_UNKNOWN,,
1325,1133,65920,51584,66048,51712,GAP,withheld_gap,pending explicit design; preserve current cell,unsupported/conflicting transition continuation or more than one local tile correspondence,PRESERVE_UNKNOWN,,
1326,1133,66048,51584,66176,51712,GAP,withheld_gap,pending explicit design; preserve current cell,unsupported/conflicting transition continuation or more than one local tile correspondence,PRESERVE_UNKNOWN,,
1844,1133,132352,51584,132480,51712,GAP,withheld_gap,pending explicit design; preserve current cell,unsupported/conflicting transition continuation or more than one local tile correspondence,PRESERVE_UNKNOWN,,
1323,1134,65664,51712,65792,51840,GAP,withheld_gap,pending explicit design; preserve current cell,unsupported/conflicting transition continuation or more than one local tile correspondence,PRESERVE_UNKNOWN,,
1324,1134,65792,51712,65920,51840,GAP,withheld_gap,pending explicit design; preserve current cell,unsupported/conflicting transition continuation or more than one local tile correspondence,PRESERVE_UNKNOWN,,
1325,1134,65920,51712,66048,51840,GAP,withheld_gap,pending explicit design; preserve current cell,unsupported/conflicting transition continuation or more than one local tile correspondence,PRESERVE_UNKNOWN,,
1340,1134,67840,51712,67968,51840,GAP,withheld_gap,pending explicit design; preserve current cell,unsupported/conflicting transition continuation or more than one local tile correspondence,PRESERVE_UNKNOWN,,
1844,1134,132352,51712,132480,51840,GAP,withheld_gap,pending explicit design; preserve current cell,unsupported/conflicting transition continuation or more than one local tile correspondence,PRESERVE_UNKNOWN,,
1324,1135,65792,51840,65920,51968,GAP,withheld_gap,pending explicit design; preserve current cell,unsupported/conflicting transition continuation or more than one local tile correspondence,PRESERVE_UNKNOWN,,
1341,1135,67968,51840,68096,51968,GAP,withheld_gap,pending explicit design; preserve current cell,unsupported/conflicting transition continuation or more than one local tile correspondence,PRESERVE_UNKNOWN,,
1853,1135,133504,51840,133632,51968,GAP,withheld_gap,pending explicit design; preserve current cell,mapped/conflicting water transition within local seam context; banks not established,PRESERVE_UNKNOWN,,
1853,1136,133504,51968,133632,52096,GAP,withheld_gap,pending explicit design; preserve current cell,mapped/conflicting water transition within local seam context; banks not established,PRESERVE_UNKNOWN,,
1853,1137,133504,52096,133632,52224,GAP,withheld_gap,pending explicit design; preserve current cell,mapped/conflicting water transition within local seam context; banks not established,PRESERVE_UNKNOWN,,
872,1138,7936,52224,8064,52352,GAP,withheld_gap,pending explicit design; preserve current cell,mapped/conflicting water transition within local seam context; banks not established,PRESERVE_UNKNOWN,,
1170,1146,46080,53248,46208,53376,GAP,withheld_gap,pending explicit design; preserve current cell,unsupported/conflicting transition continuation or more than one local tile correspondence,PRESERVE_UNKNOWN,,
1457,1146,82816,53248,82944,53376,GAP,withheld_gap,pending explicit design; preserve current cell,unsupported/conflicting transition continuation or more than one local tile correspondence,PRESERVE_UNKNOWN,,
1461,1146,83328,53248,83456,53376,GAP,withheld_gap,pending explicit design; preserve current cell,unsupported/conflicting transition continuation or more than one local tile correspondence,PRESERVE_UNKNOWN,,
1465,1146,83840,53248,83968,53376,GAP,withheld_gap,pending explicit design; preserve current cell,unsupported/conflicting transition continuation or more than one local tile correspondence,PRESERVE_UNKNOWN,,
1170,1147,46080,53376,46208,53504,GAP,withheld_gap,pending explicit design; preserve current cell,unsupported/conflicting transition continuation or more than one local tile correspondence,PRESERVE_UNKNOWN,,
1171,1147,46208,53376,46336,53504,GAP,withheld_gap,pending explicit design; preserve current cell,unsupported/conflicting transition continuation or more than one local tile correspondence,PRESERVE_UNKNOWN,,
1456,1147,82688,53376,82816,53504,GAP,withheld_gap,pending explicit design; preserve current cell,unsupported/conflicting transition continuation or more than one local tile correspondence,PRESERVE_UNKNOWN,,
1457,1147,82816,53376,82944,53504,GAP,withheld_gap,pending explicit design; preserve current cell,unsupported/conflicting transition continuation or more than one local tile correspondence,PRESERVE_UNKNOWN,,
1465,1147,83840,53376,83968,53504,GAP,withheld_gap,pending explicit design; preserve current cell,unsupported/conflicting transition continuation or more than one local tile correspondence,PRESERVE_UNKNOWN,,
1455,1148,82560,53504,82688,53632,GAP,withheld_gap,pending explicit design; preserve current cell,unsupported/conflicting transition continuation or more than one local tile correspondence,PRESERVE_UNKNOWN,,
1456,1148,82688,53504,82816,53632,GAP,withheld_gap,pending explicit design; preserve current cell,unsupported/conflicting transition continuation or more than one local tile correspondence,PRESERVE_UNKNOWN,,
1465,1148,83840,53504,83968,53632,GAP,withheld_gap,pending explicit design; preserve current cell,unsupported/conflicting transition continuation or more than one local tile correspondence,PRESERVE_UNKNOWN,,
1171,1149,46208,53632,46336,53760,GAP,withheld_gap,pending explicit design; preserve current cell,mapped/conflicting water transition within local seam context; banks not established,PRESERVE_UNKNOWN,,
1455,1149,82560,53632,82688,53760,GAP,withheld_gap,pending explicit design; preserve current cell,unsupported/conflicting transition continuation or more than one local tile correspondence,PRESERVE_UNKNOWN,,
1464,1149,83712,53632,83840,53760,GAP,withheld_gap,pending explicit design; preserve current cell,unsupported/conflicting transition continuation or more than one local tile correspondence,PRESERVE_UNKNOWN,,
1465,1149,83840,53632,83968,53760,GAP,withheld_gap,pending explicit design; preserve current cell,unsupported/conflicting transition continuation or more than one local tile correspondence,PRESERVE_UNKNOWN,,
1105,1150,37760,53760,37888,53888,GAP,withheld_gap,pending explicit design; preserve current cell,mapped/conflicting water transition within local seam context; banks not established,PRESERVE_UNKNOWN,,
1170,1150,46080,53760,46208,53888,GAP,withheld_gap,pending explicit design; preserve current cell,mapped/conflicting water transition within local seam context; banks not established,PRESERVE_UNKNOWN,,
1171,1150,46208,53760,46336,53888,GAP,withheld_gap,pending explicit design; preserve current cell,mapped/conflicting water transition within local seam context; banks not established,PRESERVE_UNKNOWN,,
1465,1150,83840,53760,83968,53888,GAP,withheld_gap,pending explicit design; preserve current cell,unsupported/conflicting transition continuation or more than one local tile correspondence,PRESERVE_UNKNOWN,,
1170,1151,46080,53888,46208,54016,GAP,withheld_gap,pending explicit design; preserve current cell,mapped/conflicting water transition within local seam context; banks not established,PRESERVE_UNKNOWN,,
1171,1151,46208,53888,46336,54016,GAP,withheld_gap,pending explicit design; preserve current cell,mapped/conflicting water transition within local seam context; banks not established,PRESERVE_UNKNOWN,,
1465,1151,83840,53888,83968,54016,GAP,withheld_gap,pending explicit design; preserve current cell,unsupported/conflicting transition continuation or more than one local tile correspondence,PRESERVE_UNKNOWN,,
1170,1152,46080,54016,46208,54144,GAP,withheld_gap,pending explicit design; preserve current cell,mapped/conflicting water transition within local seam context; banks not established,PRESERVE_UNKNOWN,,
1171,1152,46208,54016,46336,54144,GAP,withheld_gap,pending explicit design; preserve current cell,mapped/conflicting water transition within local seam context; banks not established,PRESERVE_UNKNOWN,,
1465,1152,83840,54016,83968,54144,GAP,withheld_gap,pending explicit design; preserve current cell,unsupported/conflicting transition continuation or more than one local tile correspondence,PRESERVE_UNKNOWN,,
1170,1153,46080,54144,46208,54272,GAP,withheld_gap,pending explicit design; preserve current cell,mapped/conflicting water transition within local seam context; banks not established,PRESERVE_UNKNOWN,,
1454,1153,82432,54144,82560,54272,GAP,withheld_gap,pending explicit design; preserve current cell,mapped/conflicting water transition within local seam context; banks not established,PRESERVE_UNKNOWN,,
1465,1153,83840,54144,83968,54272,GAP,withheld_gap,pending explicit design; preserve current cell,unsupported/conflicting transition continuation or more than one local tile correspondence,PRESERVE_UNKNOWN,,
1454,1154,82432,54272,82560,54400,GAP,withheld_gap,pending explicit design; preserve current cell,mapped/conflicting water transition within local seam context; banks not established,PRESERVE_UNKNOWN,,
1455,1154,82560,54272,82688,54400,GAP,withheld_gap,pending explicit design; preserve current cell,mapped/conflicting water transition within local seam context; banks not established,PRESERVE_UNKNOWN,,
1464,1154,83712,54272,83840,54400,GAP,withheld_gap,pending explicit design; preserve current cell,unsupported/conflicting transition continuation or more than one local tile correspondence,PRESERVE_UNKNOWN,,
1455,1155,82560,54400,82688,54528,GAP,withheld_gap,pending explicit design; preserve current cell,mapped/conflicting water transition within local seam context; banks not established,PRESERVE_UNKNOWN,,
1456,1155,82688,54400,82816,54528,GAP,withheld_gap,pending explicit design; preserve current cell,mapped/conflicting water transition within local seam context; banks not established,PRESERVE_UNKNOWN,,
1456,1156,82688,54528,82816,54656,GAP,withheld_gap,pending explicit design; preserve current cell,mapped/conflicting water transition within local seam context; banks not established,PRESERVE_UNKNOWN,,
1457,1156,82816,54528,82944,54656,GAP,withheld_gap,pending explicit design; preserve current cell,unsupported/conflicting transition continuation or more than one local tile correspondence,PRESERVE_UNKNOWN,,
1501,1156,88448,54528,88576,54656,GAP,withheld_gap,pending explicit design; preserve current cell,unsupported/conflicting transition continuation or more than one local tile correspondence,PRESERVE_UNKNOWN,,
1457,1157,82816,54656,82944,54784,GAP,withheld_gap,pending explicit design; preserve current cell,unsupported/conflicting transition continuation or more than one local tile correspondence,PRESERVE_UNKNOWN,,
1458,1157,82944,54656,83072,54784,GAP,withheld_gap,pending explicit design; preserve current cell,unsupported/conflicting transition continuation or more than one local tile correspondence,PRESERVE_UNKNOWN,,
1501,1157,88448,54656,88576,54784,GAP,withheld_gap,pending explicit design; preserve current cell,unsupported/conflicting transition continuation or more than one local tile correspondence,PRESERVE_UNKNOWN,,
1501,1158,88448,54784,88576,54912,GAP,withheld_gap,pending explicit design; preserve current cell,unsupported/conflicting transition continuation or more than one local tile correspondence,PRESERVE_UNKNOWN,,
1501,1159,88448,54912,88576,55040,GAP,withheld_gap,pending explicit design; preserve current cell,unsupported/conflicting transition continuation or more than one local tile correspondence,PRESERVE_UNKNOWN,,
1501,1160,88448,55040,88576,55168,GAP,withheld_gap,pending explicit design; preserve current cell,unsupported/conflicting transition continuation or more than one local tile correspondence,PRESERVE_UNKNOWN,,
1502,1160,88576,55040,88704,55168,GAP,withheld_gap,pending explicit design; preserve current cell,unsupported/conflicting transition continuation or more than one local tile correspondence,PRESERVE_UNKNOWN,,
1502,1161,88576,55168,88704,55296,GAP,withheld_gap,pending explicit design; preserve current cell,unsupported/conflicting transition continuation or more than one local tile correspondence,PRESERVE_UNKNOWN,,
1458,1162,82944,55296,83072,55424,GAP,withheld_gap,pending explicit design; preserve current cell,mapped/conflicting water transition within local seam context; banks not established,PRESERVE_UNKNOWN,,
1459,1162,83072,55296,83200,55424,GAP,withheld_gap,pending explicit design; preserve current cell,mapped/conflicting water transition within local seam context; banks not established,PRESERVE_UNKNOWN,,
1474,1162,84992,55296,85120,55424,GAP,withheld_gap,pending explicit design; preserve current cell,unsupported/conflicting transition continuation or more than one local tile correspondence,PRESERVE_UNKNOWN,,
1475,1162,85120,55296,85248,55424,GAP,withheld_gap,pending explicit design; preserve current cell,unsupported/conflicting transition continuation or more than one local tile correspondence,PRESERVE_UNKNOWN,,
1476,1162,85248,55296,85376,55424,GAP,withheld_gap,pending explicit design; preserve current cell,unsupported/conflicting transition continuation or more than one local tile correspondence,PRESERVE_UNKNOWN,,
1477,1162,85376,55296,85504,55424,GAP,withheld_gap,pending explicit design; preserve current cell,unsupported/conflicting transition continuation or more than one local tile correspondence,PRESERVE_UNKNOWN,,
1478,1162,85504,55296,85632,55424,GAP,withheld_gap,pending explicit design; preserve current cell,unsupported/conflicting transition continuation or more than one local tile correspondence,PRESERVE_UNKNOWN,,
1479,1162,85632,55296,85760,55424,GAP,withheld_gap,pending explicit design; preserve current cell,unsupported/conflicting transition continuation or more than one local tile correspondence,PRESERVE_UNKNOWN,,
1474,1163,84992,55424,85120,55552,GAP,withheld_gap,pending explicit design; preserve current cell,unsupported/conflicting transition continuation or more than one local tile correspondence,PRESERVE_UNKNOWN,,
1475,1163,85120,55424,85248,55552,GAP,withheld_gap,pending explicit design; preserve current cell,unsupported/conflicting transition continuation or more than one local tile correspondence,PRESERVE_UNKNOWN,,
1476,1163,85248,55424,85376,55552,GAP,withheld_gap,pending explicit design; preserve current cell,unsupported/conflicting transition continuation or more than one local tile correspondence,PRESERVE_UNKNOWN,,
1477,1163,85376,55424,85504,55552,GAP,withheld_gap,pending explicit design; preserve current cell,unsupported/conflicting transition continuation or more than one local tile correspondence,PRESERVE_UNKNOWN,,
1478,1163,85504,55424,85632,55552,GAP,withheld_gap,pending explicit design; preserve current cell,unsupported/conflicting transition continuation or more than one local tile correspondence,PRESERVE_UNKNOWN,,
1479,1163,85632,55424,85760,55552,GAP,withheld_gap,pending explicit design; preserve current cell,unsupported/conflicting transition continuation or more than one local tile correspondence,PRESERVE_UNKNOWN,,
1480,1163,85760,55424,85888,55552,GAP,withheld_gap,pending explicit design; preserve current cell,unsupported/conflicting transition continuation or more than one local tile correspondence,PRESERVE_UNKNOWN,,
1480,1164,85760,55552,85888,55680,GAP,withheld_gap,pending explicit design; preserve current cell,unsupported/conflicting transition continuation or more than one local tile correspondence,PRESERVE_UNKNOWN,,
1481,1164,85888,55552,86016,55680,GAP,withheld_gap,pending explicit design; preserve current cell,unsupported/conflicting transition continuation or more than one local tile correspondence,PRESERVE_UNKNOWN,,
1481,1165,85888,55680,86016,55808,GAP,withheld_gap,pending explicit design; preserve current cell,unsupported/conflicting transition continuation or more than one local tile correspondence,PRESERVE_UNKNOWN,,
1482,1165,86016,55680,86144,55808,GAP,withheld_gap,pending explicit design; preserve current cell,unsupported/conflicting transition continuation or more than one local tile correspondence,PRESERVE_UNKNOWN,,
1482,1166,86016,55808,86144,55936,GAP,withheld_gap,pending explicit design; preserve current cell,unsupported/conflicting transition continuation or more than one local tile correspondence,PRESERVE_UNKNOWN,,
1478,1174,85504,56832,85632,56960,GAP,withheld_gap,pending explicit design; preserve current cell,unsupported/conflicting transition continuation or more than one local tile correspondence,PRESERVE_UNKNOWN,,
2592,1186,228096,58368,228224,58496,GAP,withheld_gap,pending explicit design; preserve current cell,unsupported/conflicting transition continuation or more than one local tile correspondence,PRESERVE_UNKNOWN,,
2593,1187,228224,58496,228352,58624,GAP,withheld_gap,pending explicit design; preserve current cell,mapped/conflicting water transition within local seam context; banks not established,PRESERVE_UNKNOWN,,
2594,1188,228352,58624,228480,58752,GAP,withheld_gap,pending explicit design; preserve current cell,mapped/conflicting water transition within local seam context; banks not established,PRESERVE_UNKNOWN,,
2596,1190,228608,58880,228736,59008,GAP,withheld_gap,pending explicit design; preserve current cell,mapped/conflicting water transition within local seam context; banks not established,PRESERVE_UNKNOWN,,
2596,1191,228608,59008,228736,59136,GAP,withheld_gap,pending explicit design; preserve current cell,mapped/conflicting water transition within local seam context; banks not established,PRESERVE_UNKNOWN,,
2596,1192,228608,59136,228736,59264,GAP,withheld_gap,pending explicit design; preserve current cell,mapped/conflicting water transition within local seam context; banks not established,PRESERVE_UNKNOWN,,
2596,1193,228608,59264,228736,59392,GAP,withheld_gap,pending explicit design; preserve current cell,mapped/conflicting water transition within local seam context; banks not established,PRESERVE_UNKNOWN,,
2596,1194,228608,59392,228736,59520,GAP,withheld_gap,pending explicit design; preserve current cell,unsupported/conflicting transition continuation or more than one local tile correspondence,PRESERVE_UNKNOWN,,
2596,1195,228608,59520,228736,59648,GAP,withheld_gap,pending explicit design; preserve current cell,unsupported/conflicting transition continuation or more than one local tile correspondence,PRESERVE_UNKNOWN,,
2596,1196,228608,59648,228736,59776,GAP,withheld_gap,pending explicit design; preserve current cell,unsupported/conflicting transition continuation or more than one local tile correspondence,PRESERVE_UNKNOWN,,
1681,1226,111488,63488,111616,63616,GAP,withheld_gap,pending explicit design; preserve current cell,unsupported/conflicting transition continuation or more than one local tile correspondence,PRESERVE_UNKNOWN,,
1458,1227,82944,63616,83072,63744,GAP,withheld_gap,pending explicit design; preserve current cell,unsupported/conflicting transition continuation or more than one local tile correspondence,PRESERVE_UNKNOWN,,
1679,1227,111232,63616,111360,63744,GAP,withheld_gap,pending explicit design; preserve current cell,mapped/conflicting water transition within local seam context; banks not established,PRESERVE_UNKNOWN,,
1458,1228,82944,63744,83072,63872,GAP,withheld_gap,pending explicit design; preserve current cell,unsupported/conflicting transition continuation or more than one local tile correspondence,PRESERVE_UNKNOWN,,
1459,1228,83072,63744,83200,63872,GAP,withheld_gap,pending explicit design; preserve current cell,unsupported/conflicting transition continuation or more than one local tile correspondence,PRESERVE_UNKNOWN,,
1677,1228,110976,63744,111104,63872,GAP,withheld_gap,pending explicit design; preserve current cell,mapped/conflicting water transition within local seam context; banks not established,PRESERVE_UNKNOWN,,
1678,1228,111104,63744,111232,63872,GAP,withheld_gap,pending explicit design; preserve current cell,mapped/conflicting water transition within local seam context; banks not established,PRESERVE_UNKNOWN,,
1679,1228,111232,63744,111360,63872,GAP,withheld_gap,pending explicit design; preserve current cell,mapped/conflicting water transition within local seam context; banks not established,PRESERVE_UNKNOWN,,
1680,1228,111360,63744,111488,63872,GAP,withheld_gap,pending explicit design; preserve current cell,mapped/conflicting water transition within local seam context; banks not established,PRESERVE_UNKNOWN,,
1459,1229,83072,63872,83200,64000,GAP,withheld_gap,pending explicit design; preserve current cell,unsupported/conflicting transition continuation or more than one local tile correspondence,PRESERVE_UNKNOWN,,
1460,1229,83200,63872,83328,64000,GAP,withheld_gap,pending explicit design; preserve current cell,unsupported/conflicting transition continuation or more than one local tile correspondence,PRESERVE_UNKNOWN,,
1674,1229,110592,63872,110720,64000,GAP,withheld_gap,pending explicit design; preserve current cell,mapped/conflicting water transition within local seam context; banks not established,PRESERVE_UNKNOWN,,
1678,1229,111104,63872,111232,64000,GAP,withheld_gap,pending explicit design; preserve current cell,mapped/conflicting water transition within local seam context; banks not established,PRESERVE_UNKNOWN,,
1679,1229,111232,63872,111360,64000,GAP,withheld_gap,pending explicit design; preserve current cell,mapped/conflicting water transition within local seam context; banks not established,PRESERVE_UNKNOWN,,
1680,1229,111360,63872,111488,64000,GAP,withheld_gap,pending explicit design; preserve current cell,mapped/conflicting water transition within local seam context; banks not established,PRESERVE_UNKNOWN,,
1681,1229,111488,63872,111616,64000,GAP,withheld_gap,pending explicit design; preserve current cell,mapped/conflicting water transition within local seam context; banks not established,PRESERVE_UNKNOWN,,
1460,1230,83200,64000,83328,64128,GAP,withheld_gap,pending explicit design; preserve current cell,unsupported/conflicting transition continuation or more than one local tile correspondence,PRESERVE_UNKNOWN,,
1461,1230,83328,64000,83456,64128,GAP,withheld_gap,pending explicit design; preserve current cell,unsupported/conflicting transition continuation or more than one local tile correspondence,PRESERVE_UNKNOWN,,
1462,1230,83456,64000,83584,64128,GAP,withheld_gap,pending explicit design; preserve current cell,"topology unsafe; transition demonstrably crosses existing tile interiors, not the tile boundary",PRESERVE_UNKNOWN,,
1463,1230,83584,64000,83712,64128,GAP,withheld_gap,pending explicit design; preserve current cell,mapped/conflicting water transition within local seam context; banks not established,PRESERVE_UNKNOWN,,
1464,1230,83712,64000,83840,64128,GAP,withheld_gap,pending explicit design; preserve current cell,mapped/conflicting water transition within local seam context; banks not established,PRESERVE_UNKNOWN,,
1465,1230,83840,64000,83968,64128,GAP,withheld_gap,pending explicit design; preserve current cell,mapped/conflicting water transition within local seam context; banks not established,PRESERVE_UNKNOWN,,
1466,1230,83968,64000,84096,64128,GAP,withheld_gap,pending explicit design; preserve current cell,mapped/conflicting water transition within local seam context; banks not established,PRESERVE_UNKNOWN,,
1467,1230,84096,64000,84224,64128,GAP,withheld_gap,pending explicit design; preserve current cell,mapped/conflicting water transition within local seam context; banks not established,PRESERVE_UNKNOWN,,
1674,1230,110592,64000,110720,64128,GAP,withheld_gap,pending explicit design; preserve current cell,mapped/conflicting water transition within local seam context; banks not established,PRESERVE_UNKNOWN,,
1675,1230,110720,64000,110848,64128,GAP,withheld_gap,pending explicit design; preserve current cell,mapped/conflicting water transition within local seam context; banks not established,PRESERVE_UNKNOWN,,
1679,1230,111232,64000,111360,64128,GAP,withheld_gap,pending explicit design; preserve current cell,mapped/conflicting water transition within local seam context; banks not established,PRESERVE_UNKNOWN,,
1680,1230,111360,64000,111488,64128,GAP,withheld_gap,pending explicit design; preserve current cell,mapped/conflicting water transition within local seam context; banks not established,PRESERVE_UNKNOWN,,
1681,1230,111488,64000,111616,64128,GAP,withheld_gap,pending explicit design; preserve current cell,mapped/conflicting water transition within local seam context; banks not established,PRESERVE_UNKNOWN,,
1682,1230,111616,64000,111744,64128,GAP,withheld_gap,pending explicit design; preserve current cell,mapped/conflicting water transition within local seam context; banks not established,PRESERVE_UNKNOWN,,
1461,1231,83328,64128,83456,64256,GAP,withheld_gap,pending explicit design; preserve current cell,mapped/conflicting water transition within local seam context; banks not established,PRESERVE_UNKNOWN,,
1462,1231,83456,64128,83584,64256,GAP,withheld_gap,pending explicit design; preserve current cell,mapped/conflicting water transition within local seam context; banks not established,PRESERVE_UNKNOWN,,
1463,1231,83584,64128,83712,64256,GAP,withheld_gap,pending explicit design; preserve current cell,mapped/conflicting water transition within local seam context; banks not established,PRESERVE_UNKNOWN,,
1464,1231,83712,64128,83840,64256,GAP,withheld_gap,pending explicit design; preserve current cell,mapped/conflicting water transition within local seam context; banks not established,PRESERVE_UNKNOWN,,
1465,1231,83840,64128,83968,64256,GAP,withheld_gap,pending explicit design; preserve current cell,mapped/conflicting water transition within local seam context; banks not established,PRESERVE_UNKNOWN,,
1466,1231,83968,64128,84096,64256,GAP,withheld_gap,pending explicit design; preserve current cell,mapped/conflicting water transition within local seam context; banks not established,PRESERVE_UNKNOWN,,
1674,1231,110592,64128,110720,64256,GAP,withheld_gap,pending explicit design; preserve current cell,mapped/conflicting water transition within local seam context; banks not established,PRESERVE_UNKNOWN,,
1675,1231,110720,64128,110848,64256,GAP,withheld_gap,pending explicit design; preserve current cell,mapped/conflicting water transition within local seam context; banks not established,PRESERVE_UNKNOWN,,
1676,1231,110848,64128,110976,64256,GAP,withheld_gap,pending explicit design; preserve current cell,mapped/conflicting water transition within local seam context; banks not established,PRESERVE_UNKNOWN,,
1680,1231,111360,64128,111488,64256,GAP,withheld_gap,pending explicit design; preserve current cell,mapped/conflicting water transition within local seam context; banks not established,PRESERVE_UNKNOWN,,
1674,1232,110592,64256,110720,64384,GAP,withheld_gap,pending explicit design; preserve current cell,mapped/conflicting water transition within local seam context; banks not established,PRESERVE_UNKNOWN,,
1675,1232,110720,64256,110848,64384,GAP,withheld_gap,pending explicit design; preserve current cell,mapped/conflicting water transition within local seam context; banks not established,PRESERVE_UNKNOWN,,
1676,1232,110848,64256,110976,64384,GAP,withheld_gap,pending explicit design; preserve current cell,mapped/conflicting water transition within local seam context; banks not established,PRESERVE_UNKNOWN,,
1675,1233,110720,64384,110848,64512,GAP,withheld_gap,pending explicit design; preserve current cell,mapped/conflicting water transition within local seam context; banks not established,PRESERVE_UNKNOWN,,
1676,1233,110848,64384,110976,64512,GAP,withheld_gap,pending explicit design; preserve current cell,mapped/conflicting water transition within local seam context; banks not established,PRESERVE_UNKNOWN,,
1677,1233,110976,64384,111104,64512,GAP,withheld_gap,pending explicit design; preserve current cell,mapped/conflicting water transition within local seam context; banks not established,PRESERVE_UNKNOWN,,
1647,1234,107136,64512,107264,64640,GAP,withheld_gap,pending explicit design; preserve current cell,unsupported/conflicting transition continuation or more than one local tile correspondence,PRESERVE_UNKNOWN,,
1675,1234,110720,64512,110848,64640,GAP,withheld_gap,pending explicit design; preserve current cell,mapped/conflicting water transition within local seam context; banks not established,PRESERVE_UNKNOWN,,
1676,1234,110848,64512,110976,64640,GAP,withheld_gap,pending explicit design; preserve current cell,mapped/conflicting water transition within local seam context; banks not established,PRESERVE_UNKNOWN,,
1677,1234,110976,64512,111104,64640,GAP,withheld_gap,pending explicit design; preserve current cell,mapped/conflicting water transition within local seam context; banks not established,PRESERVE_UNKNOWN,,
1675,1235,110720,64640,110848,64768,GAP,withheld_gap,pending explicit design; preserve current cell,mapped/conflicting water transition within local seam context; banks not established,PRESERVE_UNKNOWN,,
1676,1235,110848,64640,110976,64768,GAP,withheld_gap,pending explicit design; preserve current cell,mapped/conflicting water transition within local seam context; banks not established,PRESERVE_UNKNOWN,,
1677,1235,110976,64640,111104,64768,GAP,withheld_gap,pending explicit design; preserve current cell,mapped/conflicting water transition within local seam context; banks not established,PRESERVE_UNKNOWN,,
1407,1240,76416,65280,76544,65408,GAP,withheld_gap,pending explicit design; preserve current cell,mapped/conflicting water transition within local seam context; banks not established,PRESERVE_UNKNOWN,,
1290,1269,61440,68992,61568,69120,GAP,withheld_gap,pending explicit design; preserve current cell,mapped/conflicting water transition within local seam context; banks not established,PRESERVE_UNKNOWN,,
1290,1270,61440,69120,61568,69248,GAP,withheld_gap,pending explicit design; preserve current cell,mapped/conflicting water transition within local seam context; banks not established,PRESERVE_UNKNOWN,,
1291,1270,61568,69120,61696,69248,GAP,withheld_gap,pending explicit design; preserve current cell,unsupported/conflicting transition continuation or more than one local tile correspondence,PRESERVE_UNKNOWN,,
1291,1271,61568,69248,61696,69376,GAP,withheld_gap,pending explicit design; preserve current cell,unsupported/conflicting transition continuation or more than one local tile correspondence,PRESERVE_UNKNOWN,,
2591,1287,227968,71296,228096,71424,GAP,withheld_gap,pending explicit design; preserve current cell,unsupported/conflicting transition continuation or more than one local tile correspondence,PRESERVE_UNKNOWN,,
2560,1308,224000,73984,224128,74112,GAP,withheld_gap,pending explicit design; preserve current cell,mapped/conflicting water transition within local seam context; banks not established,PRESERVE_UNKNOWN,,
2560,1309,224000,74112,224128,74240,GAP,withheld_gap,pending explicit design; preserve current cell,mapped/conflicting water transition within local seam context; banks not established,PRESERVE_UNKNOWN,,
2560,1310,224000,74240,224128,74368,GAP,withheld_gap,pending explicit design; preserve current cell,mapped/conflicting water transition within local seam context; banks not established,PRESERVE_UNKNOWN,,
1480,1388,85760,84224,85888,84352,GAP,withheld_gap,pending explicit design; preserve current cell,unsupported/conflicting transition continuation or more than one local tile correspondence,PRESERVE_UNKNOWN,,
1479,1389,85632,84352,85760,84480,GAP,withheld_gap,pending explicit design; preserve current cell,unsupported/conflicting transition continuation or more than one local tile correspondence,PRESERVE_UNKNOWN,,
1480,1389,85760,84352,85888,84480,GAP,withheld_gap,pending explicit design; preserve current cell,unsupported/conflicting transition continuation or more than one local tile correspondence,PRESERVE_UNKNOWN,,
1478,1390,85504,84480,85632,84608,GAP,withheld_gap,pending explicit design; preserve current cell,unsupported/conflicting transition continuation or more than one local tile correspondence,PRESERVE_UNKNOWN,,
1479,1390,85632,84480,85760,84608,GAP,withheld_gap,pending explicit design; preserve current cell,unsupported/conflicting transition continuation or more than one local tile correspondence,PRESERVE_UNKNOWN,,
1478,1391,85504,84608,85632,84736,GAP,withheld_gap,pending explicit design; preserve current cell,unsupported/conflicting transition continuation or more than one local tile correspondence,PRESERVE_UNKNOWN,,
2765,1395,250240,85120,250368,85248,GAP,withheld_gap,pending explicit design; preserve current cell,unsupported/conflicting transition continuation or more than one local tile correspondence,PRESERVE_UNKNOWN,,
2766,1395,250368,85120,250496,85248,GAP,withheld_gap,pending explicit design; preserve current cell,unsupported/conflicting transition continuation or more than one local tile correspondence,PRESERVE_UNKNOWN,,
2766,1396,250368,85248,250496,85376,GAP,withheld_gap,pending explicit design; preserve current cell,unsupported/conflicting transition continuation or more than one local tile correspondence,PRESERVE_UNKNOWN,,
2767,1396,250496,85248,250624,85376,GAP,withheld_gap,pending explicit design; preserve current cell,unsupported/conflicting transition continuation or more than one local tile correspondence,PRESERVE_UNKNOWN,,
2766,1397,250368,85376,250496,85504,GAP,withheld_gap,pending explicit design; preserve current cell,unsupported/conflicting transition continuation or more than one local tile correspondence,PRESERVE_UNKNOWN,,
2766,1398,250368,85504,250496,85632,GAP,withheld_gap,pending explicit design; preserve current cell,unsupported/conflicting transition continuation or more than one local tile correspondence,PRESERVE_UNKNOWN,,
2766,1399,250368,85632,250496,85760,GAP,withheld_gap,pending explicit design; preserve current cell,unsupported/conflicting transition continuation or more than one local tile correspondence,PRESERVE_UNKNOWN,,
2766,1400,250368,85760,250496,85888,GAP,withheld_gap,pending explicit design; preserve current cell,unsupported/conflicting transition continuation or more than one local tile correspondence,PRESERVE_UNKNOWN,,
2766,1401,250368,85888,250496,86016,GAP,withheld_gap,pending explicit design; preserve current cell,unsupported/conflicting transition continuation or more than one local tile correspondence,PRESERVE_UNKNOWN,,
2661,1521,236928,101248,237056,101376,GAP,withheld_gap,pending explicit design; preserve current cell,unsupported/conflicting transition continuation or more than one local tile correspondence,PRESERVE_UNKNOWN,,
2606,1551,229888,105088,230016,105216,GAP,withheld_gap,pending explicit design; preserve current cell,unsupported/conflicting transition continuation or more than one local tile correspondence,PRESERVE_UNKNOWN,,
2605,1552,229760,105216,229888,105344,GAP,withheld_gap,pending explicit design; preserve current cell,unsupported/conflicting transition continuation or more than one local tile correspondence,PRESERVE_UNKNOWN,,
2604,1553,229632,105344,229760,105472,GAP,withheld_gap,pending explicit design; preserve current cell,unsupported/conflicting transition continuation or more than one local tile correspondence,PRESERVE_UNKNOWN,,
2603,1554,229504,105472,229632,105600,GAP,withheld_gap,pending explicit design; preserve current cell,unsupported/conflicting transition continuation or more than one local tile correspondence,PRESERVE_UNKNOWN,,
2333,1581,194944,108928,195072,109056,GAP,withheld_gap,pending explicit design; preserve current cell,mapped/conflicting water transition within local seam context; banks not established,PRESERVE_UNKNOWN,,
2333,1582,194944,109056,195072,109184,GAP,withheld_gap,pending explicit design; preserve current cell,mapped/conflicting water transition within local seam context; banks not established,PRESERVE_UNKNOWN,,
2333,1583,194944,109184,195072,109312,GAP,withheld_gap,pending explicit design; preserve current cell,mapped/conflicting water transition within local seam context; banks not established,PRESERVE_UNKNOWN,,
2333,1584,194944,109312,195072,109440,GAP,withheld_gap,pending explicit design; preserve current cell,mapped/conflicting water transition within local seam context; banks not established,PRESERVE_UNKNOWN,,
1178,1662,47104,119296,47232,119424,GAP,withheld_gap,pending explicit design; preserve current cell,mapped/conflicting water transition within local seam context; banks not established,PRESERVE_UNKNOWN,,
2872,1730,263936,128000,264064,128128,GAP,withheld_gap,pending explicit design; preserve current cell,mapped/conflicting water transition within local seam context; banks not established,PRESERVE_UNKNOWN,,
2873,1730,264064,128000,264192,128128,GAP,withheld_gap,pending explicit design; preserve current cell,mapped/conflicting water transition within local seam context; banks not established,PRESERVE_UNKNOWN,,
2874,1730,264192,128000,264320,128128,GAP,withheld_gap,pending explicit design; preserve current cell,mapped/conflicting water transition within local seam context; banks not established,PRESERVE_UNKNOWN,,
1542,1868,93696,145664,93824,145792,GAP,withheld_gap,pending explicit design; preserve current cell,unsupported/conflicting transition continuation or more than one local tile correspondence,PRESERVE_UNKNOWN,,
1541,1869,93568,145792,93696,145920,GAP,withheld_gap,pending explicit design; preserve current cell,unsupported/conflicting transition continuation or more than one local tile correspondence,PRESERVE_UNKNOWN,,
958,1882,18944,147456,19072,147584,GAP,withheld_gap,pending explicit design; preserve current cell,mapped/conflicting water transition within local seam context; banks not established,PRESERVE_UNKNOWN,,
959,1882,19072,147456,19200,147584,GAP,withheld_gap,pending explicit design; preserve current cell,mapped/conflicting water transition within local seam context; banks not established,PRESERVE_UNKNOWN,,
958,1883,18944,147584,19072,147712,GAP,withheld_gap,pending explicit design; preserve current cell,mapped/conflicting water transition within local seam context; banks not established,PRESERVE_UNKNOWN,,
1145,2003,42880,162944,43008,163072,GAP,withheld_gap,pending explicit design; preserve current cell,mapped/conflicting water transition within local seam context; banks not established,PRESERVE_UNKNOWN,,
1801,2029,126848,166272,126976,166400,GAP,withheld_gap,pending explicit design; preserve current cell,mapped/conflicting water transition within local seam context; banks not established,PRESERVE_UNKNOWN,,
892,2355,10496,208000,10624,208128,GAP,withheld_gap,pending explicit design; preserve current cell,unsupported/conflicting transition continuation or more than one local tile correspondence,PRESERVE_UNKNOWN,,
892,2356,10496,208128,10624,208256,GAP,withheld_gap,pending explicit design; preserve current cell,unsupported/conflicting transition continuation or more than one local tile correspondence,PRESERVE_UNKNOWN,,
892,2357,10496,208256,10624,208384,GAP,withheld_gap,pending explicit design; preserve current cell,unsupported/conflicting transition continuation or more than one local tile correspondence,PRESERVE_UNKNOWN,,
892,2358,10496,208384,10624,208512,GAP,withheld_gap,pending explicit design; preserve current cell,unsupported/conflicting transition continuation or more than one local tile correspondence,PRESERVE_UNKNOWN,,
892,2359,10496,208512,10624,208640,GAP,withheld_gap,pending explicit design; preserve current cell,unsupported/conflicting transition continuation or more than one local tile correspondence,PRESERVE_UNKNOWN,,
892,2360,10496,208640,10624,208768,GAP,withheld_gap,pending explicit design; preserve current cell,unsupported/conflicting transition continuation or more than one local tile correspondence,PRESERVE_UNKNOWN,,
825,2381,1920,211328,2048,211456,GAP,withheld_gap,pending explicit design; preserve current cell,unsupported/conflicting transition continuation or more than one local tile correspondence,PRESERVE_UNKNOWN,,
826,2382,2048,211456,2176,211584,GAP,withheld_gap,pending explicit design; preserve current cell,unsupported/conflicting transition continuation or more than one local tile correspondence,PRESERVE_UNKNOWN,,
827,2383,2176,211584,2304,211712,GAP,withheld_gap,pending explicit design; preserve current cell,unsupported/conflicting transition continuation or more than one local tile correspondence,PRESERVE_UNKNOWN,,
828,2384,2304,211712,2432,211840,GAP,withheld_gap,pending explicit design; preserve current cell,unsupported/conflicting transition continuation or more than one local tile correspondence,PRESERVE_UNKNOWN,,
829,2385,2432,211840,2560,211968,GAP,withheld_gap,pending explicit design; preserve current cell,unsupported/conflicting transition continuation or more than one local tile correspondence,PRESERVE_UNKNOWN,,
1412,2502,77056,226816,77184,226944,GAP,withheld_gap,pending explicit design; preserve current cell,unsupported/conflicting transition continuation or more than one local tile correspondence,PRESERVE_UNKNOWN,,
1413,2502,77184,226816,77312,226944,GAP,withheld_gap,pending explicit design; preserve current cell,unsupported/conflicting transition continuation or more than one local tile correspondence,PRESERVE_UNKNOWN,,
1411,2503,76928,226944,77056,227072,GAP,withheld_gap,pending explicit design; preserve current cell,unsupported/conflicting transition continuation or more than one local tile correspondence,PRESERVE_UNKNOWN,,
1412,2503,77056,226944,77184,227072,GAP,withheld_gap,pending explicit design; preserve current cell,unsupported/conflicting transition continuation or more than one local tile correspondence,PRESERVE_UNKNOWN,,
1413,2503,77184,226944,77312,227072,GAP,withheld_gap,pending explicit design; preserve current cell,unsupported/conflicting transition continuation or more than one local tile correspondence,PRESERVE_UNKNOWN,,
1410,2504,76800,227072,76928,227200,GAP,withheld_gap,pending explicit design; preserve current cell,unsupported/conflicting transition continuation or more than one local tile correspondence,PRESERVE_UNKNOWN,,
1411,2504,76928,227072,77056,227200,GAP,withheld_gap,pending explicit design; preserve current cell,unsupported/conflicting transition continuation or more than one local tile correspondence,PRESERVE_UNKNOWN,,
1412,2504,77056,227072,77184,227200,GAP,withheld_gap,pending explicit design; preserve current cell,unsupported/conflicting transition continuation or more than one local tile correspondence,PRESERVE_UNKNOWN,,
1409,2505,76672,227200,76800,227328,GAP,withheld_gap,pending explicit design; preserve current cell,unsupported/conflicting transition continuation or more than one local tile correspondence,PRESERVE_UNKNOWN,,
1410,2505,76800,227200,76928,227328,GAP,withheld_gap,pending explicit design; preserve current cell,unsupported/conflicting transition continuation or more than one local tile correspondence,PRESERVE_UNKNOWN,,
1411,2505,76928,227200,77056,227328,GAP,withheld_gap,pending explicit design; preserve current cell,unsupported/conflicting transition continuation or more than one local tile correspondence,PRESERVE_UNKNOWN,,
1409,2506,76672,227328,76800,227456,GAP,withheld_gap,pending explicit design; preserve current cell,unsupported/conflicting transition continuation or more than one local tile correspondence,PRESERVE_UNKNOWN,,
1410,2506,76800,227328,76928,227456,GAP,withheld_gap,pending explicit design; preserve current cell,unsupported/conflicting transition continuation or more than one local tile correspondence,PRESERVE_UNKNOWN,,
1409,2507,76672,227456,76800,227584,GAP,withheld_gap,pending explicit design; preserve current cell,unsupported/conflicting transition continuation or more than one local tile correspondence,PRESERVE_UNKNOWN,,
1409,2508,76672,227584,76800,227712,GAP,withheld_gap,pending explicit design; preserve current cell,unsupported/conflicting transition continuation or more than one local tile correspondence,PRESERVE_UNKNOWN,,
1409,2509,76672,227712,76800,227840,GAP,withheld_gap,pending explicit design; preserve current cell,unsupported/conflicting transition continuation or more than one local tile correspondence,PRESERVE_UNKNOWN,,
1409,2510,76672,227840,76800,227968,GAP,withheld_gap,pending explicit design; preserve current cell,unsupported/conflicting transition continuation or more than one local tile correspondence,PRESERVE_UNKNOWN,,
1409,2511,76672,227968,76800,228096,GAP,withheld_gap,pending explicit design; preserve current cell,unsupported/conflicting transition continuation or more than one local tile correspondence,PRESERVE_UNKNOWN,,
1515,2518,90240,228864,90368,228992,GAP,withheld_gap,pending explicit design; preserve current cell,unsupported/conflicting transition continuation or more than one local tile correspondence,PRESERVE_UNKNOWN,,
1513,2519,89984,228992,90112,229120,GAP,withheld_gap,pending explicit design; preserve current cell,unsupported/conflicting transition continuation or more than one local tile correspondence,PRESERVE_UNKNOWN,,
1515,2519,90240,228992,90368,229120,GAP,withheld_gap,pending explicit design; preserve current cell,unsupported/conflicting transition continuation or more than one local tile correspondence,PRESERVE_UNKNOWN,,
1512,2520,89856,229120,89984,229248,GAP,withheld_gap,pending explicit design; preserve current cell,unsupported/conflicting transition continuation or more than one local tile correspondence,PRESERVE_UNKNOWN,,
1513,2520,89984,229120,90112,229248,GAP,withheld_gap,pending explicit design; preserve current cell,unsupported/conflicting transition continuation or more than one local tile correspondence,PRESERVE_UNKNOWN,,
1514,2520,90112,229120,90240,229248,GAP,withheld_gap,pending explicit design; preserve current cell,unsupported/conflicting transition continuation or more than one local tile correspondence,PRESERVE_UNKNOWN,,
1515,2520,90240,229120,90368,229248,GAP,withheld_gap,pending explicit design; preserve current cell,unsupported/conflicting transition continuation or more than one local tile correspondence,PRESERVE_UNKNOWN,,
1511,2521,89728,229248,89856,229376,GAP,withheld_gap,pending explicit design; preserve current cell,unsupported/conflicting transition continuation or more than one local tile correspondence,PRESERVE_UNKNOWN,,
1512,2521,89856,229248,89984,229376,GAP,withheld_gap,pending explicit design; preserve current cell,unsupported/conflicting transition continuation or more than one local tile correspondence,PRESERVE_UNKNOWN,,
1513,2521,89984,229248,90112,229376,GAP,withheld_gap,pending explicit design; preserve current cell,unsupported/conflicting transition continuation or more than one local tile correspondence,PRESERVE_UNKNOWN,,
1514,2521,90112,229248,90240,229376,GAP,withheld_gap,pending explicit design; preserve current cell,unsupported/conflicting transition continuation or more than one local tile correspondence,PRESERVE_UNKNOWN,,
1515,2521,90240,229248,90368,229376,GAP,withheld_gap,pending explicit design; preserve current cell,unsupported/conflicting transition continuation or more than one local tile correspondence,PRESERVE_UNKNOWN,,
1510,2522,89600,229376,89728,229504,GAP,withheld_gap,pending explicit design; preserve current cell,unsupported/conflicting transition continuation or more than one local tile correspondence,PRESERVE_UNKNOWN,,
1511,2522,89728,229376,89856,229504,GAP,withheld_gap,pending explicit design; preserve current cell,unsupported/conflicting transition continuation or more than one local tile correspondence,PRESERVE_UNKNOWN,,
1512,2522,89856,229376,89984,229504,GAP,withheld_gap,pending explicit design; preserve current cell,unsupported/conflicting transition continuation or more than one local tile correspondence,PRESERVE_UNKNOWN,,
1513,2522,89984,229376,90112,229504,GAP,withheld_gap,pending explicit design; preserve current cell,unsupported/conflicting transition continuation or more than one local tile correspondence,PRESERVE_UNKNOWN,,
1514,2522,90112,229376,90240,229504,GAP,withheld_gap,pending explicit design; preserve current cell,unsupported/conflicting transition continuation or more than one local tile correspondence,PRESERVE_UNKNOWN,,
1515,2522,90240,229376,90368,229504,GAP,withheld_gap,pending explicit design; preserve current cell,unsupported/conflicting transition continuation or more than one local tile correspondence,PRESERVE_UNKNOWN,,
1512,2523,89856,229504,89984,229632,GAP,withheld_gap,pending explicit design; preserve current cell,unsupported/conflicting transition continuation or more than one local tile correspondence,PRESERVE_UNKNOWN,,
1513,2523,89984,229504,90112,229632,GAP,withheld_gap,pending explicit design; preserve current cell,unsupported/conflicting transition continuation or more than one local tile correspondence,PRESERVE_UNKNOWN,,
1514,2523,90112,229504,90240,229632,GAP,withheld_gap,pending explicit design; preserve current cell,unsupported/conflicting transition continuation or more than one local tile correspondence,PRESERVE_UNKNOWN,,
1515,2523,90240,229504,90368,229632,GAP,withheld_gap,pending explicit design; preserve current cell,unsupported/conflicting transition continuation or more than one local tile correspondence,PRESERVE_UNKNOWN,,
1512,2524,89856,229632,89984,229760,GAP,withheld_gap,pending explicit design; preserve current cell,unsupported/conflicting transition continuation or more than one local tile correspondence,PRESERVE_UNKNOWN,,
1513,2524,89984,229632,90112,229760,GAP,withheld_gap,pending explicit design; preserve current cell,unsupported/conflicting transition continuation or more than one local tile correspondence,PRESERVE_UNKNOWN,,
1514,2524,90112,229632,90240,229760,GAP,withheld_gap,pending explicit design; preserve current cell,unsupported/conflicting transition continuation or more than one local tile correspondence,PRESERVE_UNKNOWN,,
1515,2524,90240,229632,90368,229760,GAP,withheld_gap,pending explicit design; preserve current cell,unsupported/conflicting transition continuation or more than one local tile correspondence,PRESERVE_UNKNOWN,,
1533,2524,92544,229632,92672,229760,GAP,withheld_gap,pending explicit design; preserve current cell,unsupported/conflicting transition continuation or more than one local tile correspondence,PRESERVE_UNKNOWN,,
1511,2525,89728,229760,89856,229888,GAP,withheld_gap,pending explicit design; preserve current cell,unsupported/conflicting transition continuation or more than one local tile correspondence,PRESERVE_UNKNOWN,,
1512,2525,89856,229760,89984,229888,GAP,withheld_gap,pending explicit design; preserve current cell,unsupported/conflicting transition continuation or more than one local tile correspondence,PRESERVE_UNKNOWN,,
1513,2525,89984,229760,90112,229888,GAP,withheld_gap,pending explicit design; preserve current cell,unsupported/conflicting transition continuation or more than one local tile correspondence,PRESERVE_UNKNOWN,,
1515,2525,90240,229760,90368,229888,GAP,withheld_gap,pending explicit design; preserve current cell,unsupported/conflicting transition continuation or more than one local tile correspondence,PRESERVE_UNKNOWN,,
1512,2526,89856,229888,89984,230016,GAP,withheld_gap,pending explicit design; preserve current cell,unsupported/conflicting transition continuation or more than one local tile correspondence,PRESERVE_UNKNOWN,,
1513,2526,89984,229888,90112,230016,GAP,withheld_gap,pending explicit design; preserve current cell,unsupported/conflicting transition continuation or more than one local tile correspondence,PRESERVE_UNKNOWN,,
1529,2528,92032,230144,92160,230272,GAP,withheld_gap,pending explicit design; preserve current cell,unsupported/conflicting transition continuation or more than one local tile correspondence,PRESERVE_UNKNOWN,,
1101,2567,37248,235136,37376,235264,GAP,withheld_gap,pending explicit design; preserve current cell,unsupported/conflicting transition continuation or more than one local tile correspondence,PRESERVE_UNKNOWN,,
1101,2568,37248,235264,37376,235392,GAP,withheld_gap,pending explicit design; preserve current cell,unsupported/conflicting transition continuation or more than one local tile correspondence,PRESERVE_UNKNOWN,,
1102,2568,37376,235264,37504,235392,GAP,withheld_gap,pending explicit design; preserve current cell,unsupported/conflicting transition continuation or more than one local tile correspondence,PRESERVE_UNKNOWN,,
1101,2569,37248,235392,37376,235520,GAP,withheld_gap,pending explicit design; preserve current cell,unsupported/conflicting transition continuation or more than one local tile correspondence,PRESERVE_UNKNOWN,,
1102,2569,37376,235392,37504,235520,GAP,withheld_gap,pending explicit design; preserve current cell,unsupported/conflicting transition continuation or more than one local tile correspondence,PRESERVE_UNKNOWN,,
1101,2570,37248,235520,37376,235648,GAP,withheld_gap,pending explicit design; preserve current cell,unsupported/conflicting transition continuation or more than one local tile correspondence,PRESERVE_UNKNOWN,,
1102,2570,37376,235520,37504,235648,GAP,withheld_gap,pending explicit design; preserve current cell,unsupported/conflicting transition continuation or more than one local tile correspondence,PRESERVE_UNKNOWN,,
1103,2570,37504,235520,37632,235648,GAP,withheld_gap,pending explicit design; preserve current cell,unsupported/conflicting transition continuation or more than one local tile correspondence,PRESERVE_UNKNOWN,,
1101,2571,37248,235648,37376,235776,GAP,withheld_gap,pending explicit design; preserve current cell,unsupported/conflicting transition continuation or more than one local tile correspondence,PRESERVE_UNKNOWN,,
1102,2571,37376,235648,37504,235776,GAP,withheld_gap,pending explicit design; preserve current cell,unsupported/conflicting transition continuation or more than one local tile correspondence,PRESERVE_UNKNOWN,,
1103,2571,37504,235648,37632,235776,GAP,withheld_gap,pending explicit design; preserve current cell,unsupported/conflicting transition continuation or more than one local tile correspondence,PRESERVE_UNKNOWN,,
1104,2571,37632,235648,37760,235776,GAP,withheld_gap,pending explicit design; preserve current cell,unsupported/conflicting transition continuation or more than one local tile correspondence,PRESERVE_UNKNOWN,,
1007,2583,25216,237184,25344,237312,GAP,withheld_gap,pending explicit design; preserve current cell,unsupported/conflicting transition continuation or more than one local tile correspondence,PRESERVE_UNKNOWN,,
1008,2584,25344,237312,25472,237440,GAP,withheld_gap,pending explicit design; preserve current cell,unsupported/conflicting transition continuation or more than one local tile correspondence,PRESERVE_UNKNOWN,,
1009,2585,25472,237440,25600,237568,GAP,withheld_gap,pending explicit design; preserve current cell,unsupported/conflicting transition continuation or more than one local tile correspondence,PRESERVE_UNKNOWN,,
1117,2644,39296,244992,39424,245120,GAP,withheld_gap,pending explicit design; preserve current cell,unsupported/conflicting transition continuation or more than one local tile correspondence,PRESERVE_UNKNOWN,,
1114,2645,38912,245120,39040,245248,GAP,withheld_gap,pending explicit design; preserve current cell,unsupported/conflicting transition continuation or more than one local tile correspondence,PRESERVE_UNKNOWN,,
1116,2645,39168,245120,39296,245248,GAP,withheld_gap,pending explicit design; preserve current cell,unsupported/conflicting transition continuation or more than one local tile correspondence,PRESERVE_UNKNOWN,,
1117,2645,39296,245120,39424,245248,GAP,withheld_gap,pending explicit design; preserve current cell,unsupported/conflicting transition continuation or more than one local tile correspondence,PRESERVE_UNKNOWN,,
1114,2646,38912,245248,39040,245376,GAP,withheld_gap,pending explicit design; preserve current cell,unsupported/conflicting transition continuation or more than one local tile correspondence,PRESERVE_UNKNOWN,,
1115,2646,39040,245248,39168,245376,GAP,withheld_gap,pending explicit design; preserve current cell,unsupported/conflicting transition continuation or more than one local tile correspondence,PRESERVE_UNKNOWN,,
1116,2646,39168,245248,39296,245376,GAP,withheld_gap,pending explicit design; preserve current cell,unsupported/conflicting transition continuation or more than one local tile correspondence,PRESERVE_UNKNOWN,,
1117,2646,39296,245248,39424,245376,GAP,withheld_gap,pending explicit design; preserve current cell,unsupported/conflicting transition continuation or more than one local tile correspondence,PRESERVE_UNKNOWN,,
1118,2646,39424,245248,39552,245376,GAP,withheld_gap,pending explicit design; preserve current cell,unsupported/conflicting transition continuation or more than one local tile correspondence,PRESERVE_UNKNOWN,,
1116,2647,39168,245376,39296,245504,GAP,withheld_gap,pending explicit design; preserve current cell,unsupported/conflicting transition continuation or more than one local tile correspondence,PRESERVE_UNKNOWN,,
1117,2647,39296,245376,39424,245504,GAP,withheld_gap,pending explicit design; preserve current cell,unsupported/conflicting transition continuation or more than one local tile correspondence,PRESERVE_UNKNOWN,,
1123,2648,40064,245504,40192,245632,GAP,withheld_gap,pending explicit design; preserve current cell,unsupported/conflicting transition continuation or more than one local tile correspondence,PRESERVE_UNKNOWN,,
1124,2648,40192,245504,40320,245632,GAP,withheld_gap,pending explicit design; preserve current cell,unsupported/conflicting transition continuation or more than one local tile correspondence,PRESERVE_UNKNOWN,,
1125,2648,40320,245504,40448,245632,GAP,withheld_gap,pending explicit design; preserve current cell,unsupported/conflicting transition continuation or more than one local tile correspondence,PRESERVE_UNKNOWN,,
1114,2649,38912,245632,39040,245760,GAP,withheld_gap,pending explicit design; preserve current cell,unsupported/conflicting transition continuation or more than one local tile correspondence,PRESERVE_UNKNOWN,,
1123,2649,40064,245632,40192,245760,GAP,withheld_gap,pending explicit design; preserve current cell,unsupported/conflicting transition continuation or more than one local tile correspondence,PRESERVE_UNKNOWN,,
1124,2649,40192,245632,40320,245760,GAP,withheld_gap,pending explicit design; preserve current cell,unsupported/conflicting transition continuation or more than one local tile correspondence,PRESERVE_UNKNOWN,,
1125,2649,40320,245632,40448,245760,GAP,withheld_gap,pending explicit design; preserve current cell,unsupported/conflicting transition continuation or more than one local tile correspondence,PRESERVE_UNKNOWN,,
1114,2650,38912,245760,39040,245888,GAP,withheld_gap,pending explicit design; preserve current cell,unsupported/conflicting transition continuation or more than one local tile correspondence,PRESERVE_UNKNOWN,,
1123,2650,40064,245760,40192,245888,GAP,withheld_gap,pending explicit design; preserve current cell,unsupported/conflicting transition continuation or more than one local tile correspondence,PRESERVE_UNKNOWN,,
1124,2650,40192,245760,40320,245888,GAP,withheld_gap,pending explicit design; preserve current cell,unsupported/conflicting transition continuation or more than one local tile correspondence,PRESERVE_UNKNOWN,,
1125,2650,40320,245760,40448,245888,GAP,withheld_gap,pending explicit design; preserve current cell,unsupported/conflicting transition continuation or more than one local tile correspondence,PRESERVE_UNKNOWN,,
1114,2651,38912,245888,39040,246016,GAP,withheld_gap,pending explicit design; preserve current cell,unsupported/conflicting transition continuation or more than one local tile correspondence,PRESERVE_UNKNOWN,,
1123,2651,40064,245888,40192,246016,GAP,withheld_gap,pending explicit design; preserve current cell,unsupported/conflicting transition continuation or more than one local tile correspondence,PRESERVE_UNKNOWN,,
1124,2651,40192,245888,40320,246016,GAP,withheld_gap,pending explicit design; preserve current cell,unsupported/conflicting transition continuation or more than one local tile correspondence,PRESERVE_UNKNOWN,,
1125,2651,40320,245888,40448,246016,GAP,withheld_gap,pending explicit design; preserve current cell,unsupported/conflicting transition continuation or more than one local tile correspondence,PRESERVE_UNKNOWN,,
1114,2652,38912,246016,39040,246144,GAP,withheld_gap,pending explicit design; preserve current cell,unsupported/conflicting transition continuation or more than one local tile correspondence,PRESERVE_UNKNOWN,,
1123,2652,40064,246016,40192,246144,GAP,withheld_gap,pending explicit design; preserve current cell,topology unsafe; no nearby map transition,PRESERVE_UNKNOWN,,
1124,2652,40192,246016,40320,246144,GAP,withheld_gap,pending explicit design; preserve current cell,topology unsafe; no nearby map transition,PRESERVE_UNKNOWN,,
1125,2652,40320,246016,40448,246144,GAP,withheld_gap,pending explicit design; preserve current cell,unsupported/conflicting transition continuation or more than one local tile correspondence,PRESERVE_UNKNOWN,,
1123,2653,40064,246144,40192,246272,GAP,withheld_gap,pending explicit design; preserve current cell,topology unsafe; no nearby map transition,PRESERVE_UNKNOWN,,
1124,2653,40192,246144,40320,246272,GAP,withheld_gap,pending explicit design; preserve current cell,topology unsafe; no nearby map transition,PRESERVE_UNKNOWN,,
1122,2654,39936,246272,40064,246400,GAP,withheld_gap,pending explicit design; preserve current cell,unsupported/conflicting transition continuation or more than one local tile correspondence,PRESERVE_UNKNOWN,,
1123,2654,40064,246272,40192,246400,GAP,withheld_gap,pending explicit design; preserve current cell,unsupported/conflicting transition continuation or more than one local tile correspondence,PRESERVE_UNKNOWN,,
1124,2654,40192,246272,40320,246400,GAP,withheld_gap,pending explicit design; preserve current cell,unsupported/conflicting transition continuation or more than one local tile correspondence,PRESERVE_UNKNOWN,,
1121,2655,39808,246400,39936,246528,GAP,withheld_gap,pending explicit design; preserve current cell,unsupported/conflicting transition continuation or more than one local tile correspondence,PRESERVE_UNKNOWN,,
1122,2655,39936,246400,40064,246528,GAP,withheld_gap,pending explicit design; preserve current cell,unsupported/conflicting transition continuation or more than one local tile correspondence,PRESERVE_UNKNOWN,,
1123,2655,40064,246400,40192,246528,GAP,withheld_gap,pending explicit design; preserve current cell,unsupported/conflicting transition continuation or more than one local tile correspondence,PRESERVE_UNKNOWN,,
1122,2656,39936,246528,40064,246656,GAP,withheld_gap,pending explicit design; preserve current cell,unsupported/conflicting transition continuation or more than one local tile correspondence,PRESERVE_UNKNOWN,,
1890,2660,138240,247040,138368,247168,GAP,withheld_gap,pending explicit design; preserve current cell,mapped/conflicting water transition within local seam context; banks not established,PRESERVE_UNKNOWN,,
1889,2661,138112,247168,138240,247296,GAP,withheld_gap,pending explicit design; preserve current cell,mapped/conflicting water transition within local seam context; banks not established,PRESERVE_UNKNOWN,,
1888,2662,137984,247296,138112,247424,GAP,withheld_gap,pending explicit design; preserve current cell,mapped/conflicting water transition within local seam context; banks not established,PRESERVE_UNKNOWN,,
1149,2680,43392,249600,43520,249728,GAP,withheld_gap,pending explicit design; preserve current cell,unsupported/conflicting transition continuation or more than one local tile correspondence,PRESERVE_UNKNOWN,,
1150,2680,43520,249600,43648,249728,GAP,withheld_gap,pending explicit design; preserve current cell,unsupported/conflicting transition continuation or more than one local tile correspondence,PRESERVE_UNKNOWN,,
1151,2680,43648,249600,43776,249728,GAP,withheld_gap,pending explicit design; preserve current cell,unsupported/conflicting transition continuation or more than one local tile correspondence,PRESERVE_UNKNOWN,,
1148,2681,43264,249728,43392,249856,GAP,withheld_gap,pending explicit design; preserve current cell,unsupported/conflicting transition continuation or more than one local tile correspondence,PRESERVE_UNKNOWN,,
1149,2681,43392,249728,43520,249856,GAP,withheld_gap,pending explicit design; preserve current cell,unsupported/conflicting transition continuation or more than one local tile correspondence,PRESERVE_UNKNOWN,,
1150,2681,43520,249728,43648,249856,GAP,withheld_gap,pending explicit design; preserve current cell,unsupported/conflicting transition continuation or more than one local tile correspondence,PRESERVE_UNKNOWN,,
1151,2681,43648,249728,43776,249856,GAP,withheld_gap,pending explicit design; preserve current cell,unsupported/conflicting transition continuation or more than one local tile correspondence,PRESERVE_UNKNOWN,,
1152,2681,43776,249728,43904,249856,GAP,withheld_gap,pending explicit design; preserve current cell,unsupported/conflicting transition continuation or more than one local tile correspondence,PRESERVE_UNKNOWN,,
1148,2682,43264,249856,43392,249984,GAP,withheld_gap,pending explicit design; preserve current cell,unsupported/conflicting transition continuation or more than one local tile correspondence,PRESERVE_UNKNOWN,,
1149,2682,43392,249856,43520,249984,GAP,withheld_gap,pending explicit design; preserve current cell,unsupported/conflicting transition continuation or more than one local tile correspondence,PRESERVE_UNKNOWN,,
1150,2682,43520,249856,43648,249984,GAP,withheld_gap,pending explicit design; preserve current cell,unsupported/conflicting transition continuation or more than one local tile correspondence,PRESERVE_UNKNOWN,,
1151,2682,43648,249856,43776,249984,GAP,withheld_gap,pending explicit design; preserve current cell,unsupported/conflicting transition continuation or more than one local tile correspondence,PRESERVE_UNKNOWN,,
1148,2683,43264,249984,43392,250112,GAP,withheld_gap,pending explicit design; preserve current cell,unsupported/conflicting transition continuation or more than one local tile correspondence,PRESERVE_UNKNOWN,,
1149,2683,43392,249984,43520,250112,GAP,withheld_gap,pending explicit design; preserve current cell,unsupported/conflicting transition continuation or more than one local tile correspondence,PRESERVE_UNKNOWN,,
1150,2683,43520,249984,43648,250112,GAP,withheld_gap,pending explicit design; preserve current cell,unsupported/conflicting transition continuation or more than one local tile correspondence,PRESERVE_UNKNOWN,,
1148,2684,43264,250112,43392,250240,GAP,withheld_gap,pending explicit design; preserve current cell,unsupported/conflicting transition continuation or more than one local tile correspondence,PRESERVE_UNKNOWN,,
1149,2684,43392,250112,43520,250240,GAP,withheld_gap,pending explicit design; preserve current cell,unsupported/conflicting transition continuation or more than one local tile correspondence,PRESERVE_UNKNOWN,,
1148,2685,43264,250240,43392,250368,GAP,withheld_gap,pending explicit design; preserve current cell,unsupported/conflicting transition continuation or more than one local tile correspondence,PRESERVE_UNKNOWN,,
1255,2764,56960,260352,57088,260480,GAP,withheld_gap,pending explicit design; preserve current cell,unsupported/conflicting transition continuation or more than one local tile correspondence,PRESERVE_UNKNOWN,,
1248,2765,56064,260480,56192,260608,GAP,withheld_gap,pending explicit design; preserve current cell,unsupported/conflicting transition continuation or more than one local tile correspondence,PRESERVE_UNKNOWN,,
1249,2765,56192,260480,56320,260608,GAP,withheld_gap,pending explicit design; preserve current cell,unsupported/conflicting transition continuation or more than one local tile correspondence,PRESERVE_UNKNOWN,,
1250,2765,56320,260480,56448,260608,GAP,withheld_gap,pending explicit design; preserve current cell,unsupported/conflicting transition continuation or more than one local tile correspondence,PRESERVE_UNKNOWN,,
1251,2765,56448,260480,56576,260608,GAP,withheld_gap,pending explicit design; preserve current cell,unsupported/conflicting transition continuation or more than one local tile correspondence,PRESERVE_UNKNOWN,,
1252,2765,56576,260480,56704,260608,GAP,withheld_gap,pending explicit design; preserve current cell,unsupported/conflicting transition continuation or more than one local tile correspondence,PRESERVE_UNKNOWN,,
1253,2766,56704,260608,56832,260736,GAP,withheld_gap,pending explicit design; preserve current cell,unsupported/conflicting transition continuation or more than one local tile correspondence,PRESERVE_UNKNOWN,,
1254,2766,56832,260608,56960,260736,GAP,withheld_gap,pending explicit design; preserve current cell,unsupported/conflicting transition continuation or more than one local tile correspondence,PRESERVE_UNKNOWN,,
1255,2766,56960,260608,57088,260736,GAP,withheld_gap,pending explicit design; preserve current cell,unsupported/conflicting transition continuation or more than one local tile correspondence,PRESERVE_UNKNOWN,,
1252,2767,56576,260736,56704,260864,GAP,withheld_gap,pending explicit design; preserve current cell,unsupported/conflicting transition continuation or more than one local tile correspondence,PRESERVE_UNKNOWN,,
1253,2767,56704,260736,56832,260864,GAP,withheld_gap,pending explicit design; preserve current cell,unsupported/conflicting transition continuation or more than one local tile correspondence,PRESERVE_UNKNOWN,,
1254,2767,56832,260736,56960,260864,GAP,withheld_gap,pending explicit design; preserve current cell,unsupported/conflicting transition continuation or more than one local tile correspondence,PRESERVE_UNKNOWN,,
1251,2768,56448,260864,56576,260992,GAP,withheld_gap,pending explicit design; preserve current cell,unsupported/conflicting transition continuation or more than one local tile correspondence,PRESERVE_UNKNOWN,,
1252,2768,56576,260864,56704,260992,GAP,withheld_gap,pending explicit design; preserve current cell,unsupported/conflicting transition continuation or more than one local tile correspondence,PRESERVE_UNKNOWN,,
1253,2768,56704,260864,56832,260992,GAP,withheld_gap,pending explicit design; preserve current cell,unsupported/conflicting transition continuation or more than one local tile correspondence,PRESERVE_UNKNOWN,,
1251,2769,56448,260992,56576,261120,GAP,withheld_gap,pending explicit design; preserve current cell,unsupported/conflicting transition continuation or more than one local tile correspondence,PRESERVE_UNKNOWN,,
1252,2769,56576,260992,56704,261120,GAP,withheld_gap,pending explicit design; preserve current cell,unsupported/conflicting transition continuation or more than one local tile correspondence,PRESERVE_UNKNOWN,,
1511,2815,89728,266880,89856,267008,GAP,withheld_gap,pending explicit design; preserve current cell,unsupported/conflicting transition continuation or more than one local tile correspondence,PRESERVE_UNKNOWN,,
1512,2815,89856,266880,89984,267008,GAP,withheld_gap,pending explicit design; preserve current cell,unsupported/conflicting transition continuation or more than one local tile correspondence,PRESERVE_UNKNOWN,,
1510,2816,89600,267008,89728,267136,GAP,withheld_gap,pending explicit design; preserve current cell,unsupported/conflicting transition continuation or more than one local tile correspondence,PRESERVE_UNKNOWN,,
1511,2816,89728,267008,89856,267136,GAP,withheld_gap,pending explicit design; preserve current cell,unsupported/conflicting transition continuation or more than one local tile correspondence,PRESERVE_UNKNOWN,,
1509,2817,89472,267136,89600,267264,GAP,withheld_gap,pending explicit design; preserve current cell,unsupported/conflicting transition continuation or more than one local tile correspondence,PRESERVE_UNKNOWN,,
1510,2817,89600,267136,89728,267264,GAP,withheld_gap,pending explicit design; preserve current cell,unsupported/conflicting transition continuation or more than one local tile correspondence,PRESERVE_UNKNOWN,,
1322,2821,65536,267648,65664,267776,GAP,withheld_gap,pending explicit design; preserve current cell,unsupported/conflicting transition continuation or more than one local tile correspondence,PRESERVE_UNKNOWN,,
1321,2822,65408,267776,65536,267904,GAP,withheld_gap,pending explicit design; preserve current cell,unsupported/conflicting transition continuation or more than one local tile correspondence,PRESERVE_UNKNOWN,,
1322,2822,65536,267776,65664,267904,GAP,withheld_gap,pending explicit design; preserve current cell,unsupported/conflicting transition continuation or more than one local tile correspondence,PRESERVE_UNKNOWN,,
1320,2823,65280,267904,65408,268032,GAP,withheld_gap,pending explicit design; preserve current cell,unsupported/conflicting transition continuation or more than one local tile correspondence,PRESERVE_UNKNOWN,,
1321,2823,65408,267904,65536,268032,GAP,withheld_gap,pending explicit design; preserve current cell,unsupported/conflicting transition continuation or more than one local tile correspondence,PRESERVE_UNKNOWN,,
1319,2824,65152,268032,65280,268160,GAP,withheld_gap,pending explicit design; preserve current cell,unsupported/conflicting transition continuation or more than one local tile correspondence,PRESERVE_UNKNOWN,,
1320,2824,65280,268032,65408,268160,GAP,withheld_gap,pending explicit design; preserve current cell,unsupported/conflicting transition continuation or more than one local tile correspondence,PRESERVE_UNKNOWN,,
1318,2825,65024,268160,65152,268288,GAP,withheld_gap,pending explicit design; preserve current cell,unsupported/conflicting transition continuation or more than one local tile correspondence,PRESERVE_UNKNOWN,,
1319,2825,65152,268160,65280,268288,GAP,withheld_gap,pending explicit design; preserve current cell,unsupported/conflicting transition continuation or more than one local tile correspondence,PRESERVE_UNKNOWN,,
1328,2832,66304,269056,66432,269184,GAP,withheld_gap,pending explicit design; preserve current cell,unsupported/conflicting transition continuation or more than one local tile correspondence,PRESERVE_UNKNOWN,,
1329,2832,66432,269056,66560,269184,GAP,withheld_gap,pending explicit design; preserve current cell,unsupported/conflicting transition continuation or more than one local tile correspondence,PRESERVE_UNKNOWN,,
1330,2832,66560,269056,66688,269184,GAP,withheld_gap,pending explicit design; preserve current cell,unsupported/conflicting transition continuation or more than one local tile correspondence,PRESERVE_UNKNOWN,,
1464,2832,83712,269056,83840,269184,GAP,withheld_gap,pending explicit design; preserve current cell,unsupported/conflicting transition continuation or more than one local tile correspondence,PRESERVE_UNKNOWN,,
1465,2832,83840,269056,83968,269184,GAP,withheld_gap,pending explicit design; preserve current cell,unsupported/conflicting transition continuation or more than one local tile correspondence,PRESERVE_UNKNOWN,,
1329,2833,66432,269184,66560,269312,GAP,withheld_gap,pending explicit design; preserve current cell,unsupported/conflicting transition continuation or more than one local tile correspondence,PRESERVE_UNKNOWN,,
1330,2833,66560,269184,66688,269312,GAP,withheld_gap,pending explicit design; preserve current cell,unsupported/conflicting transition continuation or more than one local tile correspondence,PRESERVE_UNKNOWN,,
1331,2833,66688,269184,66816,269312,GAP,withheld_gap,pending explicit design; preserve current cell,unsupported/conflicting transition continuation or more than one local tile correspondence,PRESERVE_UNKNOWN,,
1463,2833,83584,269184,83712,269312,GAP,withheld_gap,pending explicit design; preserve current cell,unsupported/conflicting transition continuation or more than one local tile correspondence,PRESERVE_UNKNOWN,,
1464,2833,83712,269184,83840,269312,GAP,withheld_gap,pending explicit design; preserve current cell,unsupported/conflicting transition continuation or more than one local tile correspondence,PRESERVE_UNKNOWN,,
1330,2834,66560,269312,66688,269440,GAP,withheld_gap,pending explicit design; preserve current cell,unsupported/conflicting transition continuation or more than one local tile correspondence,PRESERVE_UNKNOWN,,
1331,2834,66688,269312,66816,269440,GAP,withheld_gap,pending explicit design; preserve current cell,unsupported/conflicting transition continuation or more than one local tile correspondence,PRESERVE_UNKNOWN,,
1332,2834,66816,269312,66944,269440,GAP,withheld_gap,pending explicit design; preserve current cell,unsupported/conflicting transition continuation or more than one local tile correspondence,PRESERVE_UNKNOWN,,
1462,2834,83456,269312,83584,269440,GAP,withheld_gap,pending explicit design; preserve current cell,unsupported/conflicting transition continuation or more than one local tile correspondence,PRESERVE_UNKNOWN,,
1463,2834,83584,269312,83712,269440,GAP,withheld_gap,pending explicit design; preserve current cell,unsupported/conflicting transition continuation or more than one local tile correspondence,PRESERVE_UNKNOWN,,
1331,2835,66688,269440,66816,269568,GAP,withheld_gap,pending explicit design; preserve current cell,unsupported/conflicting transition continuation or more than one local tile correspondence,PRESERVE_UNKNOWN,,
1332,2835,66816,269440,66944,269568,GAP,withheld_gap,pending explicit design; preserve current cell,unsupported/conflicting transition continuation or more than one local tile correspondence,PRESERVE_UNKNOWN,,
1333,2835,66944,269440,67072,269568,GAP,withheld_gap,pending explicit design; preserve current cell,unsupported/conflicting transition continuation or more than one local tile correspondence,PRESERVE_UNKNOWN,,
1461,2835,83328,269440,83456,269568,GAP,withheld_gap,pending explicit design; preserve current cell,unsupported/conflicting transition continuation or more than one local tile correspondence,PRESERVE_UNKNOWN,,
1462,2835,83456,269440,83584,269568,GAP,withheld_gap,pending explicit design; preserve current cell,unsupported/conflicting transition continuation or more than one local tile correspondence,PRESERVE_UNKNOWN,,
1332,2836,66816,269568,66944,269696,GAP,withheld_gap,pending explicit design; preserve current cell,unsupported/conflicting transition continuation or more than one local tile correspondence,PRESERVE_UNKNOWN,,
1333,2836,66944,269568,67072,269696,GAP,withheld_gap,pending explicit design; preserve current cell,unsupported/conflicting transition continuation or more than one local tile correspondence,PRESERVE_UNKNOWN,,
1461,2836,83328,269568,83456,269696,GAP,withheld_gap,pending explicit design; preserve current cell,unsupported/conflicting transition continuation or more than one local tile correspondence,PRESERVE_UNKNOWN,,
1325,2837,65920,269696,66048,269824,GAP,withheld_gap,pending explicit design; preserve current cell,unsupported/conflicting transition continuation or more than one local tile correspondence,PRESERVE_UNKNOWN,,
1326,2837,66048,269696,66176,269824,GAP,withheld_gap,pending explicit design; preserve current cell,unsupported/conflicting transition continuation or more than one local tile correspondence,PRESERVE_UNKNOWN,,
1327,2837,66176,269696,66304,269824,GAP,withheld_gap,pending explicit design; preserve current cell,unsupported/conflicting transition continuation or more than one local tile correspondence,PRESERVE_UNKNOWN,,
1328,2837,66304,269696,66432,269824,GAP,withheld_gap,pending explicit design; preserve current cell,unsupported/conflicting transition continuation or more than one local tile correspondence,PRESERVE_UNKNOWN,,
1329,2837,66432,269696,66560,269824,GAP,withheld_gap,pending explicit design; preserve current cell,unsupported/conflicting transition continuation or more than one local tile correspondence,PRESERVE_UNKNOWN,,
1330,2837,66560,269696,66688,269824,GAP,withheld_gap,pending explicit design; preserve current cell,unsupported/conflicting transition continuation or more than one local tile correspondence,PRESERVE_UNKNOWN,,
1331,2837,66688,269696,66816,269824,GAP,withheld_gap,pending explicit design; preserve current cell,unsupported/conflicting transition continuation or more than one local tile correspondence,PRESERVE_UNKNOWN,,
1332,2837,66816,269696,66944,269824,GAP,withheld_gap,pending explicit design; preserve current cell,unsupported/conflicting transition continuation or more than one local tile correspondence,PRESERVE_UNKNOWN,,
1283,3055,60544,297600,60672,297728,GAP,withheld_gap,pending explicit design; preserve current cell,unsupported/conflicting transition continuation or more than one local tile correspondence,PRESERVE_UNKNOWN,,
1284,3056,60672,297728,60800,297856,GAP,withheld_gap,pending explicit design; preserve current cell,mapped/conflicting water transition within local seam context; banks not established,PRESERVE_UNKNOWN,,
1285,3057,60800,297856,60928,297984,GAP,withheld_gap,pending explicit design; preserve current cell,mapped/conflicting water transition within local seam context; banks not established,PRESERVE_UNKNOWN,,
1293,3057,61824,297856,61952,297984,GAP,withheld_gap,pending explicit design; preserve current cell,unsupported/conflicting transition continuation or more than one local tile correspondence,PRESERVE_UNKNOWN,,
1286,3058,60928,297984,61056,298112,GAP,withheld_gap,pending explicit design; preserve current cell,mapped/conflicting water transition within local seam context; banks not established,PRESERVE_UNKNOWN,,
1287,3058,61056,297984,61184,298112,GAP,withheld_gap,pending explicit design; preserve current cell,mapped/conflicting water transition within local seam context; banks not established,PRESERVE_UNKNOWN,,
1288,3058,61184,297984,61312,298112,GAP,withheld_gap,pending explicit design; preserve current cell,unsupported/conflicting transition continuation or more than one local tile correspondence,PRESERVE_UNKNOWN,,
1289,3058,61312,297984,61440,298112,GAP,withheld_gap,pending explicit design; preserve current cell,unsupported/conflicting transition continuation or more than one local tile correspondence,PRESERVE_UNKNOWN,,
1290,3058,61440,297984,61568,298112,GAP,withheld_gap,pending explicit design; preserve current cell,unsupported/conflicting transition continuation or more than one local tile correspondence,PRESERVE_UNKNOWN,,
1291,3058,61568,297984,61696,298112,GAP,withheld_gap,pending explicit design; preserve current cell,unsupported/conflicting transition continuation or more than one local tile correspondence,PRESERVE_UNKNOWN,,
1292,3058,61696,297984,61824,298112,GAP,withheld_gap,pending explicit design; preserve current cell,unsupported/conflicting transition continuation or more than one local tile correspondence,PRESERVE_UNKNOWN,,
1229,3074,53632,300032,53760,300160,GAP,withheld_gap,pending explicit design; preserve current cell,unsupported/conflicting transition continuation or more than one local tile correspondence,PRESERVE_UNKNOWN,,
1229,3075,53632,300160,53760,300288,GAP,withheld_gap,pending explicit design; preserve current cell,unsupported/conflicting transition continuation or more than one local tile correspondence,PRESERVE_UNKNOWN,,
1229,3076,53632,300288,53760,300416,GAP,withheld_gap,pending explicit design; preserve current cell,unsupported/conflicting transition continuation or more than one local tile correspondence,PRESERVE_UNKNOWN,,
1229,3077,53632,300416,53760,300544,GAP,withheld_gap,pending explicit design; preserve current cell,unsupported/conflicting transition continuation or more than one local tile correspondence,PRESERVE_UNKNOWN,,
1231,3077,53888,300416,54016,300544,GAP,withheld_gap,pending explicit design; preserve current cell,unsupported/conflicting transition continuation or more than one local tile correspondence,PRESERVE_UNKNOWN,,
1229,3078,53632,300544,53760,300672,GAP,withheld_gap,pending explicit design; preserve current cell,unsupported/conflicting transition continuation or more than one local tile correspondence,PRESERVE_UNKNOWN,,
1230,3078,53760,300544,53888,300672,GAP,withheld_gap,pending explicit design; preserve current cell,unsupported/conflicting transition continuation or more than one local tile correspondence,PRESERVE_UNKNOWN,,
1231,3078,53888,300544,54016,300672,GAP,withheld_gap,pending explicit design; preserve current cell,unsupported/conflicting transition continuation or more than one local tile correspondence,PRESERVE_UNKNOWN,,
1229,3079,53632,300672,53760,300800,GAP,withheld_gap,pending explicit design; preserve current cell,unsupported/conflicting transition continuation or more than one local tile correspondence,PRESERVE_UNKNOWN,,
1230,3079,53760,300672,53888,300800,GAP,withheld_gap,pending explicit design; preserve current cell,unsupported/conflicting transition continuation or more than one local tile correspondence,PRESERVE_UNKNOWN,,
1228,3080,53504,300800,53632,300928,GAP,withheld_gap,pending explicit design; preserve current cell,unsupported/conflicting transition continuation or more than one local tile correspondence,PRESERVE_UNKNOWN,,
1229,3080,53632,300800,53760,300928,GAP,withheld_gap,pending explicit design; preserve current cell,unsupported/conflicting transition continuation or more than one local tile correspondence,PRESERVE_UNKNOWN,,
1227,3081,53376,300928,53504,301056,GAP,withheld_gap,pending explicit design; preserve current cell,unsupported/conflicting transition continuation or more than one local tile correspondence,PRESERVE_UNKNOWN,,
1228,3081,53504,300928,53632,301056,GAP,withheld_gap,pending explicit design; preserve current cell,unsupported/conflicting transition continuation or more than one local tile correspondence,PRESERVE_UNKNOWN,,
1238,3107,54784,304256,54912,304384,GAP,withheld_gap,pending explicit design; preserve current cell,unsupported/conflicting transition continuation or more than one local tile correspondence,PRESERVE_UNKNOWN,,
1237,3108,54656,304384,54784,304512,GAP,withheld_gap,pending explicit design; preserve current cell,unsupported/conflicting transition continuation or more than one local tile correspondence,PRESERVE_UNKNOWN,,
1236,3109,54528,304512,54656,304640,GAP,withheld_gap,pending explicit design; preserve current cell,unsupported/conflicting transition continuation or more than one local tile correspondence,PRESERVE_UNKNOWN,,
1236,3110,54528,304640,54656,304768,GAP,withheld_gap,pending explicit design; preserve current cell,unsupported/conflicting transition continuation or more than one local tile correspondence,PRESERVE_UNKNOWN,,
1236,3111,54528,304768,54656,304896,GAP,withheld_gap,pending explicit design; preserve current cell,unsupported/conflicting transition continuation or more than one local tile correspondence,PRESERVE_UNKNOWN,,
1236,3112,54528,304896,54656,305024,GAP,withheld_gap,pending explicit design; preserve current cell,unsupported/conflicting transition continuation or more than one local tile correspondence,PRESERVE_UNKNOWN,,
1236,3113,54528,305024,54656,305152,GAP,withheld_gap,pending explicit design; preserve current cell,unsupported/conflicting transition continuation or more than one local tile correspondence,PRESERVE_UNKNOWN,,
1236,3114,54528,305152,54656,305280,GAP,withheld_gap,pending explicit design; preserve current cell,unsupported/conflicting transition continuation or more than one local tile correspondence,PRESERVE_UNKNOWN,,
1236,3115,54528,305280,54656,305408,GAP,withheld_gap,pending explicit design; preserve current cell,unsupported/conflicting transition continuation or more than one local tile correspondence,PRESERVE_UNKNOWN,,
1236,3116,54528,305408,54656,305536,GAP,withheld_gap,pending explicit design; preserve current cell,unsupported/conflicting transition continuation or more than one local tile correspondence,PRESERVE_UNKNOWN,,
1230,3239,53760,321152,53888,321280,GAP,withheld_gap,pending explicit design; preserve current cell,unsupported/conflicting transition continuation or more than one local tile correspondence,PRESERVE_UNKNOWN,,
1231,3240,53888,321280,54016,321408,GAP,withheld_gap,pending explicit design; preserve current cell,unsupported/conflicting transition continuation or more than one local tile correspondence,PRESERVE_UNKNOWN,,
1232,3241,54016,321408,54144,321536,GAP,withheld_gap,pending explicit design; preserve current cell,unsupported/conflicting transition continuation or more than one local tile correspondence,PRESERVE_UNKNOWN,,
1232,3242,54016,321536,54144,321664,GAP,withheld_gap,pending explicit design; preserve current cell,unsupported/conflicting transition continuation or more than one local tile correspondence,PRESERVE_UNKNOWN,,
1233,3242,54144,321536,54272,321664,GAP,withheld_gap,pending explicit design; preserve current cell,unsupported/conflicting transition continuation or more than one local tile correspondence,PRESERVE_UNKNOWN,,
1232,3243,54016,321664,54144,321792,GAP,withheld_gap,pending explicit design; preserve current cell,unsupported/conflicting transition continuation or more than one local tile correspondence,PRESERVE_UNKNOWN,,
1234,3243,54272,321664,54400,321792,GAP,withheld_gap,pending explicit design; preserve current cell,unsupported/conflicting transition continuation or more than one local tile correspondence,PRESERVE_UNKNOWN,,
1232,3244,54016,321792,54144,321920,GAP,withheld_gap,pending explicit design; preserve current cell,unsupported/conflicting transition continuation or more than one local tile correspondence,PRESERVE_UNKNOWN,,
1232,3245,54016,321920,54144,322048,GAP,withheld_gap,pending explicit design; preserve current cell,unsupported/conflicting transition continuation or more than one local tile correspondence,PRESERVE_UNKNOWN,,
1232,3246,54016,322048,54144,322176,GAP,withheld_gap,pending explicit design; preserve current cell,unsupported/conflicting transition continuation or more than one local tile correspondence,PRESERVE_UNKNOWN,,
1232,3247,54016,322176,54144,322304,GAP,withheld_gap,pending explicit design; preserve current cell,unsupported/conflicting transition continuation or more than one local tile correspondence,PRESERVE_UNKNOWN,,
1201,3277,50048,326016,50176,326144,GAP,withheld_gap,pending explicit design; preserve current cell,unsupported/conflicting transition continuation or more than one local tile correspondence,PRESERVE_UNKNOWN,,
1200,3278,49920,326144,50048,326272,GAP,withheld_gap,pending explicit design; preserve current cell,unsupported/conflicting transition continuation or more than one local tile correspondence,PRESERVE_UNKNOWN,,
1201,3278,50048,326144,50176,326272,GAP,withheld_gap,pending explicit design; preserve current cell,unsupported/conflicting transition continuation or more than one local tile correspondence,PRESERVE_UNKNOWN,,
1200,3279,49920,326272,50048,326400,GAP,withheld_gap,pending explicit design; preserve current cell,unsupported/conflicting transition continuation or more than one local tile correspondence,PRESERVE_UNKNOWN,,
1201,3279,50048,326272,50176,326400,GAP,withheld_gap,pending explicit design; preserve current cell,unsupported/conflicting transition continuation or more than one local tile correspondence,PRESERVE_UNKNOWN,,
1200,3280,49920,326400,50048,326528,GAP,withheld_gap,pending explicit design; preserve current cell,unsupported/conflicting transition continuation or more than one local tile correspondence,PRESERVE_UNKNOWN,,
1201,3280,50048,326400,50176,326528,GAP,withheld_gap,pending explicit design; preserve current cell,unsupported/conflicting transition continuation or more than one local tile correspondence,PRESERVE_UNKNOWN,,
1200,3281,49920,326528,50048,326656,GAP,withheld_gap,pending explicit design; preserve current cell,unsupported/conflicting transition continuation or more than one local tile correspondence,PRESERVE_UNKNOWN,,
1201,3281,50048,326528,50176,326656,GAP,withheld_gap,pending explicit design; preserve current cell,unsupported/conflicting transition continuation or more than one local tile correspondence,PRESERVE_UNKNOWN,,
1200,3282,49920,326656,50048,326784,GAP,withheld_gap,pending explicit design; preserve current cell,unsupported/conflicting transition continuation or more than one local tile correspondence,PRESERVE_UNKNOWN,,
1201,3282,50048,326656,50176,326784,GAP,withheld_gap,pending explicit design; preserve current cell,unsupported/conflicting transition continuation or more than one local tile correspondence,PRESERVE_UNKNOWN,,
1200,3283,49920,326784,50048,326912,GAP,withheld_gap,pending explicit design; preserve current cell,unsupported/conflicting transition continuation or more than one local tile correspondence,PRESERVE_UNKNOWN,,
1201,3283,50048,326784,50176,326912,GAP,withheld_gap,pending explicit design; preserve current cell,unsupported/conflicting transition continuation or more than one local tile correspondence,PRESERVE_UNKNOWN,,
1202,3283,50176,326784,50304,326912,GAP,withheld_gap,pending explicit design; preserve current cell,unsupported/conflicting transition continuation or more than one local tile correspondence,PRESERVE_UNKNOWN,,
1201,3284,50048,326912,50176,327040,GAP,withheld_gap,pending explicit design; preserve current cell,unsupported/conflicting transition continuation or more than one local tile correspondence,PRESERVE_UNKNOWN,,
1202,3284,50176,326912,50304,327040,GAP,withheld_gap,pending explicit design; preserve current cell,unsupported/conflicting transition continuation or more than one local tile correspondence,PRESERVE_UNKNOWN,,
1203,3284,50304,326912,50432,327040,GAP,withheld_gap,pending explicit design; preserve current cell,unsupported/conflicting transition continuation or more than one local tile correspondence,PRESERVE_UNKNOWN,,
1202,3285,50176,327040,50304,327168,GAP,withheld_gap,pending explicit design; preserve current cell,unsupported/conflicting transition continuation or more than one local tile correspondence,PRESERVE_UNKNOWN,,
1203,3285,50304,327040,50432,327168,GAP,withheld_gap,pending explicit design; preserve current cell,unsupported/conflicting transition continuation or more than one local tile correspondence,PRESERVE_UNKNOWN,,
1204,3285,50432,327040,50560,327168,GAP,withheld_gap,pending explicit design; preserve current cell,unsupported/conflicting transition continuation or more than one local tile correspondence,PRESERVE_UNKNOWN,,
1205,3285,50560,327040,50688,327168,GAP,withheld_gap,pending explicit design; preserve current cell,unsupported/conflicting transition continuation or more than one local tile correspondence,PRESERVE_UNKNOWN,,
1206,3285,50688,327040,50816,327168,GAP,withheld_gap,pending explicit design; preserve current cell,unsupported/conflicting transition continuation or more than one local tile correspondence,PRESERVE_UNKNOWN,,
1207,3285,50816,327040,50944,327168,GAP,withheld_gap,pending explicit design; preserve current cell,unsupported/conflicting transition continuation or more than one local tile correspondence,PRESERVE_UNKNOWN,,
1208,3285,50944,327040,51072,327168,GAP,withheld_gap,pending explicit design; preserve current cell,unsupported/conflicting transition continuation or more than one local tile correspondence,PRESERVE_UNKNOWN,,
1209,3285,51072,327040,51200,327168,GAP,withheld_gap,pending explicit design; preserve current cell,unsupported/conflicting transition continuation or more than one local tile correspondence,PRESERVE_UNKNOWN,,
1292,3331,61696,332928,61824,333056,GAP,withheld_gap,pending explicit design; preserve current cell,unsupported/conflicting transition continuation or more than one local tile correspondence,PRESERVE_UNKNOWN,,
801,3530,-1152,358400,-1024,358528,GAP,withheld_gap,pending explicit design; preserve current cell,unsupported/conflicting transition continuation or more than one local tile correspondence,PRESERVE_UNKNOWN,,
