mask_x,mask_y,world_x_min,world_z_min,world_x_max_exclusive,world_z_max_exclusive,previous_rgba,proposed_rgba,from_tile,to_tile,segment,biome,rationale
681,461,-16512,-34432,-16384,-34304,0/0/33/255,0/0/30/255,T033,T030,S0001,forodwaith,consistent pre-V2 opposite-side territory witnesses on the same local biome transition; two shifted contexts agree; cumulative topology preserved
918,475,13824,-32640,13952,-32512,0/0/37/255,0/0/34/255,T037,T034,S0002,forodwaith,consistent pre-V2 opposite-side territory witnesses on the same local biome transition; two shifted contexts agree; cumulative topology preserved
879,477,8832,-32384,8960,-32256,0/0/37/255,0/0/34/255,T037,T034,S0003,forodwaith,consistent pre-V2 opposite-side territory witnesses on the same local biome transition; two shifted contexts agree; cumulative topology preserved
880,477,8960,-32384,9088,-32256,0/0/37/255,0/0/34/255,T037,T034,S0003,forodwaith,consistent pre-V2 opposite-side territory witnesses on the same local biome transition; two shifted contexts agree; cumulative topology preserved
881,477,9088,-32384,9216,-32256,0/0/37/255,0/0/34/255,T037,T034,S0003,forodwaith,consistent pre-V2 opposite-side territory witnesses on the same local biome transition; two shifted contexts agree; cumulative topology preserved
882,477,9216,-32384,9344,-32256,0/0/37/255,0/0/34/255,T037,T034,S0003,forodwaith,consistent pre-V2 opposite-side territory witnesses on the same local biome transition; two shifted contexts agree; cumulative topology preserved
883,477,9344,-32384,9472,-32256,0/0/37/255,0/0/34/255,T037,T034,S0003,forodwaith,consistent pre-V2 opposite-side territory witnesses on the same local biome transition; two shifted contexts agree; cumulative topology preserved
884,477,9472,-32384,9600,-32256,0/0/37/255,0/0/34/255,T037,T034,S0003,forodwaith,consistent pre-V2 opposite-side territory witnesses on the same local biome transition; two shifted contexts agree; cumulative topology preserved
885,477,9600,-32384,9728,-32256,0/0/37/255,0/0/34/255,T037,T034,S0003,forodwaith,consistent pre-V2 opposite-side territory witnesses on the same local biome transition; two shifted contexts agree; cumulative topology preserved
886,477,9728,-32384,9856,-32256,0/0/37/255,0/0/34/255,T037,T034,S0003,forodwaith,consistent pre-V2 opposite-side territory witnesses on the same local biome transition; two shifted contexts agree; cumulative topology preserved
887,477,9856,-32384,9984,-32256,0/0/37/255,0/0/34/255,T037,T034,S0003,forodwaith,consistent pre-V2 opposite-side territory witnesses on the same local biome transition; two shifted contexts agree; cumulative topology preserved
888,477,9984,-32384,10112,-32256,0/0/37/255,0/0/34/255,T037,T034,S0003,forodwaith,consistent pre-V2 opposite-side territory witnesses on the same local biome transition; two shifted contexts agree; cumulative topology preserved
889,477,10112,-32384,10240,-32256,0/0/37/255,0/0/34/255,T037,T034,S0003,forodwaith,consistent pre-V2 opposite-side territory witnesses on the same local biome transition; two shifted contexts agree; cumulative topology preserved
890,477,10240,-32384,10368,-32256,0/0/37/255,0/0/34/255,T037,T034,S0003,forodwaith,consistent pre-V2 opposite-side territory witnesses on the same local biome transition; two shifted contexts agree; cumulative topology preserved
891,477,10368,-32384,10496,-32256,0/0/37/255,0/0/34/255,T037,T034,S0003,forodwaith,consistent pre-V2 opposite-side territory witnesses on the same local biome transition; two shifted contexts agree; cumulative topology preserved
892,477,10496,-32384,10624,-32256,0/0/37/255,0/0/34/255,T037,T034,S0003,forodwaith,consistent pre-V2 opposite-side territory witnesses on the same local biome transition; two shifted contexts agree; cumulative topology preserved
921,477,14208,-32384,14336,-32256,0/0/37/255,0/0/34/255,T037,T034,S0004,forodwaith,consistent pre-V2 opposite-side territory witnesses on the same local biome transition; two shifted contexts agree; cumulative topology preserved
871,479,7808,-32128,7936,-32000,0/0/37/255,0/0/34/255,T037,T034,S0005,forodwaith,consistent pre-V2 opposite-side territory witnesses on the same local biome transition; two shifted contexts agree; cumulative topology preserved
872,479,7936,-32128,8064,-32000,0/0/37/255,0/0/34/255,T037,T034,S0005,forodwaith,consistent pre-V2 opposite-side territory witnesses on the same local biome transition; two shifted contexts agree; cumulative topology preserved
873,479,8064,-32128,8192,-32000,0/0/37/255,0/0/34/255,T037,T034,S0005,forodwaith,consistent pre-V2 opposite-side territory witnesses on the same local biome transition; two shifted contexts agree; cumulative topology preserved
874,479,8192,-32128,8320,-32000,0/0/37/255,0/0/34/255,T037,T034,S0005,forodwaith,consistent pre-V2 opposite-side territory witnesses on the same local biome transition; two shifted contexts agree; cumulative topology preserved
933,479,15744,-32128,15872,-32000,0/0/37/255,0/0/34/255,T037,T034,S0006,forodwaith,consistent pre-V2 opposite-side territory witnesses on the same local biome transition; two shifted contexts agree; cumulative topology preserved
943,483,17024,-31616,17152,-31488,0/0/34/255,0/0/37/255,T034,T037,S0007,tundra,consistent pre-V2 opposite-side territory witnesses on the same local biome transition; two shifted contexts agree; cumulative topology preserved
944,483,17152,-31616,17280,-31488,0/0/34/255,0/0/37/255,T034,T037,S0007,tundra,consistent pre-V2 opposite-side territory witnesses on the same local biome transition; two shifted contexts agree; cumulative topology preserved
948,484,17664,-31488,17792,-31360,0/0/34/255,0/0/37/255,T034,T037,S0008,tundra,consistent pre-V2 opposite-side territory witnesses on the same local biome transition; two shifted contexts agree; cumulative topology preserved
957,484,18816,-31488,18944,-31360,0/0/40/255,0/0/34/255,T040,T034,S0009,forodwaith,consistent pre-V2 opposite-side territory witnesses on the same local biome transition; two shifted contexts agree; cumulative topology preserved
958,484,18944,-31488,19072,-31360,0/0/40/255,0/0/34/255,T040,T034,S0009,forodwaith,consistent pre-V2 opposite-side territory witnesses on the same local biome transition; two shifted contexts agree; cumulative topology preserved
954,485,18432,-31360,18560,-31232,0/0/37/255,0/0/34/255,T037,T034,S0010,forodwaith,consistent pre-V2 opposite-side territory witnesses on the same local biome transition; two shifted contexts agree; cumulative topology preserved
955,485,18560,-31360,18688,-31232,0/0/40/255,0/0/34/255,T040,T034,S0009,forodwaith,consistent pre-V2 opposite-side territory witnesses on the same local biome transition; two shifted contexts agree; cumulative topology preserved
956,485,18688,-31360,18816,-31232,0/0/40/255,0/0/34/255,T040,T034,S0009,forodwaith,consistent pre-V2 opposite-side territory witnesses on the same local biome transition; two shifted contexts agree; cumulative topology preserved
957,485,18816,-31360,18944,-31232,0/0/40/255,0/0/34/255,T040,T034,S0009,forodwaith,consistent pre-V2 opposite-side territory witnesses on the same local biome transition; two shifted contexts agree; cumulative topology preserved
958,485,18944,-31360,19072,-31232,0/0/40/255,0/0/34/255,T040,T034,S0009,forodwaith,consistent pre-V2 opposite-side territory witnesses on the same local biome transition; two shifted contexts agree; cumulative topology preserved
716,487,-12032,-31104,-11904,-30976,0/0/36/255,0/0/30/255,T036,T030,S0011,forodwaith,consistent pre-V2 opposite-side territory witnesses on the same local biome transition; two shifted contexts agree; cumulative topology preserved
956,487,18688,-31104,18816,-30976,0/0/40/255,0/0/37/255,T040,T037,S0012,tundra,consistent pre-V2 opposite-side territory witnesses on the same local biome transition; two shifted contexts agree; cumulative topology preserved
592,490,-27904,-30720,-27776,-30592,0/0/33/255,0/0/41/255,T033,T041,S0013,lindon,consistent pre-V2 opposite-side territory witnesses on the same local biome transition; two shifted contexts agree; cumulative topology preserved
593,490,-27776,-30720,-27648,-30592,0/0/33/255,0/0/41/255,T033,T041,S0013,lindon,consistent pre-V2 opposite-side territory witnesses on the same local biome transition; two shifted contexts agree; cumulative topology preserved
594,490,-27648,-30720,-27520,-30592,0/0/33/255,0/0/41/255,T033,T041,S0013,lindon,consistent pre-V2 opposite-side territory witnesses on the same local biome transition; two shifted contexts agree; cumulative topology preserved
595,490,-27520,-30720,-27392,-30592,0/0/33/255,0/0/41/255,T033,T041,S0013,lindon,consistent pre-V2 opposite-side territory witnesses on the same local biome transition; two shifted contexts agree; cumulative topology preserved
894,512,10752,-27904,10880,-27776,0/0/37/255,0/0/46/255,T037,T046,S0014,eriador,consistent pre-V2 opposite-side territory witnesses on the same local biome transition; two shifted contexts agree; cumulative topology preserved
895,512,10880,-27904,11008,-27776,0/0/37/255,0/0/46/255,T037,T046,S0014,eriador,consistent pre-V2 opposite-side territory witnesses on the same local biome transition; two shifted contexts agree; cumulative topology preserved
896,512,11008,-27904,11136,-27776,0/0/37/255,0/0/46/255,T037,T046,S0014,eriador,consistent pre-V2 opposite-side territory witnesses on the same local biome transition; two shifted contexts agree; cumulative topology preserved
892,513,10496,-27776,10624,-27648,0/0/46/255,0/0/37/255,T046,T037,S0015,taiga,consistent pre-V2 opposite-side territory witnesses on the same local biome transition; two shifted contexts agree; cumulative topology preserved
899,513,11392,-27776,11520,-27648,0/0/37/255,0/0/46/255,T037,T046,S0016,eriador,consistent pre-V2 opposite-side territory witnesses on the same local biome transition; two shifted contexts agree; cumulative topology preserved
887,514,9856,-27648,9984,-27520,0/0/46/255,0/0/37/255,T046,T037,S0017,taiga,consistent pre-V2 opposite-side territory witnesses on the same local biome transition; two shifted contexts agree; cumulative topology preserved
888,514,9984,-27648,10112,-27520,0/0/46/255,0/0/37/255,T046,T037,S0017,taiga,consistent pre-V2 opposite-side territory witnesses on the same local biome transition; two shifted contexts agree; cumulative topology preserved
889,514,10112,-27648,10240,-27520,0/0/46/255,0/0/37/255,T046,T037,S0017,taiga,consistent pre-V2 opposite-side territory witnesses on the same local biome transition; two shifted contexts agree; cumulative topology preserved
890,514,10240,-27648,10368,-27520,0/0/46/255,0/0/37/255,T046,T037,S0017,taiga,consistent pre-V2 opposite-side territory witnesses on the same local biome transition; two shifted contexts agree; cumulative topology preserved
902,514,11776,-27648,11904,-27520,0/0/37/255,0/0/46/255,T037,T046,S0018,eriador,consistent pre-V2 opposite-side territory witnesses on the same local biome transition; two shifted contexts agree; cumulative topology preserved
882,515,9216,-27520,9344,-27392,0/0/46/255,0/0/37/255,T046,T037,S0019,taiga,consistent pre-V2 opposite-side territory witnesses on the same local biome transition; two shifted contexts agree; cumulative topology preserved
883,515,9344,-27520,9472,-27392,0/0/46/255,0/0/37/255,T046,T037,S0019,taiga,consistent pre-V2 opposite-side territory witnesses on the same local biome transition; two shifted contexts agree; cumulative topology preserved
911,515,12928,-27520,13056,-27392,0/0/46/255,0/0/37/255,T046,T037,S0020,taiga,consistent pre-V2 opposite-side territory witnesses on the same local biome transition; two shifted contexts agree; cumulative topology preserved
803,516,-896,-27392,-768,-27264,0/0/43/255,0/0/34/255,T043,T034,S0021,forodwaith,consistent pre-V2 opposite-side territory witnesses on the same local biome transition; two shifted contexts agree; cumulative topology preserved
878,516,8704,-27392,8832,-27264,0/0/37/255,0/0/46/255,T037,T046,S0022,eriador,consistent pre-V2 opposite-side territory witnesses on the same local biome transition; two shifted contexts agree; cumulative topology preserved
746,517,-8192,-27264,-8064,-27136,0/0/43/255,0/0/34/255,T043,T034,S0023,forodwaith,consistent pre-V2 opposite-side territory witnesses on the same local biome transition; two shifted contexts agree; cumulative topology preserved
788,517,-2816,-27264,-2688,-27136,0/0/43/255,0/0/34/255,T043,T034,S0024,forodwaith,consistent pre-V2 opposite-side territory witnesses on the same local biome transition; two shifted contexts agree; cumulative topology preserved
789,517,-2688,-27264,-2560,-27136,0/0/43/255,0/0/34/255,T043,T034,S0024,forodwaith,consistent pre-V2 opposite-side territory witnesses on the same local biome transition; two shifted contexts agree; cumulative topology preserved
790,517,-2560,-27264,-2432,-27136,0/0/43/255,0/0/34/255,T043,T034,S0024,forodwaith,consistent pre-V2 opposite-side territory witnesses on the same local biome transition; two shifted contexts agree; cumulative topology preserved
807,517,-384,-27264,-256,-27136,0/0/43/255,0/0/34/255,T043,T034,S0025,forodwaith,consistent pre-V2 opposite-side territory witnesses on the same local biome transition; two shifted contexts agree; cumulative topology preserved
808,517,-256,-27264,-128,-27136,0/0/43/255,0/0/34/255,T043,T034,S0025,forodwaith,consistent pre-V2 opposite-side territory witnesses on the same local biome transition; two shifted contexts agree; cumulative topology preserved
809,517,-128,-27264,0,-27136,0/0/43/255,0/0/34/255,T043,T034,S0025,forodwaith,consistent pre-V2 opposite-side territory witnesses on the same local biome transition; two shifted contexts agree; cumulative topology preserved
877,517,8576,-27264,8704,-27136,0/0/37/255,0/0/46/255,T037,T046,S0022,eriador,consistent pre-V2 opposite-side territory witnesses on the same local biome transition; two shifted contexts agree; cumulative topology preserved
811,518,128,-27136,256,-27008,0/0/43/255,0/0/34/255,T043,T034,S0026,forodwaith,consistent pre-V2 opposite-side territory witnesses on the same local biome transition; two shifted contexts agree; cumulative topology preserved
874,518,8192,-27136,8320,-27008,0/0/46/255,0/0/37/255,T046,T037,S0027,tundra,consistent pre-V2 opposite-side territory witnesses on the same local biome transition; two shifted contexts agree; cumulative topology preserved
750,519,-7680,-27008,-7552,-26880,0/0/43/255,0/0/34/255,T043,T034,S0028,forodwaith,consistent pre-V2 opposite-side territory witnesses on the same local biome transition; two shifted contexts agree; cumulative topology preserved
751,519,-7552,-27008,-7424,-26880,0/0/43/255,0/0/34/255,T043,T034,S0028,forodwaith,consistent pre-V2 opposite-side territory witnesses on the same local biome transition; two shifted contexts agree; cumulative topology preserved
752,519,-7424,-27008,-7296,-26880,0/0/43/255,0/0/34/255,T043,T034,S0028,forodwaith,consistent pre-V2 opposite-side territory witnesses on the same local biome transition; two shifted contexts agree; cumulative topology preserved
768,519,-5376,-27008,-5248,-26880,0/0/43/255,0/0/34/255,T043,T034,S0029,forodwaith,consistent pre-V2 opposite-side territory witnesses on the same local biome transition; two shifted contexts agree; cumulative topology preserved
2735,538,246400,-24576,246528,-24448,0/0/44/255,0/0/105/255,T044,T105,S0030,rhun,consistent pre-V2 opposite-side territory witnesses on the same local biome transition; two shifted contexts agree; cumulative topology preserved
2736,538,246528,-24576,246656,-24448,0/0/44/255,0/0/105/255,T044,T105,S0030,rhun,consistent pre-V2 opposite-side territory witnesses on the same local biome transition; two shifted contexts agree; cumulative topology preserved
2737,538,246656,-24576,246784,-24448,0/0/44/255,0/0/105/255,T044,T105,S0030,rhun,consistent pre-V2 opposite-side territory witnesses on the same local biome transition; two shifted contexts agree; cumulative topology preserved
2750,538,248320,-24576,248448,-24448,0/0/44/255,0/0/105/255,T044,T105,S0031,rhun,consistent pre-V2 opposite-side territory witnesses on the same local biome transition; two shifted contexts agree; cumulative topology preserved
2751,538,248448,-24576,248576,-24448,0/0/44/255,0/0/105/255,T044,T105,S0031,rhun,consistent pre-V2 opposite-side territory witnesses on the same local biome transition; two shifted contexts agree; cumulative topology preserved
2752,538,248576,-24576,248704,-24448,0/0/44/255,0/0/105/255,T044,T105,S0031,rhun,consistent pre-V2 opposite-side territory witnesses on the same local biome transition; two shifted contexts agree; cumulative topology preserved
2753,538,248704,-24576,248832,-24448,0/0/44/255,0/0/105/255,T044,T105,S0031,rhun,consistent pre-V2 opposite-side territory witnesses on the same local biome transition; two shifted contexts agree; cumulative topology preserved
2754,538,248832,-24576,248960,-24448,0/0/44/255,0/0/105/255,T044,T105,S0031,rhun,consistent pre-V2 opposite-side territory witnesses on the same local biome transition; two shifted contexts agree; cumulative topology preserved
2755,538,248960,-24576,249088,-24448,0/0/44/255,0/0/105/255,T044,T105,S0031,rhun,consistent pre-V2 opposite-side territory witnesses on the same local biome transition; two shifted contexts agree; cumulative topology preserved
2756,538,249088,-24576,249216,-24448,0/0/44/255,0/0/105/255,T044,T105,S0031,rhun,consistent pre-V2 opposite-side territory witnesses on the same local biome transition; two shifted contexts agree; cumulative topology preserved
2757,538,249216,-24576,249344,-24448,0/0/44/255,0/0/105/255,T044,T105,S0031,rhun,consistent pre-V2 opposite-side territory witnesses on the same local biome transition; two shifted contexts agree; cumulative topology preserved
2758,538,249344,-24576,249472,-24448,0/0/44/255,0/0/105/255,T044,T105,S0031,rhun,consistent pre-V2 opposite-side territory witnesses on the same local biome transition; two shifted contexts agree; cumulative topology preserved
792,539,-2304,-24448,-2176,-24320,0/0/43/255,0/0/52/255,T043,T052,S0032,eriador,consistent pre-V2 opposite-side territory witnesses on the same local biome transition; two shifted contexts agree; cumulative topology preserved
793,539,-2176,-24448,-2048,-24320,0/0/43/255,0/0/52/255,T043,T052,S0032,eriador,consistent pre-V2 opposite-side territory witnesses on the same local biome transition; two shifted contexts agree; cumulative topology preserved
794,539,-2048,-24448,-1920,-24320,0/0/43/255,0/0/52/255,T043,T052,S0032,eriador,consistent pre-V2 opposite-side territory witnesses on the same local biome transition; two shifted contexts agree; cumulative topology preserved
795,539,-1920,-24448,-1792,-24320,0/0/43/255,0/0/52/255,T043,T052,S0032,eriador,consistent pre-V2 opposite-side territory witnesses on the same local biome transition; two shifted contexts agree; cumulative topology preserved
796,539,-1792,-24448,-1664,-24320,0/0/43/255,0/0/52/255,T043,T052,S0032,eriador,consistent pre-V2 opposite-side territory witnesses on the same local biome transition; two shifted contexts agree; cumulative topology preserved
797,539,-1664,-24448,-1536,-24320,0/0/43/255,0/0/52/255,T043,T052,S0032,eriador,consistent pre-V2 opposite-side territory witnesses on the same local biome transition; two shifted contexts agree; cumulative topology preserved
2761,539,249728,-24448,249856,-24320,0/0/44/255,0/0/105/255,T044,T105,S0033,rhun,consistent pre-V2 opposite-side territory witnesses on the same local biome transition; two shifted contexts agree; cumulative topology preserved
799,540,-1408,-24320,-1280,-24192,0/0/43/255,0/0/52/255,T043,T052,S0034,eriador,consistent pre-V2 opposite-side territory witnesses on the same local biome transition; two shifted contexts agree; cumulative topology preserved
800,540,-1280,-24320,-1152,-24192,0/0/43/255,0/0/52/255,T043,T052,S0034,eriador,consistent pre-V2 opposite-side territory witnesses on the same local biome transition; two shifted contexts agree; cumulative topology preserved
801,540,-1152,-24320,-1024,-24192,0/0/43/255,0/0/52/255,T043,T052,S0034,eriador,consistent pre-V2 opposite-side territory witnesses on the same local biome transition; two shifted contexts agree; cumulative topology preserved
802,540,-1024,-24320,-896,-24192,0/0/43/255,0/0/52/255,T043,T052,S0034,eriador,consistent pre-V2 opposite-side territory witnesses on the same local biome transition; two shifted contexts agree; cumulative topology preserved
803,540,-896,-24320,-768,-24192,0/0/43/255,0/0/52/255,T043,T052,S0034,eriador,consistent pre-V2 opposite-side territory witnesses on the same local biome transition; two shifted contexts agree; cumulative topology preserved
2764,540,250112,-24320,250240,-24192,0/0/44/255,0/0/105/255,T044,T105,S0035,rhun,consistent pre-V2 opposite-side territory witnesses on the same local biome transition; two shifted contexts agree; cumulative topology preserved
819,541,1152,-24192,1280,-24064,0/0/43/255,0/0/52/255,T043,T052,S0036,eriador,consistent pre-V2 opposite-side territory witnesses on the same local biome transition; two shifted contexts agree; cumulative topology preserved
820,541,1280,-24192,1408,-24064,0/0/43/255,0/0/52/255,T043,T052,S0036,eriador,consistent pre-V2 opposite-side territory witnesses on the same local biome transition; two shifted contexts agree; cumulative topology preserved
821,541,1408,-24192,1536,-24064,0/0/43/255,0/0/52/255,T043,T052,S0036,eriador,consistent pre-V2 opposite-side territory witnesses on the same local biome transition; two shifted contexts agree; cumulative topology preserved
822,541,1536,-24192,1664,-24064,0/0/43/255,0/0/52/255,T043,T052,S0036,eriador,consistent pre-V2 opposite-side territory witnesses on the same local biome transition; two shifted contexts agree; cumulative topology preserved
823,541,1664,-24192,1792,-24064,0/0/43/255,0/0/52/255,T043,T052,S0036,eriador,consistent pre-V2 opposite-side territory witnesses on the same local biome transition; two shifted contexts agree; cumulative topology preserved
2729,542,245632,-24064,245760,-23936,0/0/105/255,0/0/44/255,T105,T044,S0037,taiga,consistent pre-V2 opposite-side territory witnesses on the same local biome transition; two shifted contexts agree; cumulative topology preserved
983,544,22144,-23808,22272,-23680,0/0/40/255,0/0/51/255,T040,T051,S0038,eriador,consistent pre-V2 opposite-side territory witnesses on the same local biome transition; two shifted contexts agree; cumulative topology preserved
2728,545,245504,-23680,245632,-23552,0/0/44/255,0/0/105/255,T044,T105,S0039,rhun,consistent pre-V2 opposite-side territory witnesses on the same local biome transition; two shifted contexts agree; cumulative topology preserved
2727,546,245376,-23552,245504,-23424,0/0/44/255,0/0/105/255,T044,T105,S0039,rhun,consistent pre-V2 opposite-side territory witnesses on the same local biome transition; two shifted contexts agree; cumulative topology preserved
987,547,22656,-23424,22784,-23296,0/0/40/255,0/0/51/255,T040,T051,S0040,eriador,consistent pre-V2 opposite-side territory witnesses on the same local biome transition; two shifted contexts agree; cumulative topology preserved
988,547,22784,-23424,22912,-23296,0/0/40/255,0/0/51/255,T040,T051,S0040,eriador,consistent pre-V2 opposite-side territory witnesses on the same local biome transition; two shifted contexts agree; cumulative topology preserved
2778,549,251904,-23168,252032,-23040,0/0/44/255,0/0/105/255,T044,T105,S0041,rhun,consistent pre-V2 opposite-side territory witnesses on the same local biome transition; two shifted contexts agree; cumulative topology preserved
992,550,23296,-23040,23424,-22912,0/0/40/255,0/0/51/255,T040,T051,S0042,eriador,consistent pre-V2 opposite-side territory witnesses on the same local biome transition; two shifted contexts agree; cumulative topology preserved
2784,550,252672,-23040,252800,-22912,0/0/44/255,0/0/105/255,T044,T105,S0043,rhun,consistent pre-V2 opposite-side territory witnesses on the same local biome transition; two shifted contexts agree; cumulative topology preserved
994,551,23552,-22912,23680,-22784,0/0/40/255,0/0/51/255,T040,T051,S0044,eriador,consistent pre-V2 opposite-side territory witnesses on the same local biome transition; two shifted contexts agree; cumulative topology preserved
2789,553,253312,-22656,253440,-22528,0/0/105/255,0/0/44/255,T105,T044,S0045,taiga,consistent pre-V2 opposite-side territory witnesses on the same local biome transition; two shifted contexts agree; cumulative topology preserved
2795,554,254080,-22528,254208,-22400,0/0/44/255,0/0/105/255,T044,T105,S0046,rhun,consistent pre-V2 opposite-side territory witnesses on the same local biome transition; two shifted contexts agree; cumulative topology preserved
2796,554,254208,-22528,254336,-22400,0/0/44/255,0/0/105/255,T044,T105,S0046,rhun,consistent pre-V2 opposite-side territory witnesses on the same local biome transition; two shifted contexts agree; cumulative topology preserved
2797,554,254336,-22528,254464,-22400,0/0/44/255,0/0/105/255,T044,T105,S0046,rhun,consistent pre-V2 opposite-side territory witnesses on the same local biome transition; two shifted contexts agree; cumulative topology preserved
2798,554,254464,-22528,254592,-22400,0/0/44/255,0/0/105/255,T044,T105,S0046,rhun,consistent pre-V2 opposite-side territory witnesses on the same local biome transition; two shifted contexts agree; cumulative topology preserved
2799,554,254592,-22528,254720,-22400,0/0/44/255,0/0/105/255,T044,T105,S0046,rhun,consistent pre-V2 opposite-side territory witnesses on the same local biome transition; two shifted contexts agree; cumulative topology preserved
2800,554,254720,-22528,254848,-22400,0/0/44/255,0/0/105/255,T044,T105,S0046,rhun,consistent pre-V2 opposite-side territory witnesses on the same local biome transition; two shifted contexts agree; cumulative topology preserved
2803,555,255104,-22400,255232,-22272,0/0/44/255,0/0/105/255,T044,T105,S0047,rhun,consistent pre-V2 opposite-side territory witnesses on the same local biome transition; two shifted contexts agree; cumulative topology preserved
2804,555,255232,-22400,255360,-22272,0/0/44/255,0/0/105/255,T044,T105,S0047,rhun,consistent pre-V2 opposite-side territory witnesses on the same local biome transition; two shifted contexts agree; cumulative topology preserved
2640,563,234240,-21376,234368,-21248,0/0/44/255,0/0/94/255,T044,T094,S0048,rhun,consistent pre-V2 opposite-side territory witnesses on the same local biome transition; two shifted contexts agree; cumulative topology preserved
2641,563,234368,-21376,234496,-21248,0/0/44/255,0/0/94/255,T044,T094,S0048,rhun,consistent pre-V2 opposite-side territory witnesses on the same local biome transition; two shifted contexts agree; cumulative topology preserved
2642,563,234496,-21376,234624,-21248,0/0/44/255,0/0/94/255,T044,T094,S0048,rhun,consistent pre-V2 opposite-side territory witnesses on the same local biome transition; two shifted contexts agree; cumulative topology preserved
2643,563,234624,-21376,234752,-21248,0/0/44/255,0/0/94/255,T044,T094,S0048,rhun,consistent pre-V2 opposite-side territory witnesses on the same local biome transition; two shifted contexts agree; cumulative topology preserved
2644,563,234752,-21376,234880,-21248,0/0/44/255,0/0/94/255,T044,T094,S0048,rhun,consistent pre-V2 opposite-side territory witnesses on the same local biome transition; two shifted contexts agree; cumulative topology preserved
2645,563,234880,-21376,235008,-21248,0/0/44/255,0/0/94/255,T044,T094,S0048,rhun,consistent pre-V2 opposite-side territory witnesses on the same local biome transition; two shifted contexts agree; cumulative topology preserved
2646,563,235008,-21376,235136,-21248,0/0/44/255,0/0/94/255,T044,T094,S0048,rhun,consistent pre-V2 opposite-side territory witnesses on the same local biome transition; two shifted contexts agree; cumulative topology preserved
2647,563,235136,-21376,235264,-21248,0/0/44/255,0/0/94/255,T044,T094,S0048,rhun,consistent pre-V2 opposite-side territory witnesses on the same local biome transition; two shifted contexts agree; cumulative topology preserved
2648,563,235264,-21376,235392,-21248,0/0/44/255,0/0/94/255,T044,T094,S0048,rhun,consistent pre-V2 opposite-side territory witnesses on the same local biome transition; two shifted contexts agree; cumulative topology preserved
2649,563,235392,-21376,235520,-21248,0/0/44/255,0/0/94/255,T044,T094,S0048,rhun,consistent pre-V2 opposite-side territory witnesses on the same local biome transition; two shifted contexts agree; cumulative topology preserved
2650,563,235520,-21376,235648,-21248,0/0/44/255,0/0/94/255,T044,T094,S0048,rhun,consistent pre-V2 opposite-side territory witnesses on the same local biome transition; two shifted contexts agree; cumulative topology preserved
2637,564,233856,-21248,233984,-21120,0/0/44/255,0/0/94/255,T044,T094,S0049,rhun,consistent pre-V2 opposite-side territory witnesses on the same local biome transition; two shifted contexts agree; cumulative topology preserved
2638,564,233984,-21248,234112,-21120,0/0/44/255,0/0/94/255,T044,T094,S0049,rhun,consistent pre-V2 opposite-side territory witnesses on the same local biome transition; two shifted contexts agree; cumulative topology preserved
2631,565,233088,-21120,233216,-20992,0/0/94/255,0/0/44/255,T094,T044,S0050,taiga,consistent pre-V2 opposite-side territory witnesses on the same local biome transition; two shifted contexts agree; cumulative topology preserved
2632,565,233216,-21120,233344,-20992,0/0/94/255,0/0/44/255,T094,T044,S0050,taiga,consistent pre-V2 opposite-side territory witnesses on the same local biome transition; two shifted contexts agree; cumulative topology preserved
2633,565,233344,-21120,233472,-20992,0/0/94/255,0/0/44/255,T094,T044,S0050,taiga,consistent pre-V2 opposite-side territory witnesses on the same local biome transition; two shifted contexts agree; cumulative topology preserved
2657,565,236416,-21120,236544,-20992,0/0/94/255,0/0/44/255,T094,T044,S0051,taiga,consistent pre-V2 opposite-side territory witnesses on the same local biome transition; two shifted contexts agree; cumulative topology preserved
2658,565,236544,-21120,236672,-20992,0/0/94/255,0/0/44/255,T094,T044,S0051,taiga,consistent pre-V2 opposite-side territory witnesses on the same local biome transition; two shifted contexts agree; cumulative topology preserved
2660,566,236800,-20992,236928,-20864,0/0/44/255,0/0/94/255,T044,T094,S0052,rhun,consistent pre-V2 opposite-side territory witnesses on the same local biome transition; two shifted contexts agree; cumulative topology preserved
2669,566,237952,-20992,238080,-20864,0/0/44/255,0/0/94/255,T044,T094,S0053,rhun,consistent pre-V2 opposite-side territory witnesses on the same local biome transition; two shifted contexts agree; cumulative topology preserved
2670,566,238080,-20992,238208,-20864,0/0/44/255,0/0/94/255,T044,T094,S0053,rhun,consistent pre-V2 opposite-side territory witnesses on the same local biome transition; two shifted contexts agree; cumulative topology preserved
2671,566,238208,-20992,238336,-20864,0/0/44/255,0/0/94/255,T044,T094,S0053,rhun,consistent pre-V2 opposite-side territory witnesses on the same local biome transition; two shifted contexts agree; cumulative topology preserved
1069,570,33152,-20480,33280,-20352,0/0/57/255,0/0/81/255,T057,T081,S0054,ettenmoors,consistent pre-V2 opposite-side territory witnesses on the same local biome transition; two shifted contexts agree; cumulative topology preserved
1070,570,33280,-20480,33408,-20352,0/0/57/255,0/0/81/255,T057,T081,S0054,ettenmoors,consistent pre-V2 opposite-side territory witnesses on the same local biome transition; two shifted contexts agree; cumulative topology preserved
1071,570,33408,-20480,33536,-20352,0/0/57/255,0/0/81/255,T057,T081,S0054,ettenmoors,consistent pre-V2 opposite-side territory witnesses on the same local biome transition; two shifted contexts agree; cumulative topology preserved
1072,570,33536,-20480,33664,-20352,0/0/57/255,0/0/81/255,T057,T081,S0054,ettenmoors,consistent pre-V2 opposite-side territory witnesses on the same local biome transition; two shifted contexts agree; cumulative topology preserved
1073,570,33664,-20480,33792,-20352,0/0/57/255,0/0/81/255,T057,T081,S0054,ettenmoors,consistent pre-V2 opposite-side territory witnesses on the same local biome transition; two shifted contexts agree; cumulative topology preserved
1074,570,33792,-20480,33920,-20352,0/0/57/255,0/0/81/255,T057,T081,S0054,ettenmoors,consistent pre-V2 opposite-side territory witnesses on the same local biome transition; two shifted contexts agree; cumulative topology preserved
1075,570,33920,-20480,34048,-20352,0/0/57/255,0/0/81/255,T057,T081,S0054,ettenmoors,consistent pre-V2 opposite-side territory witnesses on the same local biome transition; two shifted contexts agree; cumulative topology preserved
1076,570,34048,-20480,34176,-20352,0/0/57/255,0/0/81/255,T057,T081,S0054,ettenmoors,consistent pre-V2 opposite-side territory witnesses on the same local biome transition; two shifted contexts agree; cumulative topology preserved
1077,570,34176,-20480,34304,-20352,0/0/57/255,0/0/81/255,T057,T081,S0054,ettenmoors,consistent pre-V2 opposite-side territory witnesses on the same local biome transition; two shifted contexts agree; cumulative topology preserved
1078,570,34304,-20480,34432,-20352,0/0/57/255,0/0/81/255,T057,T081,S0054,ettenmoors,consistent pre-V2 opposite-side territory witnesses on the same local biome transition; two shifted contexts agree; cumulative topology preserved
770,571,-5120,-20352,-4992,-20224,0/0/90/255,0/0/67/255,T090,T067,S0055,eriador,consistent pre-V2 opposite-side territory witnesses on the same local biome transition; two shifted contexts agree; cumulative topology preserved
1067,572,32896,-20224,33024,-20096,0/0/57/255,0/0/81/255,T057,T081,S0056,ettenmoors,consistent pre-V2 opposite-side territory witnesses on the same local biome transition; two shifted contexts agree; cumulative topology preserved
1040,574,29440,-19968,29568,-19840,0/0/57/255,0/0/81/255,T057,T081,S0057,ettenmoors,consistent pre-V2 opposite-side territory witnesses on the same local biome transition; two shifted contexts agree; cumulative topology preserved
1041,574,29568,-19968,29696,-19840,0/0/57/255,0/0/81/255,T057,T081,S0057,ettenmoors,consistent pre-V2 opposite-side territory witnesses on the same local biome transition; two shifted contexts agree; cumulative topology preserved
1063,574,32384,-19968,32512,-19840,0/0/57/255,0/0/81/255,T057,T081,S0058,ettenmoors,consistent pre-V2 opposite-side territory witnesses on the same local biome transition; two shifted contexts agree; cumulative topology preserved
1087,576,35456,-19712,35584,-19584,0/0/81/255,0/0/63/255,T081,T063,S0059,mistyMountains,consistent pre-V2 opposite-side territory witnesses on the same local biome transition; two shifted contexts agree; cumulative topology preserved
1511,576,89728,-19712,89856,-19584,0/0/66/255,0/0/62/255,T066,T062,S0060,greyMountainsFoothills,consistent pre-V2 opposite-side territory witnesses on the same local biome transition; two shifted contexts agree; cumulative topology preserved
2574,576,225792,-19712,225920,-19584,0/0/53/255,0/0/94/255,T053,T094,S0061,rhun,consistent pre-V2 opposite-side territory witnesses on the same local biome transition; two shifted contexts agree; cumulative topology preserved
2575,576,225920,-19712,226048,-19584,0/0/53/255,0/0/94/255,T053,T094,S0061,rhun,consistent pre-V2 opposite-side territory witnesses on the same local biome transition; two shifted contexts agree; cumulative topology preserved
1085,577,35200,-19584,35328,-19456,0/0/81/255,0/0/63/255,T081,T063,S0059,mistyMountains,consistent pre-V2 opposite-side territory witnesses on the same local biome transition; two shifted contexts agree; cumulative topology preserved
1086,577,35328,-19584,35456,-19456,0/0/81/255,0/0/63/255,T081,T063,S0059,mistyMountains,consistent pre-V2 opposite-side territory witnesses on the same local biome transition; two shifted contexts agree; cumulative topology preserved
1104,577,37632,-19584,37760,-19456,0/0/57/255,0/0/63/255,T057,T063,S0062,mistyMountains,consistent pre-V2 opposite-side territory witnesses on the same local biome transition; two shifted contexts agree; cumulative topology preserved
1346,577,68608,-19584,68736,-19456,0/0/74/255,0/0/62/255,T074,T062,S0063,greyMountainsFoothills,consistent pre-V2 opposite-side territory witnesses on the same local biome transition; two shifted contexts agree; cumulative topology preserved
1347,577,68736,-19584,68864,-19456,0/0/74/255,0/0/62/255,T074,T062,S0063,greyMountainsFoothills,consistent pre-V2 opposite-side territory witnesses on the same local biome transition; two shifted contexts agree; cumulative topology preserved
1348,577,68864,-19584,68992,-19456,0/0/74/255,0/0/62/255,T074,T062,S0063,greyMountainsFoothills,consistent pre-V2 opposite-side territory witnesses on the same local biome transition; two shifted contexts agree; cumulative topology preserved
1510,577,89600,-19584,89728,-19456,0/0/66/255,0/0/62/255,T066,T062,S0060,greyMountainsFoothills,consistent pre-V2 opposite-side territory witnesses on the same local biome transition; two shifted contexts agree; cumulative topology preserved
1519,577,90752,-19584,90880,-19456,0/0/66/255,0/0/54/255,T066,T054,S0064,tundra,consistent pre-V2 opposite-side territory witnesses on the same local biome transition; two shifted contexts agree; cumulative topology preserved
1520,577,90880,-19584,91008,-19456,0/0/66/255,0/0/54/255,T066,T054,S0064,tundra,consistent pre-V2 opposite-side territory witnesses on the same local biome transition; two shifted contexts agree; cumulative topology preserved
1521,577,91008,-19584,91136,-19456,0/0/66/255,0/0/54/255,T066,T054,S0064,tundra,consistent pre-V2 opposite-side territory witnesses on the same local biome transition; two shifted contexts agree; cumulative topology preserved
2571,577,225408,-19584,225536,-19456,0/0/53/255,0/0/94/255,T053,T094,S0065,rhun,consistent pre-V2 opposite-side territory witnesses on the same local biome transition; two shifted contexts agree; cumulative topology preserved
762,578,-6144,-19456,-6016,-19328,0/0/90/255,0/0/67/255,T090,T067,S0066,eriador,consistent pre-V2 opposite-side territory witnesses on the same local biome transition; two shifted contexts agree; cumulative topology preserved
1106,578,37888,-19456,38016,-19328,0/0/57/255,0/0/63/255,T057,T063,S0067,mistyMountains,consistent pre-V2 opposite-side territory witnesses on the same local biome transition; two shifted contexts agree; cumulative topology preserved
1509,578,89472,-19456,89600,-19328,0/0/66/255,0/0/62/255,T066,T062,S0060,greyMountainsFoothills,consistent pre-V2 opposite-side territory witnesses on the same local biome transition; two shifted contexts agree; cumulative topology preserved
1523,578,91264,-19456,91392,-19328,0/0/66/255,0/0/54/255,T066,T054,S0068,tundra,consistent pre-V2 opposite-side territory witnesses on the same local biome transition; two shifted contexts agree; cumulative topology preserved
1524,578,91392,-19456,91520,-19328,0/0/66/255,0/0/54/255,T066,T054,S0068,tundra,consistent pre-V2 opposite-side territory witnesses on the same local biome transition; two shifted contexts agree; cumulative topology preserved
1525,578,91520,-19456,91648,-19328,0/0/66/255,0/0/54/255,T066,T054,S0068,tundra,consistent pre-V2 opposite-side territory witnesses on the same local biome transition; two shifted contexts agree; cumulative topology preserved
1526,578,91648,-19456,91776,-19328,0/0/66/255,0/0/54/255,T066,T054,S0068,tundra,consistent pre-V2 opposite-side territory witnesses on the same local biome transition; two shifted contexts agree; cumulative topology preserved
1527,578,91776,-19456,91904,-19328,0/0/66/255,0/0/54/255,T066,T054,S0068,tundra,consistent pre-V2 opposite-side territory witnesses on the same local biome transition; two shifted contexts agree; cumulative topology preserved
1108,579,38144,-19328,38272,-19200,0/0/57/255,0/0/63/255,T057,T063,S0069,mistyMountains,consistent pre-V2 opposite-side territory witnesses on the same local biome transition; two shifted contexts agree; cumulative topology preserved
1328,579,66304,-19328,66432,-19200,0/0/74/255,0/0/62/255,T074,T062,S0070,anduinVale,consistent pre-V2 opposite-side territory witnesses on the same local biome transition; two shifted contexts agree; cumulative topology preserved
1340,579,67840,-19328,67968,-19200,0/0/74/255,0/0/62/255,T074,T062,S0071,greyMountainsFoothills,consistent pre-V2 opposite-side territory witnesses on the same local biome transition; two shifted contexts agree; cumulative topology preserved
1341,579,67968,-19328,68096,-19200,0/0/74/255,0/0/62/255,T074,T062,S0071,greyMountainsFoothills,consistent pre-V2 opposite-side territory witnesses on the same local biome transition; two shifted contexts agree; cumulative topology preserved
1342,579,68096,-19328,68224,-19200,0/0/74/255,0/0/62/255,T074,T062,S0071,greyMountainsFoothills,consistent pre-V2 opposite-side territory witnesses on the same local biome transition; two shifted contexts agree; cumulative topology preserved
1358,579,70144,-19328,70272,-19200,0/0/74/255,0/0/62/255,T074,T062,S0072,greyMountainsFoothills,consistent pre-V2 opposite-side territory witnesses on the same local biome transition; two shifted contexts agree; cumulative topology preserved
1359,579,70272,-19328,70400,-19200,0/0/74/255,0/0/62/255,T074,T062,S0072,greyMountainsFoothills,consistent pre-V2 opposite-side territory witnesses on the same local biome transition; two shifted contexts agree; cumulative topology preserved
1360,579,70400,-19328,70528,-19200,0/0/74/255,0/0/62/255,T074,T062,S0072,greyMountainsFoothills,consistent pre-V2 opposite-side territory witnesses on the same local biome transition; two shifted contexts agree; cumulative topology preserved
1371,579,71808,-19328,71936,-19200,0/0/74/255,0/0/62/255,T074,T062,S0073,greyMountainsFoothills,consistent pre-V2 opposite-side territory witnesses on the same local biome transition; two shifted contexts agree; cumulative topology preserved
1372,579,71936,-19328,72064,-19200,0/0/74/255,0/0/62/255,T074,T062,S0073,greyMountainsFoothills,consistent pre-V2 opposite-side territory witnesses on the same local biome transition; two shifted contexts agree; cumulative topology preserved
1373,579,72064,-19328,72192,-19200,0/0/74/255,0/0/62/255,T074,T062,S0073,greyMountainsFoothills,consistent pre-V2 opposite-side territory witnesses on the same local biome transition; two shifted contexts agree; cumulative topology preserved
1374,579,72192,-19328,72320,-19200,0/0/74/255,0/0/62/255,T074,T062,S0073,greyMountainsFoothills,consistent pre-V2 opposite-side territory witnesses on the same local biome transition; two shifted contexts agree; cumulative topology preserved
1375,579,72320,-19328,72448,-19200,0/0/74/255,0/0/62/255,T074,T062,S0073,greyMountainsFoothills,consistent pre-V2 opposite-side territory witnesses on the same local biome transition; two shifted contexts agree; cumulative topology preserved
1376,579,72448,-19328,72576,-19200,0/0/74/255,0/0/62/255,T074,T062,S0073,greyMountainsFoothills,consistent pre-V2 opposite-side territory witnesses on the same local biome transition; two shifted contexts agree; cumulative topology preserved
1377,579,72576,-19328,72704,-19200,0/0/74/255,0/0/62/255,T074,T062,S0073,greyMountainsFoothills,consistent pre-V2 opposite-side territory witnesses on the same local biome transition; two shifted contexts agree; cumulative topology preserved
1378,579,72704,-19328,72832,-19200,0/0/74/255,0/0/62/255,T074,T062,S0073,greyMountainsFoothills,consistent pre-V2 opposite-side territory witnesses on the same local biome transition; two shifted contexts agree; cumulative topology preserved
1508,579,89344,-19328,89472,-19200,0/0/66/255,0/0/62/255,T066,T062,S0060,greyMountainsFoothills,consistent pre-V2 opposite-side territory witnesses on the same local biome transition; two shifted contexts agree; cumulative topology preserved
1629,579,104832,-19328,104960,-19200,0/0/69/255,0/0/56/255,T069,T056,S0074,tundra,consistent pre-V2 opposite-side territory witnesses on the same local biome transition; two shifted contexts agree; cumulative topology preserved
1630,579,104960,-19328,105088,-19200,0/0/69/255,0/0/56/255,T069,T056,S0074,tundra,consistent pre-V2 opposite-side territory witnesses on the same local biome transition; two shifted contexts agree; cumulative topology preserved
1631,579,105088,-19328,105216,-19200,0/0/69/255,0/0/56/255,T069,T056,S0074,tundra,consistent pre-V2 opposite-side territory witnesses on the same local biome transition; two shifted contexts agree; cumulative topology preserved
1110,580,38400,-19200,38528,-19072,0/0/57/255,0/0/63/255,T057,T063,S0075,mistyMountains,consistent pre-V2 opposite-side territory witnesses on the same local biome transition; two shifted contexts agree; cumulative topology preserved
1324,581,65792,-19072,65920,-18944,0/0/74/255,0/0/62/255,T074,T062,S0076,anduinVale,consistent pre-V2 opposite-side territory witnesses on the same local biome transition; two shifted contexts agree; cumulative topology preserved
1382,581,73216,-19072,73344,-18944,0/0/74/255,0/0/62/255,T074,T062,S0077,greyMountainsFoothills,consistent pre-V2 opposite-side territory witnesses on the same local biome transition; two shifted contexts agree; cumulative topology preserved
1383,581,73344,-19072,73472,-18944,0/0/74/255,0/0/62/255,T074,T062,S0077,greyMountainsFoothills,consistent pre-V2 opposite-side territory witnesses on the same local biome transition; two shifted contexts agree; cumulative topology preserved
1384,581,73472,-19072,73600,-18944,0/0/74/255,0/0/62/255,T074,T062,S0077,greyMountainsFoothills,consistent pre-V2 opposite-side territory witnesses on the same local biome transition; two shifted contexts agree; cumulative topology preserved
1385,581,73600,-19072,73728,-18944,0/0/74/255,0/0/62/255,T074,T062,S0077,greyMountainsFoothills,consistent pre-V2 opposite-side territory witnesses on the same local biome transition; two shifted contexts agree; cumulative topology preserved
1386,581,73728,-19072,73856,-18944,0/0/74/255,0/0/62/255,T074,T062,S0077,greyMountainsFoothills,consistent pre-V2 opposite-side territory witnesses on the same local biome transition; two shifted contexts agree; cumulative topology preserved
1393,581,74624,-19072,74752,-18944,0/0/74/255,0/0/62/255,T074,T062,S0078,greyMountainsFoothills,consistent pre-V2 opposite-side territory witnesses on the same local biome transition; two shifted contexts agree; cumulative topology preserved
1394,581,74752,-19072,74880,-18944,0/0/74/255,0/0/62/255,T074,T062,S0078,greyMountainsFoothills,consistent pre-V2 opposite-side territory witnesses on the same local biome transition; two shifted contexts agree; cumulative topology preserved
1395,581,74880,-19072,75008,-18944,0/0/74/255,0/0/62/255,T074,T062,S0078,greyMountainsFoothills,consistent pre-V2 opposite-side territory witnesses on the same local biome transition; two shifted contexts agree; cumulative topology preserved
1396,581,75008,-19072,75136,-18944,0/0/74/255,0/0/62/255,T074,T062,S0078,greyMountainsFoothills,consistent pre-V2 opposite-side territory witnesses on the same local biome transition; two shifted contexts agree; cumulative topology preserved
1397,581,75136,-19072,75264,-18944,0/0/74/255,0/0/62/255,T074,T062,S0078,greyMountainsFoothills,consistent pre-V2 opposite-side territory witnesses on the same local biome transition; two shifted contexts agree; cumulative topology preserved
1398,581,75264,-19072,75392,-18944,0/0/74/255,0/0/62/255,T074,T062,S0078,greyMountainsFoothills,consistent pre-V2 opposite-side territory witnesses on the same local biome transition; two shifted contexts agree; cumulative topology preserved
1399,581,75392,-19072,75520,-18944,0/0/74/255,0/0/62/255,T074,T062,S0078,greyMountainsFoothills,consistent pre-V2 opposite-side territory witnesses on the same local biome transition; two shifted contexts agree; cumulative topology preserved
1406,581,76288,-19072,76416,-18944,0/0/74/255,0/0/62/255,T074,T062,S0079,greyMountainsFoothills,consistent pre-V2 opposite-side territory witnesses on the same local biome transition; two shifted contexts agree; cumulative topology preserved
1407,581,76416,-19072,76544,-18944,0/0/74/255,0/0/62/255,T074,T062,S0079,greyMountainsFoothills,consistent pre-V2 opposite-side territory witnesses on the same local biome transition; two shifted contexts agree; cumulative topology preserved
1408,581,76544,-19072,76672,-18944,0/0/74/255,0/0/62/255,T074,T062,S0079,greyMountainsFoothills,consistent pre-V2 opposite-side territory witnesses on the same local biome transition; two shifted contexts agree; cumulative topology preserved
1409,581,76672,-19072,76800,-18944,0/0/74/255,0/0/62/255,T074,T062,S0079,greyMountainsFoothills,consistent pre-V2 opposite-side territory witnesses on the same local biome transition; two shifted contexts agree; cumulative topology preserved
1410,581,76800,-19072,76928,-18944,0/0/74/255,0/0/62/255,T074,T062,S0079,greyMountainsFoothills,consistent pre-V2 opposite-side territory witnesses on the same local biome transition; two shifted contexts agree; cumulative topology preserved
1411,581,76928,-19072,77056,-18944,0/0/74/255,0/0/62/255,T074,T062,S0079,greyMountainsFoothills,consistent pre-V2 opposite-side territory witnesses on the same local biome transition; two shifted contexts agree; cumulative topology preserved
1504,581,88832,-19072,88960,-18944,0/0/66/255,0/0/62/255,T066,T062,S0080,greyMountainsFoothills,consistent pre-V2 opposite-side territory witnesses on the same local biome transition; two shifted contexts agree; cumulative topology preserved
1505,581,88960,-19072,89088,-18944,0/0/66/255,0/0/62/255,T066,T062,S0080,greyMountainsFoothills,consistent pre-V2 opposite-side territory witnesses on the same local biome transition; two shifted contexts agree; cumulative topology preserved
1595,581,100480,-19072,100608,-18944,0/0/69/255,0/0/56/255,T069,T056,S0081,tundra,consistent pre-V2 opposite-side territory witnesses on the same local biome transition; two shifted contexts agree; cumulative topology preserved
1596,581,100608,-19072,100736,-18944,0/0/69/255,0/0/56/255,T069,T056,S0081,tundra,consistent pre-V2 opposite-side territory witnesses on the same local biome transition; two shifted contexts agree; cumulative topology preserved
1597,581,100736,-19072,100864,-18944,0/0/69/255,0/0/56/255,T069,T056,S0081,tundra,consistent pre-V2 opposite-side territory witnesses on the same local biome transition; two shifted contexts agree; cumulative topology preserved
1598,581,100864,-19072,100992,-18944,0/0/69/255,0/0/56/255,T069,T056,S0081,tundra,consistent pre-V2 opposite-side territory witnesses on the same local biome transition; two shifted contexts agree; cumulative topology preserved
1599,581,100992,-19072,101120,-18944,0/0/69/255,0/0/56/255,T069,T056,S0081,tundra,consistent pre-V2 opposite-side territory witnesses on the same local biome transition; two shifted contexts agree; cumulative topology preserved
1610,581,102400,-19072,102528,-18944,0/0/69/255,0/0/56/255,T069,T056,S0082,tundra,consistent pre-V2 opposite-side territory witnesses on the same local biome transition; two shifted contexts agree; cumulative topology preserved
1611,581,102528,-19072,102656,-18944,0/0/69/255,0/0/56/255,T069,T056,S0082,tundra,consistent pre-V2 opposite-side territory witnesses on the same local biome transition; two shifted contexts agree; cumulative topology preserved
1111,582,38528,-18944,38656,-18816,0/0/57/255,0/0/63/255,T057,T063,S0083,mistyMountains,consistent pre-V2 opposite-side territory witnesses on the same local biome transition; two shifted contexts agree; cumulative topology preserved
1413,582,77184,-18944,77312,-18816,0/0/74/255,0/0/62/255,T074,T062,S0084,greyMountainsFoothills,consistent pre-V2 opposite-side territory witnesses on the same local biome transition; two shifted contexts agree; cumulative topology preserved
1503,582,88704,-18944,88832,-18816,0/0/66/255,0/0/62/255,T066,T062,S0080,greyMountainsFoothills,consistent pre-V2 opposite-side territory witnesses on the same local biome transition; two shifted contexts agree; cumulative topology preserved
2553,582,223104,-18944,223232,-18816,0/0/53/255,0/0/94/255,T053,T094,S0085,rhun,consistent pre-V2 opposite-side territory witnesses on the same local biome transition; two shifted contexts agree; cumulative topology preserved
1414,583,77312,-18816,77440,-18688,0/0/74/255,0/0/62/255,T074,T062,S0084,greyMountainsFoothills,consistent pre-V2 opposite-side territory witnesses on the same local biome transition; two shifted contexts agree; cumulative topology preserved
1090,584,35840,-18688,35968,-18560,0/0/81/255,0/0/63/255,T081,T063,S0086,mistyMountains,consistent pre-V2 opposite-side territory witnesses on the same local biome transition; two shifted contexts agree; cumulative topology preserved
1091,584,35968,-18688,36096,-18560,0/0/81/255,0/0/63/255,T081,T063,S0086,mistyMountains,consistent pre-V2 opposite-side territory witnesses on the same local biome transition; two shifted contexts agree; cumulative topology preserved
1113,584,38784,-18688,38912,-18560,0/0/57/255,0/0/63/255,T057,T063,S0087,mistyMountains,consistent pre-V2 opposite-side territory witnesses on the same local biome transition; two shifted contexts agree; cumulative topology preserved
2539,584,221312,-18688,221440,-18560,0/0/53/255,0/0/94/255,T053,T094,S0088,rhun,consistent pre-V2 opposite-side territory witnesses on the same local biome transition; two shifted contexts agree; cumulative topology preserved
2540,584,221440,-18688,221568,-18560,0/0/53/255,0/0/94/255,T053,T094,S0088,rhun,consistent pre-V2 opposite-side territory witnesses on the same local biome transition; two shifted contexts agree; cumulative topology preserved
2541,584,221568,-18688,221696,-18560,0/0/53/255,0/0/94/255,T053,T094,S0088,rhun,consistent pre-V2 opposite-side territory witnesses on the same local biome transition; two shifted contexts agree; cumulative topology preserved
2542,584,221696,-18688,221824,-18560,0/0/53/255,0/0/94/255,T053,T094,S0088,rhun,consistent pre-V2 opposite-side territory witnesses on the same local biome transition; two shifted contexts agree; cumulative topology preserved
1114,585,38912,-18560,39040,-18432,0/0/57/255,0/0/63/255,T057,T063,S0087,mistyMountains,consistent pre-V2 opposite-side territory witnesses on the same local biome transition; two shifted contexts agree; cumulative topology preserved
1417,585,77696,-18560,77824,-18432,0/0/74/255,0/0/62/255,T074,T062,S0089,greyMountainsFoothills,consistent pre-V2 opposite-side territory witnesses on the same local biome transition; two shifted contexts agree; cumulative topology preserved
1498,585,88064,-18560,88192,-18432,0/0/66/255,0/0/62/255,T066,T062,S0090,greyMountainsFoothills,consistent pre-V2 opposite-side territory witnesses on the same local biome transition; two shifted contexts agree; cumulative topology preserved
2530,585,220160,-18560,220288,-18432,0/0/53/255,0/0/94/255,T053,T094,S0091,rhun,consistent pre-V2 opposite-side territory witnesses on the same local biome transition; two shifted contexts agree; cumulative topology preserved
2531,585,220288,-18560,220416,-18432,0/0/53/255,0/0/94/255,T053,T094,S0091,rhun,consistent pre-V2 opposite-side territory witnesses on the same local biome transition; two shifted contexts agree; cumulative topology preserved
2532,585,220416,-18560,220544,-18432,0/0/53/255,0/0/94/255,T053,T094,S0091,rhun,consistent pre-V2 opposite-side territory witnesses on the same local biome transition; two shifted contexts agree; cumulative topology preserved
2533,585,220544,-18560,220672,-18432,0/0/53/255,0/0/94/255,T053,T094,S0091,rhun,consistent pre-V2 opposite-side territory witnesses on the same local biome transition; two shifted contexts agree; cumulative topology preserved
1418,586,77824,-18432,77952,-18304,0/0/74/255,0/0/62/255,T074,T062,S0089,greyMountainsFoothills,consistent pre-V2 opposite-side territory witnesses on the same local biome transition; two shifted contexts agree; cumulative topology preserved
1496,586,87808,-18432,87936,-18304,0/0/66/255,0/0/62/255,T066,T062,S0092,greyMountainsFoothills,consistent pre-V2 opposite-side territory witnesses on the same local biome transition; two shifted contexts agree; cumulative topology preserved
2527,586,219776,-18432,219904,-18304,0/0/53/255,0/0/94/255,T053,T094,S0093,rhun,consistent pre-V2 opposite-side territory witnesses on the same local biome transition; two shifted contexts agree; cumulative topology preserved
1087,588,35456,-18176,35584,-18048,0/0/81/255,0/0/63/255,T081,T063,S0094,mistyMountains,consistent pre-V2 opposite-side territory witnesses on the same local biome transition; two shifted contexts agree; cumulative topology preserved
767,589,-5504,-18048,-5376,-17920,0/0/90/255,0/0/67/255,T090,T067,S0095,eriador,consistent pre-V2 opposite-side territory witnesses on the same local biome transition; two shifted contexts agree; cumulative topology preserved
1316,589,64768,-18048,64896,-17920,0/0/88/255,0/0/72/255,T088,T072,S0097,anduinVale,consistent pre-V2 opposite-side territory witnesses on the same local biome transition; two shifted contexts agree; cumulative topology preserved
1487,589,86656,-18048,86784,-17920,0/0/66/255,0/0/62/255,T066,T062,S0098,greyMountainsFoothills,consistent pre-V2 opposite-side territory witnesses on the same local biome transition; two shifted contexts agree; cumulative topology preserved
1488,589,86784,-18048,86912,-17920,0/0/66/255,0/0/62/255,T066,T062,S0098,greyMountainsFoothills,consistent pre-V2 opposite-side territory witnesses on the same local biome transition; two shifted contexts agree; cumulative topology preserved
2505,589,216960,-18048,217088,-17920,0/0/53/255,0/0/94/255,T053,T094,S0099,rhun,consistent pre-V2 opposite-side territory witnesses on the same local biome transition; two shifted contexts agree; cumulative topology preserved
2506,589,217088,-18048,217216,-17920,0/0/53/255,0/0/94/255,T053,T094,S0099,rhun,consistent pre-V2 opposite-side territory witnesses on the same local biome transition; two shifted contexts agree; cumulative topology preserved
2507,589,217216,-18048,217344,-17920,0/0/53/255,0/0/94/255,T053,T094,S0099,rhun,consistent pre-V2 opposite-side territory witnesses on the same local biome transition; two shifted contexts agree; cumulative topology preserved
2508,589,217344,-18048,217472,-17920,0/0/53/255,0/0/94/255,T053,T094,S0099,rhun,consistent pre-V2 opposite-side territory witnesses on the same local biome transition; two shifted contexts agree; cumulative topology preserved
2509,589,217472,-18048,217600,-17920,0/0/53/255,0/0/94/255,T053,T094,S0099,rhun,consistent pre-V2 opposite-side territory witnesses on the same local biome transition; two shifted contexts agree; cumulative topology preserved
2510,589,217600,-18048,217728,-17920,0/0/53/255,0/0/94/255,T053,T094,S0099,rhun,consistent pre-V2 opposite-side territory witnesses on the same local biome transition; two shifted contexts agree; cumulative topology preserved
2511,589,217728,-18048,217856,-17920,0/0/53/255,0/0/94/255,T053,T094,S0099,rhun,consistent pre-V2 opposite-side territory witnesses on the same local biome transition; two shifted contexts agree; cumulative topology preserved
2512,589,217856,-18048,217984,-17920,0/0/53/255,0/0/94/255,T053,T094,S0099,rhun,consistent pre-V2 opposite-side territory witnesses on the same local biome transition; two shifted contexts agree; cumulative topology preserved
2513,589,217984,-18048,218112,-17920,0/0/53/255,0/0/94/255,T053,T094,S0099,rhun,consistent pre-V2 opposite-side territory witnesses on the same local biome transition; two shifted contexts agree; cumulative topology preserved
2514,589,218112,-18048,218240,-17920,0/0/53/255,0/0/94/255,T053,T094,S0099,rhun,consistent pre-V2 opposite-side territory witnesses on the same local biome transition; two shifted contexts agree; cumulative topology preserved
2515,589,218240,-18048,218368,-17920,0/0/53/255,0/0/94/255,T053,T094,S0099,rhun,consistent pre-V2 opposite-side territory witnesses on the same local biome transition; two shifted contexts agree; cumulative topology preserved
2516,589,218368,-18048,218496,-17920,0/0/53/255,0/0/94/255,T053,T094,S0099,rhun,consistent pre-V2 opposite-side territory witnesses on the same local biome transition; two shifted contexts agree; cumulative topology preserved
767,590,-5504,-17920,-5376,-17792,0/0/90/255,0/0/67/255,T090,T067,S0095,eriador,consistent pre-V2 opposite-side territory witnesses on the same local biome transition; two shifted contexts agree; cumulative topology preserved
1030,590,28160,-17920,28288,-17792,0/0/81/255,0/0/93/255,T081,T093,S0100,loneLands,consistent pre-V2 opposite-side territory witnesses on the same local biome transition; two shifted contexts agree; cumulative topology preserved
1315,590,64640,-17920,64768,-17792,0/0/88/255,0/0/72/255,T088,T072,S0097,anduinVale,consistent pre-V2 opposite-side territory witnesses on the same local biome transition; two shifted contexts agree; cumulative topology preserved
2492,590,215296,-17920,215424,-17792,0/0/53/255,0/0/94/255,T053,T094,S0101,rhun,consistent pre-V2 opposite-side territory witnesses on the same local biome transition; two shifted contexts agree; cumulative topology preserved
768,591,-5376,-17792,-5248,-17664,0/0/90/255,0/0/67/255,T090,T067,S0095,eriador,consistent pre-V2 opposite-side territory witnesses on the same local biome transition; two shifted contexts agree; cumulative topology preserved
1096,591,36608,-17792,36736,-17664,0/0/63/255,0/0/81/255,T063,T081,S0102,ettenmoors,consistent pre-V2 opposite-side territory witnesses on the same local biome transition; two shifted contexts agree; cumulative topology preserved
1312,591,64256,-17792,64384,-17664,0/0/88/255,0/0/72/255,T088,T072,S0103,anduinVale,consistent pre-V2 opposite-side territory witnesses on the same local biome transition; two shifted contexts agree; cumulative topology preserved
1484,591,86272,-17792,86400,-17664,0/0/62/255,0/0/66/255,T062,T066,S0104,taiga,consistent pre-V2 opposite-side territory witnesses on the same local biome transition; two shifted contexts agree; cumulative topology preserved
1034,592,28672,-17664,28800,-17536,0/0/81/255,0/0/93/255,T081,T093,S0105,loneLands,consistent pre-V2 opposite-side territory witnesses on the same local biome transition; two shifted contexts agree; cumulative topology preserved
1035,592,28800,-17664,28928,-17536,0/0/81/255,0/0/93/255,T081,T093,S0105,loneLands,consistent pre-V2 opposite-side territory witnesses on the same local biome transition; two shifted contexts agree; cumulative topology preserved
1311,592,64128,-17664,64256,-17536,0/0/88/255,0/0/72/255,T088,T072,S0103,anduinVale,consistent pre-V2 opposite-side territory witnesses on the same local biome transition; two shifted contexts agree; cumulative topology preserved
1484,592,86272,-17664,86400,-17536,0/0/82/255,0/0/66/255,T082,T066,S0106,taiga,consistent pre-V2 opposite-side territory witnesses on the same local biome transition; two shifted contexts agree; cumulative topology preserved
2473,592,212864,-17664,212992,-17536,0/0/53/255,0/0/94/255,T053,T094,S0107,rhun,consistent pre-V2 opposite-side territory witnesses on the same local biome transition; two shifted contexts agree; cumulative topology preserved
2474,592,212992,-17664,213120,-17536,0/0/53/255,0/0/94/255,T053,T094,S0107,rhun,consistent pre-V2 opposite-side territory witnesses on the same local biome transition; two shifted contexts agree; cumulative topology preserved
2475,592,213120,-17664,213248,-17536,0/0/53/255,0/0/94/255,T053,T094,S0107,rhun,consistent pre-V2 opposite-side territory witnesses on the same local biome transition; two shifted contexts agree; cumulative topology preserved
2476,592,213248,-17664,213376,-17536,0/0/53/255,0/0/94/255,T053,T094,S0107,rhun,consistent pre-V2 opposite-side territory witnesses on the same local biome transition; two shifted contexts agree; cumulative topology preserved
2477,592,213376,-17664,213504,-17536,0/0/53/255,0/0/94/255,T053,T094,S0107,rhun,consistent pre-V2 opposite-side territory witnesses on the same local biome transition; two shifted contexts agree; cumulative topology preserved
2478,592,213504,-17664,213632,-17536,0/0/53/255,0/0/94/255,T053,T094,S0107,rhun,consistent pre-V2 opposite-side territory witnesses on the same local biome transition; two shifted contexts agree; cumulative topology preserved
2479,592,213632,-17664,213760,-17536,0/0/53/255,0/0/94/255,T053,T094,S0107,rhun,consistent pre-V2 opposite-side territory witnesses on the same local biome transition; two shifted contexts agree; cumulative topology preserved
2480,592,213760,-17664,213888,-17536,0/0/53/255,0/0/94/255,T053,T094,S0107,rhun,consistent pre-V2 opposite-side territory witnesses on the same local biome transition; two shifted contexts agree; cumulative topology preserved
1310,593,64000,-17536,64128,-17408,0/0/88/255,0/0/72/255,T088,T072,S0103,anduinVale,consistent pre-V2 opposite-side territory witnesses on the same local biome transition; two shifted contexts agree; cumulative topology preserved
2468,593,212224,-17536,212352,-17408,0/0/53/255,0/0/94/255,T053,T094,S0108,rhun,consistent pre-V2 opposite-side territory witnesses on the same local biome transition; two shifted contexts agree; cumulative topology preserved
813,594,384,-17408,512,-17280,0/0/90/255,0/0/80/255,T090,T080,S0109,eriador,consistent pre-V2 opposite-side territory witnesses on the same local biome transition; two shifted contexts agree; cumulative topology preserved
1038,594,29184,-17408,29312,-17280,0/0/81/255,0/0/93/255,T081,T093,S0110,loneLands,consistent pre-V2 opposite-side territory witnesses on the same local biome transition; two shifted contexts agree; cumulative topology preserved
2466,594,211968,-17408,212096,-17280,0/0/53/255,0/0/94/255,T053,T094,S0111,rhun,consistent pre-V2 opposite-side territory witnesses on the same local biome transition; two shifted contexts agree; cumulative topology preserved
814,595,512,-17280,640,-17152,0/0/90/255,0/0/80/255,T090,T080,S0109,eriador,consistent pre-V2 opposite-side territory witnesses on the same local biome transition; two shifted contexts agree; cumulative topology preserved
1306,595,63488,-17280,63616,-17152,0/0/88/255,0/0/72/255,T088,T072,S0112,anduinVale,consistent pre-V2 opposite-side territory witnesses on the same local biome transition; two shifted contexts agree; cumulative topology preserved
1505,595,88960,-17280,89088,-17152,0/0/82/255,0/0/66/255,T082,T066,S0113,taiga,consistent pre-V2 opposite-side territory witnesses on the same local biome transition; two shifted contexts agree; cumulative topology preserved
773,596,-4736,-17152,-4608,-17024,0/0/90/255,0/0/67/255,T090,T067,S0114,eriador,consistent pre-V2 opposite-side territory witnesses on the same local biome transition; two shifted contexts agree; cumulative topology preserved
1518,596,90624,-17152,90752,-17024,0/0/82/255,0/0/66/255,T082,T066,S0115,taiga,consistent pre-V2 opposite-side territory witnesses on the same local biome transition; two shifted contexts agree; cumulative topology preserved
774,597,-4608,-17024,-4480,-16896,0/0/90/255,0/0/67/255,T090,T067,S0114,eriador,consistent pre-V2 opposite-side territory witnesses on the same local biome transition; two shifted contexts agree; cumulative topology preserved
1102,597,37376,-17024,37504,-16896,0/0/81/255,0/0/63/255,T081,T063,S0116,mistyMountains,consistent pre-V2 opposite-side territory witnesses on the same local biome transition; two shifted contexts agree; cumulative topology preserved
1103,597,37504,-17024,37632,-16896,0/0/81/255,0/0/63/255,T081,T063,S0116,mistyMountains,consistent pre-V2 opposite-side territory witnesses on the same local biome transition; two shifted contexts agree; cumulative topology preserved
1104,597,37632,-17024,37760,-16896,0/0/81/255,0/0/63/255,T081,T063,S0116,mistyMountains,consistent pre-V2 opposite-side territory witnesses on the same local biome transition; two shifted contexts agree; cumulative topology preserved
1105,597,37760,-17024,37888,-16896,0/0/81/255,0/0/63/255,T081,T063,S0116,mistyMountains,consistent pre-V2 opposite-side territory witnesses on the same local biome transition; two shifted contexts agree; cumulative topology preserved
1106,597,37888,-17024,38016,-16896,0/0/81/255,0/0/63/255,T081,T063,S0116,mistyMountains,consistent pre-V2 opposite-side territory witnesses on the same local biome transition; two shifted contexts agree; cumulative topology preserved
1107,597,38016,-17024,38144,-16896,0/0/81/255,0/0/63/255,T081,T063,S0116,mistyMountains,consistent pre-V2 opposite-side territory witnesses on the same local biome transition; two shifted contexts agree; cumulative topology preserved
1108,597,38144,-17024,38272,-16896,0/0/81/255,0/0/63/255,T081,T063,S0116,mistyMountains,consistent pre-V2 opposite-side territory witnesses on the same local biome transition; two shifted contexts agree; cumulative topology preserved
1109,597,38272,-17024,38400,-16896,0/0/81/255,0/0/63/255,T081,T063,S0116,mistyMountains,consistent pre-V2 opposite-side territory witnesses on the same local biome transition; two shifted contexts agree; cumulative topology preserved
1302,597,62976,-17024,63104,-16896,0/0/88/255,0/0/72/255,T088,T072,S0117,anduinVale,consistent pre-V2 opposite-side territory witnesses on the same local biome transition; two shifted contexts agree; cumulative topology preserved
1523,597,91264,-17024,91392,-16896,0/0/82/255,0/0/66/255,T082,T066,S0118,taiga,consistent pre-V2 opposite-side territory witnesses on the same local biome transition; two shifted contexts agree; cumulative topology preserved
1110,598,38400,-16896,38528,-16768,0/0/81/255,0/0/63/255,T081,T063,S0116,mistyMountains,consistent pre-V2 opposite-side territory witnesses on the same local biome transition; two shifted contexts agree; cumulative topology preserved
1111,598,38528,-16896,38656,-16768,0/0/81/255,0/0/63/255,T081,T063,S0116,mistyMountains,consistent pre-V2 opposite-side territory witnesses on the same local biome transition; two shifted contexts agree; cumulative topology preserved
1112,598,38656,-16896,38784,-16768,0/0/81/255,0/0/63/255,T081,T063,S0116,mistyMountains,consistent pre-V2 opposite-side territory witnesses on the same local biome transition; two shifted contexts agree; cumulative topology preserved
1113,598,38784,-16896,38912,-16768,0/0/81/255,0/0/63/255,T081,T063,S0116,mistyMountains,consistent pre-V2 opposite-side territory witnesses on the same local biome transition; two shifted contexts agree; cumulative topology preserved
1595,598,100480,-16896,100608,-16768,0/0/86/255,0/0/69/255,T086,T069,S0119,taiga,consistent pre-V2 opposite-side territory witnesses on the same local biome transition; two shifted contexts agree; cumulative topology preserved
2447,598,209536,-16896,209664,-16768,0/0/94/255,0/0/53/255,T094,T053,S0120,taiga,consistent pre-V2 opposite-side territory witnesses on the same local biome transition; two shifted contexts agree; cumulative topology preserved
2448,598,209664,-16896,209792,-16768,0/0/94/255,0/0/53/255,T094,T053,S0120,taiga,consistent pre-V2 opposite-side territory witnesses on the same local biome transition; two shifted contexts agree; cumulative topology preserved
2449,598,209792,-16896,209920,-16768,0/0/94/255,0/0/53/255,T094,T053,S0120,taiga,consistent pre-V2 opposite-side territory witnesses on the same local biome transition; two shifted contexts agree; cumulative topology preserved
2450,598,209920,-16896,210048,-16768,0/0/94/255,0/0/53/255,T094,T053,S0120,taiga,consistent pre-V2 opposite-side territory witnesses on the same local biome transition; two shifted contexts agree; cumulative topology preserved
775,599,-4480,-16768,-4352,-16640,0/0/90/255,0/0/67/255,T090,T067,S0121,eriador,consistent pre-V2 opposite-side territory witnesses on the same local biome transition; two shifted contexts agree; cumulative topology preserved
1045,599,30080,-16768,30208,-16640,0/0/93/255,0/0/81/255,T093,T081,S0122,ettenmoors,consistent pre-V2 opposite-side territory witnesses on the same local biome transition; two shifted contexts agree; cumulative topology preserved
1298,599,62464,-16768,62592,-16640,0/0/88/255,0/0/72/255,T088,T072,S0123,anduinVale,consistent pre-V2 opposite-side territory witnesses on the same local biome transition; two shifted contexts agree; cumulative topology preserved
1530,599,92160,-16768,92288,-16640,0/0/82/255,0/0/66/255,T082,T066,S0124,taiga,consistent pre-V2 opposite-side territory witnesses on the same local biome transition; two shifted contexts agree; cumulative topology preserved
1597,599,100736,-16768,100864,-16640,0/0/69/255,0/0/86/255,T069,T086,S0125,ironHills,consistent pre-V2 opposite-side territory witnesses on the same local biome transition; two shifted contexts agree; cumulative topology preserved
776,600,-4352,-16640,-4224,-16512,0/0/90/255,0/0/67/255,T090,T067,S0121,eriador,consistent pre-V2 opposite-side territory witnesses on the same local biome transition; two shifted contexts agree; cumulative topology preserved
1532,600,92416,-16640,92544,-16512,0/0/82/255,0/0/66/255,T082,T066,S0126,taiga,consistent pre-V2 opposite-side territory witnesses on the same local biome transition; two shifted contexts agree; cumulative topology preserved
1600,600,101120,-16640,101248,-16512,0/0/69/255,0/0/86/255,T069,T086,S0127,ironHills,consistent pre-V2 opposite-side territory witnesses on the same local biome transition; two shifted contexts agree; cumulative topology preserved
2432,600,207616,-16640,207744,-16512,0/0/53/255,0/0/94/255,T053,T094,S0128,rhun,consistent pre-V2 opposite-side territory witnesses on the same local biome transition; two shifted contexts agree; cumulative topology preserved
2433,600,207744,-16640,207872,-16512,0/0/53/255,0/0/94/255,T053,T094,S0128,rhun,consistent pre-V2 opposite-side territory witnesses on the same local biome transition; two shifted contexts agree; cumulative topology preserved
2434,600,207872,-16640,208000,-16512,0/0/53/255,0/0/94/255,T053,T094,S0128,rhun,consistent pre-V2 opposite-side territory witnesses on the same local biome transition; two shifted contexts agree; cumulative topology preserved
2435,600,208000,-16640,208128,-16512,0/0/53/255,0/0/94/255,T053,T094,S0128,rhun,consistent pre-V2 opposite-side territory witnesses on the same local biome transition; two shifted contexts agree; cumulative topology preserved
2436,600,208128,-16640,208256,-16512,0/0/53/255,0/0/94/255,T053,T094,S0128,rhun,consistent pre-V2 opposite-side territory witnesses on the same local biome transition; two shifted contexts agree; cumulative topology preserved
777,601,-4224,-16512,-4096,-16384,0/0/90/255,0/0/67/255,T090,T067,S0121,eriador,consistent pre-V2 opposite-side territory witnesses on the same local biome transition; two shifted contexts agree; cumulative topology preserved
814,601,512,-16512,640,-16384,0/0/90/255,0/0/80/255,T090,T080,S0129,eriador,consistent pre-V2 opposite-side territory witnesses on the same local biome transition; two shifted contexts agree; cumulative topology preserved
1420,601,78080,-16512,78208,-16384,0/0/74/255,0/0/62/255,T074,T062,S0130,wilderlandNorth,consistent pre-V2 opposite-side territory witnesses on the same local biome transition; two shifted contexts agree; cumulative topology preserved
1535,601,92800,-16512,92928,-16384,0/0/82/255,0/0/66/255,T082,T066,S0131,taiga,consistent pre-V2 opposite-side territory witnesses on the same local biome transition; two shifted contexts agree; cumulative topology preserved
1051,602,30848,-16384,30976,-16256,0/0/81/255,0/0/93/255,T081,T093,S0132,loneLands,consistent pre-V2 opposite-side territory witnesses on the same local biome transition; two shifted contexts agree; cumulative topology preserved
1540,602,93440,-16384,93568,-16256,0/0/82/255,0/0/66/255,T082,T066,S0133,taiga,consistent pre-V2 opposite-side territory witnesses on the same local biome transition; two shifted contexts agree; cumulative topology preserved
2426,602,206848,-16384,206976,-16256,0/0/53/255,0/0/94/255,T053,T094,S0134,rhun,consistent pre-V2 opposite-side territory witnesses on the same local biome transition; two shifted contexts agree; cumulative topology preserved
2427,602,206976,-16384,207104,-16256,0/0/53/255,0/0/94/255,T053,T094,S0134,rhun,consistent pre-V2 opposite-side territory witnesses on the same local biome transition; two shifted contexts agree; cumulative topology preserved
813,603,384,-16256,512,-16128,0/0/90/255,0/0/80/255,T090,T080,S0135,eriador,consistent pre-V2 opposite-side territory witnesses on the same local biome transition; two shifted contexts agree; cumulative topology preserved
1545,603,94080,-16256,94208,-16128,0/0/82/255,0/0/66/255,T082,T066,S0136,taiga,consistent pre-V2 opposite-side territory witnesses on the same local biome transition; two shifted contexts agree; cumulative topology preserved
1546,603,94208,-16256,94336,-16128,0/0/82/255,0/0/66/255,T082,T066,S0136,taiga,consistent pre-V2 opposite-side territory witnesses on the same local biome transition; two shifted contexts agree; cumulative topology preserved
1547,603,94336,-16256,94464,-16128,0/0/82/255,0/0/66/255,T082,T066,S0136,taiga,consistent pre-V2 opposite-side territory witnesses on the same local biome transition; two shifted contexts agree; cumulative topology preserved
1548,603,94464,-16256,94592,-16128,0/0/82/255,0/0/66/255,T082,T066,S0136,taiga,consistent pre-V2 opposite-side territory witnesses on the same local biome transition; two shifted contexts agree; cumulative topology preserved
1549,603,94592,-16256,94720,-16128,0/0/82/255,0/0/66/255,T082,T066,S0136,taiga,consistent pre-V2 opposite-side territory witnesses on the same local biome transition; two shifted contexts agree; cumulative topology preserved
1550,603,94720,-16256,94848,-16128,0/0/82/255,0/0/66/255,T082,T066,S0136,taiga,consistent pre-V2 opposite-side territory witnesses on the same local biome transition; two shifted contexts agree; cumulative topology preserved
1551,603,94848,-16256,94976,-16128,0/0/82/255,0/0/66/255,T082,T066,S0136,taiga,consistent pre-V2 opposite-side territory witnesses on the same local biome transition; two shifted contexts agree; cumulative topology preserved
1606,603,101888,-16256,102016,-16128,0/0/86/255,0/0/69/255,T086,T069,S0137,taiga,consistent pre-V2 opposite-side territory witnesses on the same local biome transition; two shifted contexts agree; cumulative topology preserved
2424,603,206592,-16256,206720,-16128,0/0/94/255,0/0/53/255,T094,T053,S0138,taiga,consistent pre-V2 opposite-side territory witnesses on the same local biome transition; two shifted contexts agree; cumulative topology preserved
1419,604,77952,-16128,78080,-16000,0/0/74/255,0/0/62/255,T074,T062,S0139,wilderlandNorth,consistent pre-V2 opposite-side territory witnesses on the same local biome transition; two shifted contexts agree; cumulative topology preserved
1552,604,94976,-16128,95104,-16000,0/0/82/255,0/0/66/255,T082,T066,S0136,taiga,consistent pre-V2 opposite-side territory witnesses on the same local biome transition; two shifted contexts agree; cumulative topology preserved
1557,605,95616,-16000,95744,-15872,0/0/82/255,0/0/66/255,T082,T066,S0140,taiga,consistent pre-V2 opposite-side territory witnesses on the same local biome transition; two shifted contexts agree; cumulative topology preserved
1558,605,95744,-16000,95872,-15872,0/0/82/255,0/0/66/255,T082,T066,S0140,taiga,consistent pre-V2 opposite-side territory witnesses on the same local biome transition; two shifted contexts agree; cumulative topology preserved
1559,605,95872,-16000,96000,-15872,0/0/82/255,0/0/66/255,T082,T066,S0140,taiga,consistent pre-V2 opposite-side territory witnesses on the same local biome transition; two shifted contexts agree; cumulative topology preserved
1611,605,102528,-16000,102656,-15872,0/0/86/255,0/0/69/255,T086,T069,S0141,taiga,consistent pre-V2 opposite-side territory witnesses on the same local biome transition; two shifted contexts agree; cumulative topology preserved
1612,605,102656,-16000,102784,-15872,0/0/86/255,0/0/69/255,T086,T069,S0141,taiga,consistent pre-V2 opposite-side territory witnesses on the same local biome transition; two shifted contexts agree; cumulative topology preserved
1613,605,102784,-16000,102912,-15872,0/0/86/255,0/0/69/255,T086,T069,S0141,taiga,consistent pre-V2 opposite-side territory witnesses on the same local biome transition; two shifted contexts agree; cumulative topology preserved
2418,606,205824,-15872,205952,-15744,0/0/53/255,0/0/94/255,T053,T094,S0142,rhun,consistent pre-V2 opposite-side territory witnesses on the same local biome transition; two shifted contexts agree; cumulative topology preserved
1619,607,103552,-15744,103680,-15616,0/0/86/255,0/0/69/255,T086,T069,S0143,taiga,consistent pre-V2 opposite-side territory witnesses on the same local biome transition; two shifted contexts agree; cumulative topology preserved
1620,607,103680,-15744,103808,-15616,0/0/86/255,0/0/69/255,T086,T069,S0143,taiga,consistent pre-V2 opposite-side territory witnesses on the same local biome transition; two shifted contexts agree; cumulative topology preserved
1621,607,103808,-15744,103936,-15616,0/0/86/255,0/0/69/255,T086,T069,S0143,taiga,consistent pre-V2 opposite-side territory witnesses on the same local biome transition; two shifted contexts agree; cumulative topology preserved
2414,608,205312,-15616,205440,-15488,0/0/53/255,0/0/94/255,T053,T094,S0144,rhun,consistent pre-V2 opposite-side territory witnesses on the same local biome transition; two shifted contexts agree; cumulative topology preserved
2415,608,205440,-15616,205568,-15488,0/0/53/255,0/0/94/255,T053,T094,S0144,rhun,consistent pre-V2 opposite-side territory witnesses on the same local biome transition; two shifted contexts agree; cumulative topology preserved
778,609,-4096,-15488,-3968,-15360,0/0/67/255,0/0/90/255,T067,T090,S0145,eriadorDowns,consistent pre-V2 opposite-side territory witnesses on the same local biome transition; two shifted contexts agree; cumulative topology preserved
985,609,22400,-15488,22528,-15360,0/0/78/255,0/0/93/255,T078,T093,S0146,loneLands,consistent pre-V2 opposite-side territory witnesses on the same local biome transition; two shifted contexts agree; cumulative topology preserved
1421,609,78208,-15488,78336,-15360,0/0/74/255,0/0/62/255,T074,T062,S0147,wilderlandNorth,consistent pre-V2 opposite-side territory witnesses on the same local biome transition; two shifted contexts agree; cumulative topology preserved
1852,609,133376,-15488,133504,-15360,0/0/103/255,0/0/65/255,T103,T065,S0148,taiga,consistent pre-V2 opposite-side territory witnesses on the same local biome transition; two shifted contexts agree; cumulative topology preserved
1853,609,133504,-15488,133632,-15360,0/0/103/255,0/0/65/255,T103,T065,S0148,taiga,consistent pre-V2 opposite-side territory witnesses on the same local biome transition; two shifted contexts agree; cumulative topology preserved
2414,609,205312,-15488,205440,-15360,0/0/53/255,0/0/94/255,T053,T094,S0144,rhun,consistent pre-V2 opposite-side territory witnesses on the same local biome transition; two shifted contexts agree; cumulative topology preserved
778,610,-4096,-15360,-3968,-15232,0/0/67/255,0/0/90/255,T067,T090,S0145,eriadorDowns,consistent pre-V2 opposite-side territory witnesses on the same local biome transition; two shifted contexts agree; cumulative topology preserved
815,610,640,-15360,768,-15232,0/0/80/255,0/0/90/255,T080,T090,S0149,eriadorDowns,consistent pre-V2 opposite-side territory witnesses on the same local biome transition; two shifted contexts agree; cumulative topology preserved
1422,610,78336,-15360,78464,-15232,0/0/74/255,0/0/62/255,T074,T062,S0147,wilderlandNorth,consistent pre-V2 opposite-side territory witnesses on the same local biome transition; two shifted contexts agree; cumulative topology preserved
1850,610,133120,-15360,133248,-15232,0/0/103/255,0/0/65/255,T103,T065,S0150,taiga,consistent pre-V2 opposite-side territory witnesses on the same local biome transition; two shifted contexts agree; cumulative topology preserved
778,611,-4096,-15232,-3968,-15104,0/0/67/255,0/0/90/255,T067,T090,S0145,eriadorDowns,consistent pre-V2 opposite-side territory witnesses on the same local biome transition; two shifted contexts agree; cumulative topology preserved
815,611,640,-15232,768,-15104,0/0/80/255,0/0/90/255,T080,T090,S0149,eriadorDowns,consistent pre-V2 opposite-side territory witnesses on the same local biome transition; two shifted contexts agree; cumulative topology preserved
984,611,22272,-15232,22400,-15104,0/0/78/255,0/0/93/255,T078,T093,S0151,loneLands,consistent pre-V2 opposite-side territory witnesses on the same local biome transition; two shifted contexts agree; cumulative topology preserved
1422,611,78336,-15232,78464,-15104,0/0/74/255,0/0/62/255,T074,T062,S0147,wilderlandNorth,consistent pre-V2 opposite-side territory witnesses on the same local biome transition; two shifted contexts agree; cumulative topology preserved
778,612,-4096,-15104,-3968,-14976,0/0/67/255,0/0/90/255,T067,T090,S0145,eriadorDowns,consistent pre-V2 opposite-side territory witnesses on the same local biome transition; two shifted contexts agree; cumulative topology preserved
983,612,22144,-15104,22272,-14976,0/0/78/255,0/0/93/255,T078,T093,S0151,loneLands,consistent pre-V2 opposite-side territory witnesses on the same local biome transition; two shifted contexts agree; cumulative topology preserved
778,613,-4096,-14976,-3968,-14848,0/0/67/255,0/0/90/255,T067,T090,S0145,eriadorDowns,consistent pre-V2 opposite-side territory witnesses on the same local biome transition; two shifted contexts agree; cumulative topology preserved
980,613,21760,-14976,21888,-14848,0/0/78/255,0/0/93/255,T078,T093,S0152,loneLands,consistent pre-V2 opposite-side territory witnesses on the same local biome transition; two shifted contexts agree; cumulative topology preserved
1059,613,31872,-14976,32000,-14848,0/0/81/255,0/0/93/255,T081,T093,S0153,loneLands,consistent pre-V2 opposite-side territory witnesses on the same local biome transition; two shifted contexts agree; cumulative topology preserved
1478,613,85504,-14976,85632,-14848,0/0/82/255,0/0/92/255,T082,T092,S0154,dale,consistent pre-V2 opposite-side territory witnesses on the same local biome transition; two shifted contexts agree; cumulative topology preserved
1844,613,132352,-14976,132480,-14848,0/0/103/255,0/0/65/255,T103,T065,S0155,taiga,consistent pre-V2 opposite-side territory witnesses on the same local biome transition; two shifted contexts agree; cumulative topology preserved
778,614,-4096,-14848,-3968,-14720,0/0/67/255,0/0/90/255,T067,T090,S0145,eriadorDowns,consistent pre-V2 opposite-side territory witnesses on the same local biome transition; two shifted contexts agree; cumulative topology preserved
815,614,640,-14848,768,-14720,0/0/90/255,0/0/80/255,T090,T080,S0156,eriador,consistent pre-V2 opposite-side territory witnesses on the same local biome transition; two shifted contexts agree; cumulative topology preserved
979,614,21632,-14848,21760,-14720,0/0/78/255,0/0/93/255,T078,T093,S0152,loneLands,consistent pre-V2 opposite-side territory witnesses on the same local biome transition; two shifted contexts agree; cumulative topology preserved
1424,614,78592,-14848,78720,-14720,0/0/74/255,0/0/62/255,T074,T062,S0157,wilderlandNorth,consistent pre-V2 opposite-side territory witnesses on the same local biome transition; two shifted contexts agree; cumulative topology preserved
1479,614,85632,-14848,85760,-14720,0/0/82/255,0/0/92/255,T082,T092,S0154,dale,consistent pre-V2 opposite-side territory witnesses on the same local biome transition; two shifted contexts agree; cumulative topology preserved
778,615,-4096,-14720,-3968,-14592,0/0/67/255,0/0/90/255,T067,T090,S0145,eriadorDowns,consistent pre-V2 opposite-side territory witnesses on the same local biome transition; two shifted contexts agree; cumulative topology preserved
815,615,640,-14720,768,-14592,0/0/90/255,0/0/80/255,T090,T080,S0156,eriador,consistent pre-V2 opposite-side territory witnesses on the same local biome transition; two shifted contexts agree; cumulative topology preserved
979,615,21632,-14720,21760,-14592,0/0/78/255,0/0/93/255,T078,T093,S0152,loneLands,consistent pre-V2 opposite-side territory witnesses on the same local biome transition; two shifted contexts agree; cumulative topology preserved
2414,615,205312,-14720,205440,-14592,0/0/53/255,0/0/94/255,T053,T094,S0158,rhun,consistent pre-V2 opposite-side territory witnesses on the same local biome transition; two shifted contexts agree; cumulative topology preserved
778,616,-4096,-14592,-3968,-14464,0/0/67/255,0/0/90/255,T067,T090,S0145,eriadorDowns,consistent pre-V2 opposite-side territory witnesses on the same local biome transition; two shifted contexts agree; cumulative topology preserved
979,616,21632,-14592,21760,-14464,0/0/78/255,0/0/93/255,T078,T093,S0152,loneLands,consistent pre-V2 opposite-side territory witnesses on the same local biome transition; two shifted contexts agree; cumulative topology preserved
778,617,-4096,-14464,-3968,-14336,0/0/67/255,0/0/90/255,T067,T090,S0145,eriadorDowns,consistent pre-V2 opposite-side territory witnesses on the same local biome transition; two shifted contexts agree; cumulative topology preserved
814,617,512,-14464,640,-14336,0/0/90/255,0/0/80/255,T090,T080,S0159,eriador,consistent pre-V2 opposite-side territory witnesses on the same local biome transition; two shifted contexts agree; cumulative topology preserved
1425,617,78720,-14464,78848,-14336,0/0/74/255,0/0/62/255,T074,T062,S0160,wilderlandNorth,consistent pre-V2 opposite-side territory witnesses on the same local biome transition; two shifted contexts agree; cumulative topology preserved
1484,617,86272,-14464,86400,-14336,0/0/82/255,0/0/92/255,T082,T092,S0161,dale,consistent pre-V2 opposite-side territory witnesses on the same local biome transition; two shifted contexts agree; cumulative topology preserved
778,618,-4096,-14336,-3968,-14208,0/0/67/255,0/0/90/255,T067,T090,S0145,eriadorDowns,consistent pre-V2 opposite-side territory witnesses on the same local biome transition; two shifted contexts agree; cumulative topology preserved
814,618,512,-14336,640,-14208,0/0/90/255,0/0/80/255,T090,T080,S0159,eriador,consistent pre-V2 opposite-side territory witnesses on the same local biome transition; two shifted contexts agree; cumulative topology preserved
978,618,21504,-14336,21632,-14208,0/0/78/255,0/0/93/255,T078,T093,S0162,loneLands,consistent pre-V2 opposite-side territory witnesses on the same local biome transition; two shifted contexts agree; cumulative topology preserved
1426,618,78848,-14336,78976,-14208,0/0/74/255,0/0/62/255,T074,T062,S0160,wilderlandNorth,consistent pre-V2 opposite-side territory witnesses on the same local biome transition; two shifted contexts agree; cumulative topology preserved
1486,618,86528,-14336,86656,-14208,0/0/82/255,0/0/92/255,T082,T092,S0163,dale,consistent pre-V2 opposite-side territory witnesses on the same local biome transition; two shifted contexts agree; cumulative topology preserved
814,619,512,-14208,640,-14080,0/0/90/255,0/0/80/255,T090,T080,S0159,eriador,consistent pre-V2 opposite-side territory witnesses on the same local biome transition; two shifted contexts agree; cumulative topology preserved
1426,619,78848,-14208,78976,-14080,0/0/74/255,0/0/62/255,T074,T062,S0160,wilderlandNorth,consistent pre-V2 opposite-side territory witnesses on the same local biome transition; two shifted contexts agree; cumulative topology preserved
814,620,512,-14080,640,-13952,0/0/90/255,0/0/80/255,T090,T080,S0159,eriador,consistent pre-V2 opposite-side territory witnesses on the same local biome transition; two shifted contexts agree; cumulative topology preserved
1063,620,32384,-14080,32512,-13952,0/0/81/255,0/0/93/255,T081,T093,S0164,loneLands,consistent pre-V2 opposite-side territory witnesses on the same local biome transition; two shifted contexts agree; cumulative topology preserved
1426,620,78848,-14080,78976,-13952,0/0/74/255,0/0/62/255,T074,T062,S0160,wilderlandNorth,consistent pre-V2 opposite-side territory witnesses on the same local biome transition; two shifted contexts agree; cumulative topology preserved
1832,620,130816,-14080,130944,-13952,0/0/65/255,0/0/103/255,T065,T103,S0165,rhun,consistent pre-V2 opposite-side territory witnesses on the same local biome transition; two shifted contexts agree; cumulative topology preserved
2410,620,204800,-14080,204928,-13952,0/0/53/255,0/0/94/255,T053,T094,S0166,rhun,consistent pre-V2 opposite-side territory witnesses on the same local biome transition; two shifted contexts agree; cumulative topology preserved
1063,621,32384,-13952,32512,-13824,0/0/81/255,0/0/93/255,T081,T093,S0164,loneLands,consistent pre-V2 opposite-side territory witnesses on the same local biome transition; two shifted contexts agree; cumulative topology preserved
1426,621,78848,-13952,78976,-13824,0/0/74/255,0/0/62/255,T074,T062,S0160,wilderlandNorth,consistent pre-V2 opposite-side territory witnesses on the same local biome transition; two shifted contexts agree; cumulative topology preserved
1494,621,87552,-13952,87680,-13824,0/0/82/255,0/0/92/255,T082,T092,S0167,dale,consistent pre-V2 opposite-side territory witnesses on the same local biome transition; two shifted contexts agree; cumulative topology preserved
1831,621,130688,-13952,130816,-13824,0/0/65/255,0/0/103/255,T065,T103,S0165,rhun,consistent pre-V2 opposite-side territory witnesses on the same local biome transition; two shifted contexts agree; cumulative topology preserved
1063,622,32384,-13824,32512,-13696,0/0/81/255,0/0/93/255,T081,T093,S0164,loneLands,consistent pre-V2 opposite-side territory witnesses on the same local biome transition; two shifted contexts agree; cumulative topology preserved
1426,622,78848,-13824,78976,-13696,0/0/74/255,0/0/62/255,T074,T062,S0160,wilderlandNorth,consistent pre-V2 opposite-side territory witnesses on the same local biome transition; two shifted contexts agree; cumulative topology preserved
1495,622,87680,-13824,87808,-13696,0/0/82/255,0/0/92/255,T082,T092,S0167,dale,consistent pre-V2 opposite-side territory witnesses on the same local biome transition; two shifted contexts agree; cumulative topology preserved
1829,622,130432,-13824,130560,-13696,0/0/65/255,0/0/103/255,T065,T103,S0165,rhun,consistent pre-V2 opposite-side territory witnesses on the same local biome transition; two shifted contexts agree; cumulative topology preserved
1830,622,130560,-13824,130688,-13696,0/0/65/255,0/0/103/255,T065,T103,S0165,rhun,consistent pre-V2 opposite-side territory witnesses on the same local biome transition; two shifted contexts agree; cumulative topology preserved
815,623,640,-13696,768,-13568,0/0/90/255,0/0/80/255,T090,T080,S0168,eriador,consistent pre-V2 opposite-side territory witnesses on the same local biome transition; two shifted contexts agree; cumulative topology preserved
975,623,21120,-13696,21248,-13568,0/0/78/255,0/0/93/255,T078,T093,S0169,loneLands,consistent pre-V2 opposite-side territory witnesses on the same local biome transition; two shifted contexts agree; cumulative topology preserved
1063,623,32384,-13696,32512,-13568,0/0/81/255,0/0/93/255,T081,T093,S0164,loneLands,consistent pre-V2 opposite-side territory witnesses on the same local biome transition; two shifted contexts agree; cumulative topology preserved
1826,623,130048,-13696,130176,-13568,0/0/65/255,0/0/103/255,T065,T103,S0170,rhun,consistent pre-V2 opposite-side territory witnesses on the same local biome transition; two shifted contexts agree; cumulative topology preserved
816,624,768,-13568,896,-13440,0/0/90/255,0/0/80/255,T090,T080,S0168,eriador,consistent pre-V2 opposite-side territory witnesses on the same local biome transition; two shifted contexts agree; cumulative topology preserved
1064,624,32512,-13568,32640,-13440,0/0/81/255,0/0/93/255,T081,T093,S0164,loneLands,consistent pre-V2 opposite-side territory witnesses on the same local biome transition; two shifted contexts agree; cumulative topology preserved
1427,624,78976,-13568,79104,-13440,0/0/62/255,0/0/74/255,T062,T074,S0171,mirkwoodNorth,consistent pre-V2 opposite-side territory witnesses on the same local biome transition; two shifted contexts agree; cumulative topology preserved
1586,624,99328,-13568,99456,-13440,0/0/86/255,0/0/95/255,T086,T095,S0172,wilderlandNorth,consistent pre-V2 opposite-side territory witnesses on the same local biome transition; two shifted contexts agree; cumulative topology preserved
816,625,768,-13440,896,-13312,0/0/90/255,0/0/80/255,T090,T080,S0168,eriador,consistent pre-V2 opposite-side territory witnesses on the same local biome transition; two shifted contexts agree; cumulative topology preserved
1592,625,100096,-13440,100224,-13312,0/0/86/255,0/0/95/255,T086,T095,S0173,wilderlandNorth,consistent pre-V2 opposite-side territory witnesses on the same local biome transition; two shifted contexts agree; cumulative topology preserved
1717,625,116096,-13440,116224,-13312,0/0/97/255,0/0/85/255,T097,T085,S0174,ironHills,consistent pre-V2 opposite-side territory witnesses on the same local biome transition; two shifted contexts agree; cumulative topology preserved
1718,625,116224,-13440,116352,-13312,0/0/97/255,0/0/85/255,T097,T085,S0174,ironHills,consistent pre-V2 opposite-side territory witnesses on the same local biome transition; two shifted contexts agree; cumulative topology preserved
1719,625,116352,-13440,116480,-13312,0/0/97/255,0/0/85/255,T097,T085,S0174,ironHills,consistent pre-V2 opposite-side territory witnesses on the same local biome transition; two shifted contexts agree; cumulative topology preserved
1720,625,116480,-13440,116608,-13312,0/0/97/255,0/0/85/255,T097,T085,S0174,ironHills,consistent pre-V2 opposite-side territory witnesses on the same local biome transition; two shifted contexts agree; cumulative topology preserved
1721,625,116608,-13440,116736,-13312,0/0/97/255,0/0/85/255,T097,T085,S0174,ironHills,consistent pre-V2 opposite-side territory witnesses on the same local biome transition; two shifted contexts agree; cumulative topology preserved
816,626,768,-13312,896,-13184,0/0/90/255,0/0/80/255,T090,T080,S0168,eriador,consistent pre-V2 opposite-side territory witnesses on the same local biome transition; two shifted contexts agree; cumulative topology preserved
1598,626,100864,-13312,100992,-13184,0/0/86/255,0/0/95/255,T086,T095,S0175,wilderlandNorth,consistent pre-V2 opposite-side territory witnesses on the same local biome transition; two shifted contexts agree; cumulative topology preserved
816,627,768,-13184,896,-13056,0/0/90/255,0/0/80/255,T090,T080,S0168,eriador,consistent pre-V2 opposite-side territory witnesses on the same local biome transition; two shifted contexts agree; cumulative topology preserved
1701,628,114048,-13056,114176,-12928,0/0/85/255,0/0/97/255,T085,T097,S0176,rhun,consistent pre-V2 opposite-side territory witnesses on the same local biome transition; two shifted contexts agree; cumulative topology preserved
778,630,-4096,-12800,-3968,-12672,0/0/90/255,0/0/112/255,T090,T112,S0177,eriador,consistent pre-V2 opposite-side territory witnesses on the same local biome transition; two shifted contexts agree; cumulative topology preserved
1689,630,112512,-12800,112640,-12672,0/0/85/255,0/0/97/255,T085,T097,S0178,rhun,consistent pre-V2 opposite-side territory witnesses on the same local biome transition; two shifted contexts agree; cumulative topology preserved
1690,630,112640,-12800,112768,-12672,0/0/85/255,0/0/97/255,T085,T097,S0178,rhun,consistent pre-V2 opposite-side territory witnesses on the same local biome transition; two shifted contexts agree; cumulative topology preserved
1691,630,112768,-12800,112896,-12672,0/0/85/255,0/0/97/255,T085,T097,S0178,rhun,consistent pre-V2 opposite-side territory witnesses on the same local biome transition; two shifted contexts agree; cumulative topology preserved
777,631,-4224,-12672,-4096,-12544,0/0/90/255,0/0/112/255,T090,T112,S0177,eriador,consistent pre-V2 opposite-side territory witnesses on the same local biome transition; two shifted contexts agree; cumulative topology preserved
1623,631,104064,-12672,104192,-12544,0/0/86/255,0/0/98/255,T086,T098,S0179,rhun,consistent pre-V2 opposite-side territory witnesses on the same local biome transition; two shifted contexts agree; cumulative topology preserved
1063,632,32384,-12544,32512,-12416,0/0/93/255,0/0/81/255,T093,T081,S0180,ettenmoors,consistent pre-V2 opposite-side territory witnesses on the same local biome transition; two shifted contexts agree; cumulative topology preserved
1683,632,111744,-12544,111872,-12416,0/0/85/255,0/0/97/255,T085,T097,S0181,rhun,consistent pre-V2 opposite-side territory witnesses on the same local biome transition; two shifted contexts agree; cumulative topology preserved
1684,632,111872,-12544,112000,-12416,0/0/85/255,0/0/97/255,T085,T097,S0181,rhun,consistent pre-V2 opposite-side territory witnesses on the same local biome transition; two shifted contexts agree; cumulative topology preserved
775,635,-4480,-12160,-4352,-12032,0/0/90/255,0/0/112/255,T090,T112,S0182,eriador,consistent pre-V2 opposite-side territory witnesses on the same local biome transition; two shifted contexts agree; cumulative topology preserved
1907,635,140416,-12160,140544,-12032,0/0/65/255,0/0/118/255,T065,T118,S0183,rhun,consistent pre-V2 opposite-side territory witnesses on the same local biome transition; two shifted contexts agree; cumulative topology preserved
775,636,-4480,-12032,-4352,-11904,0/0/90/255,0/0/112/255,T090,T112,S0182,eriador,consistent pre-V2 opposite-side territory witnesses on the same local biome transition; two shifted contexts agree; cumulative topology preserved
1911,636,140928,-12032,141056,-11904,0/0/65/255,0/0/118/255,T065,T118,S0184,rhun,consistent pre-V2 opposite-side territory witnesses on the same local biome transition; two shifted contexts agree; cumulative topology preserved
1946,636,145408,-12032,145536,-11904,0/0/65/255,0/0/118/255,T065,T118,S0185,rhun,consistent pre-V2 opposite-side territory witnesses on the same local biome transition; two shifted contexts agree; cumulative topology preserved
775,637,-4480,-11904,-4352,-11776,0/0/90/255,0/0/112/255,T090,T112,S0182,eriador,consistent pre-V2 opposite-side territory witnesses on the same local biome transition; two shifted contexts agree; cumulative topology preserved
1913,637,141184,-11904,141312,-11776,0/0/65/255,0/0/118/255,T065,T118,S0186,rhun,consistent pre-V2 opposite-side territory witnesses on the same local biome transition; two shifted contexts agree; cumulative topology preserved
1914,637,141312,-11904,141440,-11776,0/0/65/255,0/0/118/255,T065,T118,S0186,rhun,consistent pre-V2 opposite-side territory witnesses on the same local biome transition; two shifted contexts agree; cumulative topology preserved
775,638,-4480,-11776,-4352,-11648,0/0/90/255,0/0/112/255,T090,T112,S0182,eriador,consistent pre-V2 opposite-side territory witnesses on the same local biome transition; two shifted contexts agree; cumulative topology preserved
1916,638,141568,-11776,141696,-11648,0/0/65/255,0/0/118/255,T065,T118,S0187,rhun,consistent pre-V2 opposite-side territory witnesses on the same local biome transition; two shifted contexts agree; cumulative topology preserved
1917,638,141696,-11776,141824,-11648,0/0/65/255,0/0/118/255,T065,T118,S0187,rhun,consistent pre-V2 opposite-side territory witnesses on the same local biome transition; two shifted contexts agree; cumulative topology preserved
1918,638,141824,-11776,141952,-11648,0/0/65/255,0/0/118/255,T065,T118,S0187,rhun,consistent pre-V2 opposite-side territory witnesses on the same local biome transition; two shifted contexts agree; cumulative topology preserved
775,639,-4480,-11648,-4352,-11520,0/0/90/255,0/0/112/255,T090,T112,S0182,eriador,consistent pre-V2 opposite-side territory witnesses on the same local biome transition; two shifted contexts agree; cumulative topology preserved
1923,639,142464,-11648,142592,-11520,0/0/65/255,0/0/118/255,T065,T118,S0188,rhun,consistent pre-V2 opposite-side territory witnesses on the same local biome transition; two shifted contexts agree; cumulative topology preserved
1930,639,143360,-11648,143488,-11520,0/0/118/255,0/0/65/255,T118,T065,S0189,taiga,consistent pre-V2 opposite-side territory witnesses on the same local biome transition; two shifted contexts agree; cumulative topology preserved
1931,639,143488,-11648,143616,-11520,0/0/118/255,0/0/65/255,T118,T065,S0189,taiga,consistent pre-V2 opposite-side territory witnesses on the same local biome transition; two shifted contexts agree; cumulative topology preserved
1932,639,143616,-11648,143744,-11520,0/0/118/255,0/0/65/255,T118,T065,S0189,taiga,consistent pre-V2 opposite-side territory witnesses on the same local biome transition; two shifted contexts agree; cumulative topology preserved
1933,639,143744,-11648,143872,-11520,0/0/118/255,0/0/65/255,T118,T065,S0189,taiga,consistent pre-V2 opposite-side territory witnesses on the same local biome transition; two shifted contexts agree; cumulative topology preserved
1934,639,143872,-11648,144000,-11520,0/0/118/255,0/0/65/255,T118,T065,S0189,taiga,consistent pre-V2 opposite-side territory witnesses on the same local biome transition; two shifted contexts agree; cumulative topology preserved
1935,639,144000,-11648,144128,-11520,0/0/118/255,0/0/65/255,T118,T065,S0189,taiga,consistent pre-V2 opposite-side territory witnesses on the same local biome transition; two shifted contexts agree; cumulative topology preserved
2154,639,172032,-11648,172160,-11520,0/0/107/255,0/0/60/255,T107,T060,S0190,taiga,consistent pre-V2 opposite-side territory witnesses on the same local biome transition; two shifted contexts agree; cumulative topology preserved
2155,639,172160,-11648,172288,-11520,0/0/107/255,0/0/60/255,T107,T060,S0190,taiga,consistent pre-V2 opposite-side territory witnesses on the same local biome transition; two shifted contexts agree; cumulative topology preserved
2156,639,172288,-11648,172416,-11520,0/0/107/255,0/0/60/255,T107,T060,S0190,taiga,consistent pre-V2 opposite-side territory witnesses on the same local biome transition; two shifted contexts agree; cumulative topology preserved
2157,639,172416,-11648,172544,-11520,0/0/107/255,0/0/60/255,T107,T060,S0190,taiga,consistent pre-V2 opposite-side territory witnesses on the same local biome transition; two shifted contexts agree; cumulative topology preserved
2158,639,172544,-11648,172672,-11520,0/0/107/255,0/0/60/255,T107,T060,S0190,taiga,consistent pre-V2 opposite-side territory witnesses on the same local biome transition; two shifted contexts agree; cumulative topology preserved
2159,639,172672,-11648,172800,-11520,0/0/107/255,0/0/60/255,T107,T060,S0190,taiga,consistent pre-V2 opposite-side territory witnesses on the same local biome transition; two shifted contexts agree; cumulative topology preserved
2164,639,173312,-11648,173440,-11520,0/0/60/255,0/0/107/255,T060,T107,S0191,rhun,consistent pre-V2 opposite-side territory witnesses on the same local biome transition; two shifted contexts agree; cumulative topology preserved
2165,639,173440,-11648,173568,-11520,0/0/60/255,0/0/107/255,T060,T107,S0191,rhun,consistent pre-V2 opposite-side territory witnesses on the same local biome transition; two shifted contexts agree; cumulative topology preserved
2166,639,173568,-11648,173696,-11520,0/0/60/255,0/0/107/255,T060,T107,S0191,rhun,consistent pre-V2 opposite-side territory witnesses on the same local biome transition; two shifted contexts agree; cumulative topology preserved
775,640,-4480,-11520,-4352,-11392,0/0/90/255,0/0/112/255,T090,T112,S0182,eriador,consistent pre-V2 opposite-side territory witnesses on the same local biome transition; two shifted contexts agree; cumulative topology preserved
1078,640,34304,-11520,34432,-11392,0/0/93/255,0/0/81/255,T093,T081,S0192,ettenmoors,consistent pre-V2 opposite-side territory witnesses on the same local biome transition; two shifted contexts agree; cumulative topology preserved
1961,640,147328,-11520,147456,-11392,0/0/65/255,0/0/118/255,T065,T118,S0193,rhun,consistent pre-V2 opposite-side territory witnesses on the same local biome transition; two shifted contexts agree; cumulative topology preserved
1314,641,64512,-11392,64640,-11264,0/0/106/255,0/0/88/255,T106,T088,S0194,mirkwoodNorth,consistent pre-V2 opposite-side territory witnesses on the same local biome transition; two shifted contexts agree; cumulative topology preserved
1315,641,64640,-11392,64768,-11264,0/0/106/255,0/0/88/255,T106,T088,S0194,mirkwoodNorth,consistent pre-V2 opposite-side territory witnesses on the same local biome transition; two shifted contexts agree; cumulative topology preserved
1316,641,64768,-11392,64896,-11264,0/0/106/255,0/0/88/255,T106,T088,S0194,mirkwoodNorth,consistent pre-V2 opposite-side territory witnesses on the same local biome transition; two shifted contexts agree; cumulative topology preserved
1317,641,64896,-11392,65024,-11264,0/0/106/255,0/0/88/255,T106,T088,S0194,mirkwoodNorth,consistent pre-V2 opposite-side territory witnesses on the same local biome transition; two shifted contexts agree; cumulative topology preserved
1318,641,65024,-11392,65152,-11264,0/0/106/255,0/0/88/255,T106,T088,S0194,mirkwoodNorth,consistent pre-V2 opposite-side territory witnesses on the same local biome transition; two shifted contexts agree; cumulative topology preserved
1319,641,65152,-11392,65280,-11264,0/0/106/255,0/0/88/255,T106,T088,S0194,mirkwoodNorth,consistent pre-V2 opposite-side territory witnesses on the same local biome transition; two shifted contexts agree; cumulative topology preserved
1084,642,35072,-11264,35200,-11136,0/0/93/255,0/0/81/255,T093,T081,S0195,ettenmoors,consistent pre-V2 opposite-side territory witnesses on the same local biome transition; two shifted contexts agree; cumulative topology preserved
1085,642,35200,-11264,35328,-11136,0/0/93/255,0/0/81/255,T093,T081,S0195,ettenmoors,consistent pre-V2 opposite-side territory witnesses on the same local biome transition; two shifted contexts agree; cumulative topology preserved
1086,642,35328,-11264,35456,-11136,0/0/93/255,0/0/81/255,T093,T081,S0195,ettenmoors,consistent pre-V2 opposite-side territory witnesses on the same local biome transition; two shifted contexts agree; cumulative topology preserved
1312,642,64256,-11264,64384,-11136,0/0/106/255,0/0/88/255,T106,T088,S0196,mirkwoodNorth,consistent pre-V2 opposite-side territory witnesses on the same local biome transition; two shifted contexts agree; cumulative topology preserved
2175,642,174720,-11264,174848,-11136,0/0/60/255,0/0/107/255,T060,T107,S0197,rhun,consistent pre-V2 opposite-side territory witnesses on the same local biome transition; two shifted contexts agree; cumulative topology preserved
2176,642,174848,-11264,174976,-11136,0/0/60/255,0/0/107/255,T060,T107,S0197,rhun,consistent pre-V2 opposite-side territory witnesses on the same local biome transition; two shifted contexts agree; cumulative topology preserved
1304,643,63232,-11136,63360,-11008,0/0/106/255,0/0/88/255,T106,T088,S0198,mirkwoodNorth,consistent pre-V2 opposite-side territory witnesses on the same local biome transition; two shifted contexts agree; cumulative topology preserved
1305,643,63360,-11136,63488,-11008,0/0/106/255,0/0/88/255,T106,T088,S0198,mirkwoodNorth,consistent pre-V2 opposite-side territory witnesses on the same local biome transition; two shifted contexts agree; cumulative topology preserved
1306,643,63488,-11136,63616,-11008,0/0/106/255,0/0/88/255,T106,T088,S0198,mirkwoodNorth,consistent pre-V2 opposite-side territory witnesses on the same local biome transition; two shifted contexts agree; cumulative topology preserved
1093,644,36224,-11008,36352,-10880,0/0/81/255,0/0/93/255,T081,T093,S0199,loneLands,consistent pre-V2 opposite-side territory witnesses on the same local biome transition; two shifted contexts agree; cumulative topology preserved
1094,644,36352,-11008,36480,-10880,0/0/81/255,0/0/93/255,T081,T093,S0199,loneLands,consistent pre-V2 opposite-side territory witnesses on the same local biome transition; two shifted contexts agree; cumulative topology preserved
773,645,-4736,-10880,-4608,-10752,0/0/90/255,0/0/112/255,T090,T112,S0200,eriador,consistent pre-V2 opposite-side territory witnesses on the same local biome transition; two shifted contexts agree; cumulative topology preserved
1104,645,37632,-10880,37760,-10752,0/0/93/255,0/0/81/255,T093,T081,S0201,ettenmoors,consistent pre-V2 opposite-side territory witnesses on the same local biome transition; two shifted contexts agree; cumulative topology preserved
2181,645,175488,-10880,175616,-10752,0/0/107/255,0/0/60/255,T107,T060,S0202,taiga,consistent pre-V2 opposite-side territory witnesses on the same local biome transition; two shifted contexts agree; cumulative topology preserved
1968,647,148224,-10624,148352,-10496,0/0/65/255,0/0/118/255,T065,T118,S0203,rhun,consistent pre-V2 opposite-side territory witnesses on the same local biome transition; two shifted contexts agree; cumulative topology preserved
2187,647,176256,-10624,176384,-10496,0/0/60/255,0/0/107/255,T060,T107,S0204,rhun,consistent pre-V2 opposite-side territory witnesses on the same local biome transition; two shifted contexts agree; cumulative topology preserved
1111,648,38528,-10496,38656,-10368,0/0/81/255,0/0/93/255,T081,T093,S0205,loneLands,consistent pre-V2 opposite-side territory witnesses on the same local biome transition; two shifted contexts agree; cumulative topology preserved
1112,648,38656,-10496,38784,-10368,0/0/81/255,0/0/93/255,T081,T093,S0205,loneLands,consistent pre-V2 opposite-side territory witnesses on the same local biome transition; two shifted contexts agree; cumulative topology preserved
2190,648,176640,-10496,176768,-10368,0/0/60/255,0/0/107/255,T060,T107,S0206,rhun,consistent pre-V2 opposite-side territory witnesses on the same local biome transition; two shifted contexts agree; cumulative topology preserved
771,649,-4992,-10368,-4864,-10240,0/0/90/255,0/0/112/255,T090,T112,S0207,eriador,consistent pre-V2 opposite-side territory witnesses on the same local biome transition; two shifted contexts agree; cumulative topology preserved
2192,649,176896,-10368,177024,-10240,0/0/60/255,0/0/107/255,T060,T107,S0208,rhun,consistent pre-V2 opposite-side territory witnesses on the same local biome transition; two shifted contexts agree; cumulative topology preserved
771,650,-4992,-10240,-4864,-10112,0/0/90/255,0/0/112/255,T090,T112,S0207,eriador,consistent pre-V2 opposite-side territory witnesses on the same local biome transition; two shifted contexts agree; cumulative topology preserved
1151,652,43648,-9984,43776,-9856,0/0/99/255,0/0/123/255,T099,T123,S0209,loneLands,consistent pre-V2 opposite-side territory witnesses on the same local biome transition; two shifted contexts agree; cumulative topology preserved
1152,652,43776,-9984,43904,-9856,0/0/99/255,0/0/123/255,T099,T123,S0209,loneLands,consistent pre-V2 opposite-side territory witnesses on the same local biome transition; two shifted contexts agree; cumulative topology preserved
1153,652,43904,-9984,44032,-9856,0/0/99/255,0/0/123/255,T099,T123,S0209,loneLands,consistent pre-V2 opposite-side territory witnesses on the same local biome transition; two shifted contexts agree; cumulative topology preserved
1154,652,44032,-9984,44160,-9856,0/0/99/255,0/0/123/255,T099,T123,S0209,loneLands,consistent pre-V2 opposite-side territory witnesses on the same local biome transition; two shifted contexts agree; cumulative topology preserved
1556,652,95488,-9984,95616,-9856,0/0/95/255,0/0/117/255,T095,T117,S0210,dale,consistent pre-V2 opposite-side territory witnesses on the same local biome transition; two shifted contexts agree; cumulative topology preserved
1557,652,95616,-9984,95744,-9856,0/0/95/255,0/0/117/255,T095,T117,S0210,dale,consistent pre-V2 opposite-side territory witnesses on the same local biome transition; two shifted contexts agree; cumulative topology preserved
1558,652,95744,-9984,95872,-9856,0/0/95/255,0/0/117/255,T095,T117,S0210,dale,consistent pre-V2 opposite-side territory witnesses on the same local biome transition; two shifted contexts agree; cumulative topology preserved
1559,652,95872,-9984,96000,-9856,0/0/95/255,0/0/117/255,T095,T117,S0210,dale,consistent pre-V2 opposite-side territory witnesses on the same local biome transition; two shifted contexts agree; cumulative topology preserved
1560,652,96000,-9984,96128,-9856,0/0/95/255,0/0/117/255,T095,T117,S0210,dale,consistent pre-V2 opposite-side territory witnesses on the same local biome transition; two shifted contexts agree; cumulative topology preserved
1561,652,96128,-9984,96256,-9856,0/0/95/255,0/0/117/255,T095,T117,S0210,dale,consistent pre-V2 opposite-side territory witnesses on the same local biome transition; two shifted contexts agree; cumulative topology preserved
1562,652,96256,-9984,96384,-9856,0/0/95/255,0/0/117/255,T095,T117,S0210,dale,consistent pre-V2 opposite-side territory witnesses on the same local biome transition; two shifted contexts agree; cumulative topology preserved
1563,652,96384,-9984,96512,-9856,0/0/95/255,0/0/117/255,T095,T117,S0210,dale,consistent pre-V2 opposite-side territory witnesses on the same local biome transition; two shifted contexts agree; cumulative topology preserved
1149,653,43392,-9856,43520,-9728,0/0/99/255,0/0/123/255,T099,T123,S0211,loneLands,consistent pre-V2 opposite-side territory witnesses on the same local biome transition; two shifted contexts agree; cumulative topology preserved
1157,653,44416,-9856,44544,-9728,0/0/123/255,0/0/99/255,T123,T099,S0212,coldfells,consistent pre-V2 opposite-side territory witnesses on the same local biome transition; two shifted contexts agree; cumulative topology preserved
2096,653,164608,-9856,164736,-9728,0/0/77/255,0/0/124/255,T077,T124,S0213,rhun,consistent pre-V2 opposite-side territory witnesses on the same local biome transition; two shifted contexts agree; cumulative topology preserved
2097,653,164736,-9856,164864,-9728,0/0/77/255,0/0/124/255,T077,T124,S0213,rhun,consistent pre-V2 opposite-side territory witnesses on the same local biome transition; two shifted contexts agree; cumulative topology preserved
2098,653,164864,-9856,164992,-9728,0/0/77/255,0/0/124/255,T077,T124,S0213,rhun,consistent pre-V2 opposite-side territory witnesses on the same local biome transition; two shifted contexts agree; cumulative topology preserved
2099,653,164992,-9856,165120,-9728,0/0/77/255,0/0/124/255,T077,T124,S0213,rhun,consistent pre-V2 opposite-side territory witnesses on the same local biome transition; two shifted contexts agree; cumulative topology preserved
2100,653,165120,-9856,165248,-9728,0/0/77/255,0/0/124/255,T077,T124,S0213,rhun,consistent pre-V2 opposite-side territory witnesses on the same local biome transition; two shifted contexts agree; cumulative topology preserved
2101,653,165248,-9856,165376,-9728,0/0/77/255,0/0/124/255,T077,T124,S0213,rhun,consistent pre-V2 opposite-side territory witnesses on the same local biome transition; two shifted contexts agree; cumulative topology preserved
1145,654,42880,-9728,43008,-9600,0/0/99/255,0/0/123/255,T099,T123,S0214,loneLands,consistent pre-V2 opposite-side territory witnesses on the same local biome transition; two shifted contexts agree; cumulative topology preserved
1159,654,44672,-9728,44800,-9600,0/0/99/255,0/0/123/255,T099,T123,S0215,loneLands,consistent pre-V2 opposite-side territory witnesses on the same local biome transition; two shifted contexts agree; cumulative topology preserved
1160,654,44800,-9728,44928,-9600,0/0/99/255,0/0/123/255,T099,T123,S0215,loneLands,consistent pre-V2 opposite-side territory witnesses on the same local biome transition; two shifted contexts agree; cumulative topology preserved
1161,654,44928,-9728,45056,-9600,0/0/99/255,0/0/123/255,T099,T123,S0215,loneLands,consistent pre-V2 opposite-side territory witnesses on the same local biome transition; two shifted contexts agree; cumulative topology preserved
1162,654,45056,-9728,45184,-9600,0/0/99/255,0/0/123/255,T099,T123,S0215,loneLands,consistent pre-V2 opposite-side territory witnesses on the same local biome transition; two shifted contexts agree; cumulative topology preserved
1163,654,45184,-9728,45312,-9600,0/0/99/255,0/0/123/255,T099,T123,S0215,loneLands,consistent pre-V2 opposite-side territory witnesses on the same local biome transition; two shifted contexts agree; cumulative topology preserved
1164,654,45312,-9728,45440,-9600,0/0/99/255,0/0/123/255,T099,T123,S0215,loneLands,consistent pre-V2 opposite-side territory witnesses on the same local biome transition; two shifted contexts agree; cumulative topology preserved
2196,654,177408,-9728,177536,-9600,0/0/107/255,0/0/60/255,T107,T060,S0216,taiga,consistent pre-V2 opposite-side territory witnesses on the same local biome transition; two shifted contexts agree; cumulative topology preserved
2090,655,163840,-9600,163968,-9472,0/0/77/255,0/0/124/255,T077,T124,S0217,rhun,consistent pre-V2 opposite-side territory witnesses on the same local biome transition; two shifted contexts agree; cumulative topology preserved
1137,656,41856,-9472,41984,-9344,0/0/99/255,0/0/123/255,T099,T123,S0218,loneLands,consistent pre-V2 opposite-side territory witnesses on the same local biome transition; two shifted contexts agree; cumulative topology preserved
1138,656,41984,-9472,42112,-9344,0/0/99/255,0/0/123/255,T099,T123,S0218,loneLands,consistent pre-V2 opposite-side territory witnesses on the same local biome transition; two shifted contexts agree; cumulative topology preserved
1139,656,42112,-9472,42240,-9344,0/0/99/255,0/0/123/255,T099,T123,S0218,loneLands,consistent pre-V2 opposite-side territory witnesses on the same local biome transition; two shifted contexts agree; cumulative topology preserved
1140,656,42240,-9472,42368,-9344,0/0/99/255,0/0/123/255,T099,T123,S0218,loneLands,consistent pre-V2 opposite-side territory witnesses on the same local biome transition; two shifted contexts agree; cumulative topology preserved
1141,656,42368,-9472,42496,-9344,0/0/99/255,0/0/123/255,T099,T123,S0218,loneLands,consistent pre-V2 opposite-side territory witnesses on the same local biome transition; two shifted contexts agree; cumulative topology preserved
1167,656,45696,-9472,45824,-9344,0/0/123/255,0/0/99/255,T123,T099,S0219,coldfells,consistent pre-V2 opposite-side territory witnesses on the same local biome transition; two shifted contexts agree; cumulative topology preserved
2088,656,163584,-9472,163712,-9344,0/0/77/255,0/0/124/255,T077,T124,S0220,rhun,consistent pre-V2 opposite-side territory witnesses on the same local biome transition; two shifted contexts agree; cumulative topology preserved
770,657,-5120,-9344,-4992,-9216,0/0/90/255,0/0/112/255,T090,T112,S0221,eriador,consistent pre-V2 opposite-side territory witnesses on the same local biome transition; two shifted contexts agree; cumulative topology preserved
1171,658,46208,-9216,46336,-9088,0/0/99/255,0/0/123/255,T099,T123,S0222,loneLands,consistent pre-V2 opposite-side territory witnesses on the same local biome transition; two shifted contexts agree; cumulative topology preserved
1172,658,46336,-9216,46464,-9088,0/0/99/255,0/0/123/255,T099,T123,S0222,loneLands,consistent pre-V2 opposite-side territory witnesses on the same local biome transition; two shifted contexts agree; cumulative topology preserved
1177,658,46976,-9216,47104,-9088,0/0/99/255,0/0/130/255,T099,T130,S0223,mistyMountainsFoothills,consistent pre-V2 opposite-side territory witnesses on the same local biome transition; two shifted contexts agree; cumulative topology preserved
1178,658,47104,-9216,47232,-9088,0/0/99/255,0/0/130/255,T099,T130,S0223,mistyMountainsFoothills,consistent pre-V2 opposite-side territory witnesses on the same local biome transition; two shifted contexts agree; cumulative topology preserved
1180,659,47360,-9088,47488,-8960,0/0/99/255,0/0/130/255,T099,T130,S0224,mistyMountainsFoothills,consistent pre-V2 opposite-side territory witnesses on the same local biome transition; two shifted contexts agree; cumulative topology preserved
1181,660,47488,-8960,47616,-8832,0/0/99/255,0/0/130/255,T099,T130,S0224,mistyMountainsFoothills,consistent pre-V2 opposite-side territory witnesses on the same local biome transition; two shifted contexts agree; cumulative topology preserved
1436,660,80128,-8960,80256,-8832,0/0/100/255,0/0/111/255,T100,T111,S0226,mirkwoodMountains,consistent pre-V2 opposite-side territory witnesses on the same local biome transition; two shifted contexts agree; cumulative topology preserved
1183,662,47744,-8704,47872,-8576,0/0/99/255,0/0/130/255,T099,T130,S0227,mistyMountainsFoothills,consistent pre-V2 opposite-side territory witnesses on the same local biome transition; two shifted contexts agree; cumulative topology preserved
1184,662,47872,-8704,48000,-8576,0/0/99/255,0/0/130/255,T099,T130,S0227,mistyMountainsFoothills,consistent pre-V2 opposite-side territory witnesses on the same local biome transition; two shifted contexts agree; cumulative topology preserved
767,663,-5504,-8576,-5376,-8448,0/0/90/255,0/0/112/255,T090,T112,S0228,eriador,consistent pre-V2 opposite-side territory witnesses on the same local biome transition; two shifted contexts agree; cumulative topology preserved
2083,664,162944,-8448,163072,-8320,0/0/77/255,0/0/124/255,T077,T124,S0229,rhun,consistent pre-V2 opposite-side territory witnesses on the same local biome transition; two shifted contexts agree; cumulative topology preserved
2062,665,160256,-8320,160384,-8192,0/0/77/255,0/0/124/255,T077,T124,S0230,rhun,consistent pre-V2 opposite-side territory witnesses on the same local biome transition; two shifted contexts agree; cumulative topology preserved
2063,665,160384,-8320,160512,-8192,0/0/77/255,0/0/124/255,T077,T124,S0230,rhun,consistent pre-V2 opposite-side territory witnesses on the same local biome transition; two shifted contexts agree; cumulative topology preserved
2064,665,160512,-8320,160640,-8192,0/0/77/255,0/0/124/255,T077,T124,S0230,rhun,consistent pre-V2 opposite-side territory witnesses on the same local biome transition; two shifted contexts agree; cumulative topology preserved
2072,665,161536,-8320,161664,-8192,0/0/124/255,0/0/77/255,T124,T077,S0231,taiga,consistent pre-V2 opposite-side territory witnesses on the same local biome transition; two shifted contexts agree; cumulative topology preserved
2073,665,161664,-8320,161792,-8192,0/0/124/255,0/0/77/255,T124,T077,S0231,taiga,consistent pre-V2 opposite-side territory witnesses on the same local biome transition; two shifted contexts agree; cumulative topology preserved
2074,665,161792,-8320,161920,-8192,0/0/124/255,0/0/77/255,T124,T077,S0231,taiga,consistent pre-V2 opposite-side territory witnesses on the same local biome transition; two shifted contexts agree; cumulative topology preserved
2075,665,161920,-8320,162048,-8192,0/0/124/255,0/0/77/255,T124,T077,S0231,taiga,consistent pre-V2 opposite-side territory witnesses on the same local biome transition; two shifted contexts agree; cumulative topology preserved
2076,665,162048,-8320,162176,-8192,0/0/124/255,0/0/77/255,T124,T077,S0231,taiga,consistent pre-V2 opposite-side territory witnesses on the same local biome transition; two shifted contexts agree; cumulative topology preserved
2077,665,162176,-8320,162304,-8192,0/0/124/255,0/0/77/255,T124,T077,S0231,taiga,consistent pre-V2 opposite-side territory witnesses on the same local biome transition; two shifted contexts agree; cumulative topology preserved
2078,665,162304,-8320,162432,-8192,0/0/124/255,0/0/77/255,T124,T077,S0231,taiga,consistent pre-V2 opposite-side territory witnesses on the same local biome transition; two shifted contexts agree; cumulative topology preserved
2079,665,162432,-8320,162560,-8192,0/0/124/255,0/0/77/255,T124,T077,S0231,taiga,consistent pre-V2 opposite-side territory witnesses on the same local biome transition; two shifted contexts agree; cumulative topology preserved
1181,668,47488,-7936,47616,-7808,0/0/130/255,0/0/123/255,T130,T123,S0232,loneLands,consistent pre-V2 opposite-side territory witnesses on the same local biome transition; two shifted contexts agree; cumulative topology preserved
765,669,-5760,-7808,-5632,-7680,0/0/90/255,0/0/112/255,T090,T112,S0233,eriador,consistent pre-V2 opposite-side territory witnesses on the same local biome transition; two shifted contexts agree; cumulative topology preserved
765,670,-5760,-7680,-5632,-7552,0/0/90/255,0/0/112/255,T090,T112,S0233,eriador,consistent pre-V2 opposite-side territory witnesses on the same local biome transition; two shifted contexts agree; cumulative topology preserved
765,671,-5760,-7552,-5632,-7424,0/0/90/255,0/0/112/255,T090,T112,S0233,eriador,consistent pre-V2 opposite-side territory witnesses on the same local biome transition; two shifted contexts agree; cumulative topology preserved
2054,671,159232,-7552,159360,-7424,0/0/77/255,0/0/124/255,T077,T124,S0234,rhun,consistent pre-V2 opposite-side territory witnesses on the same local biome transition; two shifted contexts agree; cumulative topology preserved
765,672,-5760,-7424,-5632,-7296,0/0/90/255,0/0/112/255,T090,T112,S0233,eriador,consistent pre-V2 opposite-side territory witnesses on the same local biome transition; two shifted contexts agree; cumulative topology preserved
2054,672,159232,-7424,159360,-7296,0/0/77/255,0/0/124/255,T077,T124,S0234,rhun,consistent pre-V2 opposite-side territory witnesses on the same local biome transition; two shifted contexts agree; cumulative topology preserved
764,673,-5888,-7296,-5760,-7168,0/0/112/255,0/0/90/255,T112,T090,S0233,eriadorDowns,consistent pre-V2 opposite-side territory witnesses on the same local biome transition; two shifted contexts agree; cumulative topology preserved
2054,673,159232,-7296,159360,-7168,0/0/77/255,0/0/124/255,T077,T124,S0234,rhun,consistent pre-V2 opposite-side territory witnesses on the same local biome transition; two shifted contexts agree; cumulative topology preserved
1185,675,48000,-7040,48128,-6912,0/0/130/255,0/0/123/255,T130,T123,S0235,loneLands,consistent pre-V2 opposite-side territory witnesses on the same local biome transition; two shifted contexts agree; cumulative topology preserved
1185,676,48000,-6912,48128,-6784,0/0/130/255,0/0/123/255,T130,T123,S0235,loneLands,consistent pre-V2 opposite-side territory witnesses on the same local biome transition; two shifted contexts agree; cumulative topology preserved
1185,677,48000,-6784,48128,-6656,0/0/130/255,0/0/123/255,T130,T123,S0235,loneLands,consistent pre-V2 opposite-side territory witnesses on the same local biome transition; two shifted contexts agree; cumulative topology preserved
762,678,-6144,-6656,-6016,-6528,0/0/90/255,0/0/112/255,T090,T112,S0236,eriador,consistent pre-V2 opposite-side territory witnesses on the same local biome transition; two shifted contexts agree; cumulative topology preserved
2046,680,158208,-6400,158336,-6272,0/0/77/255,0/0/124/255,T077,T124,S0237,rhun,consistent pre-V2 opposite-side territory witnesses on the same local biome transition; two shifted contexts agree; cumulative topology preserved
2004,681,152832,-6272,152960,-6144,0/0/77/255,0/0/124/255,T077,T124,S0238,rhun,consistent pre-V2 opposite-side territory witnesses on the same local biome transition; two shifted contexts agree; cumulative topology preserved
2043,681,157824,-6272,157952,-6144,0/0/77/255,0/0/124/255,T077,T124,S0239,rhun,consistent pre-V2 opposite-side territory witnesses on the same local biome transition; two shifted contexts agree; cumulative topology preserved
2038,682,157184,-6144,157312,-6016,0/0/124/255,0/0/77/255,T124,T077,S0240,taiga,consistent pre-V2 opposite-side territory witnesses on the same local biome transition; two shifted contexts agree; cumulative topology preserved
2034,683,156672,-6016,156800,-5888,0/0/77/255,0/0/124/255,T077,T124,S0241,rhun,consistent pre-V2 opposite-side territory witnesses on the same local biome transition; two shifted contexts agree; cumulative topology preserved
759,684,-6528,-5888,-6400,-5760,0/0/90/255,0/0/112/255,T090,T112,S0242,eriador,consistent pre-V2 opposite-side territory witnesses on the same local biome transition; two shifted contexts agree; cumulative topology preserved
1487,685,86656,-5760,86784,-5632,0/0/113/255,0/0/117/255,T113,T117,S0243,dale,consistent pre-V2 opposite-side territory witnesses on the same local biome transition; two shifted contexts agree; cumulative topology preserved
2007,685,153216,-5760,153344,-5632,0/0/77/255,0/0/124/255,T077,T124,S0244,rhun,consistent pre-V2 opposite-side territory witnesses on the same local biome transition; two shifted contexts agree; cumulative topology preserved
2030,685,156160,-5760,156288,-5632,0/0/124/255,0/0/77/255,T124,T077,S0245,taiga,consistent pre-V2 opposite-side territory witnesses on the same local biome transition; two shifted contexts agree; cumulative topology preserved
1486,686,86528,-5632,86656,-5504,0/0/113/255,0/0/117/255,T113,T117,S0243,dale,consistent pre-V2 opposite-side territory witnesses on the same local biome transition; two shifted contexts agree; cumulative topology preserved
2009,687,153472,-5504,153600,-5376,0/0/124/255,0/0/77/255,T124,T077,S0246,taiga,consistent pre-V2 opposite-side territory witnesses on the same local biome transition; two shifted contexts agree; cumulative topology preserved
2026,687,155648,-5504,155776,-5376,0/0/124/255,0/0/77/255,T124,T077,S0247,taiga,consistent pre-V2 opposite-side territory witnesses on the same local biome transition; two shifted contexts agree; cumulative topology preserved
1484,688,86272,-5376,86400,-5248,0/0/113/255,0/0/117/255,T113,T117,S0248,dale,consistent pre-V2 opposite-side territory witnesses on the same local biome transition; two shifted contexts agree; cumulative topology preserved
2011,688,153728,-5376,153856,-5248,0/0/77/255,0/0/124/255,T077,T124,S0249,rhun,consistent pre-V2 opposite-side territory witnesses on the same local biome transition; two shifted contexts agree; cumulative topology preserved
2012,688,153856,-5376,153984,-5248,0/0/77/255,0/0/124/255,T077,T124,S0249,rhun,consistent pre-V2 opposite-side territory witnesses on the same local biome transition; two shifted contexts agree; cumulative topology preserved
2013,688,153984,-5376,154112,-5248,0/0/77/255,0/0/124/255,T077,T124,S0249,rhun,consistent pre-V2 opposite-side territory witnesses on the same local biome transition; two shifted contexts agree; cumulative topology preserved
2016,689,154368,-5248,154496,-5120,0/0/124/255,0/0/77/255,T124,T077,S0250,taiga,consistent pre-V2 opposite-side territory witnesses on the same local biome transition; two shifted contexts agree; cumulative topology preserved
2017,689,154496,-5248,154624,-5120,0/0/124/255,0/0/77/255,T124,T077,S0250,taiga,consistent pre-V2 opposite-side territory witnesses on the same local biome transition; two shifted contexts agree; cumulative topology preserved
2018,689,154624,-5248,154752,-5120,0/0/124/255,0/0/77/255,T124,T077,S0250,taiga,consistent pre-V2 opposite-side territory witnesses on the same local biome transition; two shifted contexts agree; cumulative topology preserved
2019,689,154752,-5248,154880,-5120,0/0/124/255,0/0/77/255,T124,T077,S0250,taiga,consistent pre-V2 opposite-side territory witnesses on the same local biome transition; two shifted contexts agree; cumulative topology preserved
2020,689,154880,-5248,155008,-5120,0/0/124/255,0/0/77/255,T124,T077,S0250,taiga,consistent pre-V2 opposite-side territory witnesses on the same local biome transition; two shifted contexts agree; cumulative topology preserved
2021,689,155008,-5248,155136,-5120,0/0/124/255,0/0/77/255,T124,T077,S0250,taiga,consistent pre-V2 opposite-side territory witnesses on the same local biome transition; two shifted contexts agree; cumulative topology preserved
2022,689,155136,-5248,155264,-5120,0/0/124/255,0/0/77/255,T124,T077,S0250,taiga,consistent pre-V2 opposite-side territory witnesses on the same local biome transition; two shifted contexts agree; cumulative topology preserved
923,708,14464,-2816,14592,-2688,0/0/116/255,0/0/144/255,T116,T144,S0252,chetwood,consistent pre-V2 opposite-side territory witnesses on the same local biome transition; two shifted contexts agree; cumulative topology preserved
924,708,14592,-2816,14720,-2688,0/0/116/255,0/0/144/255,T116,T144,S0252,chetwood,consistent pre-V2 opposite-side territory witnesses on the same local biome transition; two shifted contexts agree; cumulative topology preserved
927,708,14976,-2816,15104,-2688,0/0/116/255,0/0/144/255,T116,T144,S0253,chetwood,consistent pre-V2 opposite-side territory witnesses on the same local biome transition; two shifted contexts agree; cumulative topology preserved
928,708,15104,-2816,15232,-2688,0/0/116/255,0/0/144/255,T116,T144,S0253,chetwood,consistent pre-V2 opposite-side territory witnesses on the same local biome transition; two shifted contexts agree; cumulative topology preserved
929,708,15232,-2816,15360,-2688,0/0/116/255,0/0/144/255,T116,T144,S0253,chetwood,consistent pre-V2 opposite-side territory witnesses on the same local biome transition; two shifted contexts agree; cumulative topology preserved
930,708,15360,-2816,15488,-2688,0/0/116/255,0/0/144/255,T116,T144,S0253,chetwood,consistent pre-V2 opposite-side territory witnesses on the same local biome transition; two shifted contexts agree; cumulative topology preserved
931,708,15488,-2816,15616,-2688,0/0/116/255,0/0/144/255,T116,T144,S0253,chetwood,consistent pre-V2 opposite-side territory witnesses on the same local biome transition; two shifted contexts agree; cumulative topology preserved
932,708,15616,-2816,15744,-2688,0/0/116/255,0/0/144/255,T116,T144,S0253,chetwood,consistent pre-V2 opposite-side territory witnesses on the same local biome transition; two shifted contexts agree; cumulative topology preserved
933,708,15744,-2816,15872,-2688,0/0/116/255,0/0/144/255,T116,T144,S0253,chetwood,consistent pre-V2 opposite-side territory witnesses on the same local biome transition; two shifted contexts agree; cumulative topology preserved
934,708,15872,-2816,16000,-2688,0/0/116/255,0/0/144/255,T116,T144,S0253,chetwood,consistent pre-V2 opposite-side territory witnesses on the same local biome transition; two shifted contexts agree; cumulative topology preserved
935,708,16000,-2816,16128,-2688,0/0/116/255,0/0/144/255,T116,T144,S0253,chetwood,consistent pre-V2 opposite-side territory witnesses on the same local biome transition; two shifted contexts agree; cumulative topology preserved
947,722,17536,-1024,17664,-896,0/0/149/255,0/0/171/255,T149,T171,S0255,breeland,consistent pre-V2 opposite-side territory witnesses on the same local biome transition; two shifted contexts agree; cumulative topology preserved
947,723,17536,-896,17664,-768,0/0/149/255,0/0/171/255,T149,T171,S0255,breeland,consistent pre-V2 opposite-side territory witnesses on the same local biome transition; two shifted contexts agree; cumulative topology preserved
947,724,17536,-768,17664,-640,0/0/149/255,0/0/171/255,T149,T171,S0255,breeland,consistent pre-V2 opposite-side territory witnesses on the same local biome transition; two shifted contexts agree; cumulative topology preserved
947,729,17536,-128,17664,0,0/0/149/255,0/0/171/255,T149,T171,S0256,breeland,consistent pre-V2 opposite-side territory witnesses on the same local biome transition; two shifted contexts agree; cumulative topology preserved
948,731,17664,128,17792,256,0/0/149/255,0/0/171/255,T149,T171,S0257,breeland,consistent pre-V2 opposite-side territory witnesses on the same local biome transition; two shifted contexts agree; cumulative topology preserved
949,734,17792,512,17920,640,0/0/171/255,0/0/149/255,T171,T149,S0258,midgewater,consistent pre-V2 opposite-side territory witnesses on the same local biome transition; two shifted contexts agree; cumulative topology preserved
956,742,18688,1536,18816,1664,0/0/171/255,0/0/132/255,T171,T132,S0259,loneLands,consistent pre-V2 opposite-side territory witnesses on the same local biome transition; two shifted contexts agree; cumulative topology preserved
761,747,-6272,2176,-6144,2304,0/0/176/255,0/0/180/255,T176,T180,S0260,shire,consistent pre-V2 opposite-side territory witnesses on the same local biome transition; two shifted contexts agree; cumulative topology preserved
762,750,-6144,2560,-6016,2688,0/0/176/255,0/0/180/255,T176,T180,S0261,shire,consistent pre-V2 opposite-side territory witnesses on the same local biome transition; two shifted contexts agree; cumulative topology preserved
762,751,-6144,2688,-6016,2816,0/0/176/255,0/0/180/255,T176,T180,S0261,shire,consistent pre-V2 opposite-side territory witnesses on the same local biome transition; two shifted contexts agree; cumulative topology preserved
890,751,10240,2688,10368,2816,0/0/183/255,0/0/186/255,T183,T186,S0262,barrowDowns,consistent pre-V2 opposite-side territory witnesses on the same local biome transition; two shifted contexts agree; cumulative topology preserved
956,751,18688,2688,18816,2816,0/0/171/255,0/0/132/255,T171,T132,S0263,loneLands,consistent pre-V2 opposite-side territory witnesses on the same local biome transition; two shifted contexts agree; cumulative topology preserved
762,752,-6144,2816,-6016,2944,0/0/176/255,0/0/180/255,T176,T180,S0261,shire,consistent pre-V2 opposite-side territory witnesses on the same local biome transition; two shifted contexts agree; cumulative topology preserved
763,754,-6016,3072,-5888,3200,0/0/176/255,0/0/180/255,T176,T180,S0264,shire,consistent pre-V2 opposite-side territory witnesses on the same local biome transition; two shifted contexts agree; cumulative topology preserved
764,756,-5888,3328,-5760,3456,0/0/176/255,0/0/180/255,T176,T180,S0265,shire,consistent pre-V2 opposite-side territory witnesses on the same local biome transition; two shifted contexts agree; cumulative topology preserved
888,756,9984,3328,10112,3456,0/0/183/255,0/0/186/255,T183,T186,S0266,barrowDowns,consistent pre-V2 opposite-side territory witnesses on the same local biome transition; two shifted contexts agree; cumulative topology preserved
764,757,-5888,3456,-5760,3584,0/0/176/255,0/0/180/255,T176,T180,S0265,shire,consistent pre-V2 opposite-side territory witnesses on the same local biome transition; two shifted contexts agree; cumulative topology preserved
765,758,-5760,3584,-5632,3712,0/0/176/255,0/0/180/255,T176,T180,S0265,shire,consistent pre-V2 opposite-side territory witnesses on the same local biome transition; two shifted contexts agree; cumulative topology preserved
960,758,19200,3584,19328,3712,0/0/187/255,0/0/132/255,T187,T132,S0267,loneLands,consistent pre-V2 opposite-side territory witnesses on the same local biome transition; two shifted contexts agree; cumulative topology preserved
975,759,21120,3712,21248,3840,0/0/187/255,0/0/132/255,T187,T132,S0268,loneLands,consistent pre-V2 opposite-side territory witnesses on the same local biome transition; two shifted contexts agree; cumulative topology preserved
976,759,21248,3712,21376,3840,0/0/187/255,0/0/132/255,T187,T132,S0268,loneLands,consistent pre-V2 opposite-side territory witnesses on the same local biome transition; two shifted contexts agree; cumulative topology preserved
977,759,21376,3712,21504,3840,0/0/187/255,0/0/132/255,T187,T132,S0268,loneLands,consistent pre-V2 opposite-side territory witnesses on the same local biome transition; two shifted contexts agree; cumulative topology preserved
978,759,21504,3712,21632,3840,0/0/187/255,0/0/132/255,T187,T132,S0268,loneLands,consistent pre-V2 opposite-side territory witnesses on the same local biome transition; two shifted contexts agree; cumulative topology preserved
979,759,21632,3712,21760,3840,0/0/187/255,0/0/132/255,T187,T132,S0268,loneLands,consistent pre-V2 opposite-side territory witnesses on the same local biome transition; two shifted contexts agree; cumulative topology preserved
1335,760,67200,3840,67328,3968,0/0/190/255,0/0/197/255,T190,T197,S0269,anduinVale,consistent pre-V2 opposite-side territory witnesses on the same local biome transition; two shifted contexts agree; cumulative topology preserved
1335,761,67200,3968,67328,4096,0/0/190/255,0/0/197/255,T190,T197,S0269,anduinVale,consistent pre-V2 opposite-side territory witnesses on the same local biome transition; two shifted contexts agree; cumulative topology preserved
1336,762,67328,4096,67456,4224,0/0/190/255,0/0/197/255,T190,T197,S0269,anduinVale,consistent pre-V2 opposite-side territory witnesses on the same local biome transition; two shifted contexts agree; cumulative topology preserved
1337,764,67456,4352,67584,4480,0/0/190/255,0/0/197/255,T190,T197,S0270,anduinVale,consistent pre-V2 opposite-side territory witnesses on the same local biome transition; two shifted contexts agree; cumulative topology preserved
1338,765,67584,4480,67712,4608,0/0/190/255,0/0/197/255,T190,T197,S0270,anduinVale,consistent pre-V2 opposite-side territory witnesses on the same local biome transition; two shifted contexts agree; cumulative topology preserved
1339,769,67712,4992,67840,5120,0/0/190/255,0/0/197/255,T190,T197,S0271,anduinVale,consistent pre-V2 opposite-side territory witnesses on the same local biome transition; two shifted contexts agree; cumulative topology preserved
1340,771,67840,5248,67968,5376,0/0/190/255,0/0/197/255,T190,T197,S0272,anduinVale,consistent pre-V2 opposite-side territory witnesses on the same local biome transition; two shifted contexts agree; cumulative topology preserved
981,773,21888,5504,22016,5632,0/0/187/255,0/0/200/255,T187,T200,S0273,loneLands,consistent pre-V2 opposite-side territory witnesses on the same local biome transition; two shifted contexts agree; cumulative topology preserved
1341,773,67968,5504,68096,5632,0/0/190/255,0/0/197/255,T190,T197,S0274,anduinVale,consistent pre-V2 opposite-side territory witnesses on the same local biome transition; two shifted contexts agree; cumulative topology preserved
979,774,21632,5632,21760,5760,0/0/187/255,0/0/200/255,T187,T200,S0275,loneLands,consistent pre-V2 opposite-side territory witnesses on the same local biome transition; two shifted contexts agree; cumulative topology preserved
1341,774,67968,5632,68096,5760,0/0/190/255,0/0/197/255,T190,T197,S0274,anduinVale,consistent pre-V2 opposite-side territory witnesses on the same local biome transition; two shifted contexts agree; cumulative topology preserved
976,775,21248,5760,21376,5888,0/0/187/255,0/0/200/255,T187,T200,S0276,loneLands,consistent pre-V2 opposite-side territory witnesses on the same local biome transition; two shifted contexts agree; cumulative topology preserved
977,775,21376,5760,21504,5888,0/0/187/255,0/0/200/255,T187,T200,S0276,loneLands,consistent pre-V2 opposite-side territory witnesses on the same local biome transition; two shifted contexts agree; cumulative topology preserved
1341,775,67968,5760,68096,5888,0/0/190/255,0/0/197/255,T190,T197,S0274,anduinVale,consistent pre-V2 opposite-side territory witnesses on the same local biome transition; two shifted contexts agree; cumulative topology preserved
972,776,20736,5888,20864,6016,0/0/187/255,0/0/200/255,T187,T200,S0276,loneLands,consistent pre-V2 opposite-side territory witnesses on the same local biome transition; two shifted contexts agree; cumulative topology preserved
973,776,20864,5888,20992,6016,0/0/187/255,0/0/200/255,T187,T200,S0276,loneLands,consistent pre-V2 opposite-side territory witnesses on the same local biome transition; two shifted contexts agree; cumulative topology preserved
974,776,20992,5888,21120,6016,0/0/187/255,0/0/200/255,T187,T200,S0276,loneLands,consistent pre-V2 opposite-side territory witnesses on the same local biome transition; two shifted contexts agree; cumulative topology preserved
975,776,21120,5888,21248,6016,0/0/187/255,0/0/200/255,T187,T200,S0276,loneLands,consistent pre-V2 opposite-side territory witnesses on the same local biome transition; two shifted contexts agree; cumulative topology preserved
1342,776,68096,5888,68224,6016,0/0/190/255,0/0/197/255,T190,T197,S0274,anduinVale,consistent pre-V2 opposite-side territory witnesses on the same local biome transition; two shifted contexts agree; cumulative topology preserved
968,777,20224,6016,20352,6144,0/0/187/255,0/0/200/255,T187,T200,S0277,loneLands,consistent pre-V2 opposite-side territory witnesses on the same local biome transition; two shifted contexts agree; cumulative topology preserved
963,778,19584,6144,19712,6272,0/0/187/255,0/0/200/255,T187,T200,S0278,loneLands,consistent pre-V2 opposite-side territory witnesses on the same local biome transition; two shifted contexts agree; cumulative topology preserved
1343,783,68224,6784,68352,6912,0/0/190/255,0/0/197/255,T190,T197,S0279,anduinVale,consistent pre-V2 opposite-side territory witnesses on the same local biome transition; two shifted contexts agree; cumulative topology preserved
1464,785,83712,7040,83840,7168,0/0/194/255,0/0/193/255,T194,T193,S0280,wilderland,consistent pre-V2 opposite-side territory witnesses on the same local biome transition; two shifted contexts agree; cumulative topology preserved
1465,787,83840,7296,83968,7424,0/0/194/255,0/0/193/255,T194,T193,S0281,wilderland,consistent pre-V2 opposite-side territory witnesses on the same local biome transition; two shifted contexts agree; cumulative topology preserved
1466,788,83968,7424,84096,7552,0/0/194/255,0/0/193/255,T194,T193,S0281,wilderland,consistent pre-V2 opposite-side territory witnesses on the same local biome transition; two shifted contexts agree; cumulative topology preserved
1467,789,84096,7552,84224,7680,0/0/194/255,0/0/193/255,T194,T193,S0281,wilderland,consistent pre-V2 opposite-side territory witnesses on the same local biome transition; two shifted contexts agree; cumulative topology preserved
1468,791,84224,7808,84352,7936,0/0/194/255,0/0/193/255,T194,T193,S0282,wilderland,consistent pre-V2 opposite-side territory witnesses on the same local biome transition; two shifted contexts agree; cumulative topology preserved
1469,794,84352,8192,84480,8320,0/0/194/255,0/0/193/255,T194,T193,S0283,wilderland,consistent pre-V2 opposite-side territory witnesses on the same local biome transition; two shifted contexts agree; cumulative topology preserved
864,805,6912,9600,7040,9728,0/0/196/255,0/0/205/255,T196,T205,S0284,eriador,consistent pre-V2 opposite-side territory witnesses on the same local biome transition; two shifted contexts agree; cumulative topology preserved
1466,805,83968,9600,84096,9728,0/0/194/255,0/0/211/255,T194,T211,S0285,eastBight,consistent pre-V2 opposite-side territory witnesses on the same local biome transition; two shifted contexts agree; cumulative topology preserved
1464,806,83712,9728,83840,9856,0/0/194/255,0/0/211/255,T194,T211,S0286,eastBight,consistent pre-V2 opposite-side territory witnesses on the same local biome transition; two shifted contexts agree; cumulative topology preserved
1748,807,120064,9856,120192,9984,0/0/209/255,0/0/198/255,T209,T198,S0287,rhun,consistent pre-V2 opposite-side territory witnesses on the same local biome transition; two shifted contexts agree; cumulative topology preserved
1749,807,120192,9856,120320,9984,0/0/209/255,0/0/198/255,T209,T198,S0287,rhun,consistent pre-V2 opposite-side territory witnesses on the same local biome transition; two shifted contexts agree; cumulative topology preserved
1750,807,120320,9856,120448,9984,0/0/209/255,0/0/198/255,T209,T198,S0287,rhun,consistent pre-V2 opposite-side territory witnesses on the same local biome transition; two shifted contexts agree; cumulative topology preserved
1751,807,120448,9856,120576,9984,0/0/209/255,0/0/198/255,T209,T198,S0287,rhun,consistent pre-V2 opposite-side territory witnesses on the same local biome transition; two shifted contexts agree; cumulative topology preserved
1740,809,119040,10112,119168,10240,0/0/209/255,0/0/198/255,T209,T198,S0288,rhun,consistent pre-V2 opposite-side territory witnesses on the same local biome transition; two shifted contexts agree; cumulative topology preserved
1741,809,119168,10112,119296,10240,0/0/209/255,0/0/198/255,T209,T198,S0288,rhun,consistent pre-V2 opposite-side territory witnesses on the same local biome transition; two shifted contexts agree; cumulative topology preserved
1742,809,119296,10112,119424,10240,0/0/209/255,0/0/198/255,T209,T198,S0288,rhun,consistent pre-V2 opposite-side territory witnesses on the same local biome transition; two shifted contexts agree; cumulative topology preserved
2061,810,160128,10240,160256,10368,0/0/224/255,0/0/214/255,T224,T214,S0289,rhunLandSteppe,consistent pre-V2 opposite-side territory witnesses on the same local biome transition; two shifted contexts agree; cumulative topology preserved
2060,812,160000,10496,160128,10624,0/0/214/255,0/0/224/255,T214,T224,S0290,rhun,consistent pre-V2 opposite-side territory witnesses on the same local biome transition; two shifted contexts agree; cumulative topology preserved
2060,813,160000,10624,160128,10752,0/0/214/255,0/0/224/255,T214,T224,S0290,rhun,consistent pre-V2 opposite-side territory witnesses on the same local biome transition; two shifted contexts agree; cumulative topology preserved
1724,814,116992,10752,117120,10880,0/0/209/255,0/0/198/255,T209,T198,S0291,rhun,consistent pre-V2 opposite-side territory witnesses on the same local biome transition; two shifted contexts agree; cumulative topology preserved
2059,815,159872,10880,160000,11008,0/0/224/255,0/0/214/255,T224,T214,S0292,rhunLandSteppe,consistent pre-V2 opposite-side territory witnesses on the same local biome transition; two shifted contexts agree; cumulative topology preserved
1720,816,116480,11008,116608,11136,0/0/209/255,0/0/198/255,T209,T198,S0293,rhun,consistent pre-V2 opposite-side territory witnesses on the same local biome transition; two shifted contexts agree; cumulative topology preserved
1716,817,115968,11136,116096,11264,0/0/209/255,0/0/198/255,T209,T198,S0294,rhun,consistent pre-V2 opposite-side territory witnesses on the same local biome transition; two shifted contexts agree; cumulative topology preserved
2058,817,159744,11136,159872,11264,0/0/224/255,0/0/214/255,T224,T214,S0295,rhunLandSteppe,consistent pre-V2 opposite-side territory witnesses on the same local biome transition; two shifted contexts agree; cumulative topology preserved
1842,818,132096,11264,132224,11392,0/0/215/255,0/0/201/255,T215,T201,S0296,rhun,consistent pre-V2 opposite-side territory witnesses on the same local biome transition; two shifted contexts agree; cumulative topology preserved
2056,818,159488,11264,159616,11392,0/0/224/255,0/0/214/255,T224,T214,S0295,rhunLandSteppe,consistent pre-V2 opposite-side territory witnesses on the same local biome transition; two shifted contexts agree; cumulative topology preserved
2057,818,159616,11264,159744,11392,0/0/224/255,0/0/214/255,T224,T214,S0295,rhunLandSteppe,consistent pre-V2 opposite-side territory witnesses on the same local biome transition; two shifted contexts agree; cumulative topology preserved
1841,819,131968,11392,132096,11520,0/0/215/255,0/0/201/255,T215,T201,S0296,rhun,consistent pre-V2 opposite-side territory witnesses on the same local biome transition; two shifted contexts agree; cumulative topology preserved
2051,819,158848,11392,158976,11520,0/0/224/255,0/0/214/255,T224,T214,S0297,rhunLandSteppe,consistent pre-V2 opposite-side territory witnesses on the same local biome transition; two shifted contexts agree; cumulative topology preserved
2052,819,158976,11392,159104,11520,0/0/224/255,0/0/214/255,T224,T214,S0297,rhunLandSteppe,consistent pre-V2 opposite-side territory witnesses on the same local biome transition; two shifted contexts agree; cumulative topology preserved
1840,820,131840,11520,131968,11648,0/0/215/255,0/0/201/255,T215,T201,S0296,rhun,consistent pre-V2 opposite-side territory witnesses on the same local biome transition; two shifted contexts agree; cumulative topology preserved
1705,821,114560,11648,114688,11776,0/0/209/255,0/0/198/255,T209,T198,S0298,rhun,consistent pre-V2 opposite-side territory witnesses on the same local biome transition; two shifted contexts agree; cumulative topology preserved
1706,821,114688,11648,114816,11776,0/0/209/255,0/0/198/255,T209,T198,S0298,rhun,consistent pre-V2 opposite-side territory witnesses on the same local biome transition; two shifted contexts agree; cumulative topology preserved
2048,821,158464,11648,158592,11776,0/0/224/255,0/0/214/255,T224,T214,S0299,rhunLandSteppe,consistent pre-V2 opposite-side territory witnesses on the same local biome transition; two shifted contexts agree; cumulative topology preserved
1902,822,139776,11776,139904,11904,0/0/213/255,0/0/225/255,T213,T225,S0300,rhunRedForest,consistent pre-V2 opposite-side territory witnesses on the same local biome transition; two shifted contexts agree; cumulative topology preserved
1472,824,84736,12032,84864,12160,0/0/211/255,0/0/242/255,T211,T242,S0301,wilderland,consistent pre-V2 opposite-side territory witnesses on the same local biome transition; two shifted contexts agree; cumulative topology preserved
1472,825,84736,12160,84864,12288,0/0/211/255,0/0/242/255,T211,T242,S0301,wilderland,consistent pre-V2 opposite-side territory witnesses on the same local biome transition; two shifted contexts agree; cumulative topology preserved
2042,825,157696,12160,157824,12288,0/0/224/255,0/0/214/255,T224,T214,S0302,rhunLandSteppe,consistent pre-V2 opposite-side territory witnesses on the same local biome transition; two shifted contexts agree; cumulative topology preserved
1472,826,84736,12288,84864,12416,0/0/211/255,0/0/242/255,T211,T242,S0301,wilderland,consistent pre-V2 opposite-side territory witnesses on the same local biome transition; two shifted contexts agree; cumulative topology preserved
2041,826,157568,12288,157696,12416,0/0/224/255,0/0/214/255,T224,T214,S0302,rhunLandSteppe,consistent pre-V2 opposite-side territory witnesses on the same local biome transition; two shifted contexts agree; cumulative topology preserved
2039,827,157312,12416,157440,12544,0/0/224/255,0/0/214/255,T224,T214,S0303,rhunLandSteppe,consistent pre-V2 opposite-side territory witnesses on the same local biome transition; two shifted contexts agree; cumulative topology preserved
1473,829,84864,12672,84992,12800,0/0/211/255,0/0/242/255,T211,T242,S0304,wilderland,consistent pre-V2 opposite-side territory witnesses on the same local biome transition; two shifted contexts agree; cumulative topology preserved
1800,830,126720,12800,126848,12928,0/0/216/255,0/0/201/255,T216,T201,S0305,rhun,consistent pre-V2 opposite-side territory witnesses on the same local biome transition; two shifted contexts agree; cumulative topology preserved
2028,830,155904,12800,156032,12928,0/0/224/255,0/0/214/255,T224,T214,S0306,rhunLandSteppe,consistent pre-V2 opposite-side territory witnesses on the same local biome transition; two shifted contexts agree; cumulative topology preserved
2029,830,156032,12800,156160,12928,0/0/224/255,0/0/214/255,T224,T214,S0306,rhunLandSteppe,consistent pre-V2 opposite-side territory witnesses on the same local biome transition; two shifted contexts agree; cumulative topology preserved
2030,830,156160,12800,156288,12928,0/0/224/255,0/0/214/255,T224,T214,S0306,rhunLandSteppe,consistent pre-V2 opposite-side territory witnesses on the same local biome transition; two shifted contexts agree; cumulative topology preserved
1800,831,126720,12928,126848,13056,0/0/216/255,0/0/201/255,T216,T201,S0305,rhun,consistent pre-V2 opposite-side territory witnesses on the same local biome transition; two shifted contexts agree; cumulative topology preserved
2027,831,155776,12928,155904,13056,0/0/224/255,0/0/214/255,T224,T214,S0306,rhunLandSteppe,consistent pre-V2 opposite-side territory witnesses on the same local biome transition; two shifted contexts agree; cumulative topology preserved
2026,832,155648,13056,155776,13184,0/0/224/255,0/0/214/255,T224,T214,S0306,rhunLandSteppe,consistent pre-V2 opposite-side territory witnesses on the same local biome transition; two shifted contexts agree; cumulative topology preserved
1475,833,85120,13184,85248,13312,0/0/242/255,0/0/211/255,T242,T211,S0307,eastBight,consistent pre-V2 opposite-side territory witnesses on the same local biome transition; two shifted contexts agree; cumulative topology preserved
2022,834,155136,13312,155264,13440,0/0/224/255,0/0/214/255,T224,T214,S0308,rhunLandSteppe,consistent pre-V2 opposite-side territory witnesses on the same local biome transition; two shifted contexts agree; cumulative topology preserved
1476,835,85248,13440,85376,13568,0/0/211/255,0/0/242/255,T211,T242,S0309,wilderland,consistent pre-V2 opposite-side territory witnesses on the same local biome transition; two shifted contexts agree; cumulative topology preserved
1802,835,126976,13440,127104,13568,0/0/216/255,0/0/201/255,T216,T201,S0310,rhun,consistent pre-V2 opposite-side territory witnesses on the same local biome transition; two shifted contexts agree; cumulative topology preserved
2020,835,154880,13440,155008,13568,0/0/224/255,0/0/214/255,T224,T214,S0311,rhunLandSteppe,consistent pre-V2 opposite-side territory witnesses on the same local biome transition; two shifted contexts agree; cumulative topology preserved
1112,836,38656,13568,38784,13696,0/0/218/255,0/0/217/255,T218,T217,S0312,loneLands,consistent pre-V2 opposite-side territory witnesses on the same local biome transition; two shifted contexts agree; cumulative topology preserved
2019,836,154752,13568,154880,13696,0/0/224/255,0/0/214/255,T224,T214,S0311,rhunLandSteppe,consistent pre-V2 opposite-side territory witnesses on the same local biome transition; two shifted contexts agree; cumulative topology preserved
1108,837,38144,13696,38272,13824,0/0/218/255,0/0/217/255,T218,T217,S0313,loneLands,consistent pre-V2 opposite-side territory witnesses on the same local biome transition; two shifted contexts agree; cumulative topology preserved
1109,837,38272,13696,38400,13824,0/0/218/255,0/0/217/255,T218,T217,S0313,loneLands,consistent pre-V2 opposite-side territory witnesses on the same local biome transition; two shifted contexts agree; cumulative topology preserved
1110,837,38400,13696,38528,13824,0/0/218/255,0/0/217/255,T218,T217,S0313,loneLands,consistent pre-V2 opposite-side territory witnesses on the same local biome transition; two shifted contexts agree; cumulative topology preserved
1477,837,85376,13696,85504,13824,0/0/211/255,0/0/242/255,T211,T242,S0314,wilderland,consistent pre-V2 opposite-side territory witnesses on the same local biome transition; two shifted contexts agree; cumulative topology preserved
2017,837,154496,13696,154624,13824,0/0/224/255,0/0/214/255,T224,T214,S0311,rhunLandSteppe,consistent pre-V2 opposite-side territory witnesses on the same local biome transition; two shifted contexts agree; cumulative topology preserved
2018,837,154624,13696,154752,13824,0/0/224/255,0/0/214/255,T224,T214,S0311,rhunLandSteppe,consistent pre-V2 opposite-side territory witnesses on the same local biome transition; two shifted contexts agree; cumulative topology preserved
1478,838,85504,13824,85632,13952,0/0/211/255,0/0/242/255,T211,T242,S0314,wilderland,consistent pre-V2 opposite-side territory witnesses on the same local biome transition; two shifted contexts agree; cumulative topology preserved
1804,838,127232,13824,127360,13952,0/0/216/255,0/0/201/255,T216,T201,S0315,rhun,consistent pre-V2 opposite-side territory witnesses on the same local biome transition; two shifted contexts agree; cumulative topology preserved
1825,838,129920,13824,130048,13952,0/0/215/255,0/0/201/255,T215,T201,S0316,rhun,consistent pre-V2 opposite-side territory witnesses on the same local biome transition; two shifted contexts agree; cumulative topology preserved
2016,838,154368,13824,154496,13952,0/0/224/255,0/0/214/255,T224,T214,S0311,rhunLandSteppe,consistent pre-V2 opposite-side territory witnesses on the same local biome transition; two shifted contexts agree; cumulative topology preserved
1478,839,85504,13952,85632,14080,0/0/211/255,0/0/242/255,T211,T242,S0314,wilderland,consistent pre-V2 opposite-side territory witnesses on the same local biome transition; two shifted contexts agree; cumulative topology preserved
1805,839,127360,13952,127488,14080,0/0/216/255,0/0/201/255,T216,T201,S0315,rhun,consistent pre-V2 opposite-side territory witnesses on the same local biome transition; two shifted contexts agree; cumulative topology preserved
2014,839,154112,13952,154240,14080,0/0/224/255,0/0/214/255,T224,T214,S0317,rhunLandSteppe,consistent pre-V2 opposite-side territory witnesses on the same local biome transition; two shifted contexts agree; cumulative topology preserved
1686,840,112128,14080,112256,14208,0/0/226/255,0/0/241/255,T226,T241,S0318,wilderland,consistent pre-V2 opposite-side territory witnesses on the same local biome transition; two shifted contexts agree; cumulative topology preserved
2013,840,153984,14080,154112,14208,0/0/224/255,0/0/214/255,T224,T214,S0317,rhunLandSteppe,consistent pre-V2 opposite-side territory witnesses on the same local biome transition; two shifted contexts agree; cumulative topology preserved
1099,841,36992,14208,37120,14336,0/0/218/255,0/0/217/255,T218,T217,S0319,loneLands,consistent pre-V2 opposite-side territory witnesses on the same local biome transition; two shifted contexts agree; cumulative topology preserved
1808,841,127744,14208,127872,14336,0/0/216/255,0/0/201/255,T216,T201,S0320,rhun,consistent pre-V2 opposite-side territory witnesses on the same local biome transition; two shifted contexts agree; cumulative topology preserved
1690,842,112640,14336,112768,14464,0/0/226/255,0/0/241/255,T226,T241,S0322,wilderland,consistent pre-V2 opposite-side territory witnesses on the same local biome transition; two shifted contexts agree; cumulative topology preserved
2012,842,153856,14336,153984,14464,0/0/224/255,0/0/214/255,T224,T214,S0323,rhunLandSteppe,consistent pre-V2 opposite-side territory witnesses on the same local biome transition; two shifted contexts agree; cumulative topology preserved
1692,843,112896,14464,113024,14592,0/0/226/255,0/0/241/255,T226,T241,S0324,wilderland,consistent pre-V2 opposite-side territory witnesses on the same local biome transition; two shifted contexts agree; cumulative topology preserved
1096,844,36608,14592,36736,14720,0/0/218/255,0/0/217/255,T218,T217,S0325,loneLands,consistent pre-V2 opposite-side territory witnesses on the same local biome transition; two shifted contexts agree; cumulative topology preserved
1693,844,113024,14592,113152,14720,0/0/226/255,0/0/241/255,T226,T241,S0324,wilderland,consistent pre-V2 opposite-side territory witnesses on the same local biome transition; two shifted contexts agree; cumulative topology preserved
1694,845,113152,14720,113280,14848,0/0/226/255,0/0/241/255,T226,T241,S0324,wilderland,consistent pre-V2 opposite-side territory witnesses on the same local biome transition; two shifted contexts agree; cumulative topology preserved
1819,845,129152,14720,129280,14848,0/0/216/255,0/0/201/255,T216,T201,S0326,rhun,consistent pre-V2 opposite-side territory witnesses on the same local biome transition; two shifted contexts agree; cumulative topology preserved
1820,845,129280,14720,129408,14848,0/0/216/255,0/0/201/255,T216,T201,S0326,rhun,consistent pre-V2 opposite-side territory witnesses on the same local biome transition; two shifted contexts agree; cumulative topology preserved
1821,845,129408,14720,129536,14848,0/0/216/255,0/0/201/255,T216,T201,S0326,rhun,consistent pre-V2 opposite-side territory witnesses on the same local biome transition; two shifted contexts agree; cumulative topology preserved
1095,846,36480,14848,36608,14976,0/0/218/255,0/0/217/255,T218,T217,S0327,loneLands,consistent pre-V2 opposite-side territory witnesses on the same local biome transition; two shifted contexts agree; cumulative topology preserved
1695,846,113280,14848,113408,14976,0/0/226/255,0/0/241/255,T226,T241,S0324,wilderland,consistent pre-V2 opposite-side territory witnesses on the same local biome transition; two shifted contexts agree; cumulative topology preserved
2013,846,153984,14848,154112,14976,0/0/224/255,0/0/214/255,T224,T214,S0328,rhunLandSteppe,consistent pre-V2 opposite-side territory witnesses on the same local biome transition; two shifted contexts agree; cumulative topology preserved
2013,847,153984,14976,154112,15104,0/0/224/255,0/0/214/255,T224,T214,S0328,rhunLandSteppe,consistent pre-V2 opposite-side territory witnesses on the same local biome transition; two shifted contexts agree; cumulative topology preserved
1094,848,36352,15104,36480,15232,0/0/218/255,0/0/217/255,T218,T217,S0329,loneLands,consistent pre-V2 opposite-side territory witnesses on the same local biome transition; two shifted contexts agree; cumulative topology preserved
1698,848,113664,15104,113792,15232,0/0/226/255,0/0/241/255,T226,T241,S0330,wilderland,consistent pre-V2 opposite-side territory witnesses on the same local biome transition; two shifted contexts agree; cumulative topology preserved
1826,848,130048,15104,130176,15232,0/0/216/255,0/0/215/255,T216,T215,S0331,rhunRedForest,consistent pre-V2 opposite-side territory witnesses on the same local biome transition; two shifted contexts agree; cumulative topology preserved
2012,848,153856,15104,153984,15232,0/0/224/255,0/0/214/255,T224,T214,S0328,rhunLandSteppe,consistent pre-V2 opposite-side territory witnesses on the same local biome transition; two shifted contexts agree; cumulative topology preserved
2010,849,153600,15232,153728,15360,0/0/224/255,0/0/214/255,T224,T214,S0332,rhunLandSteppe,consistent pre-V2 opposite-side territory witnesses on the same local biome transition; two shifted contexts agree; cumulative topology preserved
2009,850,153472,15360,153600,15488,0/0/224/255,0/0/214/255,T224,T214,S0332,rhunLandSteppe,consistent pre-V2 opposite-side territory witnesses on the same local biome transition; two shifted contexts agree; cumulative topology preserved
1826,851,130048,15488,130176,15616,0/0/216/255,0/0/215/255,T216,T215,S0333,rhunRedForest,consistent pre-V2 opposite-side territory witnesses on the same local biome transition; two shifted contexts agree; cumulative topology preserved
1826,852,130048,15616,130176,15744,0/0/216/255,0/0/215/255,T216,T215,S0333,rhunRedForest,consistent pre-V2 opposite-side territory witnesses on the same local biome transition; two shifted contexts agree; cumulative topology preserved
1483,853,86144,15744,86272,15872,0/0/238/255,0/0/242/255,T238,T242,S0334,wilderland,consistent pre-V2 opposite-side territory witnesses on the same local biome transition; two shifted contexts agree; cumulative topology preserved
1826,853,130048,15744,130176,15872,0/0/216/255,0/0/215/255,T216,T215,S0333,rhunRedForest,consistent pre-V2 opposite-side territory witnesses on the same local biome transition; two shifted contexts agree; cumulative topology preserved
1090,854,35840,15872,35968,16000,0/0/218/255,0/0/217/255,T218,T217,S0335,loneLands,consistent pre-V2 opposite-side territory witnesses on the same local biome transition; two shifted contexts agree; cumulative topology preserved
1826,854,130048,15872,130176,16000,0/0/216/255,0/0/215/255,T216,T215,S0333,rhunRedForest,consistent pre-V2 opposite-side territory witnesses on the same local biome transition; two shifted contexts agree; cumulative topology preserved
1827,855,130176,16000,130304,16128,0/0/216/255,0/0/215/255,T216,T215,S0333,rhunRedForest,consistent pre-V2 opposite-side territory witnesses on the same local biome transition; two shifted contexts agree; cumulative topology preserved
2009,855,153472,16000,153600,16128,0/0/224/255,0/0/214/255,T224,T214,S0336,rhunLandSteppe,consistent pre-V2 opposite-side territory witnesses on the same local biome transition; two shifted contexts agree; cumulative topology preserved
1699,856,113792,16128,113920,16256,0/0/226/255,0/0/241/255,T226,T241,S0337,wilderland,consistent pre-V2 opposite-side territory witnesses on the same local biome transition; two shifted contexts agree; cumulative topology preserved
1828,856,130304,16128,130432,16256,0/0/216/255,0/0/215/255,T216,T215,S0333,rhunRedForest,consistent pre-V2 opposite-side territory witnesses on the same local biome transition; two shifted contexts agree; cumulative topology preserved
1698,860,113664,16640,113792,16768,0/0/226/255,0/0/241/255,T226,T241,S0338,wilderland,consistent pre-V2 opposite-side territory witnesses on the same local biome transition; two shifted contexts agree; cumulative topology preserved
1018,861,26624,16768,26752,16896,0/0/240/255,0/0/217/255,T240,T217,S0339,loneLands,consistent pre-V2 opposite-side territory witnesses on the same local biome transition; two shifted contexts agree; cumulative topology preserved
1019,861,26752,16768,26880,16896,0/0/240/255,0/0/217/255,T240,T217,S0339,loneLands,consistent pre-V2 opposite-side territory witnesses on the same local biome transition; two shifted contexts agree; cumulative topology preserved
1020,861,26880,16768,27008,16896,0/0/240/255,0/0/217/255,T240,T217,S0339,loneLands,consistent pre-V2 opposite-side territory witnesses on the same local biome transition; two shifted contexts agree; cumulative topology preserved
1021,861,27008,16768,27136,16896,0/0/240/255,0/0/217/255,T240,T217,S0339,loneLands,consistent pre-V2 opposite-side territory witnesses on the same local biome transition; two shifted contexts agree; cumulative topology preserved
1022,861,27136,16768,27264,16896,0/0/240/255,0/0/217/255,T240,T217,S0339,loneLands,consistent pre-V2 opposite-side territory witnesses on the same local biome transition; two shifted contexts agree; cumulative topology preserved
1023,861,27264,16768,27392,16896,0/0/240/255,0/0/217/255,T240,T217,S0339,loneLands,consistent pre-V2 opposite-side territory witnesses on the same local biome transition; two shifted contexts agree; cumulative topology preserved
1033,861,28544,16768,28672,16896,0/0/240/255,0/0/217/255,T240,T217,S0340,loneLands,consistent pre-V2 opposite-side territory witnesses on the same local biome transition; two shifted contexts agree; cumulative topology preserved
1483,862,86144,16896,86272,17024,0/0/238/255,0/0/242/255,T238,T242,S0341,wilderland,consistent pre-V2 opposite-side territory witnesses on the same local biome transition; two shifted contexts agree; cumulative topology preserved
1482,863,86016,17024,86144,17152,0/0/238/255,0/0/242/255,T238,T242,S0341,wilderland,consistent pre-V2 opposite-side territory witnesses on the same local biome transition; two shifted contexts agree; cumulative topology preserved
709,864,-12928,17152,-12800,17280,0/0/230/255,0/0/245/255,T230,T245,S0342,lindonWoodlands,consistent pre-V2 opposite-side territory witnesses on the same local biome transition; two shifted contexts agree; cumulative topology preserved
1479,864,85632,17152,85760,17280,0/0/238/255,0/0/242/255,T238,T242,S0343,wilderland,consistent pre-V2 opposite-side territory witnesses on the same local biome transition; two shifted contexts agree; cumulative topology preserved
1041,865,29568,17280,29696,17408,0/0/240/255,0/0/217/255,T240,T217,S0344,loneLands,consistent pre-V2 opposite-side territory witnesses on the same local biome transition; two shifted contexts agree; cumulative topology preserved
1478,865,85504,17280,85632,17408,0/0/238/255,0/0/242/255,T238,T242,S0343,wilderland,consistent pre-V2 opposite-side territory witnesses on the same local biome transition; two shifted contexts agree; cumulative topology preserved
1042,866,29696,17408,29824,17536,0/0/240/255,0/0/217/255,T240,T217,S0344,loneLands,consistent pre-V2 opposite-side territory witnesses on the same local biome transition; two shifted contexts agree; cumulative topology preserved
1478,866,85504,17408,85632,17536,0/0/238/255,0/0/242/255,T238,T242,S0343,wilderland,consistent pre-V2 opposite-side territory witnesses on the same local biome transition; two shifted contexts agree; cumulative topology preserved
1042,867,29696,17536,29824,17664,0/0/240/255,0/0/217/255,T240,T217,S0344,loneLands,consistent pre-V2 opposite-side territory witnesses on the same local biome transition; two shifted contexts agree; cumulative topology preserved
1091,867,35968,17536,36096,17664,0/0/218/255,0/0/217/255,T218,T217,S0345,loneLands,consistent pre-V2 opposite-side territory witnesses on the same local biome transition; two shifted contexts agree; cumulative topology preserved
1477,867,85376,17536,85504,17664,0/0/238/255,0/0/242/255,T238,T242,S0343,wilderland,consistent pre-V2 opposite-side territory witnesses on the same local biome transition; two shifted contexts agree; cumulative topology preserved
1042,868,29696,17664,29824,17792,0/0/240/255,0/0/217/255,T240,T217,S0344,loneLands,consistent pre-V2 opposite-side territory witnesses on the same local biome transition; two shifted contexts agree; cumulative topology preserved
1091,868,35968,17664,36096,17792,0/0/218/255,0/0/217/255,T218,T217,S0345,loneLands,consistent pre-V2 opposite-side territory witnesses on the same local biome transition; two shifted contexts agree; cumulative topology preserved
1917,868,141696,17664,141824,17792,0/0/244/255,0/0/225/255,T244,T225,S0346,rhunRedForest,consistent pre-V2 opposite-side territory witnesses on the same local biome transition; two shifted contexts agree; cumulative topology preserved
1917,869,141696,17792,141824,17920,0/0/244/255,0/0/225/255,T244,T225,S0346,rhunRedForest,consistent pre-V2 opposite-side territory witnesses on the same local biome transition; two shifted contexts agree; cumulative topology preserved
1699,870,113792,17920,113920,18048,0/0/226/255,0/0/241/255,T226,T241,S0347,wilderland,consistent pre-V2 opposite-side territory witnesses on the same local biome transition; two shifted contexts agree; cumulative topology preserved
1917,870,141696,17920,141824,18048,0/0/244/255,0/0/225/255,T244,T225,S0346,rhunRedForest,consistent pre-V2 opposite-side territory witnesses on the same local biome transition; two shifted contexts agree; cumulative topology preserved
1319,872,65152,18176,65280,18304,0/0/246/255,0/0/250/255,T246,T250,S0348,anduinVale,consistent pre-V2 opposite-side territory witnesses on the same local biome transition; two shifted contexts agree; cumulative topology preserved
1916,872,141568,18176,141696,18304,0/0/225/255,0/0/244/255,T225,T244,S0349,rhunLand,consistent pre-V2 opposite-side territory witnesses on the same local biome transition; two shifted contexts agree; cumulative topology preserved
2333,872,194944,18176,195072,18304,0/0/249/255,0/0/236/255,T249,T236,S0350,rhun,consistent pre-V2 opposite-side territory witnesses on the same local biome transition; two shifted contexts agree; cumulative topology preserved
1044,873,29952,18304,30080,18432,0/0/240/255,0/0/217/255,T240,T217,S0351,loneLands,consistent pre-V2 opposite-side territory witnesses on the same local biome transition; two shifted contexts agree; cumulative topology preserved
1318,873,65024,18304,65152,18432,0/0/246/255,0/0/250/255,T246,T250,S0348,anduinVale,consistent pre-V2 opposite-side territory witnesses on the same local biome transition; two shifted contexts agree; cumulative topology preserved
2331,873,194688,18304,194816,18432,0/0/249/255,0/0/236/255,T249,T236,S0352,rhun,consistent pre-V2 opposite-side territory witnesses on the same local biome transition; two shifted contexts agree; cumulative topology preserved
1098,874,36864,18432,36992,18560,0/0/218/255,0/0/217/255,T218,T217,S0353,loneLands,consistent pre-V2 opposite-side territory witnesses on the same local biome transition; two shifted contexts agree; cumulative topology preserved
1317,874,64896,18432,65024,18560,0/0/246/255,0/0/250/255,T246,T250,S0348,anduinVale,consistent pre-V2 opposite-side territory witnesses on the same local biome transition; two shifted contexts agree; cumulative topology preserved
2330,874,194560,18432,194688,18560,0/0/249/255,0/0/236/255,T249,T236,S0352,rhun,consistent pre-V2 opposite-side territory witnesses on the same local biome transition; two shifted contexts agree; cumulative topology preserved
1316,875,64768,18560,64896,18688,0/0/246/255,0/0/250/255,T246,T250,S0348,anduinVale,consistent pre-V2 opposite-side territory witnesses on the same local biome transition; two shifted contexts agree; cumulative topology preserved
1701,875,114048,18560,114176,18688,0/0/226/255,0/0/241/255,T226,T241,S0354,wilderland,consistent pre-V2 opposite-side territory witnesses on the same local biome transition; two shifted contexts agree; cumulative topology preserved
2326,875,194048,18560,194176,18688,0/0/249/255,0/0/236/255,T249,T236,S0355,rhun,consistent pre-V2 opposite-side territory witnesses on the same local biome transition; two shifted contexts agree; cumulative topology preserved
714,876,-12288,18688,-12160,18816,0/0/245/255,0/0/230/255,T245,T230,S0356,eriador,consistent pre-V2 opposite-side territory witnesses on the same local biome transition; two shifted contexts agree; cumulative topology preserved
1045,876,30080,18688,30208,18816,0/0/240/255,0/0/217/255,T240,T217,S0357,loneLands,consistent pre-V2 opposite-side territory witnesses on the same local biome transition; two shifted contexts agree; cumulative topology preserved
1472,876,84736,18688,84864,18816,0/0/238/255,0/0/242/255,T238,T242,S0358,wilderland,consistent pre-V2 opposite-side territory witnesses on the same local biome transition; two shifted contexts agree; cumulative topology preserved
2324,876,193792,18688,193920,18816,0/0/249/255,0/0/236/255,T249,T236,S0359,rhun,consistent pre-V2 opposite-side territory witnesses on the same local biome transition; two shifted contexts agree; cumulative topology preserved
1101,877,37248,18816,37376,18944,0/0/218/255,0/0/217/255,T218,T217,S0360,loneLands,consistent pre-V2 opposite-side territory witnesses on the same local biome transition; two shifted contexts agree; cumulative topology preserved
1315,877,64640,18816,64768,18944,0/0/246/255,0/0/250/255,T246,T250,S0361,anduinVale,consistent pre-V2 opposite-side territory witnesses on the same local biome transition; two shifted contexts agree; cumulative topology preserved
1472,877,84736,18816,84864,18944,0/0/238/255,0/0/242/255,T238,T242,S0358,wilderland,consistent pre-V2 opposite-side territory witnesses on the same local biome transition; two shifted contexts agree; cumulative topology preserved
2318,877,193024,18816,193152,18944,0/0/249/255,0/0/236/255,T249,T236,S0362,rhun,consistent pre-V2 opposite-side territory witnesses on the same local biome transition; two shifted contexts agree; cumulative topology preserved
2319,877,193152,18816,193280,18944,0/0/249/255,0/0/236/255,T249,T236,S0362,rhun,consistent pre-V2 opposite-side territory witnesses on the same local biome transition; two shifted contexts agree; cumulative topology preserved
2320,877,193280,18816,193408,18944,0/0/249/255,0/0/236/255,T249,T236,S0362,rhun,consistent pre-V2 opposite-side territory witnesses on the same local biome transition; two shifted contexts agree; cumulative topology preserved
1046,878,30208,18944,30336,19072,0/0/240/255,0/0/217/255,T240,T217,S0363,loneLands,consistent pre-V2 opposite-side territory witnesses on the same local biome transition; two shifted contexts agree; cumulative topology preserved
1472,878,84736,18944,84864,19072,0/0/238/255,0/0/242/255,T238,T242,S0358,wilderland,consistent pre-V2 opposite-side territory witnesses on the same local biome transition; two shifted contexts agree; cumulative topology preserved
1703,878,114304,18944,114432,19072,0/0/226/255,0/0/241/255,T226,T241,S0364,wilderland,consistent pre-V2 opposite-side territory witnesses on the same local biome transition; two shifted contexts agree; cumulative topology preserved
715,879,-12160,19072,-12032,19200,0/0/230/255,0/0/245/255,T230,T245,S0365,lindonWoodlands,consistent pre-V2 opposite-side territory witnesses on the same local biome transition; two shifted contexts agree; cumulative topology preserved
1046,879,30208,19072,30336,19200,0/0/240/255,0/0/217/255,T240,T217,S0363,loneLands,consistent pre-V2 opposite-side territory witnesses on the same local biome transition; two shifted contexts agree; cumulative topology preserved
1314,879,64512,19072,64640,19200,0/0/246/255,0/0/250/255,T246,T250,S0366,anduinVale,consistent pre-V2 opposite-side territory witnesses on the same local biome transition; two shifted contexts agree; cumulative topology preserved
2314,879,192512,19072,192640,19200,0/0/249/255,0/0/236/255,T249,T236,S0367,rhun,consistent pre-V2 opposite-side territory witnesses on the same local biome transition; two shifted contexts agree; cumulative topology preserved
1313,880,64384,19200,64512,19328,0/0/246/255,0/0/250/255,T246,T250,S0366,anduinVale,consistent pre-V2 opposite-side territory witnesses on the same local biome transition; two shifted contexts agree; cumulative topology preserved
2312,880,192256,19200,192384,19328,0/0/249/255,0/0/236/255,T249,T236,S0368,rhun,consistent pre-V2 opposite-side territory witnesses on the same local biome transition; two shifted contexts agree; cumulative topology preserved
1312,881,64256,19328,64384,19456,0/0/246/255,0/0/250/255,T246,T250,S0366,anduinVale,consistent pre-V2 opposite-side territory witnesses on the same local biome transition; two shifted contexts agree; cumulative topology preserved
2311,881,192128,19328,192256,19456,0/0/249/255,0/0/236/255,T249,T236,S0368,rhun,consistent pre-V2 opposite-side territory witnesses on the same local biome transition; two shifted contexts agree; cumulative topology preserved
1311,882,64128,19456,64256,19584,0/0/246/255,0/0/250/255,T246,T250,S0366,anduinVale,consistent pre-V2 opposite-side territory witnesses on the same local biome transition; two shifted contexts agree; cumulative topology preserved
2309,882,191872,19456,192000,19584,0/0/249/255,0/0/236/255,T249,T236,S0369,rhun,consistent pre-V2 opposite-side territory witnesses on the same local biome transition; two shifted contexts agree; cumulative topology preserved
1310,883,64000,19584,64128,19712,0/0/246/255,0/0/250/255,T246,T250,S0366,anduinVale,consistent pre-V2 opposite-side territory witnesses on the same local biome transition; two shifted contexts agree; cumulative topology preserved
2306,883,191488,19584,191616,19712,0/0/249/255,0/0/236/255,T249,T236,S0370,rhun,consistent pre-V2 opposite-side territory witnesses on the same local biome transition; two shifted contexts agree; cumulative topology preserved
2307,883,191616,19584,191744,19712,0/0/249/255,0/0/236/255,T249,T236,S0370,rhun,consistent pre-V2 opposite-side territory witnesses on the same local biome transition; two shifted contexts agree; cumulative topology preserved
2294,884,189952,19712,190080,19840,0/0/249/255,0/0/236/255,T249,T236,S0371,rhun,consistent pre-V2 opposite-side territory witnesses on the same local biome transition; two shifted contexts agree; cumulative topology preserved
1309,886,63872,19968,64000,20096,0/0/246/255,0/0/250/255,T246,T250,S0372,anduinVale,consistent pre-V2 opposite-side territory witnesses on the same local biome transition; two shifted contexts agree; cumulative topology preserved
2293,886,189824,19968,189952,20096,0/0/249/255,0/0/236/255,T249,T236,S0373,rhun,consistent pre-V2 opposite-side territory witnesses on the same local biome transition; two shifted contexts agree; cumulative topology preserved
1308,887,63744,20096,63872,20224,0/0/246/255,0/0/250/255,T246,T250,S0372,anduinVale,consistent pre-V2 opposite-side territory witnesses on the same local biome transition; two shifted contexts agree; cumulative topology preserved
1910,887,140800,20096,140928,20224,0/0/225/255,0/0/244/255,T225,T244,S0374,rhunLand,consistent pre-V2 opposite-side territory witnesses on the same local biome transition; two shifted contexts agree; cumulative topology preserved
2293,887,189824,20096,189952,20224,0/0/249/255,0/0/236/255,T249,T236,S0373,rhun,consistent pre-V2 opposite-side territory witnesses on the same local biome transition; two shifted contexts agree; cumulative topology preserved
1307,888,63616,20224,63744,20352,0/0/246/255,0/0/250/255,T246,T250,S0372,anduinVale,consistent pre-V2 opposite-side territory witnesses on the same local biome transition; two shifted contexts agree; cumulative topology preserved
2292,889,189696,20352,189824,20480,0/0/249/255,0/0/236/255,T249,T236,S0375,rhun,consistent pre-V2 opposite-side territory witnesses on the same local biome transition; two shifted contexts agree; cumulative topology preserved
720,890,-11520,20480,-11392,20608,0/0/230/255,0/0/245/255,T230,T245,S0376,lindon,consistent pre-V2 opposite-side territory witnesses on the same local biome transition; two shifted contexts agree; cumulative topology preserved
721,890,-11392,20480,-11264,20608,0/0/230/255,0/0/245/255,T230,T245,S0376,lindon,consistent pre-V2 opposite-side territory witnesses on the same local biome transition; two shifted contexts agree; cumulative topology preserved
1306,890,63488,20480,63616,20608,0/0/246/255,0/0/250/255,T246,T250,S0377,anduinVale,consistent pre-V2 opposite-side territory witnesses on the same local biome transition; two shifted contexts agree; cumulative topology preserved
2291,890,189568,20480,189696,20608,0/0/249/255,0/0/236/255,T249,T236,S0375,rhun,consistent pre-V2 opposite-side territory witnesses on the same local biome transition; two shifted contexts agree; cumulative topology preserved
1907,891,140416,20608,140544,20736,0/0/225/255,0/0/244/255,T225,T244,S0378,rhunLand,consistent pre-V2 opposite-side territory witnesses on the same local biome transition; two shifted contexts agree; cumulative topology preserved
726,892,-10752,20736,-10624,20864,0/0/230/255,0/0/245/255,T230,T245,S0379,lindon,consistent pre-V2 opposite-side territory witnesses on the same local biome transition; two shifted contexts agree; cumulative topology preserved
1305,892,63360,20736,63488,20864,0/0/246/255,0/0/250/255,T246,T250,S0380,anduinVale,consistent pre-V2 opposite-side territory witnesses on the same local biome transition; two shifted contexts agree; cumulative topology preserved
729,893,-10368,20864,-10240,20992,0/0/230/255,0/0/245/255,T230,T245,S0381,lindon,consistent pre-V2 opposite-side territory witnesses on the same local biome transition; two shifted contexts agree; cumulative topology preserved
730,893,-10240,20864,-10112,20992,0/0/230/255,0/0/245/255,T230,T245,S0381,lindon,consistent pre-V2 opposite-side territory witnesses on the same local biome transition; two shifted contexts agree; cumulative topology preserved
731,893,-10112,20864,-9984,20992,0/0/230/255,0/0/245/255,T230,T245,S0381,lindon,consistent pre-V2 opposite-side territory witnesses on the same local biome transition; two shifted contexts agree; cumulative topology preserved
732,893,-9984,20864,-9856,20992,0/0/230/255,0/0/245/255,T230,T245,S0381,lindon,consistent pre-V2 opposite-side territory witnesses on the same local biome transition; two shifted contexts agree; cumulative topology preserved
1902,893,139776,20864,139904,20992,0/0/244/255,0/0/225/255,T244,T225,S0382,rhunRedForest,consistent pre-V2 opposite-side territory witnesses on the same local biome transition; two shifted contexts agree; cumulative topology preserved
1041,894,29568,20992,29696,21120,0/0/240/255,0/0/252/255,T240,T252,S0383,enedwaith,consistent pre-V2 opposite-side territory witnesses on the same local biome transition; two shifted contexts agree; cumulative topology preserved
1305,897,63360,21376,63488,21504,0/0/246/255,0/0/250/255,T246,T250,S0384,anduinVale,consistent pre-V2 opposite-side territory witnesses on the same local biome transition; two shifted contexts agree; cumulative topology preserved
1306,899,63488,21632,63616,21760,0/0/246/255,0/0/250/255,T246,T250,S0385,anduinVale,consistent pre-V2 opposite-side territory witnesses on the same local biome transition; two shifted contexts agree; cumulative topology preserved
1307,900,63616,21760,63744,21888,0/0/246/255,0/0/250/255,T246,T250,S0385,anduinVale,consistent pre-V2 opposite-side territory witnesses on the same local biome transition; two shifted contexts agree; cumulative topology preserved
2286,900,188928,21760,189056,21888,0/0/249/255,0/0/236/255,T249,T236,S0386,rhun,consistent pre-V2 opposite-side territory witnesses on the same local biome transition; two shifted contexts agree; cumulative topology preserved
1308,901,63744,21888,63872,22016,0/0/246/255,0/0/250/255,T246,T250,S0385,anduinVale,consistent pre-V2 opposite-side territory witnesses on the same local biome transition; two shifted contexts agree; cumulative topology preserved
2286,901,188928,21888,189056,22016,0/0/249/255,0/0/236/255,T249,T236,S0386,rhun,consistent pre-V2 opposite-side territory witnesses on the same local biome transition; two shifted contexts agree; cumulative topology preserved
1309,903,63872,22144,64000,22272,0/0/246/255,0/0/250/255,T246,T250,S0387,anduinVale,consistent pre-V2 opposite-side territory witnesses on the same local biome transition; two shifted contexts agree; cumulative topology preserved
1191,904,48768,22272,48896,22400,0/0/253/255,0/1/10/255,T253,T266,S0388,anduinVale,consistent pre-V2 opposite-side territory witnesses on the same local biome transition; two shifted contexts agree; cumulative topology preserved
1192,905,48896,22400,49024,22528,0/0/253/255,0/1/10/255,T253,T266,S0388,anduinVale,consistent pre-V2 opposite-side territory witnesses on the same local biome transition; two shifted contexts agree; cumulative topology preserved
1194,906,49152,22528,49280,22656,0/0/253/255,0/1/10/255,T253,T266,S0389,anduinVale,consistent pre-V2 opposite-side territory witnesses on the same local biome transition; two shifted contexts agree; cumulative topology preserved
1195,906,49280,22528,49408,22656,0/0/253/255,0/1/10/255,T253,T266,S0389,anduinVale,consistent pre-V2 opposite-side territory witnesses on the same local biome transition; two shifted contexts agree; cumulative topology preserved
1198,907,49664,22656,49792,22784,0/0/253/255,0/1/10/255,T253,T266,S0390,anduinVale,consistent pre-V2 opposite-side territory witnesses on the same local biome transition; two shifted contexts agree; cumulative topology preserved
2017,908,154496,22784,154624,22912,0/1/3/255,0/1/7/255,T259,T263,S0391,rhun,consistent pre-V2 opposite-side territory witnesses on the same local biome transition; two shifted contexts agree; cumulative topology preserved
2289,908,189312,22784,189440,22912,0/0/249/255,0/0/236/255,T249,T236,S0392,rhun,consistent pre-V2 opposite-side territory witnesses on the same local biome transition; two shifted contexts agree; cumulative topology preserved
2017,909,154496,22912,154624,23040,0/1/3/255,0/1/7/255,T259,T263,S0391,rhun,consistent pre-V2 opposite-side territory witnesses on the same local biome transition; two shifted contexts agree; cumulative topology preserved
2018,910,154624,23040,154752,23168,0/1/3/255,0/1/7/255,T259,T263,S0391,rhun,consistent pre-V2 opposite-side territory witnesses on the same local biome transition; two shifted contexts agree; cumulative topology preserved
2290,910,189440,23040,189568,23168,0/0/249/255,0/0/236/255,T249,T236,S0393,rhun,consistent pre-V2 opposite-side territory witnesses on the same local biome transition; two shifted contexts agree; cumulative topology preserved
2018,911,154624,23168,154752,23296,0/1/3/255,0/1/7/255,T259,T263,S0391,rhun,consistent pre-V2 opposite-side territory witnesses on the same local biome transition; two shifted contexts agree; cumulative topology preserved
2291,911,189568,23168,189696,23296,0/0/249/255,0/0/236/255,T249,T236,S0393,rhun,consistent pre-V2 opposite-side territory witnesses on the same local biome transition; two shifted contexts agree; cumulative topology preserved
2018,912,154624,23296,154752,23424,0/1/3/255,0/1/7/255,T259,T263,S0391,rhun,consistent pre-V2 opposite-side territory witnesses on the same local biome transition; two shifted contexts agree; cumulative topology preserved
2292,912,189696,23296,189824,23424,0/0/249/255,0/0/236/255,T249,T236,S0393,rhun,consistent pre-V2 opposite-side territory witnesses on the same local biome transition; two shifted contexts agree; cumulative topology preserved
2293,912,189824,23296,189952,23424,0/0/249/255,0/0/236/255,T249,T236,S0393,rhun,consistent pre-V2 opposite-side territory witnesses on the same local biome transition; two shifted contexts agree; cumulative topology preserved
2019,913,154752,23424,154880,23552,0/1/3/255,0/1/7/255,T259,T263,S0391,rhun,consistent pre-V2 opposite-side territory witnesses on the same local biome transition; two shifted contexts agree; cumulative topology preserved
2020,914,154880,23552,155008,23680,0/1/3/255,0/1/7/255,T259,T263,S0391,rhun,consistent pre-V2 opposite-side territory witnesses on the same local biome transition; two shifted contexts agree; cumulative topology preserved
2020,915,154880,23680,155008,23808,0/1/3/255,0/1/7/255,T259,T263,S0391,rhun,consistent pre-V2 opposite-side territory witnesses on the same local biome transition; two shifted contexts agree; cumulative topology preserved
1210,916,51200,23808,51328,23936,0/0/253/255,0/1/10/255,T253,T266,S0394,celebrant,consistent pre-V2 opposite-side territory witnesses on the same local biome transition; two shifted contexts agree; cumulative topology preserved
2298,916,190464,23808,190592,23936,0/0/249/255,0/0/236/255,T249,T236,S0395,rhun,consistent pre-V2 opposite-side territory witnesses on the same local biome transition; two shifted contexts agree; cumulative topology preserved
1212,917,51456,23936,51584,24064,0/0/253/255,0/1/10/255,T253,T266,S0396,celebrant,consistent pre-V2 opposite-side territory witnesses on the same local biome transition; two shifted contexts agree; cumulative topology preserved
2021,917,155008,23936,155136,24064,0/1/3/255,0/1/7/255,T259,T263,S0397,rhun,consistent pre-V2 opposite-side territory witnesses on the same local biome transition; two shifted contexts agree; cumulative topology preserved
2299,917,190592,23936,190720,24064,0/0/249/255,0/0/236/255,T249,T236,S0395,rhun,consistent pre-V2 opposite-side territory witnesses on the same local biome transition; two shifted contexts agree; cumulative topology preserved
2022,918,155136,24064,155264,24192,0/1/3/255,0/1/7/255,T259,T263,S0397,rhun,consistent pre-V2 opposite-side territory witnesses on the same local biome transition; two shifted contexts agree; cumulative topology preserved
2300,918,190720,24064,190848,24192,0/0/249/255,0/0/236/255,T249,T236,S0395,rhun,consistent pre-V2 opposite-side territory witnesses on the same local biome transition; two shifted contexts agree; cumulative topology preserved
1216,920,51968,24320,52096,24448,0/0/253/255,0/1/10/255,T253,T266,S0398,celebrant,consistent pre-V2 opposite-side territory witnesses on the same local biome transition; two shifted contexts agree; cumulative topology preserved
2305,920,191360,24320,191488,24448,0/0/249/255,0/0/236/255,T249,T236,S0399,rhun,consistent pre-V2 opposite-side territory witnesses on the same local biome transition; two shifted contexts agree; cumulative topology preserved
1219,921,52352,24448,52480,24576,0/0/253/255,0/1/10/255,T253,T266,S0400,celebrant,consistent pre-V2 opposite-side territory witnesses on the same local biome transition; two shifted contexts agree; cumulative topology preserved
2308,921,191744,24448,191872,24576,0/0/236/255,0/0/249/255,T236,T249,S0401,rhunForest,consistent pre-V2 opposite-side territory witnesses on the same local biome transition; two shifted contexts agree; cumulative topology preserved
1071,922,33408,24576,33536,24704,0/1/11/255,0/0/252/255,T267,T252,S0402,enedwaith,consistent pre-V2 opposite-side territory witnesses on the same local biome transition; two shifted contexts agree; cumulative topology preserved
1072,922,33536,24576,33664,24704,0/1/11/255,0/0/252/255,T267,T252,S0402,enedwaith,consistent pre-V2 opposite-side territory witnesses on the same local biome transition; two shifted contexts agree; cumulative topology preserved
1078,922,34304,24576,34432,24704,0/0/252/255,0/1/11/255,T252,T267,S0403,dunland,consistent pre-V2 opposite-side territory witnesses on the same local biome transition; two shifted contexts agree; cumulative topology preserved
1079,922,34432,24576,34560,24704,0/0/252/255,0/1/11/255,T252,T267,S0403,dunland,consistent pre-V2 opposite-side territory witnesses on the same local biome transition; two shifted contexts agree; cumulative topology preserved
1080,922,34560,24576,34688,24704,0/0/252/255,0/1/11/255,T252,T267,S0403,dunland,consistent pre-V2 opposite-side territory witnesses on the same local biome transition; two shifted contexts agree; cumulative topology preserved
1081,922,34688,24576,34816,24704,0/0/252/255,0/1/11/255,T252,T267,S0403,dunland,consistent pre-V2 opposite-side territory witnesses on the same local biome transition; two shifted contexts agree; cumulative topology preserved
1082,922,34816,24576,34944,24704,0/0/252/255,0/1/11/255,T252,T267,S0403,dunland,consistent pre-V2 opposite-side territory witnesses on the same local biome transition; two shifted contexts agree; cumulative topology preserved
1221,922,52608,24576,52736,24704,0/0/253/255,0/1/10/255,T253,T266,S0404,celebrant,consistent pre-V2 opposite-side territory witnesses on the same local biome transition; two shifted contexts agree; cumulative topology preserved
1062,923,32256,24704,32384,24832,0/1/11/255,0/0/252/255,T267,T252,S0405,enedwaith,consistent pre-V2 opposite-side territory witnesses on the same local biome transition; two shifted contexts agree; cumulative topology preserved
1063,923,32384,24704,32512,24832,0/1/11/255,0/0/252/255,T267,T252,S0405,enedwaith,consistent pre-V2 opposite-side territory witnesses on the same local biome transition; two shifted contexts agree; cumulative topology preserved
1064,923,32512,24704,32640,24832,0/1/11/255,0/0/252/255,T267,T252,S0405,enedwaith,consistent pre-V2 opposite-side territory witnesses on the same local biome transition; two shifted contexts agree; cumulative topology preserved
1065,923,32640,24704,32768,24832,0/1/11/255,0/0/252/255,T267,T252,S0405,enedwaith,consistent pre-V2 opposite-side territory witnesses on the same local biome transition; two shifted contexts agree; cumulative topology preserved
1066,923,32768,24704,32896,24832,0/1/11/255,0/0/252/255,T267,T252,S0405,enedwaith,consistent pre-V2 opposite-side territory witnesses on the same local biome transition; two shifted contexts agree; cumulative topology preserved
1067,923,32896,24704,33024,24832,0/1/11/255,0/0/252/255,T267,T252,S0405,enedwaith,consistent pre-V2 opposite-side territory witnesses on the same local biome transition; two shifted contexts agree; cumulative topology preserved
1061,924,32128,24832,32256,24960,0/1/11/255,0/0/252/255,T267,T252,S0405,enedwaith,consistent pre-V2 opposite-side territory witnesses on the same local biome transition; two shifted contexts agree; cumulative topology preserved
1096,924,36608,24832,36736,24960,0/0/252/255,0/1/11/255,T252,T267,S0406,dunland,consistent pre-V2 opposite-side territory witnesses on the same local biome transition; two shifted contexts agree; cumulative topology preserved
1226,924,53248,24832,53376,24960,0/0/253/255,0/1/10/255,T253,T266,S0407,celebrant,consistent pre-V2 opposite-side territory witnesses on the same local biome transition; two shifted contexts agree; cumulative topology preserved
2025,924,155520,24832,155648,24960,0/1/3/255,0/1/7/255,T259,T263,S0408,rhun,consistent pre-V2 opposite-side territory witnesses on the same local biome transition; two shifted contexts agree; cumulative topology preserved
1104,925,37632,24960,37760,25088,0/1/11/255,0/0/252/255,T267,T252,S0409,mistyMountainsFoothills,consistent pre-V2 opposite-side territory witnesses on the same local biome transition; two shifted contexts agree; cumulative topology preserved
1230,925,53760,24960,53888,25088,0/0/253/255,0/1/10/255,T253,T266,S0410,celebrant,consistent pre-V2 opposite-side territory witnesses on the same local biome transition; two shifted contexts agree; cumulative topology preserved
1058,926,31744,25088,31872,25216,0/1/11/255,0/0/252/255,T267,T252,S0411,enedwaith,consistent pre-V2 opposite-side territory witnesses on the same local biome transition; two shifted contexts agree; cumulative topology preserved
1232,926,54016,25088,54144,25216,0/0/253/255,0/1/10/255,T253,T266,S0412,celebrant,consistent pre-V2 opposite-side territory witnesses on the same local biome transition; two shifted contexts agree; cumulative topology preserved
2026,926,155648,25088,155776,25216,0/1/3/255,0/1/7/255,T259,T263,S0413,rhun,consistent pre-V2 opposite-side territory witnesses on the same local biome transition; two shifted contexts agree; cumulative topology preserved
1057,927,31616,25216,31744,25344,0/0/252/255,0/1/11/255,T252,T267,S0411,dunland,consistent pre-V2 opposite-side territory witnesses on the same local biome transition; two shifted contexts agree; cumulative topology preserved
1108,927,38144,25216,38272,25344,0/1/11/255,0/0/252/255,T267,T252,S0414,mistyMountainsFoothills,consistent pre-V2 opposite-side territory witnesses on the same local biome transition; two shifted contexts agree; cumulative topology preserved
1236,927,54528,25216,54656,25344,0/1/10/255,0/0/253/255,T266,T253,S0415,lothlorienEdge,consistent pre-V2 opposite-side territory witnesses on the same local biome transition; two shifted contexts agree; cumulative topology preserved
1238,928,54784,25344,54912,25472,0/0/253/255,0/1/10/255,T253,T266,S0416,celebrant,consistent pre-V2 opposite-side territory witnesses on the same local biome transition; two shifted contexts agree; cumulative topology preserved
1239,928,54912,25344,55040,25472,0/0/253/255,0/1/10/255,T253,T266,S0416,celebrant,consistent pre-V2 opposite-side territory witnesses on the same local biome transition; two shifted contexts agree; cumulative topology preserved
1254,928,56832,25344,56960,25472,0/0/253/255,0/1/10/255,T253,T266,S0417,celebrant,consistent pre-V2 opposite-side territory witnesses on the same local biome transition; two shifted contexts agree; cumulative topology preserved
2027,928,155776,25344,155904,25472,0/1/3/255,0/1/7/255,T259,T263,S0418,rhun,consistent pre-V2 opposite-side territory witnesses on the same local biome transition; two shifted contexts agree; cumulative topology preserved
1735,929,118400,25472,118528,25600,0/1/21/255,0/0/255/255,T277,T255,S0419,dorwinion,consistent pre-V2 opposite-side territory witnesses on the same local biome transition; two shifted contexts agree; cumulative topology preserved
2028,929,155904,25472,156032,25600,0/1/3/255,0/1/7/255,T259,T263,S0418,rhun,consistent pre-V2 opposite-side territory witnesses on the same local biome transition; two shifted contexts agree; cumulative topology preserved
2029,930,156032,25600,156160,25728,0/1/3/255,0/1/7/255,T259,T263,S0418,rhun,consistent pre-V2 opposite-side territory witnesses on the same local biome transition; two shifted contexts agree; cumulative topology preserved
2295,930,190080,25600,190208,25728,0/1/20/255,0/1/47/255,T276,T303,S0420,rhun,consistent pre-V2 opposite-side territory witnesses on the same local biome transition; two shifted contexts agree; cumulative topology preserved
1725,931,117120,25728,117248,25856,0/1/21/255,0/0/255/255,T277,T255,S0421,dorwinion,consistent pre-V2 opposite-side territory witnesses on the same local biome transition; two shifted contexts agree; cumulative topology preserved
2030,931,156160,25728,156288,25856,0/1/3/255,0/1/7/255,T259,T263,S0418,rhun,consistent pre-V2 opposite-side territory witnesses on the same local biome transition; two shifted contexts agree; cumulative topology preserved
2325,931,193920,25728,194048,25856,0/1/20/255,0/1/47/255,T276,T303,S0422,rhun,consistent pre-V2 opposite-side territory witnesses on the same local biome transition; two shifted contexts agree; cumulative topology preserved
2326,931,194048,25728,194176,25856,0/1/20/255,0/1/47/255,T276,T303,S0422,rhun,consistent pre-V2 opposite-side territory witnesses on the same local biome transition; two shifted contexts agree; cumulative topology preserved
2327,931,194176,25728,194304,25856,0/1/20/255,0/1/47/255,T276,T303,S0422,rhun,consistent pre-V2 opposite-side territory witnesses on the same local biome transition; two shifted contexts agree; cumulative topology preserved
2031,932,156288,25856,156416,25984,0/1/3/255,0/1/7/255,T259,T263,S0418,rhun,consistent pre-V2 opposite-side territory witnesses on the same local biome transition; two shifted contexts agree; cumulative topology preserved
2293,932,189824,25856,189952,25984,0/1/47/255,0/1/20/255,T303,T276,S0423,rhunForest,consistent pre-V2 opposite-side territory witnesses on the same local biome transition; two shifted contexts agree; cumulative topology preserved
1358,933,70144,25984,70272,26112,0/1/14/255,0/0/246/255,T270,T246,S0424,mirkwoodCorrupted,consistent pre-V2 opposite-side territory witnesses on the same local biome transition; two shifted contexts agree; cumulative topology preserved
2295,934,190080,26112,190208,26240,0/1/20/255,0/1/47/255,T276,T303,S0425,rhun,consistent pre-V2 opposite-side territory witnesses on the same local biome transition; two shifted contexts agree; cumulative topology preserved
1362,935,70656,26240,70784,26368,0/0/246/255,0/1/14/255,T246,T270,S0426,wilderland,consistent pre-V2 opposite-side territory witnesses on the same local biome transition; two shifted contexts agree; cumulative topology preserved
1363,935,70784,26240,70912,26368,0/0/246/255,0/1/14/255,T246,T270,S0426,wilderland,consistent pre-V2 opposite-side territory witnesses on the same local biome transition; two shifted contexts agree; cumulative topology preserved
2295,935,190080,26240,190208,26368,0/1/20/255,0/1/47/255,T276,T303,S0425,rhun,consistent pre-V2 opposite-side territory witnesses on the same local biome transition; two shifted contexts agree; cumulative topology preserved
2316,935,192768,26240,192896,26368,0/1/20/255,0/1/47/255,T276,T303,S0427,rhun,consistent pre-V2 opposite-side territory witnesses on the same local biome transition; two shifted contexts agree; cumulative topology preserved
2317,935,192896,26240,193024,26368,0/1/20/255,0/1/47/255,T276,T303,S0427,rhun,consistent pre-V2 opposite-side territory witnesses on the same local biome transition; two shifted contexts agree; cumulative topology preserved
2318,935,193024,26240,193152,26368,0/1/20/255,0/1/47/255,T276,T303,S0427,rhun,consistent pre-V2 opposite-side territory witnesses on the same local biome transition; two shifted contexts agree; cumulative topology preserved
1366,936,71168,26368,71296,26496,0/0/246/255,0/1/14/255,T246,T270,S0428,wilderland,consistent pre-V2 opposite-side territory witnesses on the same local biome transition; two shifted contexts agree; cumulative topology preserved
1367,936,71296,26368,71424,26496,0/0/246/255,0/1/14/255,T246,T270,S0428,wilderland,consistent pre-V2 opposite-side territory witnesses on the same local biome transition; two shifted contexts agree; cumulative topology preserved
2032,936,156416,26368,156544,26496,0/1/3/255,0/1/7/255,T259,T263,S0429,rhun,consistent pre-V2 opposite-side territory witnesses on the same local biome transition; two shifted contexts agree; cumulative topology preserved
1714,937,115712,26496,115840,26624,0/1/21/255,0/0/243/255,T277,T243,S0430,wilderland,consistent pre-V2 opposite-side territory witnesses on the same local biome transition; two shifted contexts agree; cumulative topology preserved
2293,937,189824,26496,189952,26624,0/1/20/255,0/1/47/255,T276,T303,S0431,rhun,consistent pre-V2 opposite-side territory witnesses on the same local biome transition; two shifted contexts agree; cumulative topology preserved
2033,938,156544,26624,156672,26752,0/1/3/255,0/1/7/255,T259,T263,S0432,rhun,consistent pre-V2 opposite-side territory witnesses on the same local biome transition; two shifted contexts agree; cumulative topology preserved
1750,939,120320,26752,120448,26880,0/1/21/255,0/0/255/255,T277,T255,S0433,dorwinion,consistent pre-V2 opposite-side territory witnesses on the same local biome transition; two shifted contexts agree; cumulative topology preserved
2033,939,156544,26752,156672,26880,0/1/3/255,0/1/7/255,T259,T263,S0432,rhun,consistent pre-V2 opposite-side territory witnesses on the same local biome transition; two shifted contexts agree; cumulative topology preserved
2034,940,156672,26880,156800,27008,0/1/3/255,0/1/7/255,T259,T263,S0432,rhun,consistent pre-V2 opposite-side territory witnesses on the same local biome transition; two shifted contexts agree; cumulative topology preserved
1712,941,115456,27008,115584,27136,0/0/243/255,0/1/21/255,T243,T277,S0434,dorwinionHills,consistent pre-V2 opposite-side territory witnesses on the same local biome transition; two shifted contexts agree; cumulative topology preserved
1980,941,149760,27008,149888,27136,0/1/34/255,0/1/5/255,T290,T261,S0435,rhunLand,consistent pre-V2 opposite-side territory witnesses on the same local biome transition; two shifted contexts agree; cumulative topology preserved
1981,941,149888,27008,150016,27136,0/1/34/255,0/1/5/255,T290,T261,S0435,rhunLand,consistent pre-V2 opposite-side territory witnesses on the same local biome transition; two shifted contexts agree; cumulative topology preserved
2035,942,156800,27136,156928,27264,0/1/3/255,0/1/7/255,T259,T263,S0436,rhun,consistent pre-V2 opposite-side territory witnesses on the same local biome transition; two shifted contexts agree; cumulative topology preserved
1755,943,120960,27264,121088,27392,0/1/21/255,0/0/255/255,T277,T255,S0437,dorwinion,consistent pre-V2 opposite-side territory witnesses on the same local biome transition; two shifted contexts agree; cumulative topology preserved
2036,943,156928,27264,157056,27392,0/1/3/255,0/1/7/255,T259,T263,S0436,rhun,consistent pre-V2 opposite-side territory witnesses on the same local biome transition; two shifted contexts agree; cumulative topology preserved
1977,944,149376,27392,149504,27520,0/1/34/255,0/1/5/255,T290,T261,S0438,rhunLand,consistent pre-V2 opposite-side territory witnesses on the same local biome transition; two shifted contexts agree; cumulative topology preserved
2037,945,157056,27520,157184,27648,0/1/3/255,0/1/7/255,T259,T263,S0439,rhun,consistent pre-V2 opposite-side territory witnesses on the same local biome transition; two shifted contexts agree; cumulative topology preserved
2289,945,189312,27520,189440,27648,0/1/20/255,0/1/47/255,T276,T303,S0440,rhun,consistent pre-V2 opposite-side territory witnesses on the same local biome transition; two shifted contexts agree; cumulative topology preserved
2038,946,157184,27648,157312,27776,0/1/3/255,0/1/7/255,T259,T263,S0439,rhun,consistent pre-V2 opposite-side territory witnesses on the same local biome transition; two shifted contexts agree; cumulative topology preserved
1973,952,148864,28416,148992,28544,0/1/34/255,0/1/5/255,T290,T261,S0441,rhunLand,consistent pre-V2 opposite-side territory witnesses on the same local biome transition; two shifted contexts agree; cumulative topology preserved
2041,952,157568,28416,157696,28544,0/1/3/255,0/1/7/255,T259,T263,S0442,rhun,consistent pre-V2 opposite-side territory witnesses on the same local biome transition; two shifted contexts agree; cumulative topology preserved
1161,953,44928,28544,45056,28672,0/1/16/255,0/1/10/255,T272,T266,S0443,mistyMountainsFoothills,consistent pre-V2 opposite-side territory witnesses on the same local biome transition; two shifted contexts agree; cumulative topology preserved
1162,953,45056,28544,45184,28672,0/1/16/255,0/1/10/255,T272,T266,S0443,mistyMountainsFoothills,consistent pre-V2 opposite-side territory witnesses on the same local biome transition; two shifted contexts agree; cumulative topology preserved
1163,953,45184,28544,45312,28672,0/1/16/255,0/1/10/255,T272,T266,S0443,mistyMountainsFoothills,consistent pre-V2 opposite-side territory witnesses on the same local biome transition; two shifted contexts agree; cumulative topology preserved
1164,953,45312,28544,45440,28672,0/1/16/255,0/1/10/255,T272,T266,S0443,mistyMountainsFoothills,consistent pre-V2 opposite-side territory witnesses on the same local biome transition; two shifted contexts agree; cumulative topology preserved
1165,953,45440,28544,45568,28672,0/1/16/255,0/1/10/255,T272,T266,S0443,mistyMountainsFoothills,consistent pre-V2 opposite-side territory witnesses on the same local biome transition; two shifted contexts agree; cumulative topology preserved
1166,953,45568,28544,45696,28672,0/1/16/255,0/1/10/255,T272,T266,S0443,mistyMountainsFoothills,consistent pre-V2 opposite-side territory witnesses on the same local biome transition; two shifted contexts agree; cumulative topology preserved
1167,953,45696,28544,45824,28672,0/1/16/255,0/1/10/255,T272,T266,S0443,mistyMountainsFoothills,consistent pre-V2 opposite-side territory witnesses on the same local biome transition; two shifted contexts agree; cumulative topology preserved
2289,953,189312,28544,189440,28672,0/1/20/255,0/1/47/255,T276,T303,S0444,rhun,consistent pre-V2 opposite-side territory witnesses on the same local biome transition; two shifted contexts agree; cumulative topology preserved
2042,954,157696,28672,157824,28800,0/1/3/255,0/1/7/255,T259,T263,S0445,rhun,consistent pre-V2 opposite-side territory witnesses on the same local biome transition; two shifted contexts agree; cumulative topology preserved
2289,954,189312,28672,189440,28800,0/1/20/255,0/1/47/255,T276,T303,S0444,rhun,consistent pre-V2 opposite-side territory witnesses on the same local biome transition; two shifted contexts agree; cumulative topology preserved
1172,955,46336,28800,46464,28928,0/1/16/255,0/1/10/255,T272,T266,S0446,mistyMountainsFoothills,consistent pre-V2 opposite-side territory witnesses on the same local biome transition; two shifted contexts agree; cumulative topology preserved
2043,955,157824,28800,157952,28928,0/1/3/255,0/1/7/255,T259,T263,S0445,rhun,consistent pre-V2 opposite-side territory witnesses on the same local biome transition; two shifted contexts agree; cumulative topology preserved
2289,955,189312,28800,189440,28928,0/1/20/255,0/1/47/255,T276,T303,S0444,rhun,consistent pre-V2 opposite-side territory witnesses on the same local biome transition; two shifted contexts agree; cumulative topology preserved
2044,956,157952,28928,158080,29056,0/1/3/255,0/1/7/255,T259,T263,S0445,rhun,consistent pre-V2 opposite-side territory witnesses on the same local biome transition; two shifted contexts agree; cumulative topology preserved
2288,956,189184,28928,189312,29056,0/1/20/255,0/1/47/255,T276,T303,S0444,rhun,consistent pre-V2 opposite-side territory witnesses on the same local biome transition; two shifted contexts agree; cumulative topology preserved
2044,957,157952,29056,158080,29184,0/1/3/255,0/1/7/255,T259,T263,S0445,rhun,consistent pre-V2 opposite-side territory witnesses on the same local biome transition; two shifted contexts agree; cumulative topology preserved
2045,957,158080,29056,158208,29184,0/1/3/255,0/1/7/255,T259,T263,S0445,rhun,consistent pre-V2 opposite-side territory witnesses on the same local biome transition; two shifted contexts agree; cumulative topology preserved
2046,958,158208,29184,158336,29312,0/1/3/255,0/1/7/255,T259,T263,S0445,rhun,consistent pre-V2 opposite-side territory witnesses on the same local biome transition; two shifted contexts agree; cumulative topology preserved
1183,959,47744,29312,47872,29440,0/1/16/255,0/1/10/255,T272,T266,S0447,anduinHills,consistent pre-V2 opposite-side territory witnesses on the same local biome transition; two shifted contexts agree; cumulative topology preserved
1184,959,47872,29312,48000,29440,0/1/16/255,0/1/10/255,T272,T266,S0447,anduinHills,consistent pre-V2 opposite-side territory witnesses on the same local biome transition; two shifted contexts agree; cumulative topology preserved
1185,959,48000,29312,48128,29440,0/1/16/255,0/1/10/255,T272,T266,S0447,anduinHills,consistent pre-V2 opposite-side territory witnesses on the same local biome transition; two shifted contexts agree; cumulative topology preserved
2047,959,158336,29312,158464,29440,0/1/3/255,0/1/7/255,T259,T263,S0445,rhun,consistent pre-V2 opposite-side territory witnesses on the same local biome transition; two shifted contexts agree; cumulative topology preserved
1187,960,48256,29440,48384,29568,0/1/16/255,0/1/10/255,T272,T266,S0448,anduinHills,consistent pre-V2 opposite-side territory witnesses on the same local biome transition; two shifted contexts agree; cumulative topology preserved
1188,960,48384,29440,48512,29568,0/1/16/255,0/1/10/255,T272,T266,S0448,anduinHills,consistent pre-V2 opposite-side territory witnesses on the same local biome transition; two shifted contexts agree; cumulative topology preserved
1189,960,48512,29440,48640,29568,0/1/16/255,0/1/10/255,T272,T266,S0448,anduinHills,consistent pre-V2 opposite-side territory witnesses on the same local biome transition; two shifted contexts agree; cumulative topology preserved
1190,960,48640,29440,48768,29568,0/1/16/255,0/1/10/255,T272,T266,S0448,anduinHills,consistent pre-V2 opposite-side territory witnesses on the same local biome transition; two shifted contexts agree; cumulative topology preserved
2049,960,158592,29440,158720,29568,0/1/3/255,0/1/7/255,T259,T263,S0449,rhun,consistent pre-V2 opposite-side territory witnesses on the same local biome transition; two shifted contexts agree; cumulative topology preserved
2050,961,158720,29568,158848,29696,0/1/3/255,0/1/7/255,T259,T263,S0449,rhun,consistent pre-V2 opposite-side territory witnesses on the same local biome transition; two shifted contexts agree; cumulative topology preserved
2279,961,188032,29568,188160,29696,0/1/20/255,0/1/47/255,T276,T303,S0450,rhun,consistent pre-V2 opposite-side territory witnesses on the same local biome transition; two shifted contexts agree; cumulative topology preserved
1202,962,50176,29696,50304,29824,0/1/16/255,0/1/10/255,T272,T266,S0451,anduinHills,consistent pre-V2 opposite-side territory witnesses on the same local biome transition; two shifted contexts agree; cumulative topology preserved
2051,962,158848,29696,158976,29824,0/1/3/255,0/1/7/255,T259,T263,S0449,rhun,consistent pre-V2 opposite-side territory witnesses on the same local biome transition; two shifted contexts agree; cumulative topology preserved
1205,963,50560,29824,50688,29952,0/1/16/255,0/1/10/255,T272,T266,S0452,anduinHills,consistent pre-V2 opposite-side territory witnesses on the same local biome transition; two shifted contexts agree; cumulative topology preserved
1206,963,50688,29824,50816,29952,0/1/16/255,0/1/10/255,T272,T266,S0452,anduinHills,consistent pre-V2 opposite-side territory witnesses on the same local biome transition; two shifted contexts agree; cumulative topology preserved
1207,963,50816,29824,50944,29952,0/1/16/255,0/1/10/255,T272,T266,S0452,anduinHills,consistent pre-V2 opposite-side territory witnesses on the same local biome transition; two shifted contexts agree; cumulative topology preserved
2052,964,158976,29952,159104,30080,0/1/3/255,0/1/7/255,T259,T263,S0453,rhun,consistent pre-V2 opposite-side territory witnesses on the same local biome transition; two shifted contexts agree; cumulative topology preserved
2276,965,187648,30080,187776,30208,0/1/20/255,0/1/47/255,T276,T303,S0454,rhun,consistent pre-V2 opposite-side territory witnesses on the same local biome transition; two shifted contexts agree; cumulative topology preserved
2275,966,187520,30208,187648,30336,0/1/20/255,0/1/47/255,T276,T303,S0454,rhun,consistent pre-V2 opposite-side territory witnesses on the same local biome transition; two shifted contexts agree; cumulative topology preserved
1381,967,73088,30336,73216,30464,0/1/29/255,0/1/14/255,T285,T270,S0455,wilderland,consistent pre-V2 opposite-side territory witnesses on the same local biome transition; two shifted contexts agree; cumulative topology preserved
1382,967,73216,30336,73344,30464,0/1/29/255,0/1/14/255,T285,T270,S0455,wilderland,consistent pre-V2 opposite-side territory witnesses on the same local biome transition; two shifted contexts agree; cumulative topology preserved
1383,967,73344,30336,73472,30464,0/1/29/255,0/1/14/255,T285,T270,S0455,wilderland,consistent pre-V2 opposite-side territory witnesses on the same local biome transition; two shifted contexts agree; cumulative topology preserved
1445,967,81280,30336,81408,30464,0/1/29/255,0/1/9/255,T285,T265,S0456,wilderland,consistent pre-V2 opposite-side territory witnesses on the same local biome transition; two shifted contexts agree; cumulative topology preserved
1446,967,81408,30336,81536,30464,0/1/29/255,0/1/9/255,T285,T265,S0456,wilderland,consistent pre-V2 opposite-side territory witnesses on the same local biome transition; two shifted contexts agree; cumulative topology preserved
1447,967,81536,30336,81664,30464,0/1/29/255,0/1/9/255,T285,T265,S0456,wilderland,consistent pre-V2 opposite-side territory witnesses on the same local biome transition; two shifted contexts agree; cumulative topology preserved
2053,967,159104,30336,159232,30464,0/1/7/255,0/1/3/255,T263,T259,S0457,rhunLandSteppe,consistent pre-V2 opposite-side territory witnesses on the same local biome transition; two shifted contexts agree; cumulative topology preserved
2054,968,159232,30464,159360,30592,0/1/7/255,0/1/3/255,T263,T259,S0457,rhunLandSteppe,consistent pre-V2 opposite-side territory witnesses on the same local biome transition; two shifted contexts agree; cumulative topology preserved
1967,969,148096,30592,148224,30720,0/1/34/255,0/1/26/255,T290,T282,S0458,rhunLand,consistent pre-V2 opposite-side territory witnesses on the same local biome transition; two shifted contexts agree; cumulative topology preserved
2055,969,159360,30592,159488,30720,0/1/3/255,0/1/7/255,T259,T263,S0457,rhun,consistent pre-V2 opposite-side territory witnesses on the same local biome transition; two shifted contexts agree; cumulative topology preserved
1371,970,71808,30720,71936,30848,0/1/29/255,0/1/14/255,T285,T270,S0459,wilderland,consistent pre-V2 opposite-side territory witnesses on the same local biome transition; two shifted contexts agree; cumulative topology preserved
1967,970,148096,30720,148224,30848,0/1/34/255,0/1/26/255,T290,T282,S0458,rhunLand,consistent pre-V2 opposite-side territory witnesses on the same local biome transition; two shifted contexts agree; cumulative topology preserved
2056,970,159488,30720,159616,30848,0/1/3/255,0/1/7/255,T259,T263,S0457,rhun,consistent pre-V2 opposite-side territory witnesses on the same local biome transition; two shifted contexts agree; cumulative topology preserved
1325,971,65920,30848,66048,30976,0/1/14/255,0/1/25/255,T270,T281,S0460,brownLands,consistent pre-V2 opposite-side territory witnesses on the same local biome transition; two shifted contexts agree; cumulative topology preserved
1965,972,147840,30976,147968,31104,0/1/26/255,0/1/34/255,T282,T290,S0461,rhunLandHills,consistent pre-V2 opposite-side territory witnesses on the same local biome transition; two shifted contexts agree; cumulative topology preserved
2059,972,159872,30976,160000,31104,0/1/3/255,0/1/7/255,T259,T263,S0462,rhun,consistent pre-V2 opposite-side territory witnesses on the same local biome transition; two shifted contexts agree; cumulative topology preserved
1996,974,151808,31232,151936,31360,0/1/22/255,0/1/34/255,T278,T290,S0463,rhunLandHills,consistent pre-V2 opposite-side territory witnesses on the same local biome transition; two shifted contexts agree; cumulative topology preserved
1719,975,116352,31360,116480,31488,0/1/21/255,0/1/32/255,T277,T288,S0464,wilderland,consistent pre-V2 opposite-side territory witnesses on the same local biome transition; two shifted contexts agree; cumulative topology preserved
1961,975,147328,31360,147456,31488,0/1/34/255,0/1/26/255,T290,T282,S0465,rhunLand,consistent pre-V2 opposite-side territory witnesses on the same local biome transition; two shifted contexts agree; cumulative topology preserved
1962,975,147456,31360,147584,31488,0/1/34/255,0/1/26/255,T290,T282,S0465,rhunLand,consistent pre-V2 opposite-side territory witnesses on the same local biome transition; two shifted contexts agree; cumulative topology preserved
1994,975,151552,31360,151680,31488,0/1/22/255,0/1/34/255,T278,T290,S0466,rhunLandHills,consistent pre-V2 opposite-side territory witnesses on the same local biome transition; two shifted contexts agree; cumulative topology preserved
1224,978,52992,31744,53120,31872,0/1/31/255,0/1/30/255,T287,T286,S0467,wold,consistent pre-V2 opposite-side territory witnesses on the same local biome transition; two shifted contexts agree; cumulative topology preserved
2062,978,160256,31744,160384,31872,0/1/3/255,0/1/7/255,T259,T263,S0468,rhun,consistent pre-V2 opposite-side territory witnesses on the same local biome transition; two shifted contexts agree; cumulative topology preserved
2274,978,187392,31744,187520,31872,0/1/20/255,0/1/47/255,T276,T303,S0469,rhun,consistent pre-V2 opposite-side territory witnesses on the same local biome transition; two shifted contexts agree; cumulative topology preserved
1225,979,53120,31872,53248,32000,0/1/31/255,0/1/30/255,T287,T286,S0467,wold,consistent pre-V2 opposite-side territory witnesses on the same local biome transition; two shifted contexts agree; cumulative topology preserved
1507,979,89216,31872,89344,32000,0/1/42/255,0/1/32/255,T298,T288,S0470,wilderland,consistent pre-V2 opposite-side territory witnesses on the same local biome transition; two shifted contexts agree; cumulative topology preserved
2062,979,160256,31872,160384,32000,0/1/3/255,0/1/7/255,T259,T263,S0468,rhun,consistent pre-V2 opposite-side territory witnesses on the same local biome transition; two shifted contexts agree; cumulative topology preserved
1513,980,89984,32000,90112,32128,0/1/42/255,0/1/32/255,T298,T288,S0471,wilderland,consistent pre-V2 opposite-side territory witnesses on the same local biome transition; two shifted contexts agree; cumulative topology preserved
1957,980,146816,32000,146944,32128,0/1/34/255,0/1/26/255,T290,T282,S0472,rhunLand,consistent pre-V2 opposite-side territory witnesses on the same local biome transition; two shifted contexts agree; cumulative topology preserved
2062,980,160256,32000,160384,32128,0/1/3/255,0/1/7/255,T259,T263,S0468,rhun,consistent pre-V2 opposite-side territory witnesses on the same local biome transition; two shifted contexts agree; cumulative topology preserved
2275,980,187520,32000,187648,32128,0/1/47/255,0/1/20/255,T303,T276,S0473,rhunForest,consistent pre-V2 opposite-side territory witnesses on the same local biome transition; two shifted contexts agree; cumulative topology preserved
1515,981,90240,32128,90368,32256,0/1/42/255,0/1/32/255,T298,T288,S0474,wilderland,consistent pre-V2 opposite-side territory witnesses on the same local biome transition; two shifted contexts agree; cumulative topology preserved
1516,981,90368,32128,90496,32256,0/1/42/255,0/1/32/255,T298,T288,S0474,wilderland,consistent pre-V2 opposite-side territory witnesses on the same local biome transition; two shifted contexts agree; cumulative topology preserved
1517,981,90496,32128,90624,32256,0/1/42/255,0/1/32/255,T298,T288,S0474,wilderland,consistent pre-V2 opposite-side territory witnesses on the same local biome transition; two shifted contexts agree; cumulative topology preserved
1721,981,116608,32128,116736,32256,0/1/21/255,0/1/32/255,T277,T288,S0475,wilderland,consistent pre-V2 opposite-side territory witnesses on the same local biome transition; two shifted contexts agree; cumulative topology preserved
1228,982,53504,32256,53632,32384,0/1/31/255,0/1/30/255,T287,T286,S0476,wold,consistent pre-V2 opposite-side territory witnesses on the same local biome transition; two shifted contexts agree; cumulative topology preserved
1518,982,90624,32256,90752,32384,0/1/42/255,0/1/32/255,T298,T288,S0474,wilderland,consistent pre-V2 opposite-side territory witnesses on the same local biome transition; two shifted contexts agree; cumulative topology preserved
1721,982,116608,32256,116736,32384,0/1/21/255,0/1/32/255,T277,T288,S0475,wilderland,consistent pre-V2 opposite-side territory witnesses on the same local biome transition; two shifted contexts agree; cumulative topology preserved
1229,983,53632,32384,53760,32512,0/1/31/255,0/1/30/255,T287,T286,S0476,wold,consistent pre-V2 opposite-side territory witnesses on the same local biome transition; two shifted contexts agree; cumulative topology preserved
1520,983,90880,32384,91008,32512,0/1/42/255,0/1/32/255,T298,T288,S0477,wilderland,consistent pre-V2 opposite-side territory witnesses on the same local biome transition; two shifted contexts agree; cumulative topology preserved
1721,983,116608,32384,116736,32512,0/1/21/255,0/1/32/255,T277,T288,S0475,wilderland,consistent pre-V2 opposite-side territory witnesses on the same local biome transition; two shifted contexts agree; cumulative topology preserved
2063,983,160384,32384,160512,32512,0/1/3/255,0/1/7/255,T259,T263,S0478,rhun,consistent pre-V2 opposite-side territory witnesses on the same local biome transition; two shifted contexts agree; cumulative topology preserved
2276,983,187648,32384,187776,32512,0/1/20/255,0/1/47/255,T276,T303,S0479,rhun,consistent pre-V2 opposite-side territory witnesses on the same local biome transition; two shifted contexts agree; cumulative topology preserved
1521,984,91008,32512,91136,32640,0/1/42/255,0/1/32/255,T298,T288,S0477,wilderland,consistent pre-V2 opposite-side territory witnesses on the same local biome transition; two shifted contexts agree; cumulative topology preserved
1721,984,116608,32512,116736,32640,0/1/21/255,0/1/32/255,T277,T288,S0475,wilderland,consistent pre-V2 opposite-side territory witnesses on the same local biome transition; two shifted contexts agree; cumulative topology preserved
2064,984,160512,32512,160640,32640,0/1/3/255,0/1/7/255,T259,T263,S0478,rhun,consistent pre-V2 opposite-side territory witnesses on the same local biome transition; two shifted contexts agree; cumulative topology preserved
1721,985,116608,32640,116736,32768,0/1/21/255,0/1/32/255,T277,T288,S0475,wilderland,consistent pre-V2 opposite-side territory witnesses on the same local biome transition; two shifted contexts agree; cumulative topology preserved
2277,985,187776,32640,187904,32768,0/1/20/255,0/1/47/255,T276,T303,S0480,rhun,consistent pre-V2 opposite-side territory witnesses on the same local biome transition; two shifted contexts agree; cumulative topology preserved
1522,986,91136,32768,91264,32896,0/1/42/255,0/1/32/255,T298,T288,S0481,wilderland,consistent pre-V2 opposite-side territory witnesses on the same local biome transition; two shifted contexts agree; cumulative topology preserved
1721,986,116608,32768,116736,32896,0/1/21/255,0/1/32/255,T277,T288,S0475,wilderland,consistent pre-V2 opposite-side territory witnesses on the same local biome transition; two shifted contexts agree; cumulative topology preserved
2065,986,160640,32768,160768,32896,0/1/3/255,0/1/7/255,T259,T263,S0482,rhun,consistent pre-V2 opposite-side territory witnesses on the same local biome transition; two shifted contexts agree; cumulative topology preserved
2277,986,187776,32768,187904,32896,0/1/20/255,0/1/47/255,T276,T303,S0480,rhun,consistent pre-V2 opposite-side territory witnesses on the same local biome transition; two shifted contexts agree; cumulative topology preserved
1523,987,91264,32896,91392,33024,0/1/42/255,0/1/32/255,T298,T288,S0481,wilderland,consistent pre-V2 opposite-side territory witnesses on the same local biome transition; two shifted contexts agree; cumulative topology preserved
1721,987,116608,32896,116736,33024,0/1/21/255,0/1/32/255,T277,T288,S0475,wilderland,consistent pre-V2 opposite-side territory witnesses on the same local biome transition; two shifted contexts agree; cumulative topology preserved
2277,987,187776,32896,187904,33024,0/1/20/255,0/1/47/255,T276,T303,S0480,rhun,consistent pre-V2 opposite-side territory witnesses on the same local biome transition; two shifted contexts agree; cumulative topology preserved
1524,988,91392,33024,91520,33152,0/1/42/255,0/1/32/255,T298,T288,S0481,wilderland,consistent pre-V2 opposite-side territory witnesses on the same local biome transition; two shifted contexts agree; cumulative topology preserved
1525,988,91520,33024,91648,33152,0/1/42/255,0/1/32/255,T298,T288,S0481,wilderland,consistent pre-V2 opposite-side territory witnesses on the same local biome transition; two shifted contexts agree; cumulative topology preserved
2277,988,187776,33024,187904,33152,0/1/20/255,0/1/47/255,T276,T303,S0480,rhun,consistent pre-V2 opposite-side territory witnesses on the same local biome transition; two shifted contexts agree; cumulative topology preserved
1526,989,91648,33152,91776,33280,0/1/42/255,0/1/32/255,T298,T288,S0481,wilderland,consistent pre-V2 opposite-side territory witnesses on the same local biome transition; two shifted contexts agree; cumulative topology preserved
2066,989,160768,33152,160896,33280,0/1/3/255,0/1/7/255,T259,T263,S0483,rhun,consistent pre-V2 opposite-side territory witnesses on the same local biome transition; two shifted contexts agree; cumulative topology preserved
2277,989,187776,33152,187904,33280,0/1/20/255,0/1/47/255,T276,T303,S0480,rhun,consistent pre-V2 opposite-side territory witnesses on the same local biome transition; two shifted contexts agree; cumulative topology preserved
1229,991,53632,33408,53760,33536,0/1/31/255,0/1/30/255,T287,T286,S0484,wold,consistent pre-V2 opposite-side territory witnesses on the same local biome transition; two shifted contexts agree; cumulative topology preserved
1955,992,146560,33536,146688,33664,0/1/34/255,0/1/26/255,T290,T282,S0485,rhunLand,consistent pre-V2 opposite-side territory witnesses on the same local biome transition; two shifted contexts agree; cumulative topology preserved
2067,992,160896,33536,161024,33664,0/1/3/255,0/1/7/255,T259,T263,S0486,rhun,consistent pre-V2 opposite-side territory witnesses on the same local biome transition; two shifted contexts agree; cumulative topology preserved
2276,992,187648,33536,187776,33664,0/1/20/255,0/1/47/255,T276,T303,S0487,rhun,consistent pre-V2 opposite-side territory witnesses on the same local biome transition; two shifted contexts agree; cumulative topology preserved
1955,993,146560,33664,146688,33792,0/1/34/255,0/1/26/255,T290,T282,S0485,rhunLand,consistent pre-V2 opposite-side territory witnesses on the same local biome transition; two shifted contexts agree; cumulative topology preserved
1985,993,150400,33664,150528,33792,0/1/34/255,0/1/22/255,T290,T278,S0488,rhunLandSteppe,consistent pre-V2 opposite-side territory witnesses on the same local biome transition; two shifted contexts agree; cumulative topology preserved
1954,994,146432,33792,146560,33920,0/1/34/255,0/1/26/255,T290,T282,S0485,rhunLand,consistent pre-V2 opposite-side territory witnesses on the same local biome transition; two shifted contexts agree; cumulative topology preserved
2068,994,161024,33792,161152,33920,0/1/3/255,0/1/7/255,T259,T263,S0489,rhun,consistent pre-V2 opposite-side territory witnesses on the same local biome transition; two shifted contexts agree; cumulative topology preserved
1230,995,53760,33920,53888,34048,0/1/31/255,0/1/30/255,T287,T286,S0490,wold,consistent pre-V2 opposite-side territory witnesses on the same local biome transition; two shifted contexts agree; cumulative topology preserved
1771,995,123008,33920,123136,34048,0/1/21/255,0/1/19/255,T277,T275,S0491,dorwinion,consistent pre-V2 opposite-side territory witnesses on the same local biome transition; two shifted contexts agree; cumulative topology preserved
2068,995,161024,33920,161152,34048,0/1/3/255,0/1/7/255,T259,T263,S0489,rhun,consistent pre-V2 opposite-side territory witnesses on the same local biome transition; two shifted contexts agree; cumulative topology preserved
2273,995,187264,33920,187392,34048,0/1/20/255,0/1/47/255,T276,T303,S0492,rhun,consistent pre-V2 opposite-side territory witnesses on the same local biome transition; two shifted contexts agree; cumulative topology preserved
1231,996,53888,34048,54016,34176,0/1/31/255,0/1/30/255,T287,T286,S0490,wold,consistent pre-V2 opposite-side territory witnesses on the same local biome transition; two shifted contexts agree; cumulative topology preserved
1951,997,146048,34176,146176,34304,0/1/34/255,0/1/26/255,T290,T282,S0493,rhunLand,consistent pre-V2 opposite-side territory witnesses on the same local biome transition; two shifted contexts agree; cumulative topology preserved
1988,997,150784,34176,150912,34304,0/1/34/255,0/1/22/255,T290,T278,S0494,rhunLandSteppe,consistent pre-V2 opposite-side territory witnesses on the same local biome transition; two shifted contexts agree; cumulative topology preserved
1987,999,150656,34432,150784,34560,0/1/34/255,0/1/22/255,T290,T278,S0495,rhunLandSteppe,consistent pre-V2 opposite-side territory witnesses on the same local biome transition; two shifted contexts agree; cumulative topology preserved
2271,999,187008,34432,187136,34560,0/1/20/255,0/1/47/255,T276,T303,S0496,rhun,consistent pre-V2 opposite-side territory witnesses on the same local biome transition; two shifted contexts agree; cumulative topology preserved
1231,1000,53888,34560,54016,34688,0/1/31/255,0/1/30/255,T287,T286,S0497,wold,consistent pre-V2 opposite-side territory witnesses on the same local biome transition; two shifted contexts agree; cumulative topology preserved
1950,1000,145920,34560,146048,34688,0/1/34/255,0/1/26/255,T290,T282,S0498,rhunLand,consistent pre-V2 opposite-side territory witnesses on the same local biome transition; two shifted contexts agree; cumulative topology preserved
2271,1000,187008,34560,187136,34688,0/1/20/255,0/1/47/255,T276,T303,S0496,rhun,consistent pre-V2 opposite-side territory witnesses on the same local biome transition; two shifted contexts agree; cumulative topology preserved
2271,1001,187008,34688,187136,34816,0/1/20/255,0/1/47/255,T276,T303,S0496,rhun,consistent pre-V2 opposite-side territory witnesses on the same local biome transition; two shifted contexts agree; cumulative topology preserved
1230,1002,53760,34816,53888,34944,0/1/31/255,0/1/30/255,T287,T286,S0499,wold,consistent pre-V2 opposite-side territory witnesses on the same local biome transition; two shifted contexts agree; cumulative topology preserved
1538,1002,93184,34816,93312,34944,0/1/42/255,0/1/32/255,T298,T288,S0500,wilderland,consistent pre-V2 opposite-side territory witnesses on the same local biome transition; two shifted contexts agree; cumulative topology preserved
2271,1002,187008,34816,187136,34944,0/1/20/255,0/1/47/255,T276,T303,S0496,rhun,consistent pre-V2 opposite-side territory witnesses on the same local biome transition; two shifted contexts agree; cumulative topology preserved
1230,1003,53760,34944,53888,35072,0/1/31/255,0/1/30/255,T287,T286,S0499,wold,consistent pre-V2 opposite-side territory witnesses on the same local biome transition; two shifted contexts agree; cumulative topology preserved
2046,1003,158208,34944,158336,35072,0/1/46/255,0/1/52/255,T302,T308,S0501,rhun,consistent pre-V2 opposite-side territory witnesses on the same local biome transition; two shifted contexts agree; cumulative topology preserved
2047,1003,158336,34944,158464,35072,0/1/46/255,0/1/52/255,T302,T308,S0501,rhun,consistent pre-V2 opposite-side territory witnesses on the same local biome transition; two shifted contexts agree; cumulative topology preserved
1230,1004,53760,35072,53888,35200,0/1/31/255,0/1/30/255,T287,T286,S0499,wold,consistent pre-V2 opposite-side territory witnesses on the same local biome transition; two shifted contexts agree; cumulative topology preserved
1983,1004,150144,35072,150272,35200,0/1/34/255,0/1/22/255,T290,T278,S0502,rhunLandSteppe,consistent pre-V2 opposite-side territory witnesses on the same local biome transition; two shifted contexts agree; cumulative topology preserved
2049,1004,158592,35072,158720,35200,0/1/46/255,0/1/52/255,T302,T308,S0503,rhun,consistent pre-V2 opposite-side territory witnesses on the same local biome transition; two shifted contexts agree; cumulative topology preserved
2050,1004,158720,35072,158848,35200,0/1/46/255,0/1/52/255,T302,T308,S0503,rhun,consistent pre-V2 opposite-side territory witnesses on the same local biome transition; two shifted contexts agree; cumulative topology preserved
1982,1005,150016,35200,150144,35328,0/1/34/255,0/1/22/255,T290,T278,S0502,rhunLandSteppe,consistent pre-V2 opposite-side territory witnesses on the same local biome transition; two shifted contexts agree; cumulative topology preserved
2052,1005,158976,35200,159104,35328,0/1/46/255,0/1/52/255,T302,T308,S0504,rhun,consistent pre-V2 opposite-side territory witnesses on the same local biome transition; two shifted contexts agree; cumulative topology preserved
2059,1005,159872,35200,160000,35328,0/1/46/255,0/1/52/255,T302,T308,S0505,rhun,consistent pre-V2 opposite-side territory witnesses on the same local biome transition; two shifted contexts agree; cumulative topology preserved
2060,1005,160000,35200,160128,35328,0/1/46/255,0/1/52/255,T302,T308,S0505,rhun,consistent pre-V2 opposite-side territory witnesses on the same local biome transition; two shifted contexts agree; cumulative topology preserved
2061,1005,160128,35200,160256,35328,0/1/46/255,0/1/52/255,T302,T308,S0505,rhun,consistent pre-V2 opposite-side territory witnesses on the same local biome transition; two shifted contexts agree; cumulative topology preserved
1735,1006,118400,35328,118528,35456,0/1/21/255,0/1/63/255,T277,T319,S0506,wilderland,consistent pre-V2 opposite-side territory witnesses on the same local biome transition; two shifted contexts agree; cumulative topology preserved
1736,1006,118528,35328,118656,35456,0/1/21/255,0/1/63/255,T277,T319,S0506,wilderland,consistent pre-V2 opposite-side territory witnesses on the same local biome transition; two shifted contexts agree; cumulative topology preserved
1737,1006,118656,35328,118784,35456,0/1/21/255,0/1/63/255,T277,T319,S0506,wilderland,consistent pre-V2 opposite-side territory witnesses on the same local biome transition; two shifted contexts agree; cumulative topology preserved
1738,1006,118784,35328,118912,35456,0/1/21/255,0/1/63/255,T277,T319,S0506,wilderland,consistent pre-V2 opposite-side territory witnesses on the same local biome transition; two shifted contexts agree; cumulative topology preserved
2037,1006,157056,35328,157184,35456,0/1/46/255,0/1/52/255,T302,T308,S0507,rhun,consistent pre-V2 opposite-side territory witnesses on the same local biome transition; two shifted contexts agree; cumulative topology preserved
2055,1006,159360,35328,159488,35456,0/1/46/255,0/1/52/255,T302,T308,S0505,rhun,consistent pre-V2 opposite-side territory witnesses on the same local biome transition; two shifted contexts agree; cumulative topology preserved
2056,1006,159488,35328,159616,35456,0/1/46/255,0/1/52/255,T302,T308,S0505,rhun,consistent pre-V2 opposite-side territory witnesses on the same local biome transition; two shifted contexts agree; cumulative topology preserved
2057,1006,159616,35328,159744,35456,0/1/46/255,0/1/52/255,T302,T308,S0505,rhun,consistent pre-V2 opposite-side territory witnesses on the same local biome transition; two shifted contexts agree; cumulative topology preserved
2058,1006,159744,35328,159872,35456,0/1/46/255,0/1/52/255,T302,T308,S0505,rhun,consistent pre-V2 opposite-side territory witnesses on the same local biome transition; two shifted contexts agree; cumulative topology preserved
1540,1007,93440,35456,93568,35584,0/1/42/255,0/1/32/255,T298,T288,S0508,wilderland,consistent pre-V2 opposite-side territory witnesses on the same local biome transition; two shifted contexts agree; cumulative topology preserved
1733,1007,118144,35456,118272,35584,0/1/21/255,0/1/63/255,T277,T319,S0509,wilderland,consistent pre-V2 opposite-side territory witnesses on the same local biome transition; two shifted contexts agree; cumulative topology preserved
1743,1007,119424,35456,119552,35584,0/1/63/255,0/1/21/255,T319,T277,S0510,dorwinionHills,consistent pre-V2 opposite-side territory witnesses on the same local biome transition; two shifted contexts agree; cumulative topology preserved
1949,1007,145792,35456,145920,35584,0/1/34/255,0/1/26/255,T290,T282,S0511,rhunLand,consistent pre-V2 opposite-side territory witnesses on the same local biome transition; two shifted contexts agree; cumulative topology preserved
1745,1009,119680,35712,119808,35840,0/1/21/255,0/1/63/255,T277,T319,S0512,wilderland,consistent pre-V2 opposite-side territory witnesses on the same local biome transition; two shifted contexts agree; cumulative topology preserved
2034,1009,156672,35712,156800,35840,0/1/46/255,0/1/52/255,T302,T308,S0513,rhun,consistent pre-V2 opposite-side territory witnesses on the same local biome transition; two shifted contexts agree; cumulative topology preserved
1229,1010,53632,35840,53760,35968,0/1/31/255,0/1/30/255,T287,T286,S0514,wold,consistent pre-V2 opposite-side territory witnesses on the same local biome transition; two shifted contexts agree; cumulative topology preserved
2270,1010,186880,35840,187008,35968,0/1/20/255,0/1/47/255,T276,T303,S0515,rhun,consistent pre-V2 opposite-side territory witnesses on the same local biome transition; two shifted contexts agree; cumulative topology preserved
2033,1011,156544,35968,156672,36096,0/1/46/255,0/1/52/255,T302,T308,S0516,rhun,consistent pre-V2 opposite-side territory witnesses on the same local biome transition; two shifted contexts agree; cumulative topology preserved
2270,1011,186880,35968,187008,36096,0/1/20/255,0/1/47/255,T276,T303,S0515,rhun,consistent pre-V2 opposite-side territory witnesses on the same local biome transition; two shifted contexts agree; cumulative topology preserved
1239,1012,54912,36096,55040,36224,0/1/30/255,0/1/51/255,T286,T307,S0517,rohan,consistent pre-V2 opposite-side territory witnesses on the same local biome transition; two shifted contexts agree; cumulative topology preserved
1546,1012,94208,36096,94336,36224,0/1/42/255,0/1/32/255,T298,T288,S0518,wilderland,consistent pre-V2 opposite-side territory witnesses on the same local biome transition; two shifted contexts agree; cumulative topology preserved
1243,1013,55424,36224,55552,36352,0/1/30/255,0/1/51/255,T286,T307,S0519,rohan,consistent pre-V2 opposite-side territory witnesses on the same local biome transition; two shifted contexts agree; cumulative topology preserved
1548,1013,94464,36224,94592,36352,0/1/42/255,0/1/32/255,T298,T288,S0520,wilderland,consistent pre-V2 opposite-side territory witnesses on the same local biome transition; two shifted contexts agree; cumulative topology preserved
2032,1013,156416,36224,156544,36352,0/1/46/255,0/1/52/255,T302,T308,S0521,rhun,consistent pre-V2 opposite-side territory witnesses on the same local biome transition; two shifted contexts agree; cumulative topology preserved
2271,1013,187008,36224,187136,36352,0/1/20/255,0/1/47/255,T276,T303,S0522,rhun,consistent pre-V2 opposite-side territory witnesses on the same local biome transition; two shifted contexts agree; cumulative topology preserved
1753,1014,120704,36352,120832,36480,0/1/21/255,0/1/63/255,T277,T319,S0523,wilderland,consistent pre-V2 opposite-side territory witnesses on the same local biome transition; two shifted contexts agree; cumulative topology preserved
2032,1014,156416,36352,156544,36480,0/1/46/255,0/1/52/255,T302,T308,S0521,rhun,consistent pre-V2 opposite-side territory witnesses on the same local biome transition; two shifted contexts agree; cumulative topology preserved
2271,1014,187008,36352,187136,36480,0/1/20/255,0/1/47/255,T276,T303,S0522,rhun,consistent pre-V2 opposite-side territory witnesses on the same local biome transition; two shifted contexts agree; cumulative topology preserved
1247,1015,55936,36480,56064,36608,0/1/51/255,0/1/30/255,T307,T286,S0524,wold,consistent pre-V2 opposite-side territory witnesses on the same local biome transition; two shifted contexts agree; cumulative topology preserved
1754,1015,120832,36480,120960,36608,0/1/21/255,0/1/63/255,T277,T319,S0523,wilderland,consistent pre-V2 opposite-side territory witnesses on the same local biome transition; two shifted contexts agree; cumulative topology preserved
2271,1015,187008,36480,187136,36608,0/1/20/255,0/1/47/255,T276,T303,S0522,rhun,consistent pre-V2 opposite-side territory witnesses on the same local biome transition; two shifted contexts agree; cumulative topology preserved
1249,1016,56192,36608,56320,36736,0/1/30/255,0/1/51/255,T286,T307,S0525,rohan,consistent pre-V2 opposite-side territory witnesses on the same local biome transition; two shifted contexts agree; cumulative topology preserved
1250,1016,56320,36608,56448,36736,0/1/30/255,0/1/51/255,T286,T307,S0525,rohan,consistent pre-V2 opposite-side territory witnesses on the same local biome transition; two shifted contexts agree; cumulative topology preserved
1552,1016,94976,36608,95104,36736,0/1/42/255,0/1/32/255,T298,T288,S0526,wilderland,consistent pre-V2 opposite-side territory witnesses on the same local biome transition; two shifted contexts agree; cumulative topology preserved
1754,1016,120832,36608,120960,36736,0/1/21/255,0/1/63/255,T277,T319,S0523,wilderland,consistent pre-V2 opposite-side territory witnesses on the same local biome transition; two shifted contexts agree; cumulative topology preserved
2031,1016,156288,36608,156416,36736,0/1/46/255,0/1/52/255,T302,T308,S0527,rhun,consistent pre-V2 opposite-side territory witnesses on the same local biome transition; two shifted contexts agree; cumulative topology preserved
2271,1016,187008,36608,187136,36736,0/1/20/255,0/1/47/255,T276,T303,S0522,rhun,consistent pre-V2 opposite-side territory witnesses on the same local biome transition; two shifted contexts agree; cumulative topology preserved
1939,1017,144512,36736,144640,36864,0/1/34/255,0/1/26/255,T290,T282,S0528,rhunLand,consistent pre-V2 opposite-side territory witnesses on the same local biome transition; two shifted contexts agree; cumulative topology preserved
1940,1017,144640,36736,144768,36864,0/1/34/255,0/1/26/255,T290,T282,S0528,rhunLand,consistent pre-V2 opposite-side territory witnesses on the same local biome transition; two shifted contexts agree; cumulative topology preserved
1941,1017,144768,36736,144896,36864,0/1/34/255,0/1/26/255,T290,T282,S0528,rhunLand,consistent pre-V2 opposite-side territory witnesses on the same local biome transition; two shifted contexts agree; cumulative topology preserved
2031,1017,156288,36736,156416,36864,0/1/46/255,0/1/52/255,T302,T308,S0527,rhun,consistent pre-V2 opposite-side territory witnesses on the same local biome transition; two shifted contexts agree; cumulative topology preserved
2271,1017,187008,36736,187136,36864,0/1/20/255,0/1/47/255,T276,T303,S0522,rhun,consistent pre-V2 opposite-side territory witnesses on the same local biome transition; two shifted contexts agree; cumulative topology preserved
1786,1018,124928,36864,125056,36992,0/1/21/255,0/1/40/255,T277,T296,S0529,rhunLand,consistent pre-V2 opposite-side territory witnesses on the same local biome transition; two shifted contexts agree; cumulative topology preserved
2031,1018,156288,36864,156416,36992,0/1/46/255,0/1/52/255,T302,T308,S0527,rhun,consistent pre-V2 opposite-side territory witnesses on the same local biome transition; two shifted contexts agree; cumulative topology preserved
2272,1018,187136,36864,187264,36992,0/1/20/255,0/1/47/255,T276,T303,S0522,rhun,consistent pre-V2 opposite-side territory witnesses on the same local biome transition; two shifted contexts agree; cumulative topology preserved
1553,1019,95104,36992,95232,37120,0/1/42/255,0/1/32/255,T298,T288,S0531,wilderland,consistent pre-V2 opposite-side territory witnesses on the same local biome transition; two shifted contexts agree; cumulative topology preserved
2031,1019,156288,36992,156416,37120,0/1/46/255,0/1/52/255,T302,T308,S0527,rhun,consistent pre-V2 opposite-side territory witnesses on the same local biome transition; two shifted contexts agree; cumulative topology preserved
1554,1020,95232,37120,95360,37248,0/1/42/255,0/1/32/255,T298,T288,S0531,wilderland,consistent pre-V2 opposite-side territory witnesses on the same local biome transition; two shifted contexts agree; cumulative topology preserved
1757,1020,121216,37120,121344,37248,0/1/21/255,0/1/63/255,T277,T319,S0532,wilderland,consistent pre-V2 opposite-side territory witnesses on the same local biome transition; two shifted contexts agree; cumulative topology preserved
1787,1020,125056,37120,125184,37248,0/1/40/255,0/1/21/255,T296,T277,S0533,dorwinionHills,consistent pre-V2 opposite-side territory witnesses on the same local biome transition; two shifted contexts agree; cumulative topology preserved
2030,1020,156160,37120,156288,37248,0/1/46/255,0/1/52/255,T302,T308,S0527,rhun,consistent pre-V2 opposite-side territory witnesses on the same local biome transition; two shifted contexts agree; cumulative topology preserved
1554,1021,95232,37248,95360,37376,0/1/42/255,0/1/32/255,T298,T288,S0531,wilderland,consistent pre-V2 opposite-side territory witnesses on the same local biome transition; two shifted contexts agree; cumulative topology preserved
2030,1021,156160,37248,156288,37376,0/1/46/255,0/1/52/255,T302,T308,S0527,rhun,consistent pre-V2 opposite-side territory witnesses on the same local biome transition; two shifted contexts agree; cumulative topology preserved
1227,1022,53376,37376,53504,37504,0/1/51/255,0/1/31/255,T307,T287,S0535,fangorn,consistent pre-V2 opposite-side territory witnesses on the same local biome transition; two shifted contexts agree; cumulative topology preserved
1255,1022,56960,37376,57088,37504,0/1/30/255,0/1/51/255,T286,T307,S0536,rohan,consistent pre-V2 opposite-side territory witnesses on the same local biome transition; two shifted contexts agree; cumulative topology preserved
1554,1022,95232,37376,95360,37504,0/1/42/255,0/1/32/255,T298,T288,S0531,wilderland,consistent pre-V2 opposite-side territory witnesses on the same local biome transition; two shifted contexts agree; cumulative topology preserved
1788,1022,125184,37376,125312,37504,0/1/21/255,0/1/40/255,T277,T296,S0537,rhunLand,consistent pre-V2 opposite-side territory witnesses on the same local biome transition; two shifted contexts agree; cumulative topology preserved
2030,1022,156160,37376,156288,37504,0/1/46/255,0/1/52/255,T302,T308,S0527,rhun,consistent pre-V2 opposite-side territory witnesses on the same local biome transition; two shifted contexts agree; cumulative topology preserved
1255,1023,56960,37504,57088,37632,0/1/30/255,0/1/51/255,T286,T307,S0536,rohan,consistent pre-V2 opposite-side territory witnesses on the same local biome transition; two shifted contexts agree; cumulative topology preserved
1982,1023,150016,37504,150144,37632,0/1/34/255,0/1/46/255,T290,T302,S0538,rhunLandSteppe,consistent pre-V2 opposite-side territory witnesses on the same local biome transition; two shifted contexts agree; cumulative topology preserved
2030,1023,156160,37504,156288,37632,0/1/46/255,0/1/52/255,T302,T308,S0527,rhun,consistent pre-V2 opposite-side territory witnesses on the same local biome transition; two shifted contexts agree; cumulative topology preserved
1226,1025,53248,37760,53376,37888,0/1/31/255,0/1/51/255,T287,T307,S0539,rohan,consistent pre-V2 opposite-side territory witnesses on the same local biome transition; two shifted contexts agree; cumulative topology preserved
1981,1026,149888,37888,150016,38016,0/1/34/255,0/1/46/255,T290,T302,S0540,rhunLandSteppe,consistent pre-V2 opposite-side territory witnesses on the same local biome transition; two shifted contexts agree; cumulative topology preserved
2029,1027,156032,38016,156160,38144,0/1/46/255,0/1/52/255,T302,T308,S0541,rhun,consistent pre-V2 opposite-side territory witnesses on the same local biome transition; two shifted contexts agree; cumulative topology preserved
2279,1028,188032,38144,188160,38272,0/1/20/255,0/1/47/255,T276,T303,S0542,rhun,consistent pre-V2 opposite-side territory witnesses on the same local biome transition; two shifted contexts agree; cumulative topology preserved
1322,1029,65536,38272,65664,38400,0/1/72/255,0/1/30/255,T328,T286,S0543,wold,consistent pre-V2 opposite-side territory witnesses on the same local biome transition; two shifted contexts agree; cumulative topology preserved
2280,1029,188160,38272,188288,38400,0/1/20/255,0/1/47/255,T276,T303,S0542,rhun,consistent pre-V2 opposite-side territory witnesses on the same local biome transition; two shifted contexts agree; cumulative topology preserved
2281,1030,188288,38400,188416,38528,0/1/20/255,0/1/47/255,T276,T303,S0542,rhun,consistent pre-V2 opposite-side territory witnesses on the same local biome transition; two shifted contexts agree; cumulative topology preserved
1226,1031,53248,38528,53376,38656,0/1/31/255,0/1/51/255,T287,T307,S0544,rohan,consistent pre-V2 opposite-side territory witnesses on the same local biome transition; two shifted contexts agree; cumulative topology preserved
2028,1031,155904,38528,156032,38656,0/1/46/255,0/1/52/255,T302,T308,S0545,rhun,consistent pre-V2 opposite-side territory witnesses on the same local biome transition; two shifted contexts agree; cumulative topology preserved
1796,1032,126208,38656,126336,38784,0/1/40/255,0/1/66/255,T296,T322,S0546,wilderland,consistent pre-V2 opposite-side territory witnesses on the same local biome transition; two shifted contexts agree; cumulative topology preserved
2286,1032,188928,38656,189056,38784,0/1/20/255,0/1/47/255,T276,T303,S0547,rhun,consistent pre-V2 opposite-side territory witnesses on the same local biome transition; two shifted contexts agree; cumulative topology preserved
2287,1032,189056,38656,189184,38784,0/1/20/255,0/1/47/255,T276,T303,S0547,rhun,consistent pre-V2 opposite-side territory witnesses on the same local biome transition; two shifted contexts agree; cumulative topology preserved
2288,1032,189184,38656,189312,38784,0/1/20/255,0/1/47/255,T276,T303,S0547,rhun,consistent pre-V2 opposite-side territory witnesses on the same local biome transition; two shifted contexts agree; cumulative topology preserved
1554,1033,95232,38784,95360,38912,0/1/42/255,0/1/32/255,T298,T288,S0548,wilderland,consistent pre-V2 opposite-side territory witnesses on the same local biome transition; two shifted contexts agree; cumulative topology preserved
1797,1033,126336,38784,126464,38912,0/1/40/255,0/1/66/255,T296,T322,S0546,wilderland,consistent pre-V2 opposite-side territory witnesses on the same local biome transition; two shifted contexts agree; cumulative topology preserved
1222,1034,52736,38912,52864,39040,0/1/31/255,0/1/51/255,T287,T307,S0549,rohan,consistent pre-V2 opposite-side territory witnesses on the same local biome transition; two shifted contexts agree; cumulative topology preserved
1314,1034,64512,38912,64640,39040,0/1/30/255,0/1/72/255,T286,T328,S0550,rohan,consistent pre-V2 opposite-side territory witnesses on the same local biome transition; two shifted contexts agree; cumulative topology preserved
1315,1034,64640,38912,64768,39040,0/1/30/255,0/1/72/255,T286,T328,S0550,rohan,consistent pre-V2 opposite-side territory witnesses on the same local biome transition; two shifted contexts agree; cumulative topology preserved
1554,1034,95232,38912,95360,39040,0/1/42/255,0/1/32/255,T298,T288,S0548,wilderland,consistent pre-V2 opposite-side territory witnesses on the same local biome transition; two shifted contexts agree; cumulative topology preserved
1798,1034,126464,38912,126592,39040,0/1/40/255,0/1/66/255,T296,T322,S0546,wilderland,consistent pre-V2 opposite-side territory witnesses on the same local biome transition; two shifted contexts agree; cumulative topology preserved
1310,1035,64000,39040,64128,39168,0/1/30/255,0/1/72/255,T286,T328,S0551,rohan,consistent pre-V2 opposite-side territory witnesses on the same local biome transition; two shifted contexts agree; cumulative topology preserved
1554,1035,95232,39040,95360,39168,0/1/42/255,0/1/32/255,T298,T288,S0548,wilderland,consistent pre-V2 opposite-side territory witnesses on the same local biome transition; two shifted contexts agree; cumulative topology preserved
1798,1035,126464,39040,126592,39168,0/1/40/255,0/1/66/255,T296,T322,S0546,wilderland,consistent pre-V2 opposite-side territory witnesses on the same local biome transition; two shifted contexts agree; cumulative topology preserved
2291,1035,189568,39040,189696,39168,0/1/20/255,0/1/47/255,T276,T303,S0552,rhun,consistent pre-V2 opposite-side territory witnesses on the same local biome transition; two shifted contexts agree; cumulative topology preserved
1219,1036,52352,39168,52480,39296,0/1/31/255,0/1/51/255,T287,T307,S0553,rohan,consistent pre-V2 opposite-side territory witnesses on the same local biome transition; two shifted contexts agree; cumulative topology preserved
1307,1036,63616,39168,63744,39296,0/1/30/255,0/1/72/255,T286,T328,S0554,rohan,consistent pre-V2 opposite-side territory witnesses on the same local biome transition; two shifted contexts agree; cumulative topology preserved
1212,1037,51456,39296,51584,39424,0/1/51/255,0/1/31/255,T307,T287,S0555,fangorn,consistent pre-V2 opposite-side territory witnesses on the same local biome transition; two shifted contexts agree; cumulative topology preserved
1555,1037,95360,39296,95488,39424,0/1/42/255,0/1/32/255,T298,T288,S0556,wilderland,consistent pre-V2 opposite-side territory witnesses on the same local biome transition; two shifted contexts agree; cumulative topology preserved
2318,1037,193024,39296,193152,39424,0/1/20/255,0/1/47/255,T276,T303,S0557,rhun,consistent pre-V2 opposite-side territory witnesses on the same local biome transition; two shifted contexts agree; cumulative topology preserved
2317,1038,192896,39424,193024,39552,0/1/20/255,0/1/47/255,T276,T303,S0557,rhun,consistent pre-V2 opposite-side territory witnesses on the same local biome transition; two shifted contexts agree; cumulative topology preserved
2321,1038,193408,39424,193536,39552,0/1/20/255,0/1/47/255,T276,T303,S0558,rhun,consistent pre-V2 opposite-side territory witnesses on the same local biome transition; two shifted contexts agree; cumulative topology preserved
1304,1039,63232,39552,63360,39680,0/1/30/255,0/1/72/255,T286,T328,S0559,rohan,consistent pre-V2 opposite-side territory witnesses on the same local biome transition; two shifted contexts agree; cumulative topology preserved
2315,1039,192640,39552,192768,39680,0/1/20/255,0/1/47/255,T276,T303,S0560,rhun,consistent pre-V2 opposite-side territory witnesses on the same local biome transition; two shifted contexts agree; cumulative topology preserved
1797,1040,126336,39680,126464,39808,0/1/66/255,0/1/40/255,T322,T296,S0561,rhunLandHills,consistent pre-V2 opposite-side territory witnesses on the same local biome transition; two shifted contexts agree; cumulative topology preserved
2297,1040,190336,39680,190464,39808,0/1/20/255,0/1/47/255,T276,T303,S0562,rhun,consistent pre-V2 opposite-side territory witnesses on the same local biome transition; two shifted contexts agree; cumulative topology preserved
2324,1040,193792,39680,193920,39808,0/1/20/255,0/1/47/255,T276,T303,S0563,rhun,consistent pre-V2 opposite-side territory witnesses on the same local biome transition; two shifted contexts agree; cumulative topology preserved
1558,1041,95744,39808,95872,39936,0/1/42/255,0/1/32/255,T298,T288,S0564,wilderland,consistent pre-V2 opposite-side territory witnesses on the same local biome transition; two shifted contexts agree; cumulative topology preserved
2325,1041,193920,39808,194048,39936,0/1/20/255,0/1/47/255,T276,T303,S0563,rhun,consistent pre-V2 opposite-side territory witnesses on the same local biome transition; two shifted contexts agree; cumulative topology preserved
2306,1042,191488,39936,191616,40064,0/1/20/255,0/1/47/255,T276,T303,S0565,rhun,consistent pre-V2 opposite-side territory witnesses on the same local biome transition; two shifted contexts agree; cumulative topology preserved
1800,1044,126720,40192,126848,40320,0/1/40/255,0/1/66/255,T296,T322,S0566,wilderland,consistent pre-V2 opposite-side territory witnesses on the same local biome transition; two shifted contexts agree; cumulative topology preserved
1880,1045,136960,40320,137088,40448,0/1/34/255,0/1/56/255,T290,T312,S0567,rhunLand,consistent pre-V2 opposite-side territory witnesses on the same local biome transition; two shifted contexts agree; cumulative topology preserved
1801,1046,126848,40448,126976,40576,0/1/40/255,0/1/66/255,T296,T322,S0568,wilderland,consistent pre-V2 opposite-side territory witnesses on the same local biome transition; two shifted contexts agree; cumulative topology preserved
1878,1046,136704,40448,136832,40576,0/1/34/255,0/1/56/255,T290,T312,S0569,rhunLand,consistent pre-V2 opposite-side territory witnesses on the same local biome transition; two shifted contexts agree; cumulative topology preserved
1877,1047,136576,40576,136704,40704,0/1/34/255,0/1/56/255,T290,T312,S0569,rhunLand,consistent pre-V2 opposite-side territory witnesses on the same local biome transition; two shifted contexts agree; cumulative topology preserved
1916,1050,141568,40960,141696,41088,0/1/34/255,0/1/56/255,T290,T312,S0570,rhunLandSteppe,consistent pre-V2 opposite-side territory witnesses on the same local biome transition; two shifted contexts agree; cumulative topology preserved
1917,1050,141696,40960,141824,41088,0/1/34/255,0/1/56/255,T290,T312,S0570,rhunLandSteppe,consistent pre-V2 opposite-side territory witnesses on the same local biome transition; two shifted contexts agree; cumulative topology preserved
1918,1050,141824,40960,141952,41088,0/1/34/255,0/1/56/255,T290,T312,S0570,rhunLandSteppe,consistent pre-V2 opposite-side territory witnesses on the same local biome transition; two shifted contexts agree; cumulative topology preserved
1807,1052,127616,41216,127744,41344,0/1/66/255,0/1/40/255,T322,T296,S0571,rhunLandHills,consistent pre-V2 opposite-side territory witnesses on the same local biome transition; two shifted contexts agree; cumulative topology preserved
1908,1052,140544,41216,140672,41344,0/1/34/255,0/1/56/255,T290,T312,S0572,rhunLandSteppe,consistent pre-V2 opposite-side territory witnesses on the same local biome transition; two shifted contexts agree; cumulative topology preserved
1909,1052,140672,41216,140800,41344,0/1/34/255,0/1/56/255,T290,T312,S0572,rhunLandSteppe,consistent pre-V2 opposite-side territory witnesses on the same local biome transition; two shifted contexts agree; cumulative topology preserved
1913,1052,141184,41216,141312,41344,0/1/34/255,0/1/56/255,T290,T312,S0573,rhunLandSteppe,consistent pre-V2 opposite-side territory witnesses on the same local biome transition; two shifted contexts agree; cumulative topology preserved
1927,1052,142976,41216,143104,41344,0/1/34/255,0/1/56/255,T290,T312,S0574,rhunLandSteppe,consistent pre-V2 opposite-side territory witnesses on the same local biome transition; two shifted contexts agree; cumulative topology preserved
1809,1053,127872,41344,128000,41472,0/1/66/255,0/1/40/255,T322,T296,S0575,rhunLandHills,consistent pre-V2 opposite-side territory witnesses on the same local biome transition; two shifted contexts agree; cumulative topology preserved
1810,1053,128000,41344,128128,41472,0/1/66/255,0/1/40/255,T322,T296,S0575,rhunLandHills,consistent pre-V2 opposite-side territory witnesses on the same local biome transition; two shifted contexts agree; cumulative topology preserved
1874,1054,136192,41472,136320,41600,0/1/34/255,0/1/56/255,T290,T312,S0576,rhunLand,consistent pre-V2 opposite-side territory witnesses on the same local biome transition; two shifted contexts agree; cumulative topology preserved
1875,1055,136320,41600,136448,41728,0/1/34/255,0/1/56/255,T290,T312,S0576,rhunLand,consistent pre-V2 opposite-side territory witnesses on the same local biome transition; two shifted contexts agree; cumulative topology preserved
1904,1055,140032,41600,140160,41728,0/1/34/255,0/1/56/255,T290,T312,S0577,rhunLandSteppe,consistent pre-V2 opposite-side territory witnesses on the same local biome transition; two shifted contexts agree; cumulative topology preserved
1903,1056,139904,41728,140032,41856,0/1/34/255,0/1/56/255,T290,T312,S0577,rhunLandSteppe,consistent pre-V2 opposite-side territory witnesses on the same local biome transition; two shifted contexts agree; cumulative topology preserved
1816,1057,128768,41856,128896,41984,0/1/66/255,0/1/40/255,T322,T296,S0578,rhunLandHills,consistent pre-V2 opposite-side territory witnesses on the same local biome transition; two shifted contexts agree; cumulative topology preserved
1817,1057,128896,41856,129024,41984,0/1/66/255,0/1/40/255,T322,T296,S0578,rhunLandHills,consistent pre-V2 opposite-side territory witnesses on the same local biome transition; two shifted contexts agree; cumulative topology preserved
1819,1058,129152,41984,129280,42112,0/1/40/255,0/1/66/255,T296,T322,S0579,wilderland,consistent pre-V2 opposite-side territory witnesses on the same local biome transition; two shifted contexts agree; cumulative topology preserved
1901,1058,139648,41984,139776,42112,0/1/34/255,0/1/56/255,T290,T312,S0580,rhunLandSteppe,consistent pre-V2 opposite-side territory witnesses on the same local biome transition; two shifted contexts agree; cumulative topology preserved
1822,1059,129536,42112,129664,42240,0/1/40/255,0/1/66/255,T296,T322,S0581,wilderland,consistent pre-V2 opposite-side territory witnesses on the same local biome transition; two shifted contexts agree; cumulative topology preserved
1883,1059,137344,42112,137472,42240,0/1/34/255,0/1/56/255,T290,T312,S0582,rhunLandSteppe,consistent pre-V2 opposite-side territory witnesses on the same local biome transition; two shifted contexts agree; cumulative topology preserved
1884,1059,137472,42112,137600,42240,0/1/34/255,0/1/56/255,T290,T312,S0582,rhunLandSteppe,consistent pre-V2 opposite-side territory witnesses on the same local biome transition; two shifted contexts agree; cumulative topology preserved
1885,1059,137600,42112,137728,42240,0/1/34/255,0/1/56/255,T290,T312,S0582,rhunLandSteppe,consistent pre-V2 opposite-side territory witnesses on the same local biome transition; two shifted contexts agree; cumulative topology preserved
1886,1059,137728,42112,137856,42240,0/1/34/255,0/1/56/255,T290,T312,S0582,rhunLandSteppe,consistent pre-V2 opposite-side territory witnesses on the same local biome transition; two shifted contexts agree; cumulative topology preserved
1887,1059,137856,42112,137984,42240,0/1/34/255,0/1/56/255,T290,T312,S0582,rhunLandSteppe,consistent pre-V2 opposite-side territory witnesses on the same local biome transition; two shifted contexts agree; cumulative topology preserved
1823,1060,129664,42240,129792,42368,0/1/40/255,0/1/66/255,T296,T322,S0581,wilderland,consistent pre-V2 opposite-side territory witnesses on the same local biome transition; two shifted contexts agree; cumulative topology preserved
1888,1060,137984,42240,138112,42368,0/1/34/255,0/1/56/255,T290,T312,S0582,rhunLandSteppe,consistent pre-V2 opposite-side territory witnesses on the same local biome transition; two shifted contexts agree; cumulative topology preserved
1889,1060,138112,42240,138240,42368,0/1/34/255,0/1/56/255,T290,T312,S0582,rhunLandSteppe,consistent pre-V2 opposite-side territory witnesses on the same local biome transition; two shifted contexts agree; cumulative topology preserved
1890,1060,138240,42240,138368,42368,0/1/34/255,0/1/56/255,T290,T312,S0582,rhunLandSteppe,consistent pre-V2 opposite-side territory witnesses on the same local biome transition; two shifted contexts agree; cumulative topology preserved
1827,1063,130176,42624,130304,42752,0/1/40/255,0/1/66/255,T296,T322,S0583,wilderland,consistent pre-V2 opposite-side territory witnesses on the same local biome transition; two shifted contexts agree; cumulative topology preserved
1828,1064,130304,42752,130432,42880,0/1/40/255,0/1/66/255,T296,T322,S0583,wilderland,consistent pre-V2 opposite-side territory witnesses on the same local biome transition; two shifted contexts agree; cumulative topology preserved
1829,1065,130432,42880,130560,43008,0/1/40/255,0/1/66/255,T296,T322,S0583,wilderland,consistent pre-V2 opposite-side territory witnesses on the same local biome transition; two shifted contexts agree; cumulative topology preserved
1830,1067,130560,43136,130688,43264,0/1/40/255,0/1/66/255,T296,T322,S0584,wilderland,consistent pre-V2 opposite-side territory witnesses on the same local biome transition; two shifted contexts agree; cumulative topology preserved
1117,1068,39296,43264,39424,43392,0/1/55/255,0/1/67/255,T311,T323,S0585,rohan,consistent pre-V2 opposite-side territory witnesses on the same local biome transition; two shifted contexts agree; cumulative topology preserved
1118,1068,39424,43264,39552,43392,0/1/55/255,0/1/67/255,T311,T323,S0585,rohan,consistent pre-V2 opposite-side territory witnesses on the same local biome transition; two shifted contexts agree; cumulative topology preserved
1119,1068,39552,43264,39680,43392,0/1/55/255,0/1/67/255,T311,T323,S0585,rohan,consistent pre-V2 opposite-side territory witnesses on the same local biome transition; two shifted contexts agree; cumulative topology preserved
1113,1069,38784,43392,38912,43520,0/1/67/255,0/1/55/255,T323,T311,S0586,rohanUrukHighlands,consistent pre-V2 opposite-side territory witnesses on the same local biome transition; two shifted contexts agree; cumulative topology preserved
1831,1070,130688,43520,130816,43648,0/1/40/255,0/1/66/255,T296,T322,S0587,wilderland,consistent pre-V2 opposite-side territory witnesses on the same local biome transition; two shifted contexts agree; cumulative topology preserved
1831,1071,130688,43648,130816,43776,0/1/40/255,0/1/66/255,T296,T322,S0587,wilderland,consistent pre-V2 opposite-side territory witnesses on the same local biome transition; two shifted contexts agree; cumulative topology preserved
1032,1080,28416,44800,28544,44928,0/1/64/255,0/1/50/255,T320,T306,S0588,enedwaith,consistent pre-V2 opposite-side territory witnesses on the same local biome transition; two shifted contexts agree; cumulative topology preserved
1031,1081,28288,44928,28416,45056,0/1/64/255,0/1/50/255,T320,T306,S0588,enedwaith,consistent pre-V2 opposite-side territory witnesses on the same local biome transition; two shifted contexts agree; cumulative topology preserved
1029,1082,28032,45056,28160,45184,0/1/64/255,0/1/50/255,T320,T306,S0589,enedwaith,consistent pre-V2 opposite-side territory witnesses on the same local biome transition; two shifted contexts agree; cumulative topology preserved
1027,1087,27776,45696,27904,45824,0/1/64/255,0/1/50/255,T320,T306,S0590,enedwaith,consistent pre-V2 opposite-side territory witnesses on the same local biome transition; two shifted contexts agree; cumulative topology preserved
1629,1087,104832,45696,104960,45824,0/1/78/255,0/1/32/255,T334,T288,S0591,wilderland,consistent pre-V2 opposite-side territory witnesses on the same local biome transition; two shifted contexts agree; cumulative topology preserved
1413,1089,77184,45952,77312,46080,0/1/84/255,0/1/70/255,T340,T326,S0592,dagorlad,consistent pre-V2 opposite-side territory witnesses on the same local biome transition; two shifted contexts agree; cumulative topology preserved
1619,1089,103552,45952,103680,46080,0/1/78/255,0/1/32/255,T334,T288,S0593,wilderland,consistent pre-V2 opposite-side territory witnesses on the same local biome transition; two shifted contexts agree; cumulative topology preserved
1643,1089,106624,45952,106752,46080,0/1/78/255,0/1/32/255,T334,T288,S0594,wilderland,consistent pre-V2 opposite-side territory witnesses on the same local biome transition; two shifted contexts agree; cumulative topology preserved
1415,1090,77440,46080,77568,46208,0/1/70/255,0/1/84/255,T326,T340,S0595,deadMarshes,consistent pre-V2 opposite-side territory witnesses on the same local biome transition; two shifted contexts agree; cumulative topology preserved
1416,1091,77568,46208,77696,46336,0/1/70/255,0/1/84/255,T326,T340,S0595,deadMarshes,consistent pre-V2 opposite-side territory witnesses on the same local biome transition; two shifted contexts agree; cumulative topology preserved
1647,1091,107136,46208,107264,46336,0/1/78/255,0/1/32/255,T334,T288,S0596,wilderland,consistent pre-V2 opposite-side territory witnesses on the same local biome transition; two shifted contexts agree; cumulative topology preserved
1417,1092,77696,46336,77824,46464,0/1/70/255,0/1/84/255,T326,T340,S0595,deadMarshes,consistent pre-V2 opposite-side territory witnesses on the same local biome transition; two shifted contexts agree; cumulative topology preserved
1654,1093,108032,46464,108160,46592,0/1/78/255,0/1/32/255,T334,T288,S0597,wilderland,consistent pre-V2 opposite-side territory witnesses on the same local biome transition; two shifted contexts agree; cumulative topology preserved
1419,1095,77952,46720,78080,46848,0/1/70/255,0/1/84/255,T326,T340,S0598,deadMarshes,consistent pre-V2 opposite-side territory witnesses on the same local biome transition; two shifted contexts agree; cumulative topology preserved
1420,1096,78080,46848,78208,46976,0/1/70/255,0/1/84/255,T326,T340,S0598,deadMarshes,consistent pre-V2 opposite-side territory witnesses on the same local biome transition; two shifted contexts agree; cumulative topology preserved
1421,1096,78208,46848,78336,46976,0/1/70/255,0/1/84/255,T326,T340,S0598,deadMarshes,consistent pre-V2 opposite-side territory witnesses on the same local biome transition; two shifted contexts agree; cumulative topology preserved
2335,1096,195200,46848,195328,46976,0/1/62/255,0/1/88/255,T318,T344,S0599,rhun,consistent pre-V2 opposite-side territory witnesses on the same local biome transition; two shifted contexts agree; cumulative topology preserved
2336,1096,195328,46848,195456,46976,0/1/62/255,0/1/88/255,T318,T344,S0599,rhun,consistent pre-V2 opposite-side territory witnesses on the same local biome transition; two shifted contexts agree; cumulative topology preserved
1021,1097,27008,46976,27136,47104,0/1/64/255,0/1/50/255,T320,T306,S0600,enedwaith,consistent pre-V2 opposite-side territory witnesses on the same local biome transition; two shifted contexts agree; cumulative topology preserved
1422,1097,78336,46976,78464,47104,0/1/70/255,0/1/84/255,T326,T340,S0598,deadMarshes,consistent pre-V2 opposite-side territory witnesses on the same local biome transition; two shifted contexts agree; cumulative topology preserved
2332,1097,194816,46976,194944,47104,0/1/62/255,0/1/88/255,T318,T344,S0601,rhun,consistent pre-V2 opposite-side territory witnesses on the same local biome transition; two shifted contexts agree; cumulative topology preserved
2328,1098,194304,47104,194432,47232,0/1/62/255,0/1/88/255,T318,T344,S0602,rhun,consistent pre-V2 opposite-side territory witnesses on the same local biome transition; two shifted contexts agree; cumulative topology preserved
1428,1102,79104,47616,79232,47744,0/1/70/255,0/1/84/255,T326,T340,S0603,deadMarshes,consistent pre-V2 opposite-side territory witnesses on the same local biome transition; two shifted contexts agree; cumulative topology preserved
1430,1103,79360,47744,79488,47872,0/1/70/255,0/1/84/255,T326,T340,S0604,deadMarshes,consistent pre-V2 opposite-side territory witnesses on the same local biome transition; two shifted contexts agree; cumulative topology preserved
2345,1103,196480,47744,196608,47872,0/1/88/255,0/1/62/255,T344,T318,S0605,rhunForest,consistent pre-V2 opposite-side territory witnesses on the same local biome transition; two shifted contexts agree; cumulative topology preserved
1433,1104,79744,47872,79872,48000,0/1/70/255,0/1/84/255,T326,T340,S0606,deadMarshes,consistent pre-V2 opposite-side territory witnesses on the same local biome transition; two shifted contexts agree; cumulative topology preserved
1526,1104,91648,47872,91776,48000,0/1/70/255,0/1/78/255,T326,T334,S0607,brownLands,consistent pre-V2 opposite-side territory witnesses on the same local biome transition; two shifted contexts agree; cumulative topology preserved
2347,1104,196736,47872,196864,48000,0/1/62/255,0/1/88/255,T318,T344,S0608,rhun,consistent pre-V2 opposite-side territory witnesses on the same local biome transition; two shifted contexts agree; cumulative topology preserved
1526,1105,91648,48000,91776,48128,0/1/70/255,0/1/78/255,T326,T334,S0607,brownLands,consistent pre-V2 opposite-side territory witnesses on the same local biome transition; two shifted contexts agree; cumulative topology preserved
1526,1106,91648,48128,91776,48256,0/1/70/255,0/1/78/255,T326,T334,S0607,brownLands,consistent pre-V2 opposite-side territory witnesses on the same local biome transition; two shifted contexts agree; cumulative topology preserved
2352,1106,197376,48128,197504,48256,0/1/62/255,0/1/88/255,T318,T344,S0609,rhun,consistent pre-V2 opposite-side territory witnesses on the same local biome transition; two shifted contexts agree; cumulative topology preserved
2353,1107,197504,48256,197632,48384,0/1/62/255,0/1/88/255,T318,T344,S0609,rhun,consistent pre-V2 opposite-side territory witnesses on the same local biome transition; two shifted contexts agree; cumulative topology preserved
1437,1108,80256,48384,80384,48512,0/1/70/255,0/1/84/255,T326,T340,S0610,deadMarshes,consistent pre-V2 opposite-side territory witnesses on the same local biome transition; two shifted contexts agree; cumulative topology preserved
2353,1108,197504,48384,197632,48512,0/1/62/255,0/1/88/255,T318,T344,S0609,rhun,consistent pre-V2 opposite-side territory witnesses on the same local biome transition; two shifted contexts agree; cumulative topology preserved
1437,1109,80256,48512,80384,48640,0/1/70/255,0/1/84/255,T326,T340,S0610,deadMarshes,consistent pre-V2 opposite-side territory witnesses on the same local biome transition; two shifted contexts agree; cumulative topology preserved
2353,1109,197504,48512,197632,48640,0/1/62/255,0/1/88/255,T318,T344,S0609,rhun,consistent pre-V2 opposite-side territory witnesses on the same local biome transition; two shifted contexts agree; cumulative topology preserved
1437,1110,80256,48640,80384,48768,0/1/70/255,0/1/84/255,T326,T340,S0610,deadMarshes,consistent pre-V2 opposite-side territory witnesses on the same local biome transition; two shifted contexts agree; cumulative topology preserved
1528,1110,91904,48640,92032,48768,0/1/70/255,0/1/78/255,T326,T334,S0611,brownLands,consistent pre-V2 opposite-side territory witnesses on the same local biome transition; two shifted contexts agree; cumulative topology preserved
2353,1110,197504,48640,197632,48768,0/1/62/255,0/1/88/255,T318,T344,S0609,rhun,consistent pre-V2 opposite-side territory witnesses on the same local biome transition; two shifted contexts agree; cumulative topology preserved
1437,1111,80256,48768,80384,48896,0/1/70/255,0/1/84/255,T326,T340,S0610,deadMarshes,consistent pre-V2 opposite-side territory witnesses on the same local biome transition; two shifted contexts agree; cumulative topology preserved
1438,1112,80384,48896,80512,49024,0/1/70/255,0/1/84/255,T326,T340,S0610,deadMarshes,consistent pre-V2 opposite-side territory witnesses on the same local biome transition; two shifted contexts agree; cumulative topology preserved
1529,1112,92032,48896,92160,49024,0/1/70/255,0/1/78/255,T326,T334,S0612,brownLands,consistent pre-V2 opposite-side territory witnesses on the same local biome transition; two shifted contexts agree; cumulative topology preserved
1530,1113,92160,49024,92288,49152,0/1/70/255,0/1/78/255,T326,T334,S0612,brownLands,consistent pre-V2 opposite-side territory witnesses on the same local biome transition; two shifted contexts agree; cumulative topology preserved
1531,1114,92288,49152,92416,49280,0/1/70/255,0/1/78/255,T326,T334,S0612,brownLands,consistent pre-V2 opposite-side territory witnesses on the same local biome transition; two shifted contexts agree; cumulative topology preserved
1439,1116,80512,49408,80640,49536,0/1/70/255,0/1/84/255,T326,T340,S0613,deadMarshes,consistent pre-V2 opposite-side territory witnesses on the same local biome transition; two shifted contexts agree; cumulative topology preserved
2366,1117,199168,49536,199296,49664,0/1/62/255,0/1/88/255,T318,T344,S0614,rhun,consistent pre-V2 opposite-side territory witnesses on the same local biome transition; two shifted contexts agree; cumulative topology preserved
2367,1117,199296,49536,199424,49664,0/1/62/255,0/1/88/255,T318,T344,S0614,rhun,consistent pre-V2 opposite-side territory witnesses on the same local biome transition; two shifted contexts agree; cumulative topology preserved
2359,1118,198272,49664,198400,49792,0/1/62/255,0/1/88/255,T318,T344,S0615,rhun,consistent pre-V2 opposite-side territory witnesses on the same local biome transition; two shifted contexts agree; cumulative topology preserved
2365,1118,199040,49664,199168,49792,0/1/62/255,0/1/88/255,T318,T344,S0614,rhun,consistent pre-V2 opposite-side territory witnesses on the same local biome transition; two shifted contexts agree; cumulative topology preserved
1532,1119,92416,49792,92544,49920,0/1/70/255,0/1/78/255,T326,T334,S0616,brownLands,consistent pre-V2 opposite-side territory witnesses on the same local biome transition; two shifted contexts agree; cumulative topology preserved
1699,1119,113792,49792,113920,49920,0/1/78/255,0/1/63/255,T334,T319,S0617,wilderland,consistent pre-V2 opposite-side territory witnesses on the same local biome transition; two shifted contexts agree; cumulative topology preserved
2369,1119,199552,49792,199680,49920,0/1/62/255,0/1/88/255,T318,T344,S0618,rhun,consistent pre-V2 opposite-side territory witnesses on the same local biome transition; two shifted contexts agree; cumulative topology preserved
1533,1121,92544,50048,92672,50176,0/1/70/255,0/1/78/255,T326,T334,S0619,brownLands,consistent pre-V2 opposite-side territory witnesses on the same local biome transition; two shifted contexts agree; cumulative topology preserved
1703,1121,114304,50048,114432,50176,0/1/78/255,0/1/63/255,T334,T319,S0620,wilderland,consistent pre-V2 opposite-side territory witnesses on the same local biome transition; two shifted contexts agree; cumulative topology preserved
1534,1122,92672,50176,92800,50304,0/1/70/255,0/1/78/255,T326,T334,S0619,brownLands,consistent pre-V2 opposite-side territory witnesses on the same local biome transition; two shifted contexts agree; cumulative topology preserved
2371,1122,199808,50176,199936,50304,0/1/62/255,0/1/88/255,T318,T344,S0621,rhun,consistent pre-V2 opposite-side territory witnesses on the same local biome transition; two shifted contexts agree; cumulative topology preserved
2442,1122,208896,50176,209024,50304,0/1/62/255,0/1/88/255,T318,T344,S0622,rhun,consistent pre-V2 opposite-side territory witnesses on the same local biome transition; two shifted contexts agree; cumulative topology preserved
2443,1122,209024,50176,209152,50304,0/1/62/255,0/1/88/255,T318,T344,S0622,rhun,consistent pre-V2 opposite-side territory witnesses on the same local biome transition; two shifted contexts agree; cumulative topology preserved
2444,1122,209152,50176,209280,50304,0/1/62/255,0/1/88/255,T318,T344,S0622,rhun,consistent pre-V2 opposite-side territory witnesses on the same local biome transition; two shifted contexts agree; cumulative topology preserved
2445,1122,209280,50176,209408,50304,0/1/62/255,0/1/88/255,T318,T344,S0622,rhun,consistent pre-V2 opposite-side territory witnesses on the same local biome transition; two shifted contexts agree; cumulative topology preserved
2446,1122,209408,50176,209536,50304,0/1/62/255,0/1/88/255,T318,T344,S0622,rhun,consistent pre-V2 opposite-side territory witnesses on the same local biome transition; two shifted contexts agree; cumulative topology preserved
1708,1124,114944,50432,115072,50560,0/1/78/255,0/1/63/255,T334,T319,S0623,wilderland,consistent pre-V2 opposite-side territory witnesses on the same local biome transition; two shifted contexts agree; cumulative topology preserved
2372,1124,199936,50432,200064,50560,0/1/62/255,0/1/88/255,T318,T344,S0624,rhun,consistent pre-V2 opposite-side territory witnesses on the same local biome transition; two shifted contexts agree; cumulative topology preserved
2405,1124,204160,50432,204288,50560,0/1/62/255,0/1/88/255,T318,T344,S0625,rhun,consistent pre-V2 opposite-side territory witnesses on the same local biome transition; two shifted contexts agree; cumulative topology preserved
2422,1124,206336,50432,206464,50560,0/1/62/255,0/1/88/255,T318,T344,S0626,rhun,consistent pre-V2 opposite-side territory witnesses on the same local biome transition; two shifted contexts agree; cumulative topology preserved
2423,1124,206464,50432,206592,50560,0/1/62/255,0/1/88/255,T318,T344,S0626,rhun,consistent pre-V2 opposite-side territory witnesses on the same local biome transition; two shifted contexts agree; cumulative topology preserved
2424,1124,206592,50432,206720,50560,0/1/62/255,0/1/88/255,T318,T344,S0626,rhun,consistent pre-V2 opposite-side territory witnesses on the same local biome transition; two shifted contexts agree; cumulative topology preserved
2438,1124,208384,50432,208512,50560,0/1/62/255,0/1/88/255,T318,T344,S0627,rhun,consistent pre-V2 opposite-side territory witnesses on the same local biome transition; two shifted contexts agree; cumulative topology preserved
2454,1124,210432,50432,210560,50560,0/1/62/255,0/1/88/255,T318,T344,S0628,rhun,consistent pre-V2 opposite-side territory witnesses on the same local biome transition; two shifted contexts agree; cumulative topology preserved
1534,1125,92672,50560,92800,50688,0/1/70/255,0/1/78/255,T326,T334,S0629,brownLands,consistent pre-V2 opposite-side territory witnesses on the same local biome transition; two shifted contexts agree; cumulative topology preserved
1710,1125,115200,50560,115328,50688,0/1/78/255,0/1/63/255,T334,T319,S0630,wilderland,consistent pre-V2 opposite-side territory witnesses on the same local biome transition; two shifted contexts agree; cumulative topology preserved
1711,1125,115328,50560,115456,50688,0/1/78/255,0/1/63/255,T334,T319,S0630,wilderland,consistent pre-V2 opposite-side territory witnesses on the same local biome transition; two shifted contexts agree; cumulative topology preserved
1712,1125,115456,50560,115584,50688,0/1/78/255,0/1/63/255,T334,T319,S0630,wilderland,consistent pre-V2 opposite-side territory witnesses on the same local biome transition; two shifted contexts agree; cumulative topology preserved
1713,1125,115584,50560,115712,50688,0/1/78/255,0/1/63/255,T334,T319,S0630,wilderland,consistent pre-V2 opposite-side territory witnesses on the same local biome transition; two shifted contexts agree; cumulative topology preserved
2403,1125,203904,50560,204032,50688,0/1/62/255,0/1/88/255,T318,T344,S0631,rhun,consistent pre-V2 opposite-side territory witnesses on the same local biome transition; two shifted contexts agree; cumulative topology preserved
2457,1125,210816,50560,210944,50688,0/1/88/255,0/1/62/255,T344,T318,S0632,rhunForest,consistent pre-V2 opposite-side territory witnesses on the same local biome transition; two shifted contexts agree; cumulative topology preserved
1441,1126,80768,50688,80896,50816,0/1/84/255,0/1/70/255,T340,T326,S0633,dagorlad,consistent pre-V2 opposite-side territory witnesses on the same local biome transition; two shifted contexts agree; cumulative topology preserved
2402,1126,203776,50688,203904,50816,0/1/62/255,0/1/88/255,T318,T344,S0631,rhun,consistent pre-V2 opposite-side territory witnesses on the same local biome transition; two shifted contexts agree; cumulative topology preserved
1441,1127,80768,50816,80896,50944,0/1/84/255,0/1/70/255,T340,T326,S0633,dagorlad,consistent pre-V2 opposite-side territory witnesses on the same local biome transition; two shifted contexts agree; cumulative topology preserved
1533,1127,92544,50816,92672,50944,0/1/70/255,0/1/78/255,T326,T334,S0634,brownLands,consistent pre-V2 opposite-side territory witnesses on the same local biome transition; two shifted contexts agree; cumulative topology preserved
1716,1127,115968,50816,116096,50944,0/1/63/255,0/1/78/255,T319,T334,S0635,brownLands,consistent pre-V2 opposite-side territory witnesses on the same local biome transition; two shifted contexts agree; cumulative topology preserved
2399,1127,203392,50816,203520,50944,0/1/62/255,0/1/88/255,T318,T344,S0636,rhun,consistent pre-V2 opposite-side territory witnesses on the same local biome transition; two shifted contexts agree; cumulative topology preserved
2400,1127,203520,50816,203648,50944,0/1/62/255,0/1/88/255,T318,T344,S0636,rhun,consistent pre-V2 opposite-side territory witnesses on the same local biome transition; two shifted contexts agree; cumulative topology preserved
1533,1128,92544,50944,92672,51072,0/1/70/255,0/1/78/255,T326,T334,S0634,brownLands,consistent pre-V2 opposite-side territory witnesses on the same local biome transition; two shifted contexts agree; cumulative topology preserved
2378,1128,200704,50944,200832,51072,0/1/62/255,0/1/88/255,T318,T344,S0637,rhun,consistent pre-V2 opposite-side territory witnesses on the same local biome transition; two shifted contexts agree; cumulative topology preserved
2463,1128,211584,50944,211712,51072,0/1/62/255,0/1/88/255,T318,T344,S0638,rhun,consistent pre-V2 opposite-side territory witnesses on the same local biome transition; two shifted contexts agree; cumulative topology preserved
1533,1129,92544,51072,92672,51200,0/1/70/255,0/1/78/255,T326,T334,S0634,brownLands,consistent pre-V2 opposite-side territory witnesses on the same local biome transition; two shifted contexts agree; cumulative topology preserved
1718,1129,116224,51072,116352,51200,0/1/78/255,0/1/63/255,T334,T319,S0639,wilderland,consistent pre-V2 opposite-side territory witnesses on the same local biome transition; two shifted contexts agree; cumulative topology preserved
2382,1129,201216,51072,201344,51200,0/1/88/255,0/1/62/255,T344,T318,S0640,rhunForest,consistent pre-V2 opposite-side territory witnesses on the same local biome transition; two shifted contexts agree; cumulative topology preserved
2383,1129,201344,51072,201472,51200,0/1/88/255,0/1/62/255,T344,T318,S0640,rhunForest,consistent pre-V2 opposite-side territory witnesses on the same local biome transition; two shifted contexts agree; cumulative topology preserved
2390,1129,202240,51072,202368,51200,0/1/62/255,0/1/88/255,T318,T344,S0641,rhun,consistent pre-V2 opposite-side territory witnesses on the same local biome transition; two shifted contexts agree; cumulative topology preserved
2464,1129,211712,51072,211840,51200,0/1/62/255,0/1/88/255,T318,T344,S0638,rhun,consistent pre-V2 opposite-side territory witnesses on the same local biome transition; two shifted contexts agree; cumulative topology preserved
2465,1130,211840,51200,211968,51328,0/1/62/255,0/1/88/255,T318,T344,S0638,rhun,consistent pre-V2 opposite-side territory witnesses on the same local biome transition; two shifted contexts agree; cumulative topology preserved
1722,1131,116736,51328,116864,51456,0/1/78/255,0/1/63/255,T334,T319,S0642,wilderland,consistent pre-V2 opposite-side territory witnesses on the same local biome transition; two shifted contexts agree; cumulative topology preserved
1527,1133,91776,51584,91904,51712,0/1/70/255,0/1/78/255,T326,T334,S0643,brownLands,consistent pre-V2 opposite-side territory witnesses on the same local biome transition; two shifted contexts agree; cumulative topology preserved
1724,1133,116992,51584,117120,51712,0/1/78/255,0/1/63/255,T334,T319,S0644,wilderland,consistent pre-V2 opposite-side territory witnesses on the same local biome transition; two shifted contexts agree; cumulative topology preserved
1925,1135,142720,51840,142848,51968,0/1/75/255,0/1/105/255,T331,T361,S0645,rhun,consistent pre-V2 opposite-side territory witnesses on the same local biome transition; two shifted contexts agree; cumulative topology preserved
1926,1135,142848,51840,142976,51968,0/1/75/255,0/1/105/255,T331,T361,S0645,rhun,consistent pre-V2 opposite-side territory witnesses on the same local biome transition; two shifted contexts agree; cumulative topology preserved
1928,1135,143104,51840,143232,51968,0/1/75/255,0/1/105/255,T331,T361,S0646,rhun,consistent pre-V2 opposite-side territory witnesses on the same local biome transition; two shifted contexts agree; cumulative topology preserved
1929,1135,143232,51840,143360,51968,0/1/75/255,0/1/105/255,T331,T361,S0646,rhun,consistent pre-V2 opposite-side territory witnesses on the same local biome transition; two shifted contexts agree; cumulative topology preserved
1921,1136,142208,51968,142336,52096,0/1/75/255,0/1/105/255,T331,T361,S0647,rhun,consistent pre-V2 opposite-side territory witnesses on the same local biome transition; two shifted contexts agree; cumulative topology preserved
1922,1136,142336,51968,142464,52096,0/1/75/255,0/1/105/255,T331,T361,S0647,rhun,consistent pre-V2 opposite-side territory witnesses on the same local biome transition; two shifted contexts agree; cumulative topology preserved
1923,1136,142464,51968,142592,52096,0/1/75/255,0/1/105/255,T331,T361,S0647,rhun,consistent pre-V2 opposite-side territory witnesses on the same local biome transition; two shifted contexts agree; cumulative topology preserved
1932,1136,143616,51968,143744,52096,0/1/75/255,0/1/105/255,T331,T361,S0648,rhun,consistent pre-V2 opposite-side territory witnesses on the same local biome transition; two shifted contexts agree; cumulative topology preserved
1373,1137,72064,52096,72192,52224,0/1/84/255,0/1/95/255,T340,T351,S0649,nindalf,consistent pre-V2 opposite-side territory witnesses on the same local biome transition; two shifted contexts agree; cumulative topology preserved
1374,1137,72192,52096,72320,52224,0/1/84/255,0/1/95/255,T340,T351,S0649,nindalf,consistent pre-V2 opposite-side territory witnesses on the same local biome transition; two shifted contexts agree; cumulative topology preserved
1375,1137,72320,52096,72448,52224,0/1/84/255,0/1/95/255,T340,T351,S0649,nindalf,consistent pre-V2 opposite-side territory witnesses on the same local biome transition; two shifted contexts agree; cumulative topology preserved
1526,1137,91648,52096,91776,52224,0/1/70/255,0/1/78/255,T326,T334,S0650,brownLands,consistent pre-V2 opposite-side territory witnesses on the same local biome transition; two shifted contexts agree; cumulative topology preserved
1732,1137,118016,52096,118144,52224,0/1/63/255,0/1/78/255,T319,T334,S0651,brownLands,consistent pre-V2 opposite-side territory witnesses on the same local biome transition; two shifted contexts agree; cumulative topology preserved
1920,1137,142080,52096,142208,52224,0/1/75/255,0/1/105/255,T331,T361,S0647,rhun,consistent pre-V2 opposite-side territory witnesses on the same local biome transition; two shifted contexts agree; cumulative topology preserved
1376,1138,72448,52224,72576,52352,0/1/84/255,0/1/95/255,T340,T351,S0649,nindalf,consistent pre-V2 opposite-side territory witnesses on the same local biome transition; two shifted contexts agree; cumulative topology preserved
1377,1138,72576,52224,72704,52352,0/1/84/255,0/1/95/255,T340,T351,S0649,nindalf,consistent pre-V2 opposite-side territory witnesses on the same local biome transition; two shifted contexts agree; cumulative topology preserved
1378,1138,72704,52224,72832,52352,0/1/84/255,0/1/95/255,T340,T351,S0649,nindalf,consistent pre-V2 opposite-side territory witnesses on the same local biome transition; two shifted contexts agree; cumulative topology preserved
1379,1138,72832,52224,72960,52352,0/1/84/255,0/1/95/255,T340,T351,S0649,nindalf,consistent pre-V2 opposite-side territory witnesses on the same local biome transition; two shifted contexts agree; cumulative topology preserved
1380,1138,72960,52224,73088,52352,0/1/84/255,0/1/95/255,T340,T351,S0649,nindalf,consistent pre-V2 opposite-side territory witnesses on the same local biome transition; two shifted contexts agree; cumulative topology preserved
1381,1138,73088,52224,73216,52352,0/1/84/255,0/1/95/255,T340,T351,S0649,nindalf,consistent pre-V2 opposite-side territory witnesses on the same local biome transition; two shifted contexts agree; cumulative topology preserved
1382,1138,73216,52224,73344,52352,0/1/84/255,0/1/95/255,T340,T351,S0649,nindalf,consistent pre-V2 opposite-side territory witnesses on the same local biome transition; two shifted contexts agree; cumulative topology preserved
1383,1138,73344,52224,73472,52352,0/1/84/255,0/1/95/255,T340,T351,S0649,nindalf,consistent pre-V2 opposite-side territory witnesses on the same local biome transition; two shifted contexts agree; cumulative topology preserved
1384,1138,73472,52224,73600,52352,0/1/84/255,0/1/95/255,T340,T351,S0649,nindalf,consistent pre-V2 opposite-side territory witnesses on the same local biome transition; two shifted contexts agree; cumulative topology preserved
1385,1138,73600,52224,73728,52352,0/1/84/255,0/1/95/255,T340,T351,S0649,nindalf,consistent pre-V2 opposite-side territory witnesses on the same local biome transition; two shifted contexts agree; cumulative topology preserved
1386,1138,73728,52224,73856,52352,0/1/84/255,0/1/95/255,T340,T351,S0649,nindalf,consistent pre-V2 opposite-side territory witnesses on the same local biome transition; two shifted contexts agree; cumulative topology preserved
1387,1138,73856,52224,73984,52352,0/1/84/255,0/1/95/255,T340,T351,S0649,nindalf,consistent pre-V2 opposite-side territory witnesses on the same local biome transition; two shifted contexts agree; cumulative topology preserved
1388,1138,73984,52224,74112,52352,0/1/84/255,0/1/95/255,T340,T351,S0649,nindalf,consistent pre-V2 opposite-side territory witnesses on the same local biome transition; two shifted contexts agree; cumulative topology preserved
1389,1138,74112,52224,74240,52352,0/1/84/255,0/1/95/255,T340,T351,S0649,nindalf,consistent pre-V2 opposite-side territory witnesses on the same local biome transition; two shifted contexts agree; cumulative topology preserved
1390,1138,74240,52224,74368,52352,0/1/84/255,0/1/95/255,T340,T351,S0649,nindalf,consistent pre-V2 opposite-side territory witnesses on the same local biome transition; two shifted contexts agree; cumulative topology preserved
1916,1138,141568,52224,141696,52352,0/1/75/255,0/1/105/255,T331,T361,S0647,rhun,consistent pre-V2 opposite-side territory witnesses on the same local biome transition; two shifted contexts agree; cumulative topology preserved
1917,1138,141696,52224,141824,52352,0/1/75/255,0/1/105/255,T331,T361,S0647,rhun,consistent pre-V2 opposite-side territory witnesses on the same local biome transition; two shifted contexts agree; cumulative topology preserved
1918,1138,141824,52224,141952,52352,0/1/75/255,0/1/105/255,T331,T361,S0647,rhun,consistent pre-V2 opposite-side territory witnesses on the same local biome transition; two shifted contexts agree; cumulative topology preserved
1919,1138,141952,52224,142080,52352,0/1/75/255,0/1/105/255,T331,T361,S0647,rhun,consistent pre-V2 opposite-side territory witnesses on the same local biome transition; two shifted contexts agree; cumulative topology preserved
1915,1139,141440,52352,141568,52480,0/1/75/255,0/1/105/255,T331,T361,S0647,rhun,consistent pre-V2 opposite-side territory witnesses on the same local biome transition; two shifted contexts agree; cumulative topology preserved
1398,1140,75264,52480,75392,52608,0/1/84/255,0/1/95/255,T340,T351,S0652,nindalf,consistent pre-V2 opposite-side territory witnesses on the same local biome transition; two shifted contexts agree; cumulative topology preserved
1400,1141,75520,52608,75648,52736,0/1/84/255,0/1/95/255,T340,T351,S0653,nindalf,consistent pre-V2 opposite-side territory witnesses on the same local biome transition; two shifted contexts agree; cumulative topology preserved
1910,1141,140800,52608,140928,52736,0/1/75/255,0/1/105/255,T331,T361,S0654,rhun,consistent pre-V2 opposite-side territory witnesses on the same local biome transition; two shifted contexts agree; cumulative topology preserved
1911,1141,140928,52608,141056,52736,0/1/75/255,0/1/105/255,T331,T361,S0654,rhun,consistent pre-V2 opposite-side territory witnesses on the same local biome transition; two shifted contexts agree; cumulative topology preserved
1401,1142,75648,52736,75776,52864,0/1/84/255,0/1/95/255,T340,T351,S0653,nindalf,consistent pre-V2 opposite-side territory witnesses on the same local biome transition; two shifted contexts agree; cumulative topology preserved
1402,1142,75776,52736,75904,52864,0/1/84/255,0/1/95/255,T340,T351,S0653,nindalf,consistent pre-V2 opposite-side territory witnesses on the same local biome transition; two shifted contexts agree; cumulative topology preserved
1908,1142,140544,52736,140672,52864,0/1/75/255,0/1/105/255,T331,T361,S0655,rhun,consistent pre-V2 opposite-side territory witnesses on the same local biome transition; two shifted contexts agree; cumulative topology preserved
1403,1143,75904,52864,76032,52992,0/1/84/255,0/1/95/255,T340,T351,S0653,nindalf,consistent pre-V2 opposite-side territory witnesses on the same local biome transition; two shifted contexts agree; cumulative topology preserved
1907,1143,140416,52864,140544,52992,0/1/75/255,0/1/105/255,T331,T361,S0655,rhun,consistent pre-V2 opposite-side territory witnesses on the same local biome transition; two shifted contexts agree; cumulative topology preserved
2469,1143,212352,52864,212480,52992,0/1/117/255,0/1/106/255,T373,T362,S0656,rhun,consistent pre-V2 opposite-side territory witnesses on the same local biome transition; two shifted contexts agree; cumulative topology preserved
1404,1144,76032,52992,76160,53120,0/1/84/255,0/1/95/255,T340,T351,S0653,nindalf,consistent pre-V2 opposite-side territory witnesses on the same local biome transition; two shifted contexts agree; cumulative topology preserved
1905,1144,140160,52992,140288,53120,0/1/75/255,0/1/105/255,T331,T361,S0657,rhun,consistent pre-V2 opposite-side territory witnesses on the same local biome transition; two shifted contexts agree; cumulative topology preserved
1405,1145,76160,53120,76288,53248,0/1/84/255,0/1/95/255,T340,T351,S0653,nindalf,consistent pre-V2 opposite-side territory witnesses on the same local biome transition; two shifted contexts agree; cumulative topology preserved
1875,1145,136320,53120,136448,53248,0/1/99/255,0/1/75/255,T355,T331,S0658,rhunLandSteppe,consistent pre-V2 opposite-side territory witnesses on the same local biome transition; two shifted contexts agree; cumulative topology preserved
1904,1145,140032,53120,140160,53248,0/1/75/255,0/1/105/255,T331,T361,S0657,rhun,consistent pre-V2 opposite-side territory witnesses on the same local biome transition; two shifted contexts agree; cumulative topology preserved
1406,1146,76288,53248,76416,53376,0/1/84/255,0/1/95/255,T340,T351,S0653,nindalf,consistent pre-V2 opposite-side territory witnesses on the same local biome transition; two shifted contexts agree; cumulative topology preserved
1445,1146,81280,53248,81408,53376,0/1/70/255,0/1/96/255,T326,T352,S0659,ithilienWasteland,consistent pre-V2 opposite-side territory witnesses on the same local biome transition; two shifted contexts agree; cumulative topology preserved
1902,1146,139776,53248,139904,53376,0/1/75/255,0/1/105/255,T331,T361,S0657,rhun,consistent pre-V2 opposite-side territory witnesses on the same local biome transition; two shifted contexts agree; cumulative topology preserved
1903,1146,139904,53248,140032,53376,0/1/75/255,0/1/105/255,T331,T361,S0657,rhun,consistent pre-V2 opposite-side territory witnesses on the same local biome transition; two shifted contexts agree; cumulative topology preserved
960,1147,19200,53376,19328,53504,0/1/104/255,0/1/89/255,T360,T345,S0660,enedwaith,consistent pre-V2 opposite-side territory witnesses on the same local biome transition; two shifted contexts agree; cumulative topology preserved
961,1147,19328,53376,19456,53504,0/1/104/255,0/1/89/255,T360,T345,S0660,enedwaith,consistent pre-V2 opposite-side territory witnesses on the same local biome transition; two shifted contexts agree; cumulative topology preserved
962,1147,19456,53376,19584,53504,0/1/104/255,0/1/89/255,T360,T345,S0660,enedwaith,consistent pre-V2 opposite-side territory witnesses on the same local biome transition; two shifted contexts agree; cumulative topology preserved
967,1147,20096,53376,20224,53504,0/1/104/255,0/1/89/255,T360,T345,S0661,enedwaith,consistent pre-V2 opposite-side territory witnesses on the same local biome transition; two shifted contexts agree; cumulative topology preserved
1407,1147,76416,53376,76544,53504,0/1/84/255,0/1/95/255,T340,T351,S0653,nindalf,consistent pre-V2 opposite-side territory witnesses on the same local biome transition; two shifted contexts agree; cumulative topology preserved
1448,1147,81664,53376,81792,53504,0/1/96/255,0/1/70/255,T352,T326,S0662,dagorlad,consistent pre-V2 opposite-side territory witnesses on the same local biome transition; two shifted contexts agree; cumulative topology preserved
1449,1147,81792,53376,81920,53504,0/1/96/255,0/1/70/255,T352,T326,S0662,dagorlad,consistent pre-V2 opposite-side territory witnesses on the same local biome transition; two shifted contexts agree; cumulative topology preserved
1901,1147,139648,53376,139776,53504,0/1/75/255,0/1/105/255,T331,T361,S0657,rhun,consistent pre-V2 opposite-side territory witnesses on the same local biome transition; two shifted contexts agree; cumulative topology preserved
1341,1148,67968,53504,68096,53632,0/1/72/255,0/1/97/255,T328,T353,S0663,entwashMouth,consistent pre-V2 opposite-side territory witnesses on the same local biome transition; two shifted contexts agree; cumulative topology preserved
1408,1148,76544,53504,76672,53632,0/1/84/255,0/1/95/255,T340,T351,S0653,nindalf,consistent pre-V2 opposite-side territory witnesses on the same local biome transition; two shifted contexts agree; cumulative topology preserved
1899,1148,139392,53504,139520,53632,0/1/75/255,0/1/105/255,T331,T361,S0664,rhun,consistent pre-V2 opposite-side territory witnesses on the same local biome transition; two shifted contexts agree; cumulative topology preserved
2468,1148,212224,53504,212352,53632,0/1/117/255,0/1/106/255,T373,T362,S0665,rhun,consistent pre-V2 opposite-side territory witnesses on the same local biome transition; two shifted contexts agree; cumulative topology preserved
1409,1149,76672,53632,76800,53760,0/1/84/255,0/1/95/255,T340,T351,S0653,nindalf,consistent pre-V2 opposite-side territory witnesses on the same local biome transition; two shifted contexts agree; cumulative topology preserved
1894,1149,138752,53632,138880,53760,0/1/75/255,0/1/105/255,T331,T361,S0666,rhun,consistent pre-V2 opposite-side territory witnesses on the same local biome transition; two shifted contexts agree; cumulative topology preserved
1895,1149,138880,53632,139008,53760,0/1/75/255,0/1/105/255,T331,T361,S0666,rhun,consistent pre-V2 opposite-side territory witnesses on the same local biome transition; two shifted contexts agree; cumulative topology preserved
1896,1149,139008,53632,139136,53760,0/1/75/255,0/1/105/255,T331,T361,S0666,rhun,consistent pre-V2 opposite-side territory witnesses on the same local biome transition; two shifted contexts agree; cumulative topology preserved
1897,1149,139136,53632,139264,53760,0/1/75/255,0/1/105/255,T331,T361,S0666,rhun,consistent pre-V2 opposite-side territory witnesses on the same local biome transition; two shifted contexts agree; cumulative topology preserved
2468,1149,212224,53632,212352,53760,0/1/117/255,0/1/106/255,T373,T362,S0665,rhun,consistent pre-V2 opposite-side territory witnesses on the same local biome transition; two shifted contexts agree; cumulative topology preserved
1410,1150,76800,53760,76928,53888,0/1/84/255,0/1/95/255,T340,T351,S0653,nindalf,consistent pre-V2 opposite-side territory witnesses on the same local biome transition; two shifted contexts agree; cumulative topology preserved
1891,1150,138368,53760,138496,53888,0/1/75/255,0/1/105/255,T331,T361,S0666,rhun,consistent pre-V2 opposite-side territory witnesses on the same local biome transition; two shifted contexts agree; cumulative topology preserved
1892,1150,138496,53760,138624,53888,0/1/75/255,0/1/105/255,T331,T361,S0666,rhun,consistent pre-V2 opposite-side territory witnesses on the same local biome transition; two shifted contexts agree; cumulative topology preserved
1893,1150,138624,53760,138752,53888,0/1/75/255,0/1/105/255,T331,T361,S0666,rhun,consistent pre-V2 opposite-side territory witnesses on the same local biome transition; two shifted contexts agree; cumulative topology preserved
1331,1151,66688,53888,66816,54016,0/1/97/255,0/1/72/255,T353,T328,S0667,rohan,consistent pre-V2 opposite-side territory witnesses on the same local biome transition; two shifted contexts agree; cumulative topology preserved
1332,1151,66816,53888,66944,54016,0/1/97/255,0/1/72/255,T353,T328,S0667,rohan,consistent pre-V2 opposite-side territory witnesses on the same local biome transition; two shifted contexts agree; cumulative topology preserved
1333,1151,66944,53888,67072,54016,0/1/97/255,0/1/72/255,T353,T328,S0667,rohan,consistent pre-V2 opposite-side territory witnesses on the same local biome transition; two shifted contexts agree; cumulative topology preserved
1411,1151,76928,53888,77056,54016,0/1/84/255,0/1/95/255,T340,T351,S0653,nindalf,consistent pre-V2 opposite-side territory witnesses on the same local biome transition; two shifted contexts agree; cumulative topology preserved
1889,1151,138112,53888,138240,54016,0/1/75/255,0/1/105/255,T331,T361,S0668,rhun,consistent pre-V2 opposite-side territory witnesses on the same local biome transition; two shifted contexts agree; cumulative topology preserved
1412,1152,77056,54016,77184,54144,0/1/84/255,0/1/95/255,T340,T351,S0653,nindalf,consistent pre-V2 opposite-side territory witnesses on the same local biome transition; two shifted contexts agree; cumulative topology preserved
1886,1152,137728,54016,137856,54144,0/1/75/255,0/1/105/255,T331,T361,S0669,rhun,consistent pre-V2 opposite-side territory witnesses on the same local biome transition; two shifted contexts agree; cumulative topology preserved
1887,1152,137856,54016,137984,54144,0/1/75/255,0/1/105/255,T331,T361,S0669,rhun,consistent pre-V2 opposite-side territory witnesses on the same local biome transition; two shifted contexts agree; cumulative topology preserved
1327,1153,66176,54144,66304,54272,0/1/97/255,0/1/72/255,T353,T328,S0670,rohan,consistent pre-V2 opposite-side territory witnesses on the same local biome transition; two shifted contexts agree; cumulative topology preserved
2465,1153,211840,54144,211968,54272,0/1/117/255,0/1/106/255,T373,T362,S0671,rhun,consistent pre-V2 opposite-side territory witnesses on the same local biome transition; two shifted contexts agree; cumulative topology preserved
2465,1154,211840,54272,211968,54400,0/1/117/255,0/1/106/255,T373,T362,S0671,rhun,consistent pre-V2 opposite-side territory witnesses on the same local biome transition; two shifted contexts agree; cumulative topology preserved
2465,1155,211840,54400,211968,54528,0/1/117/255,0/1/106/255,T373,T362,S0671,rhun,consistent pre-V2 opposite-side territory witnesses on the same local biome transition; two shifted contexts agree; cumulative topology preserved
1882,1156,137216,54528,137344,54656,0/1/99/255,0/1/105/255,T355,T361,S0672,rhun,consistent pre-V2 opposite-side territory witnesses on the same local biome transition; two shifted contexts agree; cumulative topology preserved
1419,1157,77952,54656,78080,54784,0/1/84/255,0/1/95/255,T340,T351,S0673,nindalf,consistent pre-V2 opposite-side territory witnesses on the same local biome transition; two shifted contexts agree; cumulative topology preserved
1421,1158,78208,54784,78336,54912,0/1/84/255,0/1/95/255,T340,T351,S0674,nindalf,consistent pre-V2 opposite-side territory witnesses on the same local biome transition; two shifted contexts agree; cumulative topology preserved
1318,1159,65024,54912,65152,55040,0/1/97/255,0/1/72/255,T353,T328,S0675,rohan,consistent pre-V2 opposite-side territory witnesses on the same local biome transition; two shifted contexts agree; cumulative topology preserved
1319,1159,65152,54912,65280,55040,0/1/97/255,0/1/72/255,T353,T328,S0675,rohan,consistent pre-V2 opposite-side territory witnesses on the same local biome transition; two shifted contexts agree; cumulative topology preserved
1500,1159,88320,54912,88448,55040,0/1/90/255,0/1/101/255,T346,T357,S0676,mordorMountains,consistent pre-V2 opposite-side territory witnesses on the same local biome transition; two shifted contexts agree; cumulative topology preserved
1823,1159,129664,54912,129792,55040,0/1/108/255,0/1/99/255,T364,T355,S0677,easternDesolation,consistent pre-V2 opposite-side territory witnesses on the same local biome transition; two shifted contexts agree; cumulative topology preserved
2464,1159,211712,54912,211840,55040,0/1/117/255,0/1/106/255,T373,T362,S0678,rhun,consistent pre-V2 opposite-side territory witnesses on the same local biome transition; two shifted contexts agree; cumulative topology preserved
1317,1160,64896,55040,65024,55168,0/1/97/255,0/1/72/255,T353,T328,S0675,rohan,consistent pre-V2 opposite-side territory witnesses on the same local biome transition; two shifted contexts agree; cumulative topology preserved
1426,1160,78848,55040,78976,55168,0/1/84/255,0/1/95/255,T340,T351,S0679,nindalf,consistent pre-V2 opposite-side territory witnesses on the same local biome transition; two shifted contexts agree; cumulative topology preserved
1427,1160,78976,55040,79104,55168,0/1/84/255,0/1/95/255,T340,T351,S0679,nindalf,consistent pre-V2 opposite-side territory witnesses on the same local biome transition; two shifted contexts agree; cumulative topology preserved
1498,1160,88064,55040,88192,55168,0/1/90/255,0/1/101/255,T346,T357,S0676,mordorMountains,consistent pre-V2 opposite-side territory witnesses on the same local biome transition; two shifted contexts agree; cumulative topology preserved
1499,1160,88192,55040,88320,55168,0/1/90/255,0/1/101/255,T346,T357,S0676,mordorMountains,consistent pre-V2 opposite-side territory witnesses on the same local biome transition; two shifted contexts agree; cumulative topology preserved
1500,1160,88320,55040,88448,55168,0/1/90/255,0/1/101/255,T346,T357,S0676,mordorMountains,consistent pre-V2 opposite-side territory witnesses on the same local biome transition; two shifted contexts agree; cumulative topology preserved
1883,1160,137344,55040,137472,55168,0/1/99/255,0/1/105/255,T355,T361,S0680,rhun,consistent pre-V2 opposite-side territory witnesses on the same local biome transition; two shifted contexts agree; cumulative topology preserved
1497,1161,87936,55168,88064,55296,0/1/90/255,0/1/101/255,T346,T357,S0676,mordorMountains,consistent pre-V2 opposite-side territory witnesses on the same local biome transition; two shifted contexts agree; cumulative topology preserved
1498,1161,88064,55168,88192,55296,0/1/90/255,0/1/101/255,T346,T357,S0676,mordorMountains,consistent pre-V2 opposite-side territory witnesses on the same local biome transition; two shifted contexts agree; cumulative topology preserved
1499,1161,88192,55168,88320,55296,0/1/90/255,0/1/101/255,T346,T357,S0676,mordorMountains,consistent pre-V2 opposite-side territory witnesses on the same local biome transition; two shifted contexts agree; cumulative topology preserved
1883,1161,137344,55168,137472,55296,0/1/99/255,0/1/105/255,T355,T361,S0680,rhun,consistent pre-V2 opposite-side territory witnesses on the same local biome transition; two shifted contexts agree; cumulative topology preserved
1884,1162,137472,55296,137600,55424,0/1/99/255,0/1/105/255,T355,T361,S0680,rhun,consistent pre-V2 opposite-side territory witnesses on the same local biome transition; two shifted contexts agree; cumulative topology preserved
1310,1163,64000,55424,64128,55552,0/1/97/255,0/1/72/255,T353,T328,S0681,rohan,consistent pre-V2 opposite-side territory witnesses on the same local biome transition; two shifted contexts agree; cumulative topology preserved
1831,1163,130688,55424,130816,55552,0/1/108/255,0/1/99/255,T364,T355,S0682,easternDesolation,consistent pre-V2 opposite-side territory witnesses on the same local biome transition; two shifted contexts agree; cumulative topology preserved
2462,1163,211456,55424,211584,55552,0/1/117/255,0/1/106/255,T373,T362,S0683,rhun,consistent pre-V2 opposite-side territory witnesses on the same local biome transition; two shifted contexts agree; cumulative topology preserved
1833,1164,130944,55552,131072,55680,0/1/108/255,0/1/99/255,T364,T355,S0684,easternDesolation,consistent pre-V2 opposite-side territory witnesses on the same local biome transition; two shifted contexts agree; cumulative topology preserved
2461,1164,211328,55552,211456,55680,0/1/117/255,0/1/106/255,T373,T362,S0683,rhun,consistent pre-V2 opposite-side territory witnesses on the same local biome transition; two shifted contexts agree; cumulative topology preserved
1886,1165,137728,55680,137856,55808,0/1/99/255,0/1/105/255,T355,T361,S0685,rhun,consistent pre-V2 opposite-side territory witnesses on the same local biome transition; two shifted contexts agree; cumulative topology preserved
2458,1165,210944,55680,211072,55808,0/1/117/255,0/1/106/255,T373,T362,S0686,rhun,consistent pre-V2 opposite-side territory witnesses on the same local biome transition; two shifted contexts agree; cumulative topology preserved
1886,1166,137728,55808,137856,55936,0/1/99/255,0/1/105/255,T355,T361,S0685,rhun,consistent pre-V2 opposite-side territory witnesses on the same local biome transition; two shifted contexts agree; cumulative topology preserved
2456,1166,210688,55808,210816,55936,0/1/117/255,0/1/106/255,T373,T362,S0687,rhun,consistent pre-V2 opposite-side territory witnesses on the same local biome transition; two shifted contexts agree; cumulative topology preserved
2454,1167,210432,55936,210560,56064,0/1/117/255,0/1/106/255,T373,T362,S0688,rhun,consistent pre-V2 opposite-side territory witnesses on the same local biome transition; two shifted contexts agree; cumulative topology preserved
1436,1168,80128,56064,80256,56192,0/1/96/255,0/1/102/255,T352,T358,S0689,ithilien,consistent pre-V2 opposite-side territory witnesses on the same local biome transition; two shifted contexts agree; cumulative topology preserved
1887,1168,137856,56064,137984,56192,0/1/99/255,0/1/105/255,T355,T361,S0690,rhun,consistent pre-V2 opposite-side territory witnesses on the same local biome transition; two shifted contexts agree; cumulative topology preserved
2453,1168,210304,56064,210432,56192,0/1/117/255,0/1/106/255,T373,T362,S0688,rhun,consistent pre-V2 opposite-side territory witnesses on the same local biome transition; two shifted contexts agree; cumulative topology preserved
1428,1169,79104,56192,79232,56320,0/1/102/255,0/1/95/255,T358,T351,S0691,nindalf,consistent pre-V2 opposite-side territory witnesses on the same local biome transition; two shifted contexts agree; cumulative topology preserved
1438,1169,80384,56192,80512,56320,0/1/96/255,0/1/102/255,T352,T358,S0692,ithilien,consistent pre-V2 opposite-side territory witnesses on the same local biome transition; two shifted contexts agree; cumulative topology preserved
1887,1169,137856,56192,137984,56320,0/1/99/255,0/1/105/255,T355,T361,S0690,rhun,consistent pre-V2 opposite-side territory witnesses on the same local biome transition; two shifted contexts agree; cumulative topology preserved
2450,1169,209920,56192,210048,56320,0/1/117/255,0/1/106/255,T373,T362,S0693,rhun,consistent pre-V2 opposite-side territory witnesses on the same local biome transition; two shifted contexts agree; cumulative topology preserved
1427,1170,78976,56320,79104,56448,0/1/102/255,0/1/95/255,T358,T351,S0691,nindalf,consistent pre-V2 opposite-side territory witnesses on the same local biome transition; two shifted contexts agree; cumulative topology preserved
1439,1170,80512,56320,80640,56448,0/1/96/255,0/1/102/255,T352,T358,S0692,ithilien,consistent pre-V2 opposite-side territory witnesses on the same local biome transition; two shifted contexts agree; cumulative topology preserved
1427,1171,78976,56448,79104,56576,0/1/102/255,0/1/95/255,T358,T351,S0691,nindalf,consistent pre-V2 opposite-side territory witnesses on the same local biome transition; two shifted contexts agree; cumulative topology preserved
1440,1171,80640,56448,80768,56576,0/1/96/255,0/1/102/255,T352,T358,S0692,ithilien,consistent pre-V2 opposite-side territory witnesses on the same local biome transition; two shifted contexts agree; cumulative topology preserved
2446,1171,209408,56448,209536,56576,0/1/117/255,0/1/106/255,T373,T362,S0694,rhun,consistent pre-V2 opposite-side territory witnesses on the same local biome transition; two shifted contexts agree; cumulative topology preserved
1427,1172,78976,56576,79104,56704,0/1/102/255,0/1/95/255,T358,T351,S0691,nindalf,consistent pre-V2 opposite-side territory witnesses on the same local biome transition; two shifted contexts agree; cumulative topology preserved
1441,1172,80768,56576,80896,56704,0/1/96/255,0/1/102/255,T352,T358,S0692,ithilien,consistent pre-V2 opposite-side territory witnesses on the same local biome transition; two shifted contexts agree; cumulative topology preserved
1442,1172,80896,56576,81024,56704,0/1/96/255,0/1/102/255,T352,T358,S0692,ithilien,consistent pre-V2 opposite-side territory witnesses on the same local biome transition; two shifted contexts agree; cumulative topology preserved
2445,1172,209280,56576,209408,56704,0/1/117/255,0/1/106/255,T373,T362,S0694,rhun,consistent pre-V2 opposite-side territory witnesses on the same local biome transition; two shifted contexts agree; cumulative topology preserved
1426,1173,78848,56704,78976,56832,0/1/102/255,0/1/95/255,T358,T351,S0691,nindalf,consistent pre-V2 opposite-side territory witnesses on the same local biome transition; two shifted contexts agree; cumulative topology preserved
2443,1173,209024,56704,209152,56832,0/1/117/255,0/1/106/255,T373,T362,S0695,rhun,consistent pre-V2 opposite-side territory witnesses on the same local biome transition; two shifted contexts agree; cumulative topology preserved
1425,1174,78720,56832,78848,56960,0/1/102/255,0/1/95/255,T358,T351,S0691,nindalf,consistent pre-V2 opposite-side territory witnesses on the same local biome transition; two shifted contexts agree; cumulative topology preserved
1890,1174,138240,56832,138368,56960,0/1/99/255,0/1/105/255,T355,T361,S0696,rhun,consistent pre-V2 opposite-side territory witnesses on the same local biome transition; two shifted contexts agree; cumulative topology preserved
1424,1175,78592,56960,78720,57088,0/1/102/255,0/1/95/255,T358,T351,S0691,nindalf,consistent pre-V2 opposite-side territory witnesses on the same local biome transition; two shifted contexts agree; cumulative topology preserved
1891,1175,138368,56960,138496,57088,0/1/99/255,0/1/105/255,T355,T361,S0696,rhun,consistent pre-V2 opposite-side territory witnesses on the same local biome transition; two shifted contexts agree; cumulative topology preserved
1423,1176,78464,57088,78592,57216,0/1/102/255,0/1/95/255,T358,T351,S0691,nindalf,consistent pre-V2 opposite-side territory witnesses on the same local biome transition; two shifted contexts agree; cumulative topology preserved
1446,1176,81408,57088,81536,57216,0/1/102/255,0/1/96/255,T358,T352,S0697,ithilienWasteland,consistent pre-V2 opposite-side territory witnesses on the same local biome transition; two shifted contexts agree; cumulative topology preserved
1892,1176,138496,57088,138624,57216,0/1/99/255,0/1/105/255,T355,T361,S0696,rhun,consistent pre-V2 opposite-side territory witnesses on the same local biome transition; two shifted contexts agree; cumulative topology preserved
1422,1177,78336,57216,78464,57344,0/1/102/255,0/1/95/255,T358,T351,S0691,nindalf,consistent pre-V2 opposite-side territory witnesses on the same local biome transition; two shifted contexts agree; cumulative topology preserved
1420,1178,78080,57344,78208,57472,0/1/102/255,0/1/95/255,T358,T351,S0698,nindalf,consistent pre-V2 opposite-side territory witnesses on the same local biome transition; two shifted contexts agree; cumulative topology preserved
1419,1179,77952,57472,78080,57600,0/1/102/255,0/1/95/255,T358,T351,S0698,nindalf,consistent pre-V2 opposite-side territory witnesses on the same local biome transition; two shifted contexts agree; cumulative topology preserved
1313,1181,64384,57728,64512,57856,0/1/103/255,0/1/97/255,T359,T353,S0699,entwashMouth,consistent pre-V2 opposite-side territory witnesses on the same local biome transition; two shifted contexts agree; cumulative topology preserved
1896,1181,139008,57728,139136,57856,0/1/99/255,0/1/105/255,T355,T361,S0700,rhun,consistent pre-V2 opposite-side territory witnesses on the same local biome transition; two shifted contexts agree; cumulative topology preserved
1315,1182,64640,57856,64768,57984,0/1/97/255,0/1/103/255,T353,T359,S0701,rohan,consistent pre-V2 opposite-side territory witnesses on the same local biome transition; two shifted contexts agree; cumulative topology preserved
1411,1182,76928,57856,77056,57984,0/1/102/255,0/1/95/255,T358,T351,S0702,nindalf,consistent pre-V2 opposite-side territory witnesses on the same local biome transition; two shifted contexts agree; cumulative topology preserved
1409,1183,76672,57984,76800,58112,0/1/102/255,0/1/95/255,T358,T351,S0703,nindalf,consistent pre-V2 opposite-side territory witnesses on the same local biome transition; two shifted contexts agree; cumulative topology preserved
1897,1183,139136,57984,139264,58112,0/1/105/255,0/1/99/255,T361,T355,S0704,easternDesolation,consistent pre-V2 opposite-side territory witnesses on the same local biome transition; two shifted contexts agree; cumulative topology preserved
1404,1185,76032,58240,76160,58368,0/1/102/255,0/1/95/255,T358,T351,S0705,nindalf,consistent pre-V2 opposite-side territory witnesses on the same local biome transition; two shifted contexts agree; cumulative topology preserved
1663,1186,109184,58368,109312,58496,0/1/107/255,0/1/122/255,T363,T378,S0706,gorgoroth,consistent pre-V2 opposite-side territory witnesses on the same local biome transition; two shifted contexts agree; cumulative topology preserved
1663,1187,109184,58496,109312,58624,0/1/107/255,0/1/122/255,T363,T378,S0706,gorgoroth,consistent pre-V2 opposite-side territory witnesses on the same local biome transition; two shifted contexts agree; cumulative topology preserved
1900,1188,139520,58624,139648,58752,0/1/99/255,0/1/105/255,T355,T361,S0707,rhun,consistent pre-V2 opposite-side territory witnesses on the same local biome transition; two shifted contexts agree; cumulative topology preserved
1664,1189,109312,58752,109440,58880,0/1/107/255,0/1/122/255,T363,T378,S0708,gorgoroth,consistent pre-V2 opposite-side territory witnesses on the same local biome transition; two shifted contexts agree; cumulative topology preserved
1533,1190,92544,58880,92672,59008,0/1/101/255,0/1/113/255,T357,T369,S0709,gorgoroth,consistent pre-V2 opposite-side territory witnesses on the same local biome transition; two shifted contexts agree; cumulative topology preserved
1534,1190,92672,58880,92800,59008,0/1/101/255,0/1/113/255,T357,T369,S0709,gorgoroth,consistent pre-V2 opposite-side territory witnesses on the same local biome transition; two shifted contexts agree; cumulative topology preserved
1535,1190,92800,58880,92928,59008,0/1/101/255,0/1/113/255,T357,T369,S0709,gorgoroth,consistent pre-V2 opposite-side territory witnesses on the same local biome transition; two shifted contexts agree; cumulative topology preserved
1664,1190,109312,58880,109440,59008,0/1/107/255,0/1/122/255,T363,T378,S0708,gorgoroth,consistent pre-V2 opposite-side territory witnesses on the same local biome transition; two shifted contexts agree; cumulative topology preserved
2428,1191,207104,59008,207232,59136,0/1/117/255,0/1/106/255,T373,T362,S0710,rhun,consistent pre-V2 opposite-side territory witnesses on the same local biome transition; two shifted contexts agree; cumulative topology preserved
1665,1192,109440,59136,109568,59264,0/1/107/255,0/1/122/255,T363,T378,S0711,gorgoroth,consistent pre-V2 opposite-side territory witnesses on the same local biome transition; two shifted contexts agree; cumulative topology preserved
1665,1193,109440,59264,109568,59392,0/1/107/255,0/1/122/255,T363,T378,S0711,gorgoroth,consistent pre-V2 opposite-side territory witnesses on the same local biome transition; two shifted contexts agree; cumulative topology preserved
2423,1193,206464,59264,206592,59392,0/1/117/255,0/1/106/255,T373,T362,S0712,rhun,consistent pre-V2 opposite-side territory witnesses on the same local biome transition; two shifted contexts agree; cumulative topology preserved
2424,1193,206592,59264,206720,59392,0/1/117/255,0/1/106/255,T373,T362,S0712,rhun,consistent pre-V2 opposite-side territory witnesses on the same local biome transition; two shifted contexts agree; cumulative topology preserved
2425,1193,206720,59264,206848,59392,0/1/117/255,0/1/106/255,T373,T362,S0712,rhun,consistent pre-V2 opposite-side territory witnesses on the same local biome transition; two shifted contexts agree; cumulative topology preserved
1665,1194,109440,59392,109568,59520,0/1/107/255,0/1/122/255,T363,T378,S0711,gorgoroth,consistent pre-V2 opposite-side territory witnesses on the same local biome transition; two shifted contexts agree; cumulative topology preserved
1665,1195,109440,59520,109568,59648,0/1/107/255,0/1/122/255,T363,T378,S0711,gorgoroth,consistent pre-V2 opposite-side territory witnesses on the same local biome transition; two shifted contexts agree; cumulative topology preserved
1665,1196,109440,59648,109568,59776,0/1/107/255,0/1/122/255,T363,T378,S0711,gorgoroth,consistent pre-V2 opposite-side territory witnesses on the same local biome transition; two shifted contexts agree; cumulative topology preserved
1665,1197,109440,59776,109568,59904,0/1/107/255,0/1/122/255,T363,T378,S0711,gorgoroth,consistent pre-V2 opposite-side territory witnesses on the same local biome transition; two shifted contexts agree; cumulative topology preserved
1665,1198,109440,59904,109568,60032,0/1/107/255,0/1/122/255,T363,T378,S0711,gorgoroth,consistent pre-V2 opposite-side territory witnesses on the same local biome transition; two shifted contexts agree; cumulative topology preserved
1665,1199,109440,60032,109568,60160,0/1/107/255,0/1/122/255,T363,T378,S0711,gorgoroth,consistent pre-V2 opposite-side territory witnesses on the same local biome transition; two shifted contexts agree; cumulative topology preserved
1153,1205,43904,60800,44032,60928,0/1/121/255,0/1/134/255,T377,T390,S0713,whiteMountainsFoothills,consistent pre-V2 opposite-side territory witnesses on the same local biome transition; two shifted contexts agree; cumulative topology preserved
1155,1206,44160,60928,44288,61056,0/1/134/255,0/1/121/255,T390,T377,S0714,blackrootVale,consistent pre-V2 opposite-side territory witnesses on the same local biome transition; two shifted contexts agree; cumulative topology preserved
1752,1210,120576,61440,120704,61568,0/1/108/255,0/1/131/255,T364,T387,S0715,nurn,consistent pre-V2 opposite-side territory witnesses on the same local biome transition; two shifted contexts agree; cumulative topology preserved
1802,1210,126976,61440,127104,61568,0/1/108/255,0/1/126/255,T364,T382,S0716,nurn,consistent pre-V2 opposite-side territory witnesses on the same local biome transition; two shifted contexts agree; cumulative topology preserved
1751,1211,120448,61568,120576,61696,0/1/108/255,0/1/131/255,T364,T387,S0715,nurn,consistent pre-V2 opposite-side territory witnesses on the same local biome transition; two shifted contexts agree; cumulative topology preserved
1804,1211,127232,61568,127360,61696,0/1/108/255,0/1/126/255,T364,T382,S0717,nurn,consistent pre-V2 opposite-side territory witnesses on the same local biome transition; two shifted contexts agree; cumulative topology preserved
1805,1213,127360,61824,127488,61952,0/1/108/255,0/1/126/255,T364,T382,S0718,nurn,consistent pre-V2 opposite-side territory witnesses on the same local biome transition; two shifted contexts agree; cumulative topology preserved
1748,1214,120064,61952,120192,62080,0/1/108/255,0/1/131/255,T364,T387,S0719,nurn,consistent pre-V2 opposite-side territory witnesses on the same local biome transition; two shifted contexts agree; cumulative topology preserved
1807,1215,127616,62080,127744,62208,0/1/108/255,0/1/126/255,T364,T382,S0720,nurn,consistent pre-V2 opposite-side territory witnesses on the same local biome transition; two shifted contexts agree; cumulative topology preserved
1389,1219,74112,62592,74240,62720,0/1/115/255,0/1/120/255,T371,T376,S0721,gondorWoodlands,consistent pre-V2 opposite-side territory witnesses on the same local biome transition; two shifted contexts agree; cumulative topology preserved
1727,1219,117376,62592,117504,62720,0/1/131/255,0/1/108/255,T387,T364,S0722,mordor,consistent pre-V2 opposite-side territory witnesses on the same local biome transition; two shifted contexts agree; cumulative topology preserved
1728,1219,117504,62592,117632,62720,0/1/131/255,0/1/108/255,T387,T364,S0722,mordor,consistent pre-V2 opposite-side territory witnesses on the same local biome transition; two shifted contexts agree; cumulative topology preserved
1388,1220,73984,62720,74112,62848,0/1/115/255,0/1/120/255,T371,T376,S0721,gondorWoodlands,consistent pre-V2 opposite-side territory witnesses on the same local biome transition; two shifted contexts agree; cumulative topology preserved
1725,1220,117120,62720,117248,62848,0/1/108/255,0/1/131/255,T364,T387,S0723,nurn,consistent pre-V2 opposite-side territory witnesses on the same local biome transition; two shifted contexts agree; cumulative topology preserved
1387,1222,73856,62976,73984,63104,0/1/115/255,0/1/120/255,T371,T376,S0724,gondorWoodlands,consistent pre-V2 opposite-side territory witnesses on the same local biome transition; two shifted contexts agree; cumulative topology preserved
1720,1222,116480,62976,116608,63104,0/1/108/255,0/1/131/255,T364,T387,S0725,nurn,consistent pre-V2 opposite-side territory witnesses on the same local biome transition; two shifted contexts agree; cumulative topology preserved
1235,1223,54400,63104,54528,63232,0/1/127/255,0/1/129/255,T383,T385,S0726,lamedonHills,consistent pre-V2 opposite-side territory witnesses on the same local biome transition; two shifted contexts agree; cumulative topology preserved
1387,1223,73856,63104,73984,63232,0/1/115/255,0/1/120/255,T371,T376,S0724,gondorWoodlands,consistent pre-V2 opposite-side territory witnesses on the same local biome transition; two shifted contexts agree; cumulative topology preserved
1717,1223,116096,63104,116224,63232,0/1/108/255,0/1/131/255,T364,T387,S0727,nurn,consistent pre-V2 opposite-side territory witnesses on the same local biome transition; two shifted contexts agree; cumulative topology preserved
1151,1224,43648,63232,43776,63360,0/1/121/255,0/1/134/255,T377,T390,S0728,gondor,consistent pre-V2 opposite-side territory witnesses on the same local biome transition; two shifted contexts agree; cumulative topology preserved
1151,1225,43648,63360,43776,63488,0/1/121/255,0/1/134/255,T377,T390,S0728,gondor,consistent pre-V2 opposite-side territory witnesses on the same local biome transition; two shifted contexts agree; cumulative topology preserved
1152,1226,43776,63488,43904,63616,0/1/121/255,0/1/134/255,T377,T390,S0728,gondor,consistent pre-V2 opposite-side territory witnesses on the same local biome transition; two shifted contexts agree; cumulative topology preserved
1704,1230,114432,64000,114560,64128,0/1/108/255,0/1/131/255,T364,T387,S0729,nurn,consistent pre-V2 opposite-side territory witnesses on the same local biome transition; two shifted contexts agree; cumulative topology preserved
1153,1232,43904,64256,44032,64384,0/1/121/255,0/1/134/255,T377,T390,S0730,gondor,consistent pre-V2 opposite-side territory witnesses on the same local biome transition; two shifted contexts agree; cumulative topology preserved
1154,1234,44032,64512,44160,64640,0/1/121/255,0/1/134/255,T377,T390,S0731,gondor,consistent pre-V2 opposite-side territory witnesses on the same local biome transition; two shifted contexts agree; cumulative topology preserved
1243,1234,55424,64512,55552,64640,0/1/129/255,0/1/127/255,T385,T383,S0732,lamedon,consistent pre-V2 opposite-side territory witnesses on the same local biome transition; two shifted contexts agree; cumulative topology preserved
1696,1237,113408,64896,113536,65024,0/1/108/255,0/1/131/255,T364,T387,S0733,nurn,consistent pre-V2 opposite-side territory witnesses on the same local biome transition; two shifted contexts agree; cumulative topology preserved
1631,1239,105088,65152,105216,65280,0/1/143/255,0/1/122/255,T399,T378,S0734,gorgoroth,consistent pre-V2 opposite-side territory witnesses on the same local biome transition; two shifted contexts agree; cumulative topology preserved
1845,1240,132480,65280,132608,65408,0/1/139/255,0/1/126/255,T395,T382,S0735,nurn,consistent pre-V2 opposite-side territory witnesses on the same local biome transition; two shifted contexts agree; cumulative topology preserved
1169,1241,45952,65408,46080,65536,0/1/136/255,0/1/121/255,T392,T377,S0736,blackrootVale,consistent pre-V2 opposite-side territory witnesses on the same local biome transition; two shifted contexts agree; cumulative topology preserved
1170,1241,46080,65408,46208,65536,0/1/136/255,0/1/121/255,T392,T377,S0736,blackrootVale,consistent pre-V2 opposite-side territory witnesses on the same local biome transition; two shifted contexts agree; cumulative topology preserved
1173,1242,46464,65536,46592,65664,0/1/136/255,0/1/121/255,T392,T377,S0737,blackrootVale,consistent pre-V2 opposite-side territory witnesses on the same local biome transition; two shifted contexts agree; cumulative topology preserved
1846,1242,132608,65536,132736,65664,0/1/139/255,0/1/126/255,T395,T382,S0738,nurn,consistent pre-V2 opposite-side territory witnesses on the same local biome transition; two shifted contexts agree; cumulative topology preserved
1626,1244,104448,65792,104576,65920,0/1/143/255,0/1/122/255,T399,T378,S0739,gorgoroth,consistent pre-V2 opposite-side territory witnesses on the same local biome transition; two shifted contexts agree; cumulative topology preserved
1847,1244,132736,65792,132864,65920,0/1/139/255,0/1/126/255,T395,T382,S0740,nurn,consistent pre-V2 opposite-side territory witnesses on the same local biome transition; two shifted contexts agree; cumulative topology preserved
1625,1245,104320,65920,104448,66048,0/1/143/255,0/1/122/255,T399,T378,S0739,gorgoroth,consistent pre-V2 opposite-side territory witnesses on the same local biome transition; two shifted contexts agree; cumulative topology preserved
1848,1245,132864,65920,132992,66048,0/1/139/255,0/1/126/255,T395,T382,S0740,nurn,consistent pre-V2 opposite-side territory witnesses on the same local biome transition; two shifted contexts agree; cumulative topology preserved
1850,1246,133120,66048,133248,66176,0/1/139/255,0/1/126/255,T395,T382,S0741,nurn,consistent pre-V2 opposite-side territory witnesses on the same local biome transition; two shifted contexts agree; cumulative topology preserved
1504,1248,88832,66304,88960,66432,0/1/135/255,0/1/122/255,T391,T378,S0742,gorgoroth,consistent pre-V2 opposite-side territory witnesses on the same local biome transition; two shifted contexts agree; cumulative topology preserved
1504,1249,88832,66432,88960,66560,0/1/135/255,0/1/122/255,T391,T378,S0742,gorgoroth,consistent pre-V2 opposite-side territory witnesses on the same local biome transition; two shifted contexts agree; cumulative topology preserved
1504,1250,88832,66560,88960,66688,0/1/135/255,0/1/122/255,T391,T378,S0742,gorgoroth,consistent pre-V2 opposite-side territory witnesses on the same local biome transition; two shifted contexts agree; cumulative topology preserved
2424,1250,206592,66560,206720,66688,0/1/117/255,0/1/176/255,T373,T432,S0743,rhun,consistent pre-V2 opposite-side territory witnesses on the same local biome transition; two shifted contexts agree; cumulative topology preserved
1504,1251,88832,66688,88960,66816,0/1/135/255,0/1/122/255,T391,T378,S0742,gorgoroth,consistent pre-V2 opposite-side territory witnesses on the same local biome transition; two shifted contexts agree; cumulative topology preserved
2434,1254,207872,67072,208000,67200,0/1/117/255,0/1/176/255,T373,T432,S0744,rhun,consistent pre-V2 opposite-side territory witnesses on the same local biome transition; two shifted contexts agree; cumulative topology preserved
1877,1256,136576,67328,136704,67456,0/1/144/255,0/1/139/255,T400,T395,S0745,mordor,consistent pre-V2 opposite-side territory witnesses on the same local biome transition; two shifted contexts agree; cumulative topology preserved
2441,1256,208768,67328,208896,67456,0/1/117/255,0/1/176/255,T373,T432,S0746,rhun,consistent pre-V2 opposite-side territory witnesses on the same local biome transition; two shifted contexts agree; cumulative topology preserved
1877,1257,136576,67456,136704,67584,0/1/144/255,0/1/139/255,T400,T395,S0745,mordor,consistent pre-V2 opposite-side territory witnesses on the same local biome transition; two shifted contexts agree; cumulative topology preserved
1877,1258,136576,67584,136704,67712,0/1/144/255,0/1/139/255,T400,T395,S0745,mordor,consistent pre-V2 opposite-side territory witnesses on the same local biome transition; two shifted contexts agree; cumulative topology preserved
2448,1258,209664,67584,209792,67712,0/1/117/255,0/1/176/255,T373,T432,S0747,rhun,consistent pre-V2 opposite-side territory witnesses on the same local biome transition; two shifted contexts agree; cumulative topology preserved
1506,1259,89088,67712,89216,67840,0/1/135/255,0/1/122/255,T391,T378,S0748,gorgoroth,consistent pre-V2 opposite-side territory witnesses on the same local biome transition; two shifted contexts agree; cumulative topology preserved
2449,1259,209792,67712,209920,67840,0/1/117/255,0/1/176/255,T373,T432,S0747,rhun,consistent pre-V2 opposite-side territory witnesses on the same local biome transition; two shifted contexts agree; cumulative topology preserved
1507,1262,89216,68096,89344,68224,0/1/135/255,0/1/122/255,T391,T378,S0749,gorgoroth,consistent pre-V2 opposite-side territory witnesses on the same local biome transition; two shifted contexts agree; cumulative topology preserved
2451,1262,210048,68096,210176,68224,0/1/117/255,0/1/176/255,T373,T432,S0750,rhun,consistent pre-V2 opposite-side territory witnesses on the same local biome transition; two shifted contexts agree; cumulative topology preserved
1508,1263,89344,68224,89472,68352,0/1/135/255,0/1/122/255,T391,T378,S0749,gorgoroth,consistent pre-V2 opposite-side territory witnesses on the same local biome transition; two shifted contexts agree; cumulative topology preserved
1269,1266,58752,68608,58880,68736,0/1/148/255,0/1/129/255,T404,T385,S0751,lamedon,consistent pre-V2 opposite-side territory witnesses on the same local biome transition; two shifted contexts agree; cumulative topology preserved
2453,1266,210304,68608,210432,68736,0/1/117/255,0/1/176/255,T373,T432,S0752,rhun,consistent pre-V2 opposite-side territory witnesses on the same local biome transition; two shifted contexts agree; cumulative topology preserved
1273,1267,59264,68736,59392,68864,0/1/148/255,0/1/129/255,T404,T385,S0753,lamedon,consistent pre-V2 opposite-side territory witnesses on the same local biome transition; two shifted contexts agree; cumulative topology preserved
1511,1267,89728,68736,89856,68864,0/1/135/255,0/1/122/255,T391,T378,S0754,gorgoroth,consistent pre-V2 opposite-side territory witnesses on the same local biome transition; two shifted contexts agree; cumulative topology preserved
1258,1268,57344,68864,57472,68992,0/1/129/255,0/1/148/255,T385,T404,S0755,gondor,consistent pre-V2 opposite-side territory witnesses on the same local biome transition; two shifted contexts agree; cumulative topology preserved
1256,1269,57088,68992,57216,69120,0/1/129/255,0/1/148/255,T385,T404,S0756,gondor,consistent pre-V2 opposite-side territory witnesses on the same local biome transition; two shifted contexts agree; cumulative topology preserved
1568,1269,97024,68992,97152,69120,0/1/167/255,0/1/122/255,T423,T378,S0757,gorgoroth,consistent pre-V2 opposite-side territory witnesses on the same local biome transition; two shifted contexts agree; cumulative topology preserved
1569,1269,97152,68992,97280,69120,0/1/167/255,0/1/122/255,T423,T378,S0757,gorgoroth,consistent pre-V2 opposite-side territory witnesses on the same local biome transition; two shifted contexts agree; cumulative topology preserved
1570,1269,97280,68992,97408,69120,0/1/167/255,0/1/122/255,T423,T378,S0757,gorgoroth,consistent pre-V2 opposite-side territory witnesses on the same local biome transition; two shifted contexts agree; cumulative topology preserved
1571,1269,97408,68992,97536,69120,0/1/167/255,0/1/122/255,T423,T378,S0757,gorgoroth,consistent pre-V2 opposite-side territory witnesses on the same local biome transition; two shifted contexts agree; cumulative topology preserved
1572,1269,97536,68992,97664,69120,0/1/167/255,0/1/122/255,T423,T378,S0757,gorgoroth,consistent pre-V2 opposite-side territory witnesses on the same local biome transition; two shifted contexts agree; cumulative topology preserved
1573,1269,97664,68992,97792,69120,0/1/167/255,0/1/122/255,T423,T378,S0757,gorgoroth,consistent pre-V2 opposite-side territory witnesses on the same local biome transition; two shifted contexts agree; cumulative topology preserved
1574,1269,97792,68992,97920,69120,0/1/167/255,0/1/122/255,T423,T378,S0757,gorgoroth,consistent pre-V2 opposite-side territory witnesses on the same local biome transition; two shifted contexts agree; cumulative topology preserved
1575,1269,97920,68992,98048,69120,0/1/167/255,0/1/122/255,T423,T378,S0757,gorgoroth,consistent pre-V2 opposite-side territory witnesses on the same local biome transition; two shifted contexts agree; cumulative topology preserved
2455,1269,210560,68992,210688,69120,0/1/117/255,0/1/176/255,T373,T432,S0758,rhun,consistent pre-V2 opposite-side territory witnesses on the same local biome transition; two shifted contexts agree; cumulative topology preserved
2456,1271,210688,69248,210816,69376,0/1/117/255,0/1/176/255,T373,T432,S0759,rhun,consistent pre-V2 opposite-side territory witnesses on the same local biome transition; two shifted contexts agree; cumulative topology preserved
2463,1276,211584,69888,211712,70016,0/1/117/255,0/1/176/255,T373,T432,S0760,rhun,consistent pre-V2 opposite-side territory witnesses on the same local biome transition; two shifted contexts agree; cumulative topology preserved
2463,1277,211584,70016,211712,70144,0/1/117/255,0/1/176/255,T373,T432,S0760,rhun,consistent pre-V2 opposite-side territory witnesses on the same local biome transition; two shifted contexts agree; cumulative topology preserved
2463,1278,211584,70144,211712,70272,0/1/117/255,0/1/176/255,T373,T432,S0760,rhun,consistent pre-V2 opposite-side territory witnesses on the same local biome transition; two shifted contexts agree; cumulative topology preserved
2463,1279,211584,70272,211712,70400,0/1/117/255,0/1/176/255,T373,T432,S0760,rhun,consistent pre-V2 opposite-side territory witnesses on the same local biome transition; two shifted contexts agree; cumulative topology preserved
2472,1287,212736,71296,212864,71424,0/1/117/255,0/1/176/255,T373,T432,S0761,rhun,consistent pre-V2 opposite-side territory witnesses on the same local biome transition; two shifted contexts agree; cumulative topology preserved
2482,1287,214016,71296,214144,71424,0/1/117/255,0/1/176/255,T373,T432,S0762,rhun,consistent pre-V2 opposite-side territory witnesses on the same local biome transition; two shifted contexts agree; cumulative topology preserved
1916,1288,141568,71424,141696,71552,0/1/153/255,0/1/144/255,T409,T400,S0763,easternDesolation,consistent pre-V2 opposite-side territory witnesses on the same local biome transition; two shifted contexts agree; cumulative topology preserved
2492,1288,215296,71424,215424,71552,0/1/117/255,0/1/176/255,T373,T432,S0764,rhun,consistent pre-V2 opposite-side territory witnesses on the same local biome transition; two shifted contexts agree; cumulative topology preserved
2498,1290,216064,71680,216192,71808,0/1/117/255,0/1/176/255,T373,T432,S0765,rhun,consistent pre-V2 opposite-side territory witnesses on the same local biome transition; two shifted contexts agree; cumulative topology preserved
1878,1292,136704,71936,136832,72064,0/1/139/255,0/1/144/255,T395,T400,S0766,easternDesolation,consistent pre-V2 opposite-side territory witnesses on the same local biome transition; two shifted contexts agree; cumulative topology preserved
2517,1293,218496,72064,218624,72192,0/1/176/255,0/1/117/255,T432,T373,S0767,rhunForest,consistent pre-V2 opposite-side territory witnesses on the same local biome transition; two shifted contexts agree; cumulative topology preserved
2518,1293,218624,72064,218752,72192,0/1/176/255,0/1/117/255,T432,T373,S0767,rhunForest,consistent pre-V2 opposite-side territory witnesses on the same local biome transition; two shifted contexts agree; cumulative topology preserved
2524,1293,219392,72064,219520,72192,0/1/117/255,0/1/176/255,T373,T432,S0768,rhun,consistent pre-V2 opposite-side territory witnesses on the same local biome transition; two shifted contexts agree; cumulative topology preserved
2525,1293,219520,72064,219648,72192,0/1/117/255,0/1/176/255,T373,T432,S0768,rhun,consistent pre-V2 opposite-side territory witnesses on the same local biome transition; two shifted contexts agree; cumulative topology preserved
2526,1293,219648,72064,219776,72192,0/1/117/255,0/1/176/255,T373,T432,S0768,rhun,consistent pre-V2 opposite-side territory witnesses on the same local biome transition; two shifted contexts agree; cumulative topology preserved
1877,1294,136576,72192,136704,72320,0/1/139/255,0/1/144/255,T395,T400,S0769,easternDesolation,consistent pre-V2 opposite-side territory witnesses on the same local biome transition; two shifted contexts agree; cumulative topology preserved
1915,1294,141440,72192,141568,72320,0/1/144/255,0/1/153/255,T400,T409,S0770,rhun,consistent pre-V2 opposite-side territory witnesses on the same local biome transition; two shifted contexts agree; cumulative topology preserved
1850,1295,133120,72320,133248,72448,0/1/139/255,0/1/158/255,T395,T414,S0771,nurn,consistent pre-V2 opposite-side territory witnesses on the same local biome transition; two shifted contexts agree; cumulative topology preserved
2541,1296,221568,72448,221696,72576,0/1/117/255,0/1/176/255,T373,T432,S0772,rhun,consistent pre-V2 opposite-side territory witnesses on the same local biome transition; two shifted contexts agree; cumulative topology preserved
2542,1296,221696,72448,221824,72576,0/1/117/255,0/1/176/255,T373,T432,S0772,rhun,consistent pre-V2 opposite-side territory witnesses on the same local biome transition; two shifted contexts agree; cumulative topology preserved
2543,1296,221824,72448,221952,72576,0/1/117/255,0/1/176/255,T373,T432,S0772,rhun,consistent pre-V2 opposite-side territory witnesses on the same local biome transition; two shifted contexts agree; cumulative topology preserved
2544,1296,221952,72448,222080,72576,0/1/117/255,0/1/176/255,T373,T432,S0772,rhun,consistent pre-V2 opposite-side territory witnesses on the same local biome transition; two shifted contexts agree; cumulative topology preserved
2545,1296,222080,72448,222208,72576,0/1/117/255,0/1/176/255,T373,T432,S0772,rhun,consistent pre-V2 opposite-side territory witnesses on the same local biome transition; two shifted contexts agree; cumulative topology preserved
1845,1298,132480,72704,132608,72832,0/1/139/255,0/1/158/255,T395,T414,S0773,nurn,consistent pre-V2 opposite-side territory witnesses on the same local biome transition; two shifted contexts agree; cumulative topology preserved
1874,1299,136192,72832,136320,72960,0/1/139/255,0/1/144/255,T395,T400,S0774,easternDesolation,consistent pre-V2 opposite-side territory witnesses on the same local biome transition; two shifted contexts agree; cumulative topology preserved
1840,1300,131840,72960,131968,73088,0/1/139/255,0/1/158/255,T395,T414,S0775,nurn,consistent pre-V2 opposite-side territory witnesses on the same local biome transition; two shifted contexts agree; cumulative topology preserved
1249,1303,56192,73344,56320,73472,0/1/160/255,0/1/162/255,T416,T418,S0776,dorEnErnil,consistent pre-V2 opposite-side territory witnesses on the same local biome transition; two shifted contexts agree; cumulative topology preserved
1914,1304,141312,73472,141440,73600,0/1/153/255,0/1/144/255,T409,T400,S0777,easternDesolation,consistent pre-V2 opposite-side territory witnesses on the same local biome transition; two shifted contexts agree; cumulative topology preserved
1251,1305,56448,73600,56576,73728,0/1/160/255,0/1/162/255,T416,T418,S0778,dorEnErnil,consistent pre-V2 opposite-side territory witnesses on the same local biome transition; two shifted contexts agree; cumulative topology preserved
1582,1305,98816,73600,98944,73728,0/1/167/255,0/1/161/255,T423,T417,S0779,nurn,consistent pre-V2 opposite-side territory witnesses on the same local biome transition; two shifted contexts agree; cumulative topology preserved
1583,1305,98944,73600,99072,73728,0/1/167/255,0/1/161/255,T423,T417,S0779,nurn,consistent pre-V2 opposite-side territory witnesses on the same local biome transition; two shifted contexts agree; cumulative topology preserved
1584,1305,99072,73600,99200,73728,0/1/167/255,0/1/161/255,T423,T417,S0779,nurn,consistent pre-V2 opposite-side territory witnesses on the same local biome transition; two shifted contexts agree; cumulative topology preserved
1585,1305,99200,73600,99328,73728,0/1/167/255,0/1/161/255,T423,T417,S0779,nurn,consistent pre-V2 opposite-side territory witnesses on the same local biome transition; two shifted contexts agree; cumulative topology preserved
1586,1305,99328,73600,99456,73728,0/1/167/255,0/1/161/255,T423,T417,S0779,nurn,consistent pre-V2 opposite-side territory witnesses on the same local biome transition; two shifted contexts agree; cumulative topology preserved
1587,1305,99456,73600,99584,73728,0/1/167/255,0/1/161/255,T423,T417,S0779,nurn,consistent pre-V2 opposite-side territory witnesses on the same local biome transition; two shifted contexts agree; cumulative topology preserved
1588,1305,99584,73600,99712,73728,0/1/167/255,0/1/161/255,T423,T417,S0779,nurn,consistent pre-V2 opposite-side territory witnesses on the same local biome transition; two shifted contexts agree; cumulative topology preserved
1589,1305,99712,73600,99840,73728,0/1/167/255,0/1/161/255,T423,T417,S0779,nurn,consistent pre-V2 opposite-side territory witnesses on the same local biome transition; two shifted contexts agree; cumulative topology preserved
1590,1305,99840,73600,99968,73728,0/1/167/255,0/1/161/255,T423,T417,S0779,nurn,consistent pre-V2 opposite-side territory witnesses on the same local biome transition; two shifted contexts agree; cumulative topology preserved
1591,1305,99968,73600,100096,73728,0/1/167/255,0/1/161/255,T423,T417,S0779,nurn,consistent pre-V2 opposite-side territory witnesses on the same local biome transition; two shifted contexts agree; cumulative topology preserved
1914,1305,141312,73600,141440,73728,0/1/153/255,0/1/144/255,T409,T400,S0777,easternDesolation,consistent pre-V2 opposite-side territory witnesses on the same local biome transition; two shifted contexts agree; cumulative topology preserved
1252,1306,56576,73728,56704,73856,0/1/160/255,0/1/162/255,T416,T418,S0778,dorEnErnil,consistent pre-V2 opposite-side territory witnesses on the same local biome transition; two shifted contexts agree; cumulative topology preserved
1578,1306,98304,73728,98432,73856,0/1/167/255,0/1/161/255,T423,T417,S0780,nurn,consistent pre-V2 opposite-side territory witnesses on the same local biome transition; two shifted contexts agree; cumulative topology preserved
1579,1306,98432,73728,98560,73856,0/1/167/255,0/1/161/255,T423,T417,S0780,nurn,consistent pre-V2 opposite-side territory witnesses on the same local biome transition; two shifted contexts agree; cumulative topology preserved
1580,1306,98560,73728,98688,73856,0/1/167/255,0/1/161/255,T423,T417,S0780,nurn,consistent pre-V2 opposite-side territory witnesses on the same local biome transition; two shifted contexts agree; cumulative topology preserved
1872,1308,135936,73984,136064,74112,0/1/139/255,0/1/144/255,T395,T400,S0781,easternDesolation,consistent pre-V2 opposite-side territory witnesses on the same local biome transition; two shifted contexts agree; cumulative topology preserved
1871,1310,135808,74240,135936,74368,0/1/139/255,0/1/144/255,T395,T400,S0782,easternDesolation,consistent pre-V2 opposite-side territory witnesses on the same local biome transition; two shifted contexts agree; cumulative topology preserved
1871,1311,135808,74368,135936,74496,0/1/139/255,0/1/144/255,T395,T400,S0782,easternDesolation,consistent pre-V2 opposite-side territory witnesses on the same local biome transition; two shifted contexts agree; cumulative topology preserved
1871,1312,135808,74496,135936,74624,0/1/139/255,0/1/144/255,T395,T400,S0782,easternDesolation,consistent pre-V2 opposite-side territory witnesses on the same local biome transition; two shifted contexts agree; cumulative topology preserved
1908,1312,140544,74496,140672,74624,0/1/153/255,0/1/144/255,T409,T400,S0783,easternDesolation,consistent pre-V2 opposite-side territory witnesses on the same local biome transition; two shifted contexts agree; cumulative topology preserved
2948,1312,273664,74496,273792,74624,0/1/170/255,0/1/137/255,T426,T393,S0784,rhun,consistent pre-V2 opposite-side territory witnesses on the same local biome transition; two shifted contexts agree; cumulative topology preserved
2949,1312,273792,74496,273920,74624,0/1/170/255,0/1/137/255,T426,T393,S0784,rhun,consistent pre-V2 opposite-side territory witnesses on the same local biome transition; two shifted contexts agree; cumulative topology preserved
1561,1313,96128,74624,96256,74752,0/1/167/255,0/1/161/255,T423,T417,S0785,nurn,consistent pre-V2 opposite-side territory witnesses on the same local biome transition; two shifted contexts agree; cumulative topology preserved
2937,1313,272256,74624,272384,74752,0/1/170/255,0/1/137/255,T426,T393,S0786,rhun,consistent pre-V2 opposite-side territory witnesses on the same local biome transition; two shifted contexts agree; cumulative topology preserved
2938,1313,272384,74624,272512,74752,0/1/170/255,0/1/137/255,T426,T393,S0786,rhun,consistent pre-V2 opposite-side territory witnesses on the same local biome transition; two shifted contexts agree; cumulative topology preserved
2939,1313,272512,74624,272640,74752,0/1/170/255,0/1/137/255,T426,T393,S0786,rhun,consistent pre-V2 opposite-side territory witnesses on the same local biome transition; two shifted contexts agree; cumulative topology preserved
2940,1313,272640,74624,272768,74752,0/1/170/255,0/1/137/255,T426,T393,S0786,rhun,consistent pre-V2 opposite-side territory witnesses on the same local biome transition; two shifted contexts agree; cumulative topology preserved
2941,1313,272768,74624,272896,74752,0/1/170/255,0/1/137/255,T426,T393,S0786,rhun,consistent pre-V2 opposite-side territory witnesses on the same local biome transition; two shifted contexts agree; cumulative topology preserved
2942,1313,272896,74624,273024,74752,0/1/170/255,0/1/137/255,T426,T393,S0786,rhun,consistent pre-V2 opposite-side territory witnesses on the same local biome transition; two shifted contexts agree; cumulative topology preserved
2943,1313,273024,74624,273152,74752,0/1/170/255,0/1/137/255,T426,T393,S0786,rhun,consistent pre-V2 opposite-side territory witnesses on the same local biome transition; two shifted contexts agree; cumulative topology preserved
2944,1313,273152,74624,273280,74752,0/1/170/255,0/1/137/255,T426,T393,S0786,rhun,consistent pre-V2 opposite-side territory witnesses on the same local biome transition; two shifted contexts agree; cumulative topology preserved
2945,1313,273280,74624,273408,74752,0/1/170/255,0/1/137/255,T426,T393,S0786,rhun,consistent pre-V2 opposite-side territory witnesses on the same local biome transition; two shifted contexts agree; cumulative topology preserved
2946,1313,273408,74624,273536,74752,0/1/170/255,0/1/137/255,T426,T393,S0786,rhun,consistent pre-V2 opposite-side territory witnesses on the same local biome transition; two shifted contexts agree; cumulative topology preserved
2966,1313,275968,74624,276096,74752,0/1/170/255,0/1/137/255,T426,T393,S0787,rhun,consistent pre-V2 opposite-side territory witnesses on the same local biome transition; two shifted contexts agree; cumulative topology preserved
1251,1314,56448,74752,56576,74880,0/1/160/255,0/1/162/255,T416,T418,S0788,dorEnErnil,consistent pre-V2 opposite-side territory witnesses on the same local biome transition; two shifted contexts agree; cumulative topology preserved
2968,1314,276224,74752,276352,74880,0/1/170/255,0/1/137/255,T426,T393,S0789,rhun,consistent pre-V2 opposite-side territory witnesses on the same local biome transition; two shifted contexts agree; cumulative topology preserved
1551,1315,94848,74880,94976,75008,0/1/167/255,0/1/161/255,T423,T417,S0790,nurn,consistent pre-V2 opposite-side territory witnesses on the same local biome transition; two shifted contexts agree; cumulative topology preserved
1552,1315,94976,74880,95104,75008,0/1/167/255,0/1/161/255,T423,T417,S0790,nurn,consistent pre-V2 opposite-side territory witnesses on the same local biome transition; two shifted contexts agree; cumulative topology preserved
1250,1316,56320,75008,56448,75136,0/1/160/255,0/1/162/255,T416,T418,S0791,dorEnErnil,consistent pre-V2 opposite-side territory witnesses on the same local biome transition; two shifted contexts agree; cumulative topology preserved
1547,1316,94336,75008,94464,75136,0/1/167/255,0/1/161/255,T423,T417,S0792,nurn,consistent pre-V2 opposite-side territory witnesses on the same local biome transition; two shifted contexts agree; cumulative topology preserved
1548,1316,94464,75008,94592,75136,0/1/167/255,0/1/161/255,T423,T417,S0792,nurn,consistent pre-V2 opposite-side territory witnesses on the same local biome transition; two shifted contexts agree; cumulative topology preserved
1549,1316,94592,75008,94720,75136,0/1/167/255,0/1/161/255,T423,T417,S0792,nurn,consistent pre-V2 opposite-side territory witnesses on the same local biome transition; two shifted contexts agree; cumulative topology preserved
2932,1317,271616,75136,271744,75264,0/1/170/255,0/1/137/255,T426,T393,S0793,rhun,consistent pre-V2 opposite-side territory witnesses on the same local biome transition; two shifted contexts agree; cumulative topology preserved
1248,1319,56064,75392,56192,75520,0/1/160/255,0/1/162/255,T416,T418,S0794,dorEnErnil,consistent pre-V2 opposite-side territory witnesses on the same local biome transition; two shifted contexts agree; cumulative topology preserved
1541,1319,93568,75392,93696,75520,0/1/167/255,0/1/161/255,T423,T417,S0795,nurn,consistent pre-V2 opposite-side territory witnesses on the same local biome transition; two shifted contexts agree; cumulative topology preserved
1540,1320,93440,75520,93568,75648,0/1/167/255,0/1/161/255,T423,T417,S0795,nurn,consistent pre-V2 opposite-side territory witnesses on the same local biome transition; two shifted contexts agree; cumulative topology preserved
884,1321,9472,75648,9600,75776,0/1/163/255,0/1/141/255,T419,T397,S0796,gondor,consistent pre-V2 opposite-side territory witnesses on the same local biome transition; two shifted contexts agree; cumulative topology preserved
1539,1321,93312,75648,93440,75776,0/1/167/255,0/1/161/255,T423,T417,S0795,nurn,consistent pre-V2 opposite-side territory witnesses on the same local biome transition; two shifted contexts agree; cumulative topology preserved
2974,1321,276992,75648,277120,75776,0/1/170/255,0/1/137/255,T426,T393,S0797,rhun,consistent pre-V2 opposite-side territory witnesses on the same local biome transition; two shifted contexts agree; cumulative topology preserved
884,1322,9472,75776,9600,75904,0/1/163/255,0/1/141/255,T419,T397,S0796,gondor,consistent pre-V2 opposite-side territory witnesses on the same local biome transition; two shifted contexts agree; cumulative topology preserved
884,1323,9472,75904,9600,76032,0/1/163/255,0/1/141/255,T419,T397,S0796,gondor,consistent pre-V2 opposite-side territory witnesses on the same local biome transition; two shifted contexts agree; cumulative topology preserved
1537,1324,93056,76032,93184,76160,0/1/161/255,0/1/167/255,T417,T423,S0798,mordor,consistent pre-V2 opposite-side territory witnesses on the same local biome transition; two shifted contexts agree; cumulative topology preserved
2927,1324,270976,76032,271104,76160,0/1/170/255,0/1/137/255,T426,T393,S0799,rhun,consistent pre-V2 opposite-side territory witnesses on the same local biome transition; two shifted contexts agree; cumulative topology preserved
1537,1325,93056,76160,93184,76288,0/1/161/255,0/1/167/255,T417,T423,S0798,mordor,consistent pre-V2 opposite-side territory witnesses on the same local biome transition; two shifted contexts agree; cumulative topology preserved
2926,1325,270848,76160,270976,76288,0/1/137/255,0/1/170/255,T393,T426,S0799,rhunForest,consistent pre-V2 opposite-side territory witnesses on the same local biome transition; two shifted contexts agree; cumulative topology preserved
2923,1327,270464,76416,270592,76544,0/1/170/255,0/1/137/255,T426,T393,S0800,rhun,consistent pre-V2 opposite-side territory witnesses on the same local biome transition; two shifted contexts agree; cumulative topology preserved
2924,1327,270592,76416,270720,76544,0/1/170/255,0/1/137/255,T426,T393,S0800,rhun,consistent pre-V2 opposite-side territory witnesses on the same local biome transition; two shifted contexts agree; cumulative topology preserved
2925,1327,270720,76416,270848,76544,0/1/170/255,0/1/137/255,T426,T393,S0800,rhun,consistent pre-V2 opposite-side territory witnesses on the same local biome transition; two shifted contexts agree; cumulative topology preserved
2917,1331,269696,76928,269824,77056,0/1/170/255,0/1/137/255,T426,T393,S0801,rhun,consistent pre-V2 opposite-side territory witnesses on the same local biome transition; two shifted contexts agree; cumulative topology preserved
2911,1335,268928,77440,269056,77568,0/1/170/255,0/1/137/255,T426,T393,S0802,rhun,consistent pre-V2 opposite-side territory witnesses on the same local biome transition; two shifted contexts agree; cumulative topology preserved
1800,1338,126720,77824,126848,77952,0/1/171/255,0/1/158/255,T427,T414,S0803,nurn,consistent pre-V2 opposite-side territory witnesses on the same local biome transition; two shifted contexts agree; cumulative topology preserved
2982,1338,278016,77824,278144,77952,0/1/170/255,0/1/137/255,T426,T393,S0804,rhun,consistent pre-V2 opposite-side territory witnesses on the same local biome transition; two shifted contexts agree; cumulative topology preserved
1798,1339,126464,77952,126592,78080,0/1/171/255,0/1/158/255,T427,T414,S0805,nurn,consistent pre-V2 opposite-side territory witnesses on the same local biome transition; two shifted contexts agree; cumulative topology preserved
2908,1339,268544,77952,268672,78080,0/1/170/255,0/1/137/255,T426,T393,S0806,rhun,consistent pre-V2 opposite-side territory witnesses on the same local biome transition; two shifted contexts agree; cumulative topology preserved
2982,1339,278016,77952,278144,78080,0/1/170/255,0/1/137/255,T426,T393,S0804,rhun,consistent pre-V2 opposite-side territory witnesses on the same local biome transition; two shifted contexts agree; cumulative topology preserved
1794,1341,125952,78208,126080,78336,0/1/171/255,0/1/158/255,T427,T414,S0807,nurn,consistent pre-V2 opposite-side territory witnesses on the same local biome transition; two shifted contexts agree; cumulative topology preserved
2886,1341,265728,78208,265856,78336,0/1/170/255,0/1/137/255,T426,T393,S0808,rhun,consistent pre-V2 opposite-side territory witnesses on the same local biome transition; two shifted contexts agree; cumulative topology preserved
2887,1341,265856,78208,265984,78336,0/1/170/255,0/1/137/255,T426,T393,S0808,rhun,consistent pre-V2 opposite-side territory witnesses on the same local biome transition; two shifted contexts agree; cumulative topology preserved
2896,1341,267008,78208,267136,78336,0/1/170/255,0/1/137/255,T426,T393,S0809,rhun,consistent pre-V2 opposite-side territory witnesses on the same local biome transition; two shifted contexts agree; cumulative topology preserved
2897,1341,267136,78208,267264,78336,0/1/170/255,0/1/137/255,T426,T393,S0809,rhun,consistent pre-V2 opposite-side territory witnesses on the same local biome transition; two shifted contexts agree; cumulative topology preserved
2905,1341,268160,78208,268288,78336,0/1/137/255,0/1/170/255,T393,T426,S0810,rhunForest,consistent pre-V2 opposite-side territory witnesses on the same local biome transition; two shifted contexts agree; cumulative topology preserved
1228,1342,53504,78336,53632,78464,0/1/160/255,0/1/162/255,T416,T418,S0811,dorEnErnil,consistent pre-V2 opposite-side territory witnesses on the same local biome transition; two shifted contexts agree; cumulative topology preserved
1532,1342,92416,78336,92544,78464,0/1/167/255,0/1/161/255,T423,T417,S0812,nurn,consistent pre-V2 opposite-side territory witnesses on the same local biome transition; two shifted contexts agree; cumulative topology preserved
2877,1343,264576,78464,264704,78592,0/1/170/255,0/1/137/255,T426,T393,S0813,rhun,consistent pre-V2 opposite-side territory witnesses on the same local biome transition; two shifted contexts agree; cumulative topology preserved
2878,1343,264704,78464,264832,78592,0/1/170/255,0/1/137/255,T426,T393,S0813,rhun,consistent pre-V2 opposite-side territory witnesses on the same local biome transition; two shifted contexts agree; cumulative topology preserved
2982,1343,278016,78464,278144,78592,0/1/170/255,0/1/137/255,T426,T393,S0814,rhun,consistent pre-V2 opposite-side territory witnesses on the same local biome transition; two shifted contexts agree; cumulative topology preserved
1198,1344,49664,78592,49792,78720,0/1/160/255,0/1/166/255,T416,T422,S0815,dorEnErnil,consistent pre-V2 opposite-side territory witnesses on the same local biome transition; two shifted contexts agree; cumulative topology preserved
1531,1344,92288,78592,92416,78720,0/1/161/255,0/1/167/255,T417,T423,S0816,mordor,consistent pre-V2 opposite-side territory witnesses on the same local biome transition; two shifted contexts agree; cumulative topology preserved
2875,1344,264320,78592,264448,78720,0/1/137/255,0/1/170/255,T393,T426,S0817,rhunForest,consistent pre-V2 opposite-side territory witnesses on the same local biome transition; two shifted contexts agree; cumulative topology preserved
1531,1345,92288,78720,92416,78848,0/1/161/255,0/1/167/255,T417,T423,S0816,mordor,consistent pre-V2 opposite-side territory witnesses on the same local biome transition; two shifted contexts agree; cumulative topology preserved
2985,1345,278400,78720,278528,78848,0/1/170/255,0/1/137/255,T426,T393,S0818,rhun,consistent pre-V2 opposite-side territory witnesses on the same local biome transition; two shifted contexts agree; cumulative topology preserved
2986,1345,278528,78720,278656,78848,0/1/170/255,0/1/137/255,T426,T393,S0818,rhun,consistent pre-V2 opposite-side territory witnesses on the same local biome transition; two shifted contexts agree; cumulative topology preserved
1220,1346,52480,78848,52608,78976,0/1/160/255,0/1/162/255,T416,T418,S0819,dorEnErnil,consistent pre-V2 opposite-side territory witnesses on the same local biome transition; two shifted contexts agree; cumulative topology preserved
1221,1346,52608,78848,52736,78976,0/1/160/255,0/1/162/255,T416,T418,S0819,dorEnErnil,consistent pre-V2 opposite-side territory witnesses on the same local biome transition; two shifted contexts agree; cumulative topology preserved
1785,1347,124800,78976,124928,79104,0/1/158/255,0/1/171/255,T414,T427,S0820,mordor,consistent pre-V2 opposite-side territory witnesses on the same local biome transition; two shifted contexts agree; cumulative topology preserved
2871,1347,263808,78976,263936,79104,0/1/170/255,0/1/137/255,T426,T393,S0821,rhun,consistent pre-V2 opposite-side territory witnesses on the same local biome transition; two shifted contexts agree; cumulative topology preserved
2872,1347,263936,78976,264064,79104,0/1/170/255,0/1/137/255,T426,T393,S0821,rhun,consistent pre-V2 opposite-side territory witnesses on the same local biome transition; two shifted contexts agree; cumulative topology preserved
2873,1347,264064,78976,264192,79104,0/1/170/255,0/1/137/255,T426,T393,S0821,rhun,consistent pre-V2 opposite-side territory witnesses on the same local biome transition; two shifted contexts agree; cumulative topology preserved
1373,1348,72064,79104,72192,79232,0/1/165/255,0/1/156/255,T421,T412,S0822,lebennin,consistent pre-V2 opposite-side territory witnesses on the same local biome transition; two shifted contexts agree; cumulative topology preserved
1216,1350,51968,79360,52096,79488,0/1/160/255,0/1/162/255,T416,T418,S0823,dorEnErnil,consistent pre-V2 opposite-side territory witnesses on the same local biome transition; two shifted contexts agree; cumulative topology preserved
1530,1350,92160,79360,92288,79488,0/1/167/255,0/1/161/255,T423,T417,S0824,nurn,consistent pre-V2 opposite-side territory witnesses on the same local biome transition; two shifted contexts agree; cumulative topology preserved
2992,1350,279296,79360,279424,79488,0/1/170/255,0/1/137/255,T426,T393,S0825,rhun,consistent pre-V2 opposite-side territory witnesses on the same local biome transition; two shifted contexts agree; cumulative topology preserved
1216,1351,51968,79488,52096,79616,0/1/160/255,0/1/162/255,T416,T418,S0823,dorEnErnil,consistent pre-V2 opposite-side territory witnesses on the same local biome transition; two shifted contexts agree; cumulative topology preserved
1530,1351,92160,79488,92288,79616,0/1/167/255,0/1/161/255,T423,T417,S0824,nurn,consistent pre-V2 opposite-side territory witnesses on the same local biome transition; two shifted contexts agree; cumulative topology preserved
1781,1351,124288,79488,124416,79616,0/1/171/255,0/1/158/255,T427,T414,S0826,nurn,consistent pre-V2 opposite-side territory witnesses on the same local biome transition; two shifted contexts agree; cumulative topology preserved
2868,1351,263424,79488,263552,79616,0/1/170/255,0/1/137/255,T426,T393,S0827,rhun,consistent pre-V2 opposite-side territory witnesses on the same local biome transition; two shifted contexts agree; cumulative topology preserved
1529,1354,92032,79872,92160,80000,0/1/161/255,0/1/167/255,T417,T423,S0828,mordor,consistent pre-V2 opposite-side territory witnesses on the same local biome transition; two shifted contexts agree; cumulative topology preserved
2865,1354,263040,79872,263168,80000,0/1/170/255,0/1/137/255,T426,T393,S0829,rhun,consistent pre-V2 opposite-side territory witnesses on the same local biome transition; two shifted contexts agree; cumulative topology preserved
1369,1355,71552,80000,71680,80128,0/1/165/255,0/1/156/255,T421,T412,S0830,lebennin,consistent pre-V2 opposite-side territory witnesses on the same local biome transition; two shifted contexts agree; cumulative topology preserved
2862,1355,262656,80000,262784,80128,0/1/170/255,0/1/137/255,T426,T393,S0831,rhun,consistent pre-V2 opposite-side territory witnesses on the same local biome transition; two shifted contexts agree; cumulative topology preserved
2863,1355,262784,80000,262912,80128,0/1/170/255,0/1/137/255,T426,T393,S0831,rhun,consistent pre-V2 opposite-side territory witnesses on the same local biome transition; two shifted contexts agree; cumulative topology preserved
1774,1356,123392,80128,123520,80256,0/1/171/255,0/1/158/255,T427,T414,S0832,nurn,consistent pre-V2 opposite-side territory witnesses on the same local biome transition; two shifted contexts agree; cumulative topology preserved
2861,1356,262528,80128,262656,80256,0/1/170/255,0/1/137/255,T426,T393,S0831,rhun,consistent pre-V2 opposite-side territory witnesses on the same local biome transition; two shifted contexts agree; cumulative topology preserved
2850,1357,261120,80256,261248,80384,0/1/170/255,0/1/137/255,T426,T393,S0833,rhun,consistent pre-V2 opposite-side territory witnesses on the same local biome transition; two shifted contexts agree; cumulative topology preserved
2851,1357,261248,80256,261376,80384,0/1/170/255,0/1/137/255,T426,T393,S0833,rhun,consistent pre-V2 opposite-side territory witnesses on the same local biome transition; two shifted contexts agree; cumulative topology preserved
2997,1357,279936,80256,280064,80384,0/1/170/255,0/1/137/255,T426,T393,S0834,rhun,consistent pre-V2 opposite-side territory witnesses on the same local biome transition; two shifted contexts agree; cumulative topology preserved
2852,1358,261376,80384,261504,80512,0/1/170/255,0/1/137/255,T426,T393,S0833,rhun,consistent pre-V2 opposite-side territory witnesses on the same local biome transition; two shifted contexts agree; cumulative topology preserved
2998,1358,280064,80384,280192,80512,0/1/170/255,0/1/137/255,T426,T393,S0834,rhun,consistent pre-V2 opposite-side territory witnesses on the same local biome transition; two shifted contexts agree; cumulative topology preserved
1770,1359,122880,80512,123008,80640,0/1/158/255,0/1/171/255,T414,T427,S0835,mordor,consistent pre-V2 opposite-side territory witnesses on the same local biome transition; two shifted contexts agree; cumulative topology preserved
1365,1361,71040,80768,71168,80896,0/1/165/255,0/1/156/255,T421,T412,S0836,lebennin,consistent pre-V2 opposite-side territory witnesses on the same local biome transition; two shifted contexts agree; cumulative topology preserved
1532,1368,92416,81664,92544,81792,0/1/167/255,0/1/161/255,T423,T417,S0841,nurn,consistent pre-V2 opposite-side territory witnesses on the same local biome transition; two shifted contexts agree; cumulative topology preserved
1532,1369,92416,81792,92544,81920,0/1/167/255,0/1/161/255,T423,T417,S0841,nurn,consistent pre-V2 opposite-side territory witnesses on the same local biome transition; two shifted contexts agree; cumulative topology preserved
1762,1369,121856,81792,121984,81920,0/1/171/255,0/1/158/255,T427,T414,S0842,nurn,consistent pre-V2 opposite-side territory witnesses on the same local biome transition; two shifted contexts agree; cumulative topology preserved
1760,1370,121600,81920,121728,82048,0/1/171/255,0/1/158/255,T427,T414,S0843,nurn,consistent pre-V2 opposite-side territory witnesses on the same local biome transition; two shifted contexts agree; cumulative topology preserved
3005,1371,280960,82048,281088,82176,0/1/137/255,0/1/170/255,T393,T426,S0844,rhunForest,consistent pre-V2 opposite-side territory witnesses on the same local biome transition; two shifted contexts agree; cumulative topology preserved
1534,1373,92672,82304,92800,82432,0/1/161/255,0/1/167/255,T417,T423,S0845,mordor,consistent pre-V2 opposite-side territory witnesses on the same local biome transition; two shifted contexts agree; cumulative topology preserved
2789,1380,253312,83200,253440,83328,0/1/184/255,0/1/145/255,T440,T401,S0846,rhun,consistent pre-V2 opposite-side territory witnesses on the same local biome transition; two shifted contexts agree; cumulative topology preserved
2788,1381,253184,83328,253312,83456,0/1/184/255,0/1/145/255,T440,T401,S0846,rhun,consistent pre-V2 opposite-side territory witnesses on the same local biome transition; two shifted contexts agree; cumulative topology preserved
2786,1382,252928,83456,253056,83584,0/1/145/255,0/1/184/255,T401,T440,S0847,rhunForest,consistent pre-V2 opposite-side territory witnesses on the same local biome transition; two shifted contexts agree; cumulative topology preserved
1733,1384,118144,83712,118272,83840,0/1/158/255,0/1/171/255,T414,T427,S0848,mordor,consistent pre-V2 opposite-side territory witnesses on the same local biome transition; two shifted contexts agree; cumulative topology preserved
1734,1384,118272,83712,118400,83840,0/1/158/255,0/1/171/255,T414,T427,S0848,mordor,consistent pre-V2 opposite-side territory witnesses on the same local biome transition; two shifted contexts agree; cumulative topology preserved
1735,1384,118400,83712,118528,83840,0/1/158/255,0/1/171/255,T414,T427,S0848,mordor,consistent pre-V2 opposite-side territory witnesses on the same local biome transition; two shifted contexts agree; cumulative topology preserved
1736,1384,118528,83712,118656,83840,0/1/158/255,0/1/171/255,T414,T427,S0848,mordor,consistent pre-V2 opposite-side territory witnesses on the same local biome transition; two shifted contexts agree; cumulative topology preserved
1737,1384,118656,83712,118784,83840,0/1/158/255,0/1/171/255,T414,T427,S0848,mordor,consistent pre-V2 opposite-side territory witnesses on the same local biome transition; two shifted contexts agree; cumulative topology preserved
1738,1384,118784,83712,118912,83840,0/1/158/255,0/1/171/255,T414,T427,S0848,mordor,consistent pre-V2 opposite-side territory witnesses on the same local biome transition; two shifted contexts agree; cumulative topology preserved
2778,1384,251904,83712,252032,83840,0/1/145/255,0/1/184/255,T401,T440,S0849,rhunForest,consistent pre-V2 opposite-side territory witnesses on the same local biome transition; two shifted contexts agree; cumulative topology preserved
2779,1384,252032,83712,252160,83840,0/1/145/255,0/1/184/255,T401,T440,S0849,rhunForest,consistent pre-V2 opposite-side territory witnesses on the same local biome transition; two shifted contexts agree; cumulative topology preserved
3006,1384,281088,83712,281216,83840,0/1/170/255,0/1/137/255,T426,T393,S0850,rhun,consistent pre-V2 opposite-side territory witnesses on the same local biome transition; two shifted contexts agree; cumulative topology preserved
1548,1385,94464,83840,94592,83968,0/1/174/255,255/0/220/255,T430,T654,S0851,mordor,consistent pre-V2 opposite-side territory witnesses on the same local biome transition; two shifted contexts agree; cumulative topology preserved
1730,1385,117760,83840,117888,83968,0/1/171/255,0/1/158/255,T427,T414,S0852,nurn,consistent pre-V2 opposite-side territory witnesses on the same local biome transition; two shifted contexts agree; cumulative topology preserved
1341,1386,67968,83968,68096,84096,0/1/175/255,0/1/185/255,T431,T441,S0853,harondor,consistent pre-V2 opposite-side territory witnesses on the same local biome transition; two shifted contexts agree; cumulative topology preserved
1338,1388,67584,84224,67712,84352,0/1/175/255,0/1/185/255,T431,T441,S0854,harondor,consistent pre-V2 opposite-side territory witnesses on the same local biome transition; two shifted contexts agree; cumulative topology preserved
1554,1388,95232,84224,95360,84352,255/0/220/255,0/1/174/255,T654,T430,S0855,nurn,consistent pre-V2 opposite-side territory witnesses on the same local biome transition; two shifted contexts agree; cumulative topology preserved
3000,1388,280320,84224,280448,84352,0/1/170/255,0/1/137/255,T426,T393,S0856,rhun,consistent pre-V2 opposite-side territory witnesses on the same local biome transition; two shifted contexts agree; cumulative topology preserved
3001,1388,280448,84224,280576,84352,0/1/170/255,0/1/137/255,T426,T393,S0856,rhun,consistent pre-V2 opposite-side territory witnesses on the same local biome transition; two shifted contexts agree; cumulative topology preserved
1336,1389,67328,84352,67456,84480,0/1/175/255,0/1/185/255,T431,T441,S0857,harondor,consistent pre-V2 opposite-side territory witnesses on the same local biome transition; two shifted contexts agree; cumulative topology preserved
1335,1390,67200,84480,67328,84608,0/1/175/255,0/1/185/255,T431,T441,S0857,harondor,consistent pre-V2 opposite-side territory witnesses on the same local biome transition; two shifted contexts agree; cumulative topology preserved
1564,1390,96512,84480,96640,84608,0/1/174/255,255/0/220/255,T430,T654,S0858,mordor,consistent pre-V2 opposite-side territory witnesses on the same local biome transition; two shifted contexts agree; cumulative topology preserved
1331,1392,66688,84736,66816,84864,0/1/175/255,0/1/185/255,T431,T441,S0859,harondor,consistent pre-V2 opposite-side territory witnesses on the same local biome transition; two shifted contexts agree; cumulative topology preserved
1568,1392,97024,84736,97152,84864,0/1/174/255,255/0/220/255,T430,T654,S0860,mordor,consistent pre-V2 opposite-side territory witnesses on the same local biome transition; two shifted contexts agree; cumulative topology preserved
1327,1394,66176,84992,66304,85120,0/1/175/255,0/1/185/255,T431,T441,S0861,harondor,consistent pre-V2 opposite-side territory witnesses on the same local biome transition; two shifted contexts agree; cumulative topology preserved
1571,1394,97408,84992,97536,85120,0/1/174/255,255/0/220/255,T430,T654,S0862,mordor,consistent pre-V2 opposite-side territory witnesses on the same local biome transition; two shifted contexts agree; cumulative topology preserved
1575,1396,97920,85248,98048,85376,0/1/174/255,255/0/220/255,T430,T654,S0863,mordor,consistent pre-V2 opposite-side territory witnesses on the same local biome transition; two shifted contexts agree; cumulative topology preserved
1577,1397,98176,85376,98304,85504,255/0/220/255,0/1/174/255,T654,T430,S0864,nurn,consistent pre-V2 opposite-side territory witnesses on the same local biome transition; two shifted contexts agree; cumulative topology preserved
1579,1398,98432,85504,98560,85632,0/1/174/255,255/0/220/255,T430,T654,S0865,mordor,consistent pre-V2 opposite-side territory witnesses on the same local biome transition; two shifted contexts agree; cumulative topology preserved
1586,1399,99328,85632,99456,85760,0/1/174/255,255/0/220/255,T430,T654,S0866,mordor,consistent pre-V2 opposite-side territory witnesses on the same local biome transition; two shifted contexts agree; cumulative topology preserved
1635,1402,105600,86016,105728,86144,0/1/174/255,255/0/220/255,T430,T654,S0867,mordor,consistent pre-V2 opposite-side territory witnesses on the same local biome transition; two shifted contexts agree; cumulative topology preserved
1604,1403,101632,86144,101760,86272,0/1/174/255,255/0/220/255,T430,T654,S0868,mordor,consistent pre-V2 opposite-side territory witnesses on the same local biome transition; two shifted contexts agree; cumulative topology preserved
1627,1403,104576,86144,104704,86272,255/0/220/255,0/1/174/255,T654,T430,S0869,nurn,consistent pre-V2 opposite-side territory witnesses on the same local biome transition; two shifted contexts agree; cumulative topology preserved
1628,1403,104704,86144,104832,86272,255/0/220/255,0/1/174/255,T654,T430,S0869,nurn,consistent pre-V2 opposite-side territory witnesses on the same local biome transition; two shifted contexts agree; cumulative topology preserved
1629,1403,104832,86144,104960,86272,255/0/220/255,0/1/174/255,T654,T430,S0869,nurn,consistent pre-V2 opposite-side territory witnesses on the same local biome transition; two shifted contexts agree; cumulative topology preserved
1630,1403,104960,86144,105088,86272,255/0/220/255,0/1/174/255,T654,T430,S0869,nurn,consistent pre-V2 opposite-side territory witnesses on the same local biome transition; two shifted contexts agree; cumulative topology preserved
1608,1404,102144,86272,102272,86400,0/1/174/255,255/0/220/255,T430,T654,S0870,mordor,consistent pre-V2 opposite-side territory witnesses on the same local biome transition; two shifted contexts agree; cumulative topology preserved
1609,1404,102272,86272,102400,86400,0/1/174/255,255/0/220/255,T430,T654,S0870,mordor,consistent pre-V2 opposite-side territory witnesses on the same local biome transition; two shifted contexts agree; cumulative topology preserved
1610,1404,102400,86272,102528,86400,0/1/174/255,255/0/220/255,T430,T654,S0870,mordor,consistent pre-V2 opposite-side territory witnesses on the same local biome transition; two shifted contexts agree; cumulative topology preserved
1314,1405,64512,86400,64640,86528,0/1/175/255,0/1/185/255,T431,T441,S0871,harondor,consistent pre-V2 opposite-side territory witnesses on the same local biome transition; two shifted contexts agree; cumulative topology preserved
1615,1405,103040,86400,103168,86528,255/0/220/255,0/1/174/255,T654,T430,S0872,nurn,consistent pre-V2 opposite-side territory witnesses on the same local biome transition; two shifted contexts agree; cumulative topology preserved
1616,1405,103168,86400,103296,86528,255/0/220/255,0/1/174/255,T654,T430,S0872,nurn,consistent pre-V2 opposite-side territory witnesses on the same local biome transition; two shifted contexts agree; cumulative topology preserved
1617,1405,103296,86400,103424,86528,255/0/220/255,0/1/174/255,T654,T430,S0872,nurn,consistent pre-V2 opposite-side territory witnesses on the same local biome transition; two shifted contexts agree; cumulative topology preserved
1618,1405,103424,86400,103552,86528,255/0/220/255,0/1/174/255,T654,T430,S0872,nurn,consistent pre-V2 opposite-side territory witnesses on the same local biome transition; two shifted contexts agree; cumulative topology preserved
1619,1405,103552,86400,103680,86528,255/0/220/255,0/1/174/255,T654,T430,S0872,nurn,consistent pre-V2 opposite-side territory witnesses on the same local biome transition; two shifted contexts agree; cumulative topology preserved
1620,1405,103680,86400,103808,86528,255/0/220/255,0/1/174/255,T654,T430,S0872,nurn,consistent pre-V2 opposite-side territory witnesses on the same local biome transition; two shifted contexts agree; cumulative topology preserved
1621,1405,103808,86400,103936,86528,255/0/220/255,0/1/174/255,T654,T430,S0872,nurn,consistent pre-V2 opposite-side territory witnesses on the same local biome transition; two shifted contexts agree; cumulative topology preserved
1622,1405,103936,86400,104064,86528,255/0/220/255,0/1/174/255,T654,T430,S0872,nurn,consistent pre-V2 opposite-side territory witnesses on the same local biome transition; two shifted contexts agree; cumulative topology preserved
2620,1406,231680,86528,231808,86656,0/1/186/255,0/1/145/255,T442,T401,S0873,rhun,consistent pre-V2 opposite-side territory witnesses on the same local biome transition; two shifted contexts agree; cumulative topology preserved
2621,1406,231808,86528,231936,86656,0/1/186/255,0/1/145/255,T442,T401,S0873,rhun,consistent pre-V2 opposite-side territory witnesses on the same local biome transition; two shifted contexts agree; cumulative topology preserved
2629,1406,232832,86528,232960,86656,0/1/145/255,0/1/186/255,T401,T442,S0874,lastDesert,consistent pre-V2 opposite-side territory witnesses on the same local biome transition; two shifted contexts agree; cumulative topology preserved
2635,1406,233600,86528,233728,86656,0/1/145/255,0/1/186/255,T401,T442,S0875,lastDesert,consistent pre-V2 opposite-side territory witnesses on the same local biome transition; two shifted contexts agree; cumulative topology preserved
2636,1406,233728,86528,233856,86656,0/1/145/255,0/1/186/255,T401,T442,S0875,lastDesert,consistent pre-V2 opposite-side territory witnesses on the same local biome transition; two shifted contexts agree; cumulative topology preserved
1312,1408,64256,86784,64384,86912,0/1/175/255,0/1/185/255,T431,T441,S0876,harondor,consistent pre-V2 opposite-side territory witnesses on the same local biome transition; two shifted contexts agree; cumulative topology preserved
2643,1408,234624,86784,234752,86912,0/1/145/255,0/1/186/255,T401,T442,S0877,lastDesert,consistent pre-V2 opposite-side territory witnesses on the same local biome transition; two shifted contexts agree; cumulative topology preserved
1311,1409,64128,86912,64256,87040,0/1/175/255,0/1/185/255,T431,T441,S0876,harondor,consistent pre-V2 opposite-side territory witnesses on the same local biome transition; two shifted contexts agree; cumulative topology preserved
1310,1410,64000,87040,64128,87168,0/1/175/255,0/1/185/255,T431,T441,S0876,harondor,consistent pre-V2 opposite-side territory witnesses on the same local biome transition; two shifted contexts agree; cumulative topology preserved
2594,1410,228352,87040,228480,87168,0/1/145/255,0/1/186/255,T401,T442,S0878,lastDesert,consistent pre-V2 opposite-side territory witnesses on the same local biome transition; two shifted contexts agree; cumulative topology preserved
2595,1410,228480,87040,228608,87168,0/1/145/255,0/1/186/255,T401,T442,S0878,lastDesert,consistent pre-V2 opposite-side territory witnesses on the same local biome transition; two shifted contexts agree; cumulative topology preserved
2663,1411,237184,87168,237312,87296,0/1/186/255,0/1/145/255,T442,T401,S0879,rhun,consistent pre-V2 opposite-side territory witnesses on the same local biome transition; two shifted contexts agree; cumulative topology preserved
2664,1411,237312,87168,237440,87296,0/1/186/255,0/1/145/255,T442,T401,S0879,rhun,consistent pre-V2 opposite-side territory witnesses on the same local biome transition; two shifted contexts agree; cumulative topology preserved
2665,1411,237440,87168,237568,87296,0/1/186/255,0/1/145/255,T442,T401,S0879,rhun,consistent pre-V2 opposite-side territory witnesses on the same local biome transition; two shifted contexts agree; cumulative topology preserved
2666,1411,237568,87168,237696,87296,0/1/186/255,0/1/145/255,T442,T401,S0879,rhun,consistent pre-V2 opposite-side territory witnesses on the same local biome transition; two shifted contexts agree; cumulative topology preserved
2667,1411,237696,87168,237824,87296,0/1/186/255,0/1/145/255,T442,T401,S0879,rhun,consistent pre-V2 opposite-side territory witnesses on the same local biome transition; two shifted contexts agree; cumulative topology preserved
2668,1411,237824,87168,237952,87296,0/1/186/255,0/1/145/255,T442,T401,S0879,rhun,consistent pre-V2 opposite-side territory witnesses on the same local biome transition; two shifted contexts agree; cumulative topology preserved
2669,1411,237952,87168,238080,87296,0/1/186/255,0/1/145/255,T442,T401,S0879,rhun,consistent pre-V2 opposite-side territory witnesses on the same local biome transition; two shifted contexts agree; cumulative topology preserved
2670,1411,238080,87168,238208,87296,0/1/186/255,0/1/145/255,T442,T401,S0879,rhun,consistent pre-V2 opposite-side territory witnesses on the same local biome transition; two shifted contexts agree; cumulative topology preserved
2671,1411,238208,87168,238336,87296,0/1/186/255,0/1/145/255,T442,T401,S0879,rhun,consistent pre-V2 opposite-side territory witnesses on the same local biome transition; two shifted contexts agree; cumulative topology preserved
2672,1411,238336,87168,238464,87296,0/1/186/255,0/1/145/255,T442,T401,S0879,rhun,consistent pre-V2 opposite-side territory witnesses on the same local biome transition; two shifted contexts agree; cumulative topology preserved
2673,1411,238464,87168,238592,87296,0/1/186/255,0/1/145/255,T442,T401,S0879,rhun,consistent pre-V2 opposite-side territory witnesses on the same local biome transition; two shifted contexts agree; cumulative topology preserved
2674,1411,238592,87168,238720,87296,0/1/186/255,0/1/145/255,T442,T401,S0879,rhun,consistent pre-V2 opposite-side territory witnesses on the same local biome transition; two shifted contexts agree; cumulative topology preserved
2675,1411,238720,87168,238848,87296,0/1/186/255,0/1/145/255,T442,T401,S0879,rhun,consistent pre-V2 opposite-side territory witnesses on the same local biome transition; two shifted contexts agree; cumulative topology preserved
2676,1411,238848,87168,238976,87296,0/1/186/255,0/1/145/255,T442,T401,S0879,rhun,consistent pre-V2 opposite-side territory witnesses on the same local biome transition; two shifted contexts agree; cumulative topology preserved
2677,1411,238976,87168,239104,87296,0/1/186/255,0/1/145/255,T442,T401,S0879,rhun,consistent pre-V2 opposite-side territory witnesses on the same local biome transition; two shifted contexts agree; cumulative topology preserved
2678,1411,239104,87168,239232,87296,0/1/186/255,0/1/145/255,T442,T401,S0879,rhun,consistent pre-V2 opposite-side territory witnesses on the same local biome transition; two shifted contexts agree; cumulative topology preserved
2679,1411,239232,87168,239360,87296,0/1/186/255,0/1/145/255,T442,T401,S0879,rhun,consistent pre-V2 opposite-side territory witnesses on the same local biome transition; two shifted contexts agree; cumulative topology preserved
2680,1411,239360,87168,239488,87296,0/1/186/255,0/1/145/255,T442,T401,S0879,rhun,consistent pre-V2 opposite-side territory witnesses on the same local biome transition; two shifted contexts agree; cumulative topology preserved
2681,1411,239488,87168,239616,87296,0/1/186/255,0/1/145/255,T442,T401,S0879,rhun,consistent pre-V2 opposite-side territory witnesses on the same local biome transition; two shifted contexts agree; cumulative topology preserved
2682,1411,239616,87168,239744,87296,0/1/186/255,0/1/145/255,T442,T401,S0879,rhun,consistent pre-V2 opposite-side territory witnesses on the same local biome transition; two shifted contexts agree; cumulative topology preserved
2683,1411,239744,87168,239872,87296,0/1/186/255,0/1/145/255,T442,T401,S0879,rhun,consistent pre-V2 opposite-side territory witnesses on the same local biome transition; two shifted contexts agree; cumulative topology preserved
2684,1411,239872,87168,240000,87296,0/1/186/255,0/1/145/255,T442,T401,S0879,rhun,consistent pre-V2 opposite-side territory witnesses on the same local biome transition; two shifted contexts agree; cumulative topology preserved
2685,1411,240000,87168,240128,87296,0/1/186/255,0/1/145/255,T442,T401,S0879,rhun,consistent pre-V2 opposite-side territory witnesses on the same local biome transition; two shifted contexts agree; cumulative topology preserved
2562,1412,224256,87296,224384,87424,0/1/145/255,0/1/186/255,T401,T442,S0880,lastDesert,consistent pre-V2 opposite-side territory witnesses on the same local biome transition; two shifted contexts agree; cumulative topology preserved
2563,1412,224384,87296,224512,87424,0/1/145/255,0/1/186/255,T401,T442,S0880,lastDesert,consistent pre-V2 opposite-side territory witnesses on the same local biome transition; two shifted contexts agree; cumulative topology preserved
2564,1412,224512,87296,224640,87424,0/1/145/255,0/1/186/255,T401,T442,S0880,lastDesert,consistent pre-V2 opposite-side territory witnesses on the same local biome transition; two shifted contexts agree; cumulative topology preserved
2565,1412,224640,87296,224768,87424,0/1/145/255,0/1/186/255,T401,T442,S0880,lastDesert,consistent pre-V2 opposite-side territory witnesses on the same local biome transition; two shifted contexts agree; cumulative topology preserved
2566,1412,224768,87296,224896,87424,0/1/145/255,0/1/186/255,T401,T442,S0880,lastDesert,consistent pre-V2 opposite-side territory witnesses on the same local biome transition; two shifted contexts agree; cumulative topology preserved
2567,1412,224896,87296,225024,87424,0/1/145/255,0/1/186/255,T401,T442,S0880,lastDesert,consistent pre-V2 opposite-side territory witnesses on the same local biome transition; two shifted contexts agree; cumulative topology preserved
2568,1412,225024,87296,225152,87424,0/1/145/255,0/1/186/255,T401,T442,S0880,lastDesert,consistent pre-V2 opposite-side territory witnesses on the same local biome transition; two shifted contexts agree; cumulative topology preserved
2569,1412,225152,87296,225280,87424,0/1/145/255,0/1/186/255,T401,T442,S0880,lastDesert,consistent pre-V2 opposite-side territory witnesses on the same local biome transition; two shifted contexts agree; cumulative topology preserved
2584,1412,227072,87296,227200,87424,0/1/186/255,0/1/145/255,T442,T401,S0881,rhun,consistent pre-V2 opposite-side territory witnesses on the same local biome transition; two shifted contexts agree; cumulative topology preserved
2687,1412,240256,87296,240384,87424,0/1/186/255,0/1/145/255,T442,T401,S0882,rhun,consistent pre-V2 opposite-side territory witnesses on the same local biome transition; two shifted contexts agree; cumulative topology preserved
2544,1413,221952,87424,222080,87552,0/1/186/255,0/1/145/255,T442,T401,S0883,rhun,consistent pre-V2 opposite-side territory witnesses on the same local biome transition; two shifted contexts agree; cumulative topology preserved
2545,1413,222080,87424,222208,87552,0/1/186/255,0/1/145/255,T442,T401,S0883,rhun,consistent pre-V2 opposite-side territory witnesses on the same local biome transition; two shifted contexts agree; cumulative topology preserved
2573,1413,225664,87424,225792,87552,0/1/186/255,0/1/145/255,T442,T401,S0884,rhun,consistent pre-V2 opposite-side territory witnesses on the same local biome transition; two shifted contexts agree; cumulative topology preserved
2574,1413,225792,87424,225920,87552,0/1/186/255,0/1/145/255,T442,T401,S0884,rhun,consistent pre-V2 opposite-side territory witnesses on the same local biome transition; two shifted contexts agree; cumulative topology preserved
2575,1413,225920,87424,226048,87552,0/1/186/255,0/1/145/255,T442,T401,S0884,rhun,consistent pre-V2 opposite-side territory witnesses on the same local biome transition; two shifted contexts agree; cumulative topology preserved
2576,1413,226048,87424,226176,87552,0/1/186/255,0/1/145/255,T442,T401,S0884,rhun,consistent pre-V2 opposite-side territory witnesses on the same local biome transition; two shifted contexts agree; cumulative topology preserved
2577,1413,226176,87424,226304,87552,0/1/186/255,0/1/145/255,T442,T401,S0884,rhun,consistent pre-V2 opposite-side territory witnesses on the same local biome transition; two shifted contexts agree; cumulative topology preserved
2578,1413,226304,87424,226432,87552,0/1/186/255,0/1/145/255,T442,T401,S0884,rhun,consistent pre-V2 opposite-side territory witnesses on the same local biome transition; two shifted contexts agree; cumulative topology preserved
2579,1413,226432,87424,226560,87552,0/1/186/255,0/1/145/255,T442,T401,S0884,rhun,consistent pre-V2 opposite-side territory witnesses on the same local biome transition; two shifted contexts agree; cumulative topology preserved
2580,1413,226560,87424,226688,87552,0/1/186/255,0/1/145/255,T442,T401,S0884,rhun,consistent pre-V2 opposite-side territory witnesses on the same local biome transition; two shifted contexts agree; cumulative topology preserved
2581,1413,226688,87424,226816,87552,0/1/186/255,0/1/145/255,T442,T401,S0884,rhun,consistent pre-V2 opposite-side territory witnesses on the same local biome transition; two shifted contexts agree; cumulative topology preserved
2689,1413,240512,87424,240640,87552,0/1/186/255,0/1/145/255,T442,T401,S0885,rhun,consistent pre-V2 opposite-side territory witnesses on the same local biome transition; two shifted contexts agree; cumulative topology preserved
2690,1413,240640,87424,240768,87552,0/1/186/255,0/1/145/255,T442,T401,S0885,rhun,consistent pre-V2 opposite-side territory witnesses on the same local biome transition; two shifted contexts agree; cumulative topology preserved
2691,1413,240768,87424,240896,87552,0/1/186/255,0/1/145/255,T442,T401,S0885,rhun,consistent pre-V2 opposite-side territory witnesses on the same local biome transition; two shifted contexts agree; cumulative topology preserved
2692,1413,240896,87424,241024,87552,0/1/186/255,0/1/145/255,T442,T401,S0885,rhun,consistent pre-V2 opposite-side territory witnesses on the same local biome transition; two shifted contexts agree; cumulative topology preserved
2693,1413,241024,87424,241152,87552,0/1/186/255,0/1/145/255,T442,T401,S0885,rhun,consistent pre-V2 opposite-side territory witnesses on the same local biome transition; two shifted contexts agree; cumulative topology preserved
2694,1413,241152,87424,241280,87552,0/1/186/255,0/1/145/255,T442,T401,S0885,rhun,consistent pre-V2 opposite-side territory witnesses on the same local biome transition; two shifted contexts agree; cumulative topology preserved
2695,1413,241280,87424,241408,87552,0/1/186/255,0/1/145/255,T442,T401,S0885,rhun,consistent pre-V2 opposite-side territory witnesses on the same local biome transition; two shifted contexts agree; cumulative topology preserved
2696,1413,241408,87424,241536,87552,0/1/186/255,0/1/145/255,T442,T401,S0885,rhun,consistent pre-V2 opposite-side territory witnesses on the same local biome transition; two shifted contexts agree; cumulative topology preserved
2697,1413,241536,87424,241664,87552,0/1/186/255,0/1/145/255,T442,T401,S0885,rhun,consistent pre-V2 opposite-side territory witnesses on the same local biome transition; two shifted contexts agree; cumulative topology preserved
1298,1419,62464,88192,62592,88320,0/1/175/255,0/1/185/255,T431,T441,S0886,harondor,consistent pre-V2 opposite-side territory witnesses on the same local biome transition; two shifted contexts agree; cumulative topology preserved
1294,1420,61952,88320,62080,88448,0/1/175/255,0/1/185/255,T431,T441,S0887,harondor,consistent pre-V2 opposite-side territory witnesses on the same local biome transition; two shifted contexts agree; cumulative topology preserved
1295,1420,62080,88320,62208,88448,0/1/175/255,0/1/185/255,T431,T441,S0887,harondor,consistent pre-V2 opposite-side territory witnesses on the same local biome transition; two shifted contexts agree; cumulative topology preserved
1296,1420,62208,88320,62336,88448,0/1/175/255,0/1/185/255,T431,T441,S0887,harondor,consistent pre-V2 opposite-side territory witnesses on the same local biome transition; two shifted contexts agree; cumulative topology preserved
2481,1444,213888,91392,214016,91520,0/1/176/255,0/1/186/255,T432,T442,S0888,lastDesert,consistent pre-V2 opposite-side territory witnesses on the same local biome transition; two shifted contexts agree; cumulative topology preserved
2473,1445,212864,91520,212992,91648,0/1/186/255,0/1/176/255,T442,T432,S0889,rhun,consistent pre-V2 opposite-side territory witnesses on the same local biome transition; two shifted contexts agree; cumulative topology preserved
2464,1447,211712,91776,211840,91904,0/1/186/255,0/1/176/255,T442,T432,S0890,rhun,consistent pre-V2 opposite-side territory witnesses on the same local biome transition; two shifted contexts agree; cumulative topology preserved
2463,1448,211584,91904,211712,92032,0/1/186/255,0/1/176/255,T442,T432,S0890,rhun,consistent pre-V2 opposite-side territory witnesses on the same local biome transition; two shifted contexts agree; cumulative topology preserved
2457,1453,210816,92544,210944,92672,0/1/186/255,0/1/176/255,T442,T432,S0891,rhun,consistent pre-V2 opposite-side territory witnesses on the same local biome transition; two shifted contexts agree; cumulative topology preserved
2453,1455,210304,92800,210432,92928,0/1/186/255,0/1/176/255,T442,T432,S0892,rhun,consistent pre-V2 opposite-side territory witnesses on the same local biome transition; two shifted contexts agree; cumulative topology preserved
2449,1458,209792,93184,209920,93312,0/1/176/255,0/1/186/255,T432,T442,S0893,lastDesert,consistent pre-V2 opposite-side territory witnesses on the same local biome transition; two shifted contexts agree; cumulative topology preserved
2390,1459,202240,93312,202368,93440,0/1/186/255,0/1/176/255,T442,T432,S0894,rhun,consistent pre-V2 opposite-side territory witnesses on the same local biome transition; two shifted contexts agree; cumulative topology preserved
2391,1459,202368,93312,202496,93440,0/1/186/255,0/1/176/255,T442,T432,S0894,rhun,consistent pre-V2 opposite-side territory witnesses on the same local biome transition; two shifted contexts agree; cumulative topology preserved
2392,1459,202496,93312,202624,93440,0/1/186/255,0/1/176/255,T442,T432,S0894,rhun,consistent pre-V2 opposite-side territory witnesses on the same local biome transition; two shifted contexts agree; cumulative topology preserved
2393,1459,202624,93312,202752,93440,0/1/186/255,0/1/176/255,T442,T432,S0894,rhun,consistent pre-V2 opposite-side territory witnesses on the same local biome transition; two shifted contexts agree; cumulative topology preserved
2400,1459,203520,93312,203648,93440,0/1/186/255,0/1/176/255,T442,T432,S0895,rhun,consistent pre-V2 opposite-side territory witnesses on the same local biome transition; two shifted contexts agree; cumulative topology preserved
2445,1459,209280,93312,209408,93440,0/1/186/255,0/1/176/255,T442,T432,S0896,rhun,consistent pre-V2 opposite-side territory witnesses on the same local biome transition; two shifted contexts agree; cumulative topology preserved
2446,1459,209408,93312,209536,93440,0/1/186/255,0/1/176/255,T442,T432,S0896,rhun,consistent pre-V2 opposite-side territory witnesses on the same local biome transition; two shifted contexts agree; cumulative topology preserved
2447,1459,209536,93312,209664,93440,0/1/186/255,0/1/176/255,T442,T432,S0896,rhun,consistent pre-V2 opposite-side territory witnesses on the same local biome transition; two shifted contexts agree; cumulative topology preserved
2389,1460,202112,93440,202240,93568,0/1/186/255,0/1/176/255,T442,T432,S0894,rhun,consistent pre-V2 opposite-side territory witnesses on the same local biome transition; two shifted contexts agree; cumulative topology preserved
2436,1460,208128,93440,208256,93568,0/1/186/255,0/1/176/255,T442,T432,S0897,rhun,consistent pre-V2 opposite-side territory witnesses on the same local biome transition; two shifted contexts agree; cumulative topology preserved
2437,1460,208256,93440,208384,93568,0/1/186/255,0/1/176/255,T442,T432,S0897,rhun,consistent pre-V2 opposite-side territory witnesses on the same local biome transition; two shifted contexts agree; cumulative topology preserved
2420,1461,206080,93568,206208,93696,0/1/186/255,0/1/176/255,T442,T432,S0898,rhun,consistent pre-V2 opposite-side territory witnesses on the same local biome transition; two shifted contexts agree; cumulative topology preserved
2421,1461,206208,93568,206336,93696,0/1/186/255,0/1/176/255,T442,T432,S0898,rhun,consistent pre-V2 opposite-side territory witnesses on the same local biome transition; two shifted contexts agree; cumulative topology preserved
2422,1461,206336,93568,206464,93696,0/1/186/255,0/1/176/255,T442,T432,S0898,rhun,consistent pre-V2 opposite-side territory witnesses on the same local biome transition; two shifted contexts agree; cumulative topology preserved
2423,1461,206464,93568,206592,93696,0/1/186/255,0/1/176/255,T442,T432,S0898,rhun,consistent pre-V2 opposite-side territory witnesses on the same local biome transition; two shifted contexts agree; cumulative topology preserved
2424,1461,206592,93568,206720,93696,0/1/186/255,0/1/176/255,T442,T432,S0898,rhun,consistent pre-V2 opposite-side territory witnesses on the same local biome transition; two shifted contexts agree; cumulative topology preserved
2425,1461,206720,93568,206848,93696,0/1/186/255,0/1/176/255,T442,T432,S0898,rhun,consistent pre-V2 opposite-side territory witnesses on the same local biome transition; two shifted contexts agree; cumulative topology preserved
2980,1461,277760,93568,277888,93696,0/1/182/255,0/1/205/255,T438,T461,S0899,rhun,consistent pre-V2 opposite-side territory witnesses on the same local biome transition; two shifted contexts agree; cumulative topology preserved
2979,1462,277632,93696,277760,93824,0/1/182/255,0/1/205/255,T438,T461,S0899,rhun,consistent pre-V2 opposite-side territory witnesses on the same local biome transition; two shifted contexts agree; cumulative topology preserved
2414,1463,205312,93824,205440,93952,0/1/186/255,0/1/176/255,T442,T432,S0900,rhun,consistent pre-V2 opposite-side territory witnesses on the same local biome transition; two shifted contexts agree; cumulative topology preserved
2415,1463,205440,93824,205568,93952,0/1/186/255,0/1/176/255,T442,T432,S0900,rhun,consistent pre-V2 opposite-side territory witnesses on the same local biome transition; two shifted contexts agree; cumulative topology preserved
2416,1463,205568,93824,205696,93952,0/1/186/255,0/1/176/255,T442,T432,S0900,rhun,consistent pre-V2 opposite-side territory witnesses on the same local biome transition; two shifted contexts agree; cumulative topology preserved
2393,1467,202624,94336,202752,94464,0/1/176/255,0/1/186/255,T432,T442,S0901,lastDesert,consistent pre-V2 opposite-side territory witnesses on the same local biome transition; two shifted contexts agree; cumulative topology preserved
2974,1467,276992,94336,277120,94464,0/1/205/255,0/1/182/255,T461,T438,S0902,rhunForest,consistent pre-V2 opposite-side territory witnesses on the same local biome transition; two shifted contexts agree; cumulative topology preserved
2395,1469,202880,94592,203008,94720,0/1/186/255,0/1/176/255,T442,T432,S0903,rhun,consistent pre-V2 opposite-side territory witnesses on the same local biome transition; two shifted contexts agree; cumulative topology preserved
2396,1470,203008,94720,203136,94848,0/1/186/255,0/1/176/255,T442,T432,S0903,rhun,consistent pre-V2 opposite-side territory witnesses on the same local biome transition; two shifted contexts agree; cumulative topology preserved
2397,1471,203136,94848,203264,94976,0/1/186/255,0/1/176/255,T442,T432,S0903,rhun,consistent pre-V2 opposite-side territory witnesses on the same local biome transition; two shifted contexts agree; cumulative topology preserved
2960,1472,275200,94976,275328,95104,0/1/182/255,0/1/205/255,T438,T461,S0904,rhun,consistent pre-V2 opposite-side territory witnesses on the same local biome transition; two shifted contexts agree; cumulative topology preserved
2951,1474,274048,95232,274176,95360,0/1/182/255,0/1/205/255,T438,T461,S0905,rhun,consistent pre-V2 opposite-side territory witnesses on the same local biome transition; two shifted contexts agree; cumulative topology preserved
2952,1474,274176,95232,274304,95360,0/1/182/255,0/1/205/255,T438,T461,S0905,rhun,consistent pre-V2 opposite-side territory witnesses on the same local biome transition; two shifted contexts agree; cumulative topology preserved
2953,1474,274304,95232,274432,95360,0/1/182/255,0/1/205/255,T438,T461,S0905,rhun,consistent pre-V2 opposite-side territory witnesses on the same local biome transition; two shifted contexts agree; cumulative topology preserved
2954,1474,274432,95232,274560,95360,0/1/182/255,0/1/205/255,T438,T461,S0905,rhun,consistent pre-V2 opposite-side territory witnesses on the same local biome transition; two shifted contexts agree; cumulative topology preserved
2955,1474,274560,95232,274688,95360,0/1/182/255,0/1/205/255,T438,T461,S0905,rhun,consistent pre-V2 opposite-side territory witnesses on the same local biome transition; two shifted contexts agree; cumulative topology preserved
2956,1474,274688,95232,274816,95360,0/1/182/255,0/1/205/255,T438,T461,S0905,rhun,consistent pre-V2 opposite-side territory witnesses on the same local biome transition; two shifted contexts agree; cumulative topology preserved
2957,1474,274816,95232,274944,95360,0/1/182/255,0/1/205/255,T438,T461,S0905,rhun,consistent pre-V2 opposite-side territory witnesses on the same local biome transition; two shifted contexts agree; cumulative topology preserved
2399,1475,203392,95360,203520,95488,0/1/186/255,0/1/176/255,T442,T432,S0906,rhun,consistent pre-V2 opposite-side territory witnesses on the same local biome transition; two shifted contexts agree; cumulative topology preserved
2946,1476,273408,95488,273536,95616,0/1/182/255,0/1/205/255,T438,T461,S0907,rhun,consistent pre-V2 opposite-side territory witnesses on the same local biome transition; two shifted contexts agree; cumulative topology preserved
2403,1478,203904,95744,204032,95872,0/1/186/255,0/1/176/255,T442,T432,S0908,rhun,consistent pre-V2 opposite-side territory witnesses on the same local biome transition; two shifted contexts agree; cumulative topology preserved
2943,1478,273024,95744,273152,95872,0/1/182/255,0/1/205/255,T438,T461,S0909,rhun,consistent pre-V2 opposite-side territory witnesses on the same local biome transition; two shifted contexts agree; cumulative topology preserved
2405,1480,204160,96000,204288,96128,0/1/186/255,0/1/176/255,T442,T432,S0910,rhun,consistent pre-V2 opposite-side territory witnesses on the same local biome transition; two shifted contexts agree; cumulative topology preserved
2936,1480,272128,96000,272256,96128,0/1/182/255,0/1/205/255,T438,T461,S0911,rhun,consistent pre-V2 opposite-side territory witnesses on the same local biome transition; two shifted contexts agree; cumulative topology preserved
2937,1480,272256,96000,272384,96128,0/1/182/255,0/1/205/255,T438,T461,S0911,rhun,consistent pre-V2 opposite-side territory witnesses on the same local biome transition; two shifted contexts agree; cumulative topology preserved
2938,1480,272384,96000,272512,96128,0/1/182/255,0/1/205/255,T438,T461,S0911,rhun,consistent pre-V2 opposite-side territory witnesses on the same local biome transition; two shifted contexts agree; cumulative topology preserved
2405,1481,204160,96128,204288,96256,0/1/186/255,0/1/176/255,T442,T432,S0910,rhun,consistent pre-V2 opposite-side territory witnesses on the same local biome transition; two shifted contexts agree; cumulative topology preserved
2410,1486,204800,96768,204928,96896,0/1/186/255,0/1/176/255,T442,T432,S0912,rhun,consistent pre-V2 opposite-side territory witnesses on the same local biome transition; two shifted contexts agree; cumulative topology preserved
2411,1487,204928,96896,205056,97024,0/1/186/255,0/1/176/255,T442,T432,S0912,rhun,consistent pre-V2 opposite-side territory witnesses on the same local biome transition; two shifted contexts agree; cumulative topology preserved
2415,1491,205440,97408,205568,97536,0/1/186/255,0/1/176/255,T442,T432,S0913,rhun,consistent pre-V2 opposite-side territory witnesses on the same local biome transition; two shifted contexts agree; cumulative topology preserved
2415,1492,205440,97536,205568,97664,0/1/186/255,0/1/176/255,T442,T432,S0913,rhun,consistent pre-V2 opposite-side territory witnesses on the same local biome transition; two shifted contexts agree; cumulative topology preserved
2417,1496,205696,98048,205824,98176,0/1/186/255,0/1/176/255,T442,T432,S0914,rhun,consistent pre-V2 opposite-side territory witnesses on the same local biome transition; two shifted contexts agree; cumulative topology preserved
2417,1497,205696,98176,205824,98304,0/1/186/255,0/1/176/255,T442,T432,S0914,rhun,consistent pre-V2 opposite-side territory witnesses on the same local biome transition; two shifted contexts agree; cumulative topology preserved
2417,1498,205696,98304,205824,98432,0/1/186/255,0/1/176/255,T442,T432,S0914,rhun,consistent pre-V2 opposite-side territory witnesses on the same local biome transition; two shifted contexts agree; cumulative topology preserved
2417,1499,205696,98432,205824,98560,0/1/186/255,0/1/176/255,T442,T432,S0914,rhun,consistent pre-V2 opposite-side territory witnesses on the same local biome transition; two shifted contexts agree; cumulative topology preserved
2417,1500,205696,98560,205824,98688,0/1/186/255,0/1/176/255,T442,T432,S0914,rhun,consistent pre-V2 opposite-side territory witnesses on the same local biome transition; two shifted contexts agree; cumulative topology preserved
2417,1501,205696,98688,205824,98816,0/1/186/255,0/1/176/255,T442,T432,S0914,rhun,consistent pre-V2 opposite-side territory witnesses on the same local biome transition; two shifted contexts agree; cumulative topology preserved
2417,1502,205696,98816,205824,98944,0/1/186/255,0/1/176/255,T442,T432,S0914,rhun,consistent pre-V2 opposite-side territory witnesses on the same local biome transition; two shifted contexts agree; cumulative topology preserved
2417,1503,205696,98944,205824,99072,0/1/186/255,0/1/176/255,T442,T432,S0914,rhun,consistent pre-V2 opposite-side territory witnesses on the same local biome transition; two shifted contexts agree; cumulative topology preserved
2417,1504,205696,99072,205824,99200,0/1/186/255,0/1/176/255,T442,T432,S0914,rhun,consistent pre-V2 opposite-side territory witnesses on the same local biome transition; two shifted contexts agree; cumulative topology preserved
2417,1505,205696,99200,205824,99328,0/1/186/255,0/1/176/255,T442,T432,S0914,rhun,consistent pre-V2 opposite-side territory witnesses on the same local biome transition; two shifted contexts agree; cumulative topology preserved
2417,1506,205696,99328,205824,99456,0/1/186/255,0/1/176/255,T442,T432,S0914,rhun,consistent pre-V2 opposite-side territory witnesses on the same local biome transition; two shifted contexts agree; cumulative topology preserved
2417,1507,205696,99456,205824,99584,0/1/186/255,0/1/176/255,T442,T432,S0914,rhun,consistent pre-V2 opposite-side territory witnesses on the same local biome transition; two shifted contexts agree; cumulative topology preserved
2417,1508,205696,99584,205824,99712,0/1/186/255,0/1/176/255,T442,T432,S0914,rhun,consistent pre-V2 opposite-side territory witnesses on the same local biome transition; two shifted contexts agree; cumulative topology preserved
2415,1513,205440,100224,205568,100352,0/1/186/255,0/1/176/255,T442,T432,S0915,rhun,consistent pre-V2 opposite-side territory witnesses on the same local biome transition; two shifted contexts agree; cumulative topology preserved
2415,1514,205440,100352,205568,100480,0/1/186/255,0/1/176/255,T442,T432,S0915,rhun,consistent pre-V2 opposite-side territory witnesses on the same local biome transition; two shifted contexts agree; cumulative topology preserved
2895,1515,266880,100480,267008,100608,0/1/193/255,0/1/205/255,T449,T461,S0916,rhun,consistent pre-V2 opposite-side territory witnesses on the same local biome transition; two shifted contexts agree; cumulative topology preserved
2889,1516,266112,100608,266240,100736,0/1/193/255,0/1/205/255,T449,T461,S0917,rhun,consistent pre-V2 opposite-side territory witnesses on the same local biome transition; two shifted contexts agree; cumulative topology preserved
2890,1516,266240,100608,266368,100736,0/1/193/255,0/1/205/255,T449,T461,S0917,rhun,consistent pre-V2 opposite-side territory witnesses on the same local biome transition; two shifted contexts agree; cumulative topology preserved
2896,1516,267008,100608,267136,100736,0/1/193/255,0/1/205/255,T449,T461,S0916,rhun,consistent pre-V2 opposite-side territory witnesses on the same local biome transition; two shifted contexts agree; cumulative topology preserved
2413,1520,205184,101120,205312,101248,0/1/186/255,0/1/176/255,T442,T432,S0918,rhun,consistent pre-V2 opposite-side territory witnesses on the same local biome transition; two shifted contexts agree; cumulative topology preserved
2406,1527,204288,102016,204416,102144,0/1/186/255,0/1/176/255,T442,T432,S0919,rhun,consistent pre-V2 opposite-side territory witnesses on the same local biome transition; two shifted contexts agree; cumulative topology preserved
2675,1529,238720,102272,238848,102400,0/1/195/255,0/1/220/255,T451,T476,S0920,rhun,consistent pre-V2 opposite-side territory witnesses on the same local biome transition; two shifted contexts agree; cumulative topology preserved
2678,1530,239104,102400,239232,102528,0/1/195/255,0/1/220/255,T451,T476,S0921,rhun,consistent pre-V2 opposite-side territory witnesses on the same local biome transition; two shifted contexts agree; cumulative topology preserved
2679,1530,239232,102400,239360,102528,0/1/195/255,0/1/220/255,T451,T476,S0921,rhun,consistent pre-V2 opposite-side territory witnesses on the same local biome transition; two shifted contexts agree; cumulative topology preserved
2680,1530,239360,102400,239488,102528,0/1/195/255,0/1/220/255,T451,T476,S0921,rhun,consistent pre-V2 opposite-side territory witnesses on the same local biome transition; two shifted contexts agree; cumulative topology preserved
2683,1531,239744,102528,239872,102656,0/1/195/255,0/1/220/255,T451,T476,S0922,rhun,consistent pre-V2 opposite-side territory witnesses on the same local biome transition; two shifted contexts agree; cumulative topology preserved
2886,1531,265728,102528,265856,102656,0/1/205/255,0/1/193/255,T461,T449,S0923,rhunForest,consistent pre-V2 opposite-side territory witnesses on the same local biome transition; two shifted contexts agree; cumulative topology preserved
2401,1532,203648,102656,203776,102784,0/1/176/255,0/1/186/255,T432,T442,S0924,lastDesert,consistent pre-V2 opposite-side territory witnesses on the same local biome transition; two shifted contexts agree; cumulative topology preserved
2684,1532,239872,102656,240000,102784,0/1/195/255,0/1/220/255,T451,T476,S0922,rhun,consistent pre-V2 opposite-side territory witnesses on the same local biome transition; two shifted contexts agree; cumulative topology preserved
2886,1532,265728,102656,265856,102784,0/1/205/255,0/1/193/255,T461,T449,S0923,rhunForest,consistent pre-V2 opposite-side territory witnesses on the same local biome transition; two shifted contexts agree; cumulative topology preserved
2687,1535,240256,103040,240384,103168,0/1/195/255,0/1/220/255,T451,T476,S0925,rhun,consistent pre-V2 opposite-side territory witnesses on the same local biome transition; two shifted contexts agree; cumulative topology preserved
2692,1542,240896,103936,241024,104064,0/1/220/255,0/1/195/255,T476,T451,S0926,rhunForest,consistent pre-V2 opposite-side territory witnesses on the same local biome transition; two shifted contexts agree; cumulative topology preserved
2391,1545,202368,104320,202496,104448,0/1/186/255,0/1/176/255,T442,T432,S0927,rhun,consistent pre-V2 opposite-side territory witnesses on the same local biome transition; two shifted contexts agree; cumulative topology preserved
2887,1545,265856,104320,265984,104448,0/1/193/255,0/1/205/255,T449,T461,S0928,rhun,consistent pre-V2 opposite-side territory witnesses on the same local biome transition; two shifted contexts agree; cumulative topology preserved
2384,1547,201472,104576,201600,104704,0/1/186/255,0/1/176/255,T442,T432,S0929,rhun,consistent pre-V2 opposite-side territory witnesses on the same local biome transition; two shifted contexts agree; cumulative topology preserved
2884,1550,265472,104960,265600,105088,0/1/193/255,0/1/205/255,T449,T461,S0930,rhun,consistent pre-V2 opposite-side territory witnesses on the same local biome transition; two shifted contexts agree; cumulative topology preserved
2699,1551,241792,105088,241920,105216,0/1/195/255,0/1/220/255,T451,T476,S0931,rhun,consistent pre-V2 opposite-side territory witnesses on the same local biome transition; two shifted contexts agree; cumulative topology preserved
2884,1551,265472,105088,265600,105216,0/1/193/255,0/1/205/255,T449,T461,S0930,rhun,consistent pre-V2 opposite-side territory witnesses on the same local biome transition; two shifted contexts agree; cumulative topology preserved
2699,1552,241792,105216,241920,105344,0/1/195/255,0/1/220/255,T451,T476,S0931,rhun,consistent pre-V2 opposite-side territory witnesses on the same local biome transition; two shifted contexts agree; cumulative topology preserved
2884,1552,265472,105216,265600,105344,0/1/193/255,0/1/205/255,T449,T461,S0930,rhun,consistent pre-V2 opposite-side territory witnesses on the same local biome transition; two shifted contexts agree; cumulative topology preserved
2699,1553,241792,105344,241920,105472,0/1/195/255,0/1/220/255,T451,T476,S0931,rhun,consistent pre-V2 opposite-side territory witnesses on the same local biome transition; two shifted contexts agree; cumulative topology preserved
2884,1553,265472,105344,265600,105472,0/1/193/255,0/1/205/255,T449,T461,S0930,rhun,consistent pre-V2 opposite-side territory witnesses on the same local biome transition; two shifted contexts agree; cumulative topology preserved
2699,1554,241792,105472,241920,105600,0/1/195/255,0/1/220/255,T451,T476,S0931,rhun,consistent pre-V2 opposite-side territory witnesses on the same local biome transition; two shifted contexts agree; cumulative topology preserved
2884,1554,265472,105472,265600,105600,0/1/193/255,0/1/205/255,T449,T461,S0930,rhun,consistent pre-V2 opposite-side territory witnesses on the same local biome transition; two shifted contexts agree; cumulative topology preserved
2699,1555,241792,105600,241920,105728,0/1/195/255,0/1/220/255,T451,T476,S0931,rhun,consistent pre-V2 opposite-side territory witnesses on the same local biome transition; two shifted contexts agree; cumulative topology preserved
2695,1561,241280,106368,241408,106496,0/1/195/255,0/1/220/255,T451,T476,S0932,rhun,consistent pre-V2 opposite-side territory witnesses on the same local biome transition; two shifted contexts agree; cumulative topology preserved
2701,1569,242048,107392,242176,107520,0/1/195/255,0/1/220/255,T451,T476,S0933,rhun,consistent pre-V2 opposite-side territory witnesses on the same local biome transition; two shifted contexts agree; cumulative topology preserved
1653,1571,107904,107648,108032,107776,0/1/207/255,0/1/192/255,T463,T448,S0934,nearHaradSemiDesert,consistent pre-V2 opposite-side territory witnesses on the same local biome transition; two shifted contexts agree; cumulative topology preserved
1654,1571,108032,107648,108160,107776,0/1/207/255,0/1/192/255,T463,T448,S0934,nearHaradSemiDesert,consistent pre-V2 opposite-side territory witnesses on the same local biome transition; two shifted contexts agree; cumulative topology preserved
1657,1571,108416,107648,108544,107776,0/1/207/255,0/1/192/255,T463,T448,S0935,nearHaradSemiDesert,consistent pre-V2 opposite-side territory witnesses on the same local biome transition; two shifted contexts agree; cumulative topology preserved
1652,1572,107776,107776,107904,107904,0/1/207/255,0/1/192/255,T463,T448,S0934,nearHaradSemiDesert,consistent pre-V2 opposite-side territory witnesses on the same local biome transition; two shifted contexts agree; cumulative topology preserved
1653,1572,107904,107776,108032,107904,0/1/207/255,0/1/192/255,T463,T448,S0934,nearHaradSemiDesert,consistent pre-V2 opposite-side territory witnesses on the same local biome transition; two shifted contexts agree; cumulative topology preserved
1651,1573,107648,107904,107776,108032,0/1/207/255,0/1/192/255,T463,T448,S0934,nearHaradSemiDesert,consistent pre-V2 opposite-side territory witnesses on the same local biome transition; two shifted contexts agree; cumulative topology preserved
1650,1574,107520,108032,107648,108160,0/1/207/255,0/1/192/255,T463,T448,S0934,nearHaradSemiDesert,consistent pre-V2 opposite-side territory witnesses on the same local biome transition; two shifted contexts agree; cumulative topology preserved
1656,1574,108288,108032,108416,108160,0/1/207/255,0/1/192/255,T463,T448,S0936,nearHaradSemiDesert,consistent pre-V2 opposite-side territory witnesses on the same local biome transition; two shifted contexts agree; cumulative topology preserved
2880,1574,264960,108032,265088,108160,0/1/193/255,0/1/205/255,T449,T461,S0937,rhun,consistent pre-V2 opposite-side territory witnesses on the same local biome transition; two shifted contexts agree; cumulative topology preserved
1656,1575,108288,108160,108416,108288,0/1/207/255,0/1/192/255,T463,T448,S0936,nearHaradSemiDesert,consistent pre-V2 opposite-side territory witnesses on the same local biome transition; two shifted contexts agree; cumulative topology preserved
2880,1575,264960,108160,265088,108288,0/1/193/255,0/1/205/255,T449,T461,S0937,rhun,consistent pre-V2 opposite-side territory witnesses on the same local biome transition; two shifted contexts agree; cumulative topology preserved
1656,1576,108288,108288,108416,108416,0/1/207/255,0/1/192/255,T463,T448,S0936,nearHaradSemiDesert,consistent pre-V2 opposite-side territory witnesses on the same local biome transition; two shifted contexts agree; cumulative topology preserved
2880,1576,264960,108288,265088,108416,0/1/193/255,0/1/205/255,T449,T461,S0937,rhun,consistent pre-V2 opposite-side territory witnesses on the same local biome transition; two shifted contexts agree; cumulative topology preserved
1656,1577,108288,108416,108416,108544,0/1/207/255,0/1/192/255,T463,T448,S0936,nearHaradSemiDesert,consistent pre-V2 opposite-side territory witnesses on the same local biome transition; two shifted contexts agree; cumulative topology preserved
2880,1577,264960,108416,265088,108544,0/1/193/255,0/1/205/255,T449,T461,S0937,rhun,consistent pre-V2 opposite-side territory witnesses on the same local biome transition; two shifted contexts agree; cumulative topology preserved
2880,1578,264960,108544,265088,108672,0/1/193/255,0/1/205/255,T449,T461,S0937,rhun,consistent pre-V2 opposite-side territory witnesses on the same local biome transition; two shifted contexts agree; cumulative topology preserved
1647,1580,107136,108800,107264,108928,0/1/207/255,0/1/192/255,T463,T448,S0938,nearHaradSemiDesert,consistent pre-V2 opposite-side territory witnesses on the same local biome transition; two shifted contexts agree; cumulative topology preserved
1581,1581,98688,108928,98816,109056,0/1/198/255,0/1/210/255,T454,T466,S0939,nearHaradSemiDesert,consistent pre-V2 opposite-side territory witnesses on the same local biome transition; two shifted contexts agree; cumulative topology preserved
1572,1583,97536,109184,97664,109312,0/1/198/255,0/1/210/255,T454,T466,S0940,nearHaradSemiDesert,consistent pre-V2 opposite-side territory witnesses on the same local biome transition; two shifted contexts agree; cumulative topology preserved
1634,1583,105472,109184,105600,109312,0/1/207/255,0/1/192/255,T463,T448,S0941,nearHaradSemiDesert,consistent pre-V2 opposite-side territory witnesses on the same local biome transition; two shifted contexts agree; cumulative topology preserved
1642,1583,106496,109184,106624,109312,0/1/207/255,0/1/192/255,T463,T448,S0942,nearHaradSemiDesert,consistent pre-V2 opposite-side territory witnesses on the same local biome transition; two shifted contexts agree; cumulative topology preserved
1643,1583,106624,109184,106752,109312,0/1/207/255,0/1/192/255,T463,T448,S0942,nearHaradSemiDesert,consistent pre-V2 opposite-side territory witnesses on the same local biome transition; two shifted contexts agree; cumulative topology preserved
1571,1584,97408,109312,97536,109440,0/1/198/255,0/1/210/255,T454,T466,S0940,nearHaradSemiDesert,consistent pre-V2 opposite-side territory witnesses on the same local biome transition; two shifted contexts agree; cumulative topology preserved
1632,1584,105216,109312,105344,109440,0/1/207/255,0/1/192/255,T463,T448,S0943,nearHaradSemiDesert,consistent pre-V2 opposite-side territory witnesses on the same local biome transition; two shifted contexts agree; cumulative topology preserved
1570,1585,97280,109440,97408,109568,0/1/198/255,0/1/210/255,T454,T466,S0940,nearHaradSemiDesert,consistent pre-V2 opposite-side territory witnesses on the same local biome transition; two shifted contexts agree; cumulative topology preserved
1628,1585,104704,109440,104832,109568,0/1/207/255,0/1/192/255,T463,T448,S0944,nearHaradSemiDesert,consistent pre-V2 opposite-side territory witnesses on the same local biome transition; two shifted contexts agree; cumulative topology preserved
1629,1585,104832,109440,104960,109568,0/1/207/255,0/1/192/255,T463,T448,S0944,nearHaradSemiDesert,consistent pre-V2 opposite-side territory witnesses on the same local biome transition; two shifted contexts agree; cumulative topology preserved
1568,1586,97024,109568,97152,109696,0/1/198/255,0/1/210/255,T454,T466,S0940,nearHaradSemiDesert,consistent pre-V2 opposite-side territory witnesses on the same local biome transition; two shifted contexts agree; cumulative topology preserved
1569,1586,97152,109568,97280,109696,0/1/198/255,0/1/210/255,T454,T466,S0940,nearHaradSemiDesert,consistent pre-V2 opposite-side territory witnesses on the same local biome transition; two shifted contexts agree; cumulative topology preserved
1625,1588,104320,109824,104448,109952,0/1/207/255,0/1/192/255,T463,T448,S0945,nearHaradSemiDesert,consistent pre-V2 opposite-side territory witnesses on the same local biome transition; two shifted contexts agree; cumulative topology preserved
1624,1589,104192,109952,104320,110080,0/1/207/255,0/1/192/255,T463,T448,S0945,nearHaradSemiDesert,consistent pre-V2 opposite-side territory witnesses on the same local biome transition; two shifted contexts agree; cumulative topology preserved
1623,1590,104064,110080,104192,110208,0/1/207/255,0/1/192/255,T463,T448,S0945,nearHaradSemiDesert,consistent pre-V2 opposite-side territory witnesses on the same local biome transition; two shifted contexts agree; cumulative topology preserved
1599,1591,100992,110208,101120,110336,0/1/207/255,0/1/192/255,T463,T448,S0946,nearHaradSemiDesert,consistent pre-V2 opposite-side territory witnesses on the same local biome transition; two shifted contexts agree; cumulative topology preserved
1621,1591,103808,110208,103936,110336,0/1/207/255,0/1/192/255,T463,T448,S0945,nearHaradSemiDesert,consistent pre-V2 opposite-side territory witnesses on the same local biome transition; two shifted contexts agree; cumulative topology preserved
1622,1591,103936,110208,104064,110336,0/1/207/255,0/1/192/255,T463,T448,S0945,nearHaradSemiDesert,consistent pre-V2 opposite-side territory witnesses on the same local biome transition; two shifted contexts agree; cumulative topology preserved
1519,1592,90752,110336,90880,110464,0/1/199/255,0/1/210/255,T455,T466,S0947,nearHaradSemiDesert,consistent pre-V2 opposite-side territory witnesses on the same local biome transition; two shifted contexts agree; cumulative topology preserved
1597,1592,100736,110336,100864,110464,0/1/207/255,0/1/192/255,T463,T448,S0948,nearHaradSemiDesert,consistent pre-V2 opposite-side territory witnesses on the same local biome transition; two shifted contexts agree; cumulative topology preserved
1619,1592,103552,110336,103680,110464,0/1/207/255,0/1/192/255,T463,T448,S0949,nearHaradSemiDesert,consistent pre-V2 opposite-side territory witnesses on the same local biome transition; two shifted contexts agree; cumulative topology preserved
1593,1593,100224,110464,100352,110592,0/1/207/255,0/1/192/255,T463,T448,S0948,nearHaradSemiDesert,consistent pre-V2 opposite-side territory witnesses on the same local biome transition; two shifted contexts agree; cumulative topology preserved
1594,1593,100352,110464,100480,110592,0/1/207/255,0/1/192/255,T463,T448,S0948,nearHaradSemiDesert,consistent pre-V2 opposite-side territory witnesses on the same local biome transition; two shifted contexts agree; cumulative topology preserved
1595,1593,100480,110464,100608,110592,0/1/207/255,0/1/192/255,T463,T448,S0948,nearHaradSemiDesert,consistent pre-V2 opposite-side territory witnesses on the same local biome transition; two shifted contexts agree; cumulative topology preserved
1596,1593,100608,110464,100736,110592,0/1/207/255,0/1/192/255,T463,T448,S0948,nearHaradSemiDesert,consistent pre-V2 opposite-side territory witnesses on the same local biome transition; two shifted contexts agree; cumulative topology preserved
1513,1594,89984,110592,90112,110720,0/1/199/255,0/1/210/255,T455,T466,S0950,nearHaradSemiDesert,consistent pre-V2 opposite-side territory witnesses on the same local biome transition; two shifted contexts agree; cumulative topology preserved
1514,1594,90112,110592,90240,110720,0/1/199/255,0/1/210/255,T455,T466,S0950,nearHaradSemiDesert,consistent pre-V2 opposite-side territory witnesses on the same local biome transition; two shifted contexts agree; cumulative topology preserved
1589,1595,99712,110720,99840,110848,0/1/207/255,0/1/192/255,T463,T448,S0951,nearHaradSemiDesert,consistent pre-V2 opposite-side territory witnesses on the same local biome transition; two shifted contexts agree; cumulative topology preserved
1508,1596,89344,110848,89472,110976,0/1/199/255,0/1/210/255,T455,T466,S0952,nearHaradSemiDesert,consistent pre-V2 opposite-side territory witnesses on the same local biome transition; two shifted contexts agree; cumulative topology preserved
1509,1596,89472,110848,89600,110976,0/1/199/255,0/1/210/255,T455,T466,S0952,nearHaradSemiDesert,consistent pre-V2 opposite-side territory witnesses on the same local biome transition; two shifted contexts agree; cumulative topology preserved
1500,1597,88320,110976,88448,111104,0/1/199/255,0/1/210/255,T455,T466,S0953,nearHaradSemiDesert,consistent pre-V2 opposite-side territory witnesses on the same local biome transition; two shifted contexts agree; cumulative topology preserved
1574,1603,97792,111744,97920,111872,0/1/210/255,0/1/207/255,T466,T463,S0954,nearHaradHills,consistent pre-V2 opposite-side territory witnesses on the same local biome transition; two shifted contexts agree; cumulative topology preserved
1571,1612,97408,112896,97536,113024,0/1/207/255,0/1/210/255,T463,T466,S0955,nearHaradSemiDesert,consistent pre-V2 opposite-side territory witnesses on the same local biome transition; two shifted contexts agree; cumulative topology preserved
1570,1614,97280,113152,97408,113280,0/1/207/255,0/1/210/255,T463,T466,S0956,nearHaradSemiDesert,consistent pre-V2 opposite-side territory witnesses on the same local biome transition; two shifted contexts agree; cumulative topology preserved
1569,1615,97152,113280,97280,113408,0/1/207/255,0/1/210/255,T463,T466,S0956,nearHaradSemiDesert,consistent pre-V2 opposite-side territory witnesses on the same local biome transition; two shifted contexts agree; cumulative topology preserved
1581,1615,98688,113280,98816,113408,0/1/207/255,0/1/210/255,T463,T466,S0957,nearHaradSemiDesert,consistent pre-V2 opposite-side territory witnesses on the same local biome transition; two shifted contexts agree; cumulative topology preserved
1582,1615,98816,113280,98944,113408,0/1/207/255,0/1/210/255,T463,T466,S0957,nearHaradSemiDesert,consistent pre-V2 opposite-side territory witnesses on the same local biome transition; two shifted contexts agree; cumulative topology preserved
1580,1616,98560,113408,98688,113536,0/1/207/255,0/1/210/255,T463,T466,S0957,nearHaradSemiDesert,consistent pre-V2 opposite-side territory witnesses on the same local biome transition; two shifted contexts agree; cumulative topology preserved
1583,1616,98944,113408,99072,113536,0/1/207/255,0/1/210/255,T463,T466,S0957,nearHaradSemiDesert,consistent pre-V2 opposite-side territory witnesses on the same local biome transition; two shifted contexts agree; cumulative topology preserved
1583,1617,98944,113536,99072,113664,0/1/207/255,0/1/210/255,T463,T466,S0957,nearHaradSemiDesert,consistent pre-V2 opposite-side territory witnesses on the same local biome transition; two shifted contexts agree; cumulative topology preserved
1583,1618,98944,113664,99072,113792,0/1/207/255,0/1/210/255,T463,T466,S0957,nearHaradSemiDesert,consistent pre-V2 opposite-side territory witnesses on the same local biome transition; two shifted contexts agree; cumulative topology preserved
1577,1619,98176,113792,98304,113920,0/1/207/255,0/1/210/255,T463,T466,S0958,nearHaradSemiDesert,consistent pre-V2 opposite-side territory witnesses on the same local biome transition; two shifted contexts agree; cumulative topology preserved
1572,1620,97536,113920,97664,114048,0/1/207/255,0/1/210/255,T463,T466,S0959,nearHaradSemiDesert,consistent pre-V2 opposite-side territory witnesses on the same local biome transition; two shifted contexts agree; cumulative topology preserved
1584,1620,99072,113920,99200,114048,0/1/207/255,0/1/210/255,T463,T466,S0960,nearHaradSemiDesert,consistent pre-V2 opposite-side territory witnesses on the same local biome transition; two shifted contexts agree; cumulative topology preserved
1584,1621,99072,114048,99200,114176,0/1/207/255,0/1/210/255,T463,T466,S0960,nearHaradSemiDesert,consistent pre-V2 opposite-side territory witnesses on the same local biome transition; two shifted contexts agree; cumulative topology preserved
1581,1624,98688,114432,98816,114560,0/1/207/255,0/1/210/255,T463,T466,S0961,nearHaradSemiDesert,consistent pre-V2 opposite-side territory witnesses on the same local biome transition; two shifted contexts agree; cumulative topology preserved
2878,1624,264704,114432,264832,114560,0/1/209/255,0/1/205/255,T465,T461,S0962,rhun,consistent pre-V2 opposite-side territory witnesses on the same local biome transition; two shifted contexts agree; cumulative topology preserved
1577,1625,98176,114560,98304,114688,0/1/207/255,0/1/210/255,T463,T466,S0961,nearHaradSemiDesert,consistent pre-V2 opposite-side territory witnesses on the same local biome transition; two shifted contexts agree; cumulative topology preserved
1578,1625,98304,114560,98432,114688,0/1/207/255,0/1/210/255,T463,T466,S0961,nearHaradSemiDesert,consistent pre-V2 opposite-side territory witnesses on the same local biome transition; two shifted contexts agree; cumulative topology preserved
1579,1625,98432,114560,98560,114688,0/1/207/255,0/1/210/255,T463,T466,S0961,nearHaradSemiDesert,consistent pre-V2 opposite-side territory witnesses on the same local biome transition; two shifted contexts agree; cumulative topology preserved
1580,1625,98560,114560,98688,114688,0/1/207/255,0/1/210/255,T463,T466,S0961,nearHaradSemiDesert,consistent pre-V2 opposite-side territory witnesses on the same local biome transition; two shifted contexts agree; cumulative topology preserved
2878,1625,264704,114560,264832,114688,0/1/209/255,0/1/205/255,T465,T461,S0962,rhun,consistent pre-V2 opposite-side territory witnesses on the same local biome transition; two shifted contexts agree; cumulative topology preserved
2878,1626,264704,114688,264832,114816,0/1/209/255,0/1/205/255,T465,T461,S0962,rhun,consistent pre-V2 opposite-side territory witnesses on the same local biome transition; two shifted contexts agree; cumulative topology preserved
1574,1627,97792,114816,97920,114944,0/1/207/255,0/1/210/255,T463,T466,S0963,nearHaradSemiDesert,consistent pre-V2 opposite-side territory witnesses on the same local biome transition; two shifted contexts agree; cumulative topology preserved
1572,1632,97536,115456,97664,115584,0/1/207/255,0/1/210/255,T463,T466,S0964,nearHaradSemiDesert,consistent pre-V2 opposite-side territory witnesses on the same local biome transition; two shifted contexts agree; cumulative topology preserved
2731,1632,245888,115456,246016,115584,0/1/209/255,0/1/220/255,T465,T476,S0965,rhun,consistent pre-V2 opposite-side territory witnesses on the same local biome transition; two shifted contexts agree; cumulative topology preserved
2739,1635,246912,115840,247040,115968,0/1/220/255,0/1/209/255,T476,T465,S0966,rhunForest,consistent pre-V2 opposite-side territory witnesses on the same local biome transition; two shifted contexts agree; cumulative topology preserved
2740,1635,247040,115840,247168,115968,0/1/220/255,0/1/209/255,T476,T465,S0966,rhunForest,consistent pre-V2 opposite-side territory witnesses on the same local biome transition; two shifted contexts agree; cumulative topology preserved
2742,1636,247296,115968,247424,116096,0/1/209/255,0/1/220/255,T465,T476,S0967,rhun,consistent pre-V2 opposite-side territory witnesses on the same local biome transition; two shifted contexts agree; cumulative topology preserved
2743,1636,247424,115968,247552,116096,0/1/209/255,0/1/220/255,T465,T476,S0967,rhun,consistent pre-V2 opposite-side territory witnesses on the same local biome transition; two shifted contexts agree; cumulative topology preserved
2757,1638,249216,116224,249344,116352,0/1/220/255,0/1/209/255,T476,T465,S0968,rhunForest,consistent pre-V2 opposite-side territory witnesses on the same local biome transition; two shifted contexts agree; cumulative topology preserved
2758,1638,249344,116224,249472,116352,0/1/220/255,0/1/209/255,T476,T465,S0968,rhunForest,consistent pre-V2 opposite-side territory witnesses on the same local biome transition; two shifted contexts agree; cumulative topology preserved
2759,1638,249472,116224,249600,116352,0/1/220/255,0/1/209/255,T476,T465,S0968,rhunForest,consistent pre-V2 opposite-side territory witnesses on the same local biome transition; two shifted contexts agree; cumulative topology preserved
2766,1639,250368,116352,250496,116480,0/1/209/255,0/1/220/255,T465,T476,S0969,rhun,consistent pre-V2 opposite-side territory witnesses on the same local biome transition; two shifted contexts agree; cumulative topology preserved
2773,1640,251264,116480,251392,116608,0/1/209/255,0/1/220/255,T465,T476,S0970,rhun,consistent pre-V2 opposite-side territory witnesses on the same local biome transition; two shifted contexts agree; cumulative topology preserved
2774,1642,251392,116736,251520,116864,0/1/209/255,0/1/220/255,T465,T476,S0971,rhun,consistent pre-V2 opposite-side territory witnesses on the same local biome transition; two shifted contexts agree; cumulative topology preserved
2782,1642,252416,116736,252544,116864,0/1/209/255,0/1/220/255,T465,T476,S0972,rhun,consistent pre-V2 opposite-side territory witnesses on the same local biome transition; two shifted contexts agree; cumulative topology preserved
2783,1642,252544,116736,252672,116864,0/1/209/255,0/1/220/255,T465,T476,S0972,rhun,consistent pre-V2 opposite-side territory witnesses on the same local biome transition; two shifted contexts agree; cumulative topology preserved
2784,1642,252672,116736,252800,116864,0/1/209/255,0/1/220/255,T465,T476,S0972,rhun,consistent pre-V2 opposite-side territory witnesses on the same local biome transition; two shifted contexts agree; cumulative topology preserved
2874,1642,264192,116736,264320,116864,0/1/209/255,0/1/205/255,T465,T461,S0973,rhun,consistent pre-V2 opposite-side territory witnesses on the same local biome transition; two shifted contexts agree; cumulative topology preserved
2872,1644,263936,116992,264064,117120,0/1/205/255,0/1/209/255,T461,T465,S0974,rhunForest,consistent pre-V2 opposite-side territory witnesses on the same local biome transition; two shifted contexts agree; cumulative topology preserved
2789,1645,253312,117120,253440,117248,0/1/209/255,0/1/220/255,T465,T476,S0975,rhun,consistent pre-V2 opposite-side territory witnesses on the same local biome transition; two shifted contexts agree; cumulative topology preserved
2792,1646,253696,117248,253824,117376,0/1/209/255,0/1/220/255,T465,T476,S0976,rhun,consistent pre-V2 opposite-side territory witnesses on the same local biome transition; two shifted contexts agree; cumulative topology preserved
2870,1646,263680,117248,263808,117376,0/1/209/255,0/1/205/255,T465,T461,S0977,rhun,consistent pre-V2 opposite-side territory witnesses on the same local biome transition; two shifted contexts agree; cumulative topology preserved
2869,1647,263552,117376,263680,117504,0/1/209/255,0/1/205/255,T465,T461,S0977,rhun,consistent pre-V2 opposite-side territory witnesses on the same local biome transition; two shifted contexts agree; cumulative topology preserved
2867,1649,263296,117632,263424,117760,0/1/209/255,0/1/205/255,T465,T461,S0978,rhun,consistent pre-V2 opposite-side territory witnesses on the same local biome transition; two shifted contexts agree; cumulative topology preserved
2795,1650,254080,117760,254208,117888,0/1/209/255,0/1/220/255,T465,T476,S0979,rhun,consistent pre-V2 opposite-side territory witnesses on the same local biome transition; two shifted contexts agree; cumulative topology preserved
2795,1651,254080,117888,254208,118016,0/1/209/255,0/1/220/255,T465,T476,S0979,rhun,consistent pre-V2 opposite-side territory witnesses on the same local biome transition; two shifted contexts agree; cumulative topology preserved
2795,1652,254080,118016,254208,118144,0/1/209/255,0/1/220/255,T465,T476,S0979,rhun,consistent pre-V2 opposite-side territory witnesses on the same local biome transition; two shifted contexts agree; cumulative topology preserved
2795,1653,254080,118144,254208,118272,0/1/209/255,0/1/220/255,T465,T476,S0979,rhun,consistent pre-V2 opposite-side territory witnesses on the same local biome transition; two shifted contexts agree; cumulative topology preserved
2814,1662,256512,119296,256640,119424,0/1/209/255,0/1/220/255,T465,T476,S0980,rhun,consistent pre-V2 opposite-side territory witnesses on the same local biome transition; two shifted contexts agree; cumulative topology preserved
2815,1662,256640,119296,256768,119424,0/1/209/255,0/1/220/255,T465,T476,S0980,rhun,consistent pre-V2 opposite-side territory witnesses on the same local biome transition; two shifted contexts agree; cumulative topology preserved
1256,1684,57088,122112,57216,122240,0/1/214/255,0/1/213/255,T470,T469,S0981,umbar,consistent pre-V2 opposite-side territory witnesses on the same local biome transition; two shifted contexts agree; cumulative topology preserved
1265,1686,58240,122368,58368,122496,0/1/214/255,0/1/213/255,T470,T469,S0982,nearHaradFertile,consistent pre-V2 opposite-side territory witnesses on the same local biome transition; two shifted contexts agree; cumulative topology preserved
1154,1731,44032,128128,44160,128256,0/1/217/255,0/1/219/255,T473,T475,S0983,umbarHills,consistent pre-V2 opposite-side territory witnesses on the same local biome transition; two shifted contexts agree; cumulative topology preserved
1155,1731,44160,128128,44288,128256,0/1/217/255,0/1/219/255,T473,T475,S0983,umbarHills,consistent pre-V2 opposite-side territory witnesses on the same local biome transition; two shifted contexts agree; cumulative topology preserved
1154,1732,44032,128256,44160,128384,0/1/217/255,0/1/219/255,T473,T475,S0983,umbarHills,consistent pre-V2 opposite-side territory witnesses on the same local biome transition; two shifted contexts agree; cumulative topology preserved
1661,1813,108928,138624,109056,138752,0/1/224/255,0/1/225/255,T480,T481,S0984,nearHaradSemiDesert,consistent pre-V2 opposite-side territory witnesses on the same local biome transition; two shifted contexts agree; cumulative topology preserved
1612,1815,102656,138880,102784,139008,0/1/226/255,0/1/225/255,T482,T481,S0985,nearHaradSemiDesert,consistent pre-V2 opposite-side territory witnesses on the same local biome transition; two shifted contexts agree; cumulative topology preserved
1614,1816,102912,139008,103040,139136,0/1/225/255,0/1/226/255,T481,T482,S0986,nearHaradHills,consistent pre-V2 opposite-side territory witnesses on the same local biome transition; two shifted contexts agree; cumulative topology preserved
1615,1816,103040,139008,103168,139136,0/1/225/255,0/1/226/255,T481,T482,S0986,nearHaradHills,consistent pre-V2 opposite-side territory witnesses on the same local biome transition; two shifted contexts agree; cumulative topology preserved
1616,1816,103168,139008,103296,139136,0/1/225/255,0/1/226/255,T481,T482,S0986,nearHaradHills,consistent pre-V2 opposite-side territory witnesses on the same local biome transition; two shifted contexts agree; cumulative topology preserved
1617,1816,103296,139008,103424,139136,0/1/225/255,0/1/226/255,T481,T482,S0986,nearHaradHills,consistent pre-V2 opposite-side territory witnesses on the same local biome transition; two shifted contexts agree; cumulative topology preserved
1624,1817,104192,139136,104320,139264,0/1/225/255,0/1/226/255,T481,T482,S0987,nearHaradHills,consistent pre-V2 opposite-side territory witnesses on the same local biome transition; two shifted contexts agree; cumulative topology preserved
1632,1818,105216,139264,105344,139392,0/1/226/255,0/1/225/255,T482,T481,S0988,nearHaradSemiDesert,consistent pre-V2 opposite-side territory witnesses on the same local biome transition; two shifted contexts agree; cumulative topology preserved
1633,1820,105344,139520,105472,139648,0/1/226/255,0/1/225/255,T482,T481,S0989,nearHaradSemiDesert,consistent pre-V2 opposite-side territory witnesses on the same local biome transition; two shifted contexts agree; cumulative topology preserved
1635,1822,105600,139776,105728,139904,0/1/226/255,0/1/225/255,T482,T481,S0990,nearHaradSemiDesert,consistent pre-V2 opposite-side territory witnesses on the same local biome transition; two shifted contexts agree; cumulative topology preserved
1636,1823,105728,139904,105856,140032,0/1/225/255,0/1/226/255,T481,T482,S0990,nearHaradHills,consistent pre-V2 opposite-side territory witnesses on the same local biome transition; two shifted contexts agree; cumulative topology preserved
1602,1825,101376,140160,101504,140288,0/1/228/255,0/1/226/255,T484,T482,S0991,nearHaradHills,consistent pre-V2 opposite-side territory witnesses on the same local biome transition; two shifted contexts agree; cumulative topology preserved
1612,1825,102656,140160,102784,140288,0/1/226/255,0/1/228/255,T482,T484,S0992,nearHaradSemiDesert,consistent pre-V2 opposite-side territory witnesses on the same local biome transition; two shifted contexts agree; cumulative topology preserved
1671,1825,110208,140160,110336,140288,0/1/230/255,0/1/224/255,T486,T480,S0993,nearHaradHills,consistent pre-V2 opposite-side territory witnesses on the same local biome transition; two shifted contexts agree; cumulative topology preserved
1615,1826,103040,140288,103168,140416,0/1/226/255,0/1/228/255,T482,T484,S0994,nearHaradSemiDesert,consistent pre-V2 opposite-side territory witnesses on the same local biome transition; two shifted contexts agree; cumulative topology preserved
1630,1826,104960,140288,105088,140416,0/1/225/255,0/1/226/255,T481,T482,S0995,nearHaradHills,consistent pre-V2 opposite-side territory witnesses on the same local biome transition; two shifted contexts agree; cumulative topology preserved
1631,1826,105088,140288,105216,140416,0/1/225/255,0/1/226/255,T481,T482,S0995,nearHaradHills,consistent pre-V2 opposite-side territory witnesses on the same local biome transition; two shifted contexts agree; cumulative topology preserved
1596,1829,100608,140672,100736,140800,0/1/226/255,0/1/228/255,T482,T484,S0996,nearHaradSemiDesert,consistent pre-V2 opposite-side territory witnesses on the same local biome transition; two shifted contexts agree; cumulative topology preserved
1678,1829,111104,140672,111232,140800,0/1/224/255,0/1/230/255,T480,T486,S0997,nearHaradSemiDesert,consistent pre-V2 opposite-side territory witnesses on the same local biome transition; two shifted contexts agree; cumulative topology preserved
1679,1830,111232,140800,111360,140928,0/1/224/255,0/1/230/255,T480,T486,S0997,nearHaradSemiDesert,consistent pre-V2 opposite-side territory witnesses on the same local biome transition; two shifted contexts agree; cumulative topology preserved
1583,1838,98944,141824,99072,141952,0/1/228/255,0/1/226/255,T484,T482,S0998,nearHaradHills,consistent pre-V2 opposite-side territory witnesses on the same local biome transition; two shifted contexts agree; cumulative topology preserved
1584,1840,99072,142080,99200,142208,0/1/226/255,0/1/228/255,T482,T484,S0999,nearHaradSemiDesert,consistent pre-V2 opposite-side territory witnesses on the same local biome transition; two shifted contexts agree; cumulative topology preserved
1585,1840,99200,142080,99328,142208,0/1/226/255,0/1/228/255,T482,T484,S0999,nearHaradSemiDesert,consistent pre-V2 opposite-side territory witnesses on the same local biome transition; two shifted contexts agree; cumulative topology preserved
1586,1840,99328,142080,99456,142208,0/1/226/255,0/1/228/255,T482,T484,S0999,nearHaradSemiDesert,consistent pre-V2 opposite-side territory witnesses on the same local biome transition; two shifted contexts agree; cumulative topology preserved
1587,1840,99456,142080,99584,142208,0/1/226/255,0/1/228/255,T482,T484,S0999,nearHaradSemiDesert,consistent pre-V2 opposite-side territory witnesses on the same local biome transition; two shifted contexts agree; cumulative topology preserved
1588,1840,99584,142080,99712,142208,0/1/226/255,0/1/228/255,T482,T484,S0999,nearHaradSemiDesert,consistent pre-V2 opposite-side territory witnesses on the same local biome transition; two shifted contexts agree; cumulative topology preserved
1603,1843,101504,142464,101632,142592,0/1/228/255,0/1/226/255,T484,T482,S1000,nearHaradHills,consistent pre-V2 opposite-side territory witnesses on the same local biome transition; two shifted contexts agree; cumulative topology preserved
1595,1848,100480,143104,100608,143232,0/1/226/255,0/1/228/255,T482,T484,S1001,nearHaradSemiDesert,consistent pre-V2 opposite-side territory witnesses on the same local biome transition; two shifted contexts agree; cumulative topology preserved
1585,1851,99200,143488,99328,143616,0/1/226/255,0/1/228/255,T482,T484,S1002,nearHaradSemiDesert,consistent pre-V2 opposite-side territory witnesses on the same local biome transition; two shifted contexts agree; cumulative topology preserved
1583,1852,98944,143616,99072,143744,0/1/226/255,0/1/228/255,T482,T484,S1003,nearHaradSemiDesert,consistent pre-V2 opposite-side territory witnesses on the same local biome transition; two shifted contexts agree; cumulative topology preserved
1558,1857,95744,144256,95872,144384,0/1/236/255,0/1/226/255,T492,T482,S1004,nearHaradHills,consistent pre-V2 opposite-side territory witnesses on the same local biome transition; two shifted contexts agree; cumulative topology preserved
1562,1859,96256,144512,96384,144640,0/1/236/255,0/1/226/255,T492,T482,S1005,nearHaradHills,consistent pre-V2 opposite-side territory witnesses on the same local biome transition; two shifted contexts agree; cumulative topology preserved
1567,1861,96896,144768,97024,144896,0/1/236/255,0/1/226/255,T492,T482,S1006,nearHaradHills,consistent pre-V2 opposite-side territory witnesses on the same local biome transition; two shifted contexts agree; cumulative topology preserved
1568,1861,97024,144768,97152,144896,0/1/236/255,0/1/226/255,T492,T482,S1006,nearHaradHills,consistent pre-V2 opposite-side territory witnesses on the same local biome transition; two shifted contexts agree; cumulative topology preserved
1553,1869,95104,145792,95232,145920,0/1/233/255,0/1/236/255,T489,T492,S1007,nearHaradSemiDesert,consistent pre-V2 opposite-side territory witnesses on the same local biome transition; two shifted contexts agree; cumulative topology preserved
1563,1873,96384,146304,96512,146432,0/1/233/255,0/1/236/255,T489,T492,S1008,nearHaradSemiDesert,consistent pre-V2 opposite-side territory witnesses on the same local biome transition; two shifted contexts agree; cumulative topology preserved
1564,1873,96512,146304,96640,146432,0/1/233/255,0/1/236/255,T489,T492,S1008,nearHaradSemiDesert,consistent pre-V2 opposite-side territory witnesses on the same local biome transition; two shifted contexts agree; cumulative topology preserved
1570,1876,97280,146688,97408,146816,0/1/236/255,0/1/233/255,T492,T489,S1009,nearHaradHills,consistent pre-V2 opposite-side territory witnesses on the same local biome transition; two shifted contexts agree; cumulative topology preserved
1573,1877,97664,146816,97792,146944,0/1/233/255,0/1/236/255,T489,T492,S1010,nearHaradSemiDesert,consistent pre-V2 opposite-side territory witnesses on the same local biome transition; two shifted contexts agree; cumulative topology preserved
1574,1877,97792,146816,97920,146944,0/1/233/255,0/1/236/255,T489,T492,S1010,nearHaradSemiDesert,consistent pre-V2 opposite-side territory witnesses on the same local biome transition; two shifted contexts agree; cumulative topology preserved
1585,1885,99200,147840,99328,147968,0/1/236/255,0/1/233/255,T492,T489,S1011,nearHaradHills,consistent pre-V2 opposite-side territory witnesses on the same local biome transition; two shifted contexts agree; cumulative topology preserved
1586,1887,99328,148096,99456,148224,0/1/233/255,0/1/236/255,T489,T492,S1012,nearHaradSemiDesert,consistent pre-V2 opposite-side territory witnesses on the same local biome transition; two shifted contexts agree; cumulative topology preserved
1588,1889,99584,148352,99712,148480,0/1/233/255,0/1/236/255,T489,T492,S1013,nearHaradSemiDesert,consistent pre-V2 opposite-side territory witnesses on the same local biome transition; two shifted contexts agree; cumulative topology preserved
1588,1890,99584,148480,99712,148608,0/1/233/255,0/1/236/255,T489,T492,S1013,nearHaradSemiDesert,consistent pre-V2 opposite-side territory witnesses on the same local biome transition; two shifted contexts agree; cumulative topology preserved
1588,1891,99584,148608,99712,148736,0/1/233/255,0/1/236/255,T489,T492,S1013,nearHaradSemiDesert,consistent pre-V2 opposite-side territory witnesses on the same local biome transition; two shifted contexts agree; cumulative topology preserved
1589,1894,99712,148992,99840,149120,0/1/233/255,0/1/236/255,T489,T492,S1014,nearHaradSemiDesert,consistent pre-V2 opposite-side territory witnesses on the same local biome transition; two shifted contexts agree; cumulative topology preserved
1590,1897,99840,149376,99968,149504,0/1/233/255,0/1/236/255,T489,T492,S1015,nearHaradSemiDesert,consistent pre-V2 opposite-side territory witnesses on the same local biome transition; two shifted contexts agree; cumulative topology preserved
1590,1898,99840,149504,99968,149632,0/1/233/255,0/1/236/255,T489,T492,S1015,nearHaradSemiDesert,consistent pre-V2 opposite-side territory witnesses on the same local biome transition; two shifted contexts agree; cumulative topology preserved
1591,1900,99968,149760,100096,149888,0/1/233/255,0/1/236/255,T489,T492,S1016,nearHaradSemiDesert,consistent pre-V2 opposite-side territory witnesses on the same local biome transition; two shifted contexts agree; cumulative topology preserved
1592,1902,100096,150016,100224,150144,0/1/233/255,0/1/236/255,T489,T492,S1017,nearHaradSemiDesert,consistent pre-V2 opposite-side territory witnesses on the same local biome transition; two shifted contexts agree; cumulative topology preserved
1596,1913,100608,151424,100736,151552,0/1/233/255,0/1/236/255,T489,T492,S1018,nearHaradSemiDesert,consistent pre-V2 opposite-side territory witnesses on the same local biome transition; two shifted contexts agree; cumulative topology preserved
1597,1914,100736,151552,100864,151680,0/1/233/255,0/1/236/255,T489,T492,S1018,nearHaradSemiDesert,consistent pre-V2 opposite-side territory witnesses on the same local biome transition; two shifted contexts agree; cumulative topology preserved
1616,1931,103168,153728,103296,153856,0/1/236/255,0/1/233/255,T492,T489,S1019,nearHaradHills,consistent pre-V2 opposite-side territory witnesses on the same local biome transition; two shifted contexts agree; cumulative topology preserved
1620,1936,103680,154368,103808,154496,0/1/233/255,0/1/236/255,T489,T492,S1020,nearHaradSemiDesert,consistent pre-V2 opposite-side territory witnesses on the same local biome transition; two shifted contexts agree; cumulative topology preserved
1621,1938,103808,154624,103936,154752,0/1/233/255,0/1/236/255,T489,T492,S1021,nearHaradSemiDesert,consistent pre-V2 opposite-side territory witnesses on the same local biome transition; two shifted contexts agree; cumulative topology preserved
1623,1939,104064,154752,104192,154880,0/1/233/255,0/1/236/255,T489,T492,S1022,nearHaradSemiDesert,consistent pre-V2 opposite-side territory witnesses on the same local biome transition; two shifted contexts agree; cumulative topology preserved
1628,1946,104704,155648,104832,155776,0/1/233/255,0/1/236/255,T489,T492,S1023,nearHaradSemiDesert,consistent pre-V2 opposite-side territory witnesses on the same local biome transition; two shifted contexts agree; cumulative topology preserved
1629,1946,104832,155648,104960,155776,0/1/233/255,0/1/236/255,T489,T492,S1023,nearHaradSemiDesert,consistent pre-V2 opposite-side territory witnesses on the same local biome transition; two shifted contexts agree; cumulative topology preserved
1628,1947,104704,155776,104832,155904,0/1/233/255,0/1/236/255,T489,T492,S1023,nearHaradSemiDesert,consistent pre-V2 opposite-side territory witnesses on the same local biome transition; two shifted contexts agree; cumulative topology preserved
1099,1972,36992,158976,37120,159104,0/1/235/255,0/1/242/255,T491,T498,S1024,farHaradAridHills,consistent pre-V2 opposite-side territory witnesses on the same local biome transition; two shifted contexts agree; cumulative topology preserved
1100,1972,37120,158976,37248,159104,0/1/235/255,0/1/242/255,T491,T498,S1024,farHaradAridHills,consistent pre-V2 opposite-side territory witnesses on the same local biome transition; two shifted contexts agree; cumulative topology preserved
1101,1972,37248,158976,37376,159104,0/1/235/255,0/1/242/255,T491,T498,S1024,farHaradAridHills,consistent pre-V2 opposite-side territory witnesses on the same local biome transition; two shifted contexts agree; cumulative topology preserved
1102,1973,37376,159104,37504,159232,0/1/235/255,0/1/242/255,T491,T498,S1024,farHaradAridHills,consistent pre-V2 opposite-side territory witnesses on the same local biome transition; two shifted contexts agree; cumulative topology preserved
1039,1975,29312,159360,29440,159488,0/1/242/255,0/1/240/255,T498,T496,S1025,nearHaradSemiDesert,consistent pre-V2 opposite-side territory witnesses on the same local biome transition; two shifted contexts agree; cumulative topology preserved
1040,1975,29440,159360,29568,159488,0/1/242/255,0/1/240/255,T498,T496,S1025,nearHaradSemiDesert,consistent pre-V2 opposite-side territory witnesses on the same local biome transition; two shifted contexts agree; cumulative topology preserved
1041,1975,29568,159360,29696,159488,0/1/242/255,0/1/240/255,T498,T496,S1025,nearHaradSemiDesert,consistent pre-V2 opposite-side territory witnesses on the same local biome transition; two shifted contexts agree; cumulative topology preserved
1045,1978,30080,159744,30208,159872,0/1/242/255,0/1/240/255,T498,T496,S1026,nearHaradSemiDesert,consistent pre-V2 opposite-side territory witnesses on the same local biome transition; two shifted contexts agree; cumulative topology preserved
1018,1979,26624,159872,26752,160000,0/1/242/255,0/1/240/255,T498,T496,S1027,nearHaradSemiDesert,consistent pre-V2 opposite-side territory witnesses on the same local biome transition; two shifted contexts agree; cumulative topology preserved
1045,1979,30080,159872,30208,160000,0/1/242/255,0/1/240/255,T498,T496,S1026,nearHaradSemiDesert,consistent pre-V2 opposite-side territory witnesses on the same local biome transition; two shifted contexts agree; cumulative topology preserved
1015,1980,26240,160000,26368,160128,0/1/240/255,0/1/242/255,T496,T498,S1028,farHaradAridHills,consistent pre-V2 opposite-side territory witnesses on the same local biome transition; two shifted contexts agree; cumulative topology preserved
1045,1980,30080,160000,30208,160128,0/1/242/255,0/1/240/255,T498,T496,S1026,nearHaradSemiDesert,consistent pre-V2 opposite-side territory witnesses on the same local biome transition; two shifted contexts agree; cumulative topology preserved
1047,1981,30336,160128,30464,160256,0/1/242/255,0/1/240/255,T498,T496,S1029,nearHaradSemiDesert,consistent pre-V2 opposite-side territory witnesses on the same local biome transition; two shifted contexts agree; cumulative topology preserved
1046,1982,30208,160256,30336,160384,0/1/242/255,0/1/240/255,T498,T496,S1029,nearHaradSemiDesert,consistent pre-V2 opposite-side territory witnesses on the same local biome transition; two shifted contexts agree; cumulative topology preserved
1047,1982,30336,160256,30464,160384,0/1/242/255,0/1/240/255,T498,T496,S1029,nearHaradSemiDesert,consistent pre-V2 opposite-side territory witnesses on the same local biome transition; two shifted contexts agree; cumulative topology preserved
1111,1982,38528,160256,38656,160384,0/1/242/255,0/1/235/255,T498,T491,S1030,nearHaradSemiDesert,consistent pre-V2 opposite-side territory witnesses on the same local biome transition; two shifted contexts agree; cumulative topology preserved
1112,1983,38656,160384,38784,160512,0/1/242/255,0/1/235/255,T498,T491,S1030,nearHaradSemiDesert,consistent pre-V2 opposite-side territory witnesses on the same local biome transition; two shifted contexts agree; cumulative topology preserved
1116,1985,39168,160640,39296,160768,0/1/235/255,0/1/242/255,T491,T498,S1031,farHaradAridHills,consistent pre-V2 opposite-side territory witnesses on the same local biome transition; two shifted contexts agree; cumulative topology preserved
1120,1987,39680,160896,39808,161024,0/1/242/255,0/1/235/255,T498,T491,S1032,nearHaradSemiDesert,consistent pre-V2 opposite-side territory witnesses on the same local biome transition; two shifted contexts agree; cumulative topology preserved
1121,1987,39808,160896,39936,161024,0/1/242/255,0/1/235/255,T498,T491,S1032,nearHaradSemiDesert,consistent pre-V2 opposite-side territory witnesses on the same local biome transition; two shifted contexts agree; cumulative topology preserved
1123,1988,40064,161024,40192,161152,0/1/235/255,0/1/242/255,T491,T498,S1033,farHaradAridHills,consistent pre-V2 opposite-side territory witnesses on the same local biome transition; two shifted contexts agree; cumulative topology preserved
1131,1988,41088,161024,41216,161152,0/1/235/255,0/1/242/255,T491,T498,S1034,farHaradAridHills,consistent pre-V2 opposite-side territory witnesses on the same local biome transition; two shifted contexts agree; cumulative topology preserved
1132,1988,41216,161024,41344,161152,0/1/235/255,0/1/242/255,T491,T498,S1034,farHaradAridHills,consistent pre-V2 opposite-side territory witnesses on the same local biome transition; two shifted contexts agree; cumulative topology preserved
1133,1988,41344,161024,41472,161152,0/1/235/255,0/1/242/255,T491,T498,S1034,farHaradAridHills,consistent pre-V2 opposite-side territory witnesses on the same local biome transition; two shifted contexts agree; cumulative topology preserved
1134,1988,41472,161024,41600,161152,0/1/235/255,0/1/242/255,T491,T498,S1034,farHaradAridHills,consistent pre-V2 opposite-side territory witnesses on the same local biome transition; two shifted contexts agree; cumulative topology preserved
1005,1989,24960,161152,25088,161280,0/1/242/255,0/1/240/255,T498,T496,S1035,nearHaradSemiDesert,consistent pre-V2 opposite-side territory witnesses on the same local biome transition; two shifted contexts agree; cumulative topology preserved
1125,1989,40320,161152,40448,161280,0/1/242/255,0/1/235/255,T498,T491,S1036,nearHaradSemiDesert,consistent pre-V2 opposite-side territory witnesses on the same local biome transition; two shifted contexts agree; cumulative topology preserved
1126,1989,40448,161152,40576,161280,0/1/242/255,0/1/235/255,T498,T491,S1036,nearHaradSemiDesert,consistent pre-V2 opposite-side territory witnesses on the same local biome transition; two shifted contexts agree; cumulative topology preserved
1127,1989,40576,161152,40704,161280,0/1/242/255,0/1/235/255,T498,T491,S1036,nearHaradSemiDesert,consistent pre-V2 opposite-side territory witnesses on the same local biome transition; two shifted contexts agree; cumulative topology preserved
1128,1989,40704,161152,40832,161280,0/1/242/255,0/1/235/255,T498,T491,S1036,nearHaradSemiDesert,consistent pre-V2 opposite-side territory witnesses on the same local biome transition; two shifted contexts agree; cumulative topology preserved
1129,1989,40832,161152,40960,161280,0/1/242/255,0/1/235/255,T498,T491,S1036,nearHaradSemiDesert,consistent pre-V2 opposite-side territory witnesses on the same local biome transition; two shifted contexts agree; cumulative topology preserved
1004,1990,24832,161280,24960,161408,0/1/242/255,0/1/240/255,T498,T496,S1035,nearHaradSemiDesert,consistent pre-V2 opposite-side territory witnesses on the same local biome transition; two shifted contexts agree; cumulative topology preserved
1155,1990,44160,161280,44288,161408,0/2/0/255,0/1/247/255,T512,T503,S1037,nearHaradSemiDesert,consistent pre-V2 opposite-side territory witnesses on the same local biome transition; two shifted contexts agree; cumulative topology preserved
1004,1991,24832,161408,24960,161536,0/1/242/255,0/1/240/255,T498,T496,S1035,nearHaradSemiDesert,consistent pre-V2 opposite-side territory witnesses on the same local biome transition; two shifted contexts agree; cumulative topology preserved
1157,1995,44416,161920,44544,162048,0/2/0/255,0/1/247/255,T512,T503,S1038,farHaradArid,consistent pre-V2 opposite-side territory witnesses on the same local biome transition; two shifted contexts agree; cumulative topology preserved
1158,1997,44544,162176,44672,162304,0/2/0/255,0/1/247/255,T512,T503,S1039,farHaradArid,consistent pre-V2 opposite-side territory witnesses on the same local biome transition; two shifted contexts agree; cumulative topology preserved
1160,1999,44800,162432,44928,162560,0/2/0/255,0/1/247/255,T512,T503,S1040,farHaradArid,consistent pre-V2 opposite-side territory witnesses on the same local biome transition; two shifted contexts agree; cumulative topology preserved
1193,1999,49024,162432,49152,162560,0/1/244/255,0/2/0/255,T500,T512,S1041,farHaradAridHills,consistent pre-V2 opposite-side territory witnesses on the same local biome transition; two shifted contexts agree; cumulative topology preserved
1162,2002,45056,162816,45184,162944,0/1/247/255,0/2/0/255,T503,T512,S1042,farHaradAridHills,consistent pre-V2 opposite-side territory witnesses on the same local biome transition; two shifted contexts agree; cumulative topology preserved
1004,2003,24832,162944,24960,163072,0/1/242/255,0/1/251/255,T498,T507,S1043,farHaradArid,consistent pre-V2 opposite-side territory witnesses on the same local biome transition; two shifted contexts agree; cumulative topology preserved
1163,2004,45184,163072,45312,163200,0/1/247/255,0/2/0/255,T503,T512,S1044,farHaradAridHills,consistent pre-V2 opposite-side territory witnesses on the same local biome transition; two shifted contexts agree; cumulative topology preserved
1164,2005,45312,163200,45440,163328,0/1/247/255,0/2/0/255,T503,T512,S1044,farHaradAridHills,consistent pre-V2 opposite-side territory witnesses on the same local biome transition; two shifted contexts agree; cumulative topology preserved
1007,2007,25216,163456,25344,163584,0/1/242/255,0/1/251/255,T498,T507,S1045,farHaradArid,consistent pre-V2 opposite-side territory witnesses on the same local biome transition; two shifted contexts agree; cumulative topology preserved
1131,2007,41088,163456,41216,163584,0/1/242/255,0/1/255/255,T498,T511,S1046,farHaradArid,consistent pre-V2 opposite-side territory witnesses on the same local biome transition; two shifted contexts agree; cumulative topology preserved
1132,2007,41216,163456,41344,163584,0/1/242/255,0/1/255/255,T498,T511,S1046,farHaradArid,consistent pre-V2 opposite-side territory witnesses on the same local biome transition; two shifted contexts agree; cumulative topology preserved
1133,2007,41344,163456,41472,163584,0/1/242/255,0/1/255/255,T498,T511,S1046,farHaradArid,consistent pre-V2 opposite-side territory witnesses on the same local biome transition; two shifted contexts agree; cumulative topology preserved
1165,2007,45440,163456,45568,163584,0/1/247/255,0/2/0/255,T503,T512,S1047,farHaradAridHills,consistent pre-V2 opposite-side territory witnesses on the same local biome transition; two shifted contexts agree; cumulative topology preserved
1008,2008,25344,163584,25472,163712,0/1/242/255,0/1/251/255,T498,T507,S1045,farHaradArid,consistent pre-V2 opposite-side territory witnesses on the same local biome transition; two shifted contexts agree; cumulative topology preserved
1136,2008,41728,163584,41856,163712,0/1/242/255,0/1/255/255,T498,T511,S1048,farHaradArid,consistent pre-V2 opposite-side territory witnesses on the same local biome transition; two shifted contexts agree; cumulative topology preserved
1166,2008,45568,163584,45696,163712,0/1/247/255,0/2/0/255,T503,T512,S1047,farHaradAridHills,consistent pre-V2 opposite-side territory witnesses on the same local biome transition; two shifted contexts agree; cumulative topology preserved
1114,2009,38912,163712,39040,163840,0/1/255/255,0/1/242/255,T511,T498,S1049,farHaradAridHills,consistent pre-V2 opposite-side territory witnesses on the same local biome transition; two shifted contexts agree; cumulative topology preserved
1119,2009,39552,163712,39680,163840,0/1/242/255,0/1/255/255,T498,T511,S1050,farHaradArid,consistent pre-V2 opposite-side territory witnesses on the same local biome transition; two shifted contexts agree; cumulative topology preserved
1137,2009,41856,163712,41984,163840,0/1/242/255,0/1/255/255,T498,T511,S1048,farHaradArid,consistent pre-V2 opposite-side territory witnesses on the same local biome transition; two shifted contexts agree; cumulative topology preserved
1196,2009,49408,163712,49536,163840,0/2/0/255,0/1/244/255,T512,T500,S1051,farHaradArid,consistent pre-V2 opposite-side territory witnesses on the same local biome transition; two shifted contexts agree; cumulative topology preserved
1011,2010,25728,163840,25856,163968,0/1/251/255,0/1/242/255,T507,T498,S1052,farHaradAridHills,consistent pre-V2 opposite-side territory witnesses on the same local biome transition; two shifted contexts agree; cumulative topology preserved
1109,2010,38272,163840,38400,163968,0/1/242/255,0/1/255/255,T498,T511,S1053,farHaradArid,consistent pre-V2 opposite-side territory witnesses on the same local biome transition; two shifted contexts agree; cumulative topology preserved
1110,2010,38400,163840,38528,163968,0/1/242/255,0/1/255/255,T498,T511,S1053,farHaradArid,consistent pre-V2 opposite-side territory witnesses on the same local biome transition; two shifted contexts agree; cumulative topology preserved
1111,2010,38528,163840,38656,163968,0/1/242/255,0/1/255/255,T498,T511,S1053,farHaradArid,consistent pre-V2 opposite-side territory witnesses on the same local biome transition; two shifted contexts agree; cumulative topology preserved
1112,2010,38656,163840,38784,163968,0/1/242/255,0/1/255/255,T498,T511,S1053,farHaradArid,consistent pre-V2 opposite-side territory witnesses on the same local biome transition; two shifted contexts agree; cumulative topology preserved
1138,2010,41984,163840,42112,163968,0/1/242/255,0/1/255/255,T498,T511,S1048,farHaradArid,consistent pre-V2 opposite-side territory witnesses on the same local biome transition; two shifted contexts agree; cumulative topology preserved
1144,2010,42752,163840,42880,163968,0/1/255/255,0/1/242/255,T511,T498,S1054,farHaradAridHills,consistent pre-V2 opposite-side territory witnesses on the same local biome transition; two shifted contexts agree; cumulative topology preserved
1197,2010,49536,163840,49664,163968,0/2/0/255,0/1/244/255,T512,T500,S1051,farHaradArid,consistent pre-V2 opposite-side territory witnesses on the same local biome transition; two shifted contexts agree; cumulative topology preserved
1012,2011,25856,163968,25984,164096,0/1/251/255,0/1/242/255,T507,T498,S1052,farHaradAridHills,consistent pre-V2 opposite-side territory witnesses on the same local biome transition; two shifted contexts agree; cumulative topology preserved
1013,2011,25984,163968,26112,164096,0/1/251/255,0/1/242/255,T507,T498,S1052,farHaradAridHills,consistent pre-V2 opposite-side territory witnesses on the same local biome transition; two shifted contexts agree; cumulative topology preserved
1028,2011,27904,163968,28032,164096,0/1/242/255,0/1/251/255,T498,T507,S1055,farHaradArid,consistent pre-V2 opposite-side territory witnesses on the same local biome transition; two shifted contexts agree; cumulative topology preserved
1029,2011,28032,163968,28160,164096,0/1/242/255,0/1/251/255,T498,T507,S1055,farHaradArid,consistent pre-V2 opposite-side territory witnesses on the same local biome transition; two shifted contexts agree; cumulative topology preserved
1030,2011,28160,163968,28288,164096,0/1/242/255,0/1/251/255,T498,T507,S1055,farHaradArid,consistent pre-V2 opposite-side territory witnesses on the same local biome transition; two shifted contexts agree; cumulative topology preserved
1031,2011,28288,163968,28416,164096,0/1/242/255,0/1/251/255,T498,T507,S1055,farHaradArid,consistent pre-V2 opposite-side territory witnesses on the same local biome transition; two shifted contexts agree; cumulative topology preserved
1032,2011,28416,163968,28544,164096,0/1/242/255,0/1/251/255,T498,T507,S1055,farHaradArid,consistent pre-V2 opposite-side territory witnesses on the same local biome transition; two shifted contexts agree; cumulative topology preserved
1033,2011,28544,163968,28672,164096,0/1/242/255,0/1/251/255,T498,T507,S1055,farHaradArid,consistent pre-V2 opposite-side territory witnesses on the same local biome transition; two shifted contexts agree; cumulative topology preserved
1034,2011,28672,163968,28800,164096,0/1/242/255,0/1/251/255,T498,T507,S1055,farHaradArid,consistent pre-V2 opposite-side territory witnesses on the same local biome transition; two shifted contexts agree; cumulative topology preserved
1035,2011,28800,163968,28928,164096,0/1/242/255,0/1/251/255,T498,T507,S1055,farHaradArid,consistent pre-V2 opposite-side territory witnesses on the same local biome transition; two shifted contexts agree; cumulative topology preserved
1036,2011,28928,163968,29056,164096,0/1/242/255,0/1/251/255,T498,T507,S1055,farHaradArid,consistent pre-V2 opposite-side territory witnesses on the same local biome transition; two shifted contexts agree; cumulative topology preserved
1037,2011,29056,163968,29184,164096,0/1/242/255,0/1/251/255,T498,T507,S1055,farHaradArid,consistent pre-V2 opposite-side territory witnesses on the same local biome transition; two shifted contexts agree; cumulative topology preserved
1038,2011,29184,163968,29312,164096,0/1/242/255,0/1/251/255,T498,T507,S1055,farHaradArid,consistent pre-V2 opposite-side territory witnesses on the same local biome transition; two shifted contexts agree; cumulative topology preserved
1039,2011,29312,163968,29440,164096,0/1/242/255,0/1/251/255,T498,T507,S1055,farHaradArid,consistent pre-V2 opposite-side territory witnesses on the same local biome transition; two shifted contexts agree; cumulative topology preserved
1040,2011,29440,163968,29568,164096,0/1/242/255,0/1/251/255,T498,T507,S1055,farHaradArid,consistent pre-V2 opposite-side territory witnesses on the same local biome transition; two shifted contexts agree; cumulative topology preserved
1044,2011,29952,163968,30080,164096,0/1/242/255,0/1/251/255,T498,T507,S1056,farHaradArid,consistent pre-V2 opposite-side territory witnesses on the same local biome transition; two shifted contexts agree; cumulative topology preserved
1097,2011,36736,163968,36864,164096,0/1/242/255,0/1/255/255,T498,T511,S1057,farHaradArid,consistent pre-V2 opposite-side territory witnesses on the same local biome transition; two shifted contexts agree; cumulative topology preserved
1098,2011,36864,163968,36992,164096,0/1/242/255,0/1/255/255,T498,T511,S1057,farHaradArid,consistent pre-V2 opposite-side territory witnesses on the same local biome transition; two shifted contexts agree; cumulative topology preserved
1099,2011,36992,163968,37120,164096,0/1/242/255,0/1/255/255,T498,T511,S1057,farHaradArid,consistent pre-V2 opposite-side territory witnesses on the same local biome transition; two shifted contexts agree; cumulative topology preserved
1100,2011,37120,163968,37248,164096,0/1/242/255,0/1/255/255,T498,T511,S1057,farHaradArid,consistent pre-V2 opposite-side territory witnesses on the same local biome transition; two shifted contexts agree; cumulative topology preserved
1141,2011,42368,163968,42496,164096,0/1/255/255,0/1/242/255,T511,T498,S1054,farHaradAridHills,consistent pre-V2 opposite-side territory witnesses on the same local biome transition; two shifted contexts agree; cumulative topology preserved
1142,2011,42496,163968,42624,164096,0/1/255/255,0/1/242/255,T511,T498,S1054,farHaradAridHills,consistent pre-V2 opposite-side territory witnesses on the same local biome transition; two shifted contexts agree; cumulative topology preserved
1143,2011,42624,163968,42752,164096,0/1/255/255,0/1/242/255,T511,T498,S1054,farHaradAridHills,consistent pre-V2 opposite-side territory witnesses on the same local biome transition; two shifted contexts agree; cumulative topology preserved
1198,2011,49664,163968,49792,164096,0/2/0/255,0/1/244/255,T512,T500,S1051,farHaradArid,consistent pre-V2 opposite-side territory witnesses on the same local biome transition; two shifted contexts agree; cumulative topology preserved
1014,2012,26112,164096,26240,164224,0/1/251/255,0/1/242/255,T507,T498,S1052,farHaradAridHills,consistent pre-V2 opposite-side territory witnesses on the same local biome transition; two shifted contexts agree; cumulative topology preserved
1026,2012,27648,164096,27776,164224,0/1/242/255,0/1/251/255,T498,T507,S1055,farHaradArid,consistent pre-V2 opposite-side territory witnesses on the same local biome transition; two shifted contexts agree; cumulative topology preserved
1027,2012,27776,164096,27904,164224,0/1/242/255,0/1/251/255,T498,T507,S1055,farHaradArid,consistent pre-V2 opposite-side territory witnesses on the same local biome transition; two shifted contexts agree; cumulative topology preserved
1167,2012,45696,164096,45824,164224,0/2/0/255,0/1/247/255,T512,T503,S1058,farHaradArid,consistent pre-V2 opposite-side territory witnesses on the same local biome transition; two shifted contexts agree; cumulative topology preserved
1168,2012,45824,164096,45952,164224,0/2/0/255,0/1/247/255,T512,T503,S1058,farHaradArid,consistent pre-V2 opposite-side territory witnesses on the same local biome transition; two shifted contexts agree; cumulative topology preserved
1016,2013,26368,164224,26496,164352,0/1/251/255,0/1/242/255,T507,T498,S1059,farHaradAridHills,consistent pre-V2 opposite-side territory witnesses on the same local biome transition; two shifted contexts agree; cumulative topology preserved
1023,2013,27264,164224,27392,164352,0/1/242/255,0/1/251/255,T498,T507,S1060,farHaradArid,consistent pre-V2 opposite-side territory witnesses on the same local biome transition; two shifted contexts agree; cumulative topology preserved
1162,2015,45056,164480,45184,164608,0/1/247/255,0/2/0/255,T503,T512,S1061,farHaradAridHills,consistent pre-V2 opposite-side territory witnesses on the same local biome transition; two shifted contexts agree; cumulative topology preserved
1201,2016,50048,164608,50176,164736,0/1/244/255,0/2/0/255,T500,T512,S1062,farHaradAridHills,consistent pre-V2 opposite-side territory witnesses on the same local biome transition; two shifted contexts agree; cumulative topology preserved
1155,2022,44160,165376,44288,165504,0/1/255/255,0/2/0/255,T511,T512,S1063,farHaradAridHills,consistent pre-V2 opposite-side territory witnesses on the same local biome transition; two shifted contexts agree; cumulative topology preserved
1207,2022,50816,165376,50944,165504,0/2/0/255,0/1/244/255,T512,T500,S1064,farHaradArid,consistent pre-V2 opposite-side territory witnesses on the same local biome transition; two shifted contexts agree; cumulative topology preserved
1209,2023,51072,165504,51200,165632,0/2/0/255,0/1/244/255,T512,T500,S1065,farHaradArid,consistent pre-V2 opposite-side territory witnesses on the same local biome transition; two shifted contexts agree; cumulative topology preserved
1211,2024,51328,165632,51456,165760,0/2/0/255,0/1/244/255,T512,T500,S1066,farHaradArid,consistent pre-V2 opposite-side territory witnesses on the same local biome transition; two shifted contexts agree; cumulative topology preserved
1213,2025,51584,165760,51712,165888,0/2/0/255,0/1/244/255,T512,T500,S1067,farHaradArid,consistent pre-V2 opposite-side territory witnesses on the same local biome transition; two shifted contexts agree; cumulative topology preserved
1154,2028,44032,166144,44160,166272,0/1/255/255,0/2/0/255,T511,T512,S1068,farHaradAridHills,consistent pre-V2 opposite-side territory witnesses on the same local biome transition; two shifted contexts agree; cumulative topology preserved
1155,2028,44160,166144,44288,166272,0/1/255/255,0/2/0/255,T511,T512,S1068,farHaradAridHills,consistent pre-V2 opposite-side territory witnesses on the same local biome transition; two shifted contexts agree; cumulative topology preserved
1156,2028,44288,166144,44416,166272,0/1/255/255,0/2/0/255,T511,T512,S1068,farHaradAridHills,consistent pre-V2 opposite-side territory witnesses on the same local biome transition; two shifted contexts agree; cumulative topology preserved
1157,2028,44416,166144,44544,166272,0/1/255/255,0/2/0/255,T511,T512,S1068,farHaradAridHills,consistent pre-V2 opposite-side territory witnesses on the same local biome transition; two shifted contexts agree; cumulative topology preserved
1161,2029,44928,166272,45056,166400,0/2/0/255,0/1/255/255,T512,T511,S1069,farHaradArid,consistent pre-V2 opposite-side territory witnesses on the same local biome transition; two shifted contexts agree; cumulative topology preserved
1220,2030,52480,166400,52608,166528,0/1/244/255,0/2/0/255,T500,T512,S1070,farHaradAridHills,consistent pre-V2 opposite-side territory witnesses on the same local biome transition; two shifted contexts agree; cumulative topology preserved
1223,2031,52864,166528,52992,166656,0/2/0/255,0/1/244/255,T512,T500,S1071,farHaradArid,consistent pre-V2 opposite-side territory witnesses on the same local biome transition; two shifted contexts agree; cumulative topology preserved
1167,2032,45696,166656,45824,166784,0/2/0/255,0/1/255/255,T512,T511,S1072,farHaradArid,consistent pre-V2 opposite-side territory witnesses on the same local biome transition; two shifted contexts agree; cumulative topology preserved
1225,2032,53120,166656,53248,166784,0/1/244/255,0/2/0/255,T500,T512,S1073,farHaradAridHills,consistent pre-V2 opposite-side territory witnesses on the same local biome transition; two shifted contexts agree; cumulative topology preserved
1226,2032,53248,166656,53376,166784,0/1/244/255,0/2/0/255,T500,T512,S1073,farHaradAridHills,consistent pre-V2 opposite-side territory witnesses on the same local biome transition; two shifted contexts agree; cumulative topology preserved
1170,2033,46080,166784,46208,166912,0/2/0/255,0/1/255/255,T512,T511,S1074,farHaradArid,consistent pre-V2 opposite-side territory witnesses on the same local biome transition; two shifted contexts agree; cumulative topology preserved
1228,2033,53504,166784,53632,166912,0/1/244/255,0/2/0/255,T500,T512,S1075,farHaradAridHills,consistent pre-V2 opposite-side territory witnesses on the same local biome transition; two shifted contexts agree; cumulative topology preserved
1171,2034,46208,166912,46336,167040,0/2/0/255,0/1/255/255,T512,T511,S1074,farHaradArid,consistent pre-V2 opposite-side territory witnesses on the same local biome transition; two shifted contexts agree; cumulative topology preserved
1173,2035,46464,167040,46592,167168,0/1/255/255,0/2/0/255,T511,T512,S1076,farHaradAridHills,consistent pre-V2 opposite-side territory witnesses on the same local biome transition; two shifted contexts agree; cumulative topology preserved
1174,2036,46592,167168,46720,167296,0/1/255/255,0/2/0/255,T511,T512,S1076,farHaradAridHills,consistent pre-V2 opposite-side territory witnesses on the same local biome transition; two shifted contexts agree; cumulative topology preserved
1175,2037,46720,167296,46848,167424,0/2/0/255,0/1/255/255,T512,T511,S1076,farHaradArid,consistent pre-V2 opposite-side territory witnesses on the same local biome transition; two shifted contexts agree; cumulative topology preserved
1244,2039,55552,167552,55680,167680,0/2/0/255,0/1/254/255,T512,T510,S1077,farHaradArid,consistent pre-V2 opposite-side territory witnesses on the same local biome transition; two shifted contexts agree; cumulative topology preserved
1245,2039,55680,167552,55808,167680,0/2/0/255,0/1/254/255,T512,T510,S1077,farHaradArid,consistent pre-V2 opposite-side territory witnesses on the same local biome transition; two shifted contexts agree; cumulative topology preserved
1177,2041,46976,167808,47104,167936,0/2/0/255,0/1/255/255,T512,T511,S1078,farHaradArid,consistent pre-V2 opposite-side territory witnesses on the same local biome transition; two shifted contexts agree; cumulative topology preserved
1180,2044,47360,168192,47488,168320,0/2/0/255,0/1/255/255,T512,T511,S1079,farHaradArid,consistent pre-V2 opposite-side territory witnesses on the same local biome transition; two shifted contexts agree; cumulative topology preserved
1256,2046,57088,168448,57216,168576,0/2/0/255,0/1/254/255,T512,T510,S1080,farHaradArid,consistent pre-V2 opposite-side territory witnesses on the same local biome transition; two shifted contexts agree; cumulative topology preserved
1256,2047,57088,168576,57216,168704,0/2/0/255,0/1/254/255,T512,T510,S1080,farHaradArid,consistent pre-V2 opposite-side territory witnesses on the same local biome transition; two shifted contexts agree; cumulative topology preserved
1256,2048,57088,168704,57216,168832,0/2/0/255,0/1/254/255,T512,T510,S1080,farHaradArid,consistent pre-V2 opposite-side territory witnesses on the same local biome transition; two shifted contexts agree; cumulative topology preserved
1185,2049,48000,168832,48128,168960,0/2/0/255,0/1/255/255,T512,T511,S1081,farHaradArid,consistent pre-V2 opposite-side territory witnesses on the same local biome transition; two shifted contexts agree; cumulative topology preserved
1186,2050,48128,168960,48256,169088,0/2/0/255,0/1/255/255,T512,T511,S1081,farHaradArid,consistent pre-V2 opposite-side territory witnesses on the same local biome transition; two shifted contexts agree; cumulative topology preserved
1260,2054,57600,169472,57728,169600,0/2/0/255,0/1/254/255,T512,T510,S1082,farHaradArid,consistent pre-V2 opposite-side territory witnesses on the same local biome transition; two shifted contexts agree; cumulative topology preserved
1193,2056,49024,169728,49152,169856,0/2/0/255,0/1/255/255,T512,T511,S1083,farHaradArid,consistent pre-V2 opposite-side territory witnesses on the same local biome transition; two shifted contexts agree; cumulative topology preserved
1194,2056,49152,169728,49280,169856,0/2/0/255,0/1/255/255,T512,T511,S1083,farHaradArid,consistent pre-V2 opposite-side territory witnesses on the same local biome transition; two shifted contexts agree; cumulative topology preserved
1195,2056,49280,169728,49408,169856,0/2/0/255,0/1/255/255,T512,T511,S1083,farHaradArid,consistent pre-V2 opposite-side territory witnesses on the same local biome transition; two shifted contexts agree; cumulative topology preserved
1202,2057,50176,169856,50304,169984,0/2/0/255,0/1/255/255,T512,T511,S1084,farHaradArid,consistent pre-V2 opposite-side territory witnesses on the same local biome transition; two shifted contexts agree; cumulative topology preserved
1263,2057,57984,169856,58112,169984,0/2/0/255,0/1/254/255,T512,T510,S1085,farHaradArid,consistent pre-V2 opposite-side territory witnesses on the same local biome transition; two shifted contexts agree; cumulative topology preserved
1204,2058,50432,169984,50560,170112,0/2/0/255,0/1/255/255,T512,T511,S1086,farHaradArid,consistent pre-V2 opposite-side territory witnesses on the same local biome transition; two shifted contexts agree; cumulative topology preserved
1211,2059,51328,170112,51456,170240,0/1/255/255,0/2/0/255,T511,T512,S1087,farHaradAridHills,consistent pre-V2 opposite-side territory witnesses on the same local biome transition; two shifted contexts agree; cumulative topology preserved
1213,2061,51584,170368,51712,170496,0/2/0/255,0/1/255/255,T512,T511,S1088,farHaradArid,consistent pre-V2 opposite-side territory witnesses on the same local biome transition; two shifted contexts agree; cumulative topology preserved
1213,2062,51584,170496,51712,170624,0/2/0/255,0/1/255/255,T512,T511,S1088,farHaradArid,consistent pre-V2 opposite-side territory witnesses on the same local biome transition; two shifted contexts agree; cumulative topology preserved
1213,2063,51584,170624,51712,170752,0/2/0/255,0/1/255/255,T512,T511,S1088,farHaradArid,consistent pre-V2 opposite-side territory witnesses on the same local biome transition; two shifted contexts agree; cumulative topology preserved
1214,2065,51712,170880,51840,171008,0/1/255/255,0/2/0/255,T511,T512,S1089,farHaradAridHills,consistent pre-V2 opposite-side territory witnesses on the same local biome transition; two shifted contexts agree; cumulative topology preserved
1214,2066,51712,171008,51840,171136,0/1/255/255,0/2/0/255,T511,T512,S1089,farHaradAridHills,consistent pre-V2 opposite-side territory witnesses on the same local biome transition; two shifted contexts agree; cumulative topology preserved
1214,2067,51712,171136,51840,171264,0/1/255/255,0/2/0/255,T511,T512,S1089,farHaradAridHills,consistent pre-V2 opposite-side territory witnesses on the same local biome transition; two shifted contexts agree; cumulative topology preserved
1275,2069,59520,171392,59648,171520,0/1/254/255,0/2/0/255,T510,T512,S1090,farHaradAridHills,consistent pre-V2 opposite-side territory witnesses on the same local biome transition; two shifted contexts agree; cumulative topology preserved
1217,2071,52096,171648,52224,171776,0/2/0/255,0/1/255/255,T512,T511,S1091,farHaradArid,consistent pre-V2 opposite-side territory witnesses on the same local biome transition; two shifted contexts agree; cumulative topology preserved
1218,2073,52224,171904,52352,172032,0/2/0/255,0/1/255/255,T512,T511,S1092,farHaradArid,consistent pre-V2 opposite-side territory witnesses on the same local biome transition; two shifted contexts agree; cumulative topology preserved
1277,2073,59776,171904,59904,172032,0/1/254/255,0/2/0/255,T510,T512,S1093,farHaradAridHills,consistent pre-V2 opposite-side territory witnesses on the same local biome transition; two shifted contexts agree; cumulative topology preserved
1219,2074,52352,172032,52480,172160,0/2/0/255,0/1/255/255,T512,T511,S1092,farHaradArid,consistent pre-V2 opposite-side territory witnesses on the same local biome transition; two shifted contexts agree; cumulative topology preserved
1220,2075,52480,172160,52608,172288,0/2/0/255,0/1/255/255,T512,T511,S1092,farHaradArid,consistent pre-V2 opposite-side territory witnesses on the same local biome transition; two shifted contexts agree; cumulative topology preserved
1280,2077,60160,172416,60288,172544,0/2/0/255,0/1/254/255,T512,T510,S1094,farHaradArid,consistent pre-V2 opposite-side territory witnesses on the same local biome transition; two shifted contexts agree; cumulative topology preserved
1283,2078,60544,172544,60672,172672,0/2/0/255,0/1/254/255,T512,T510,S1095,farHaradArid,consistent pre-V2 opposite-side territory witnesses on the same local biome transition; two shifted contexts agree; cumulative topology preserved
1291,2081,61568,172928,61696,173056,0/2/0/255,0/1/254/255,T512,T510,S1096,farHaradArid,consistent pre-V2 opposite-side territory witnesses on the same local biome transition; two shifted contexts agree; cumulative topology preserved
1224,2086,52992,173568,53120,173696,0/2/0/255,0/1/255/255,T512,T511,S1097,farHaradArid,consistent pre-V2 opposite-side territory witnesses on the same local biome transition; two shifted contexts agree; cumulative topology preserved
1221,2089,52608,173952,52736,174080,0/1/255/255,0/2/0/255,T511,T512,S1098,farHaradAridHills,consistent pre-V2 opposite-side territory witnesses on the same local biome transition; two shifted contexts agree; cumulative topology preserved
1220,2095,52480,174720,52608,174848,0/2/0/255,0/1/255/255,T512,T511,S1099,farHaradArid,consistent pre-V2 opposite-side territory witnesses on the same local biome transition; two shifted contexts agree; cumulative topology preserved
1301,2095,62848,174720,62976,174848,0/2/0/255,0/1/254/255,T512,T510,S1100,farHaradArid,consistent pre-V2 opposite-side territory witnesses on the same local biome transition; two shifted contexts agree; cumulative topology preserved
1302,2098,62976,175104,63104,175232,0/2/0/255,0/1/254/255,T512,T510,S1101,farHaradArid,consistent pre-V2 opposite-side territory witnesses on the same local biome transition; two shifted contexts agree; cumulative topology preserved
1303,2099,63104,175232,63232,175360,0/2/0/255,0/1/254/255,T512,T510,S1101,farHaradArid,consistent pre-V2 opposite-side territory witnesses on the same local biome transition; two shifted contexts agree; cumulative topology preserved
1304,2099,63232,175232,63360,175360,0/2/0/255,0/1/254/255,T512,T510,S1101,farHaradArid,consistent pre-V2 opposite-side territory witnesses on the same local biome transition; two shifted contexts agree; cumulative topology preserved
1305,2100,63360,175360,63488,175488,0/2/0/255,0/1/254/255,T512,T510,S1101,farHaradArid,consistent pre-V2 opposite-side territory witnesses on the same local biome transition; two shifted contexts agree; cumulative topology preserved
1307,2101,63616,175488,63744,175616,0/2/0/255,0/1/254/255,T512,T510,S1102,farHaradArid,consistent pre-V2 opposite-side territory witnesses on the same local biome transition; two shifted contexts agree; cumulative topology preserved
1309,2102,63872,175616,64000,175744,0/2/0/255,0/1/254/255,T512,T510,S1103,farHaradArid,consistent pre-V2 opposite-side territory witnesses on the same local biome transition; two shifted contexts agree; cumulative topology preserved
1311,2103,64128,175744,64256,175872,0/2/0/255,0/1/254/255,T512,T510,S1104,farHaradArid,consistent pre-V2 opposite-side territory witnesses on the same local biome transition; two shifted contexts agree; cumulative topology preserved
1315,2106,64640,176128,64768,176256,0/1/254/255,0/2/0/255,T510,T512,S1105,farHaradAridHills,consistent pre-V2 opposite-side territory witnesses on the same local biome transition; two shifted contexts agree; cumulative topology preserved
1317,2109,64896,176512,65024,176640,0/1/254/255,0/2/0/255,T510,T512,S1106,farHaradAridHills,consistent pre-V2 opposite-side territory witnesses on the same local biome transition; two shifted contexts agree; cumulative topology preserved
1317,2110,64896,176640,65024,176768,0/1/254/255,0/2/0/255,T510,T512,S1106,farHaradAridHills,consistent pre-V2 opposite-side territory witnesses on the same local biome transition; two shifted contexts agree; cumulative topology preserved
1317,2111,64896,176768,65024,176896,0/1/254/255,0/2/0/255,T510,T512,S1106,farHaradAridHills,consistent pre-V2 opposite-side territory witnesses on the same local biome transition; two shifted contexts agree; cumulative topology preserved
1317,2112,64896,176896,65024,177024,0/1/254/255,0/2/0/255,T510,T512,S1106,farHaradAridHills,consistent pre-V2 opposite-side territory witnesses on the same local biome transition; two shifted contexts agree; cumulative topology preserved
1318,2114,65024,177152,65152,177280,0/2/0/255,0/1/254/255,T512,T510,S1107,farHaradArid,consistent pre-V2 opposite-side territory witnesses on the same local biome transition; two shifted contexts agree; cumulative topology preserved
1318,2115,65024,177280,65152,177408,0/2/0/255,0/1/254/255,T512,T510,S1107,farHaradArid,consistent pre-V2 opposite-side territory witnesses on the same local biome transition; two shifted contexts agree; cumulative topology preserved
1318,2116,65024,177408,65152,177536,0/2/0/255,0/1/254/255,T512,T510,S1107,farHaradArid,consistent pre-V2 opposite-side territory witnesses on the same local biome transition; two shifted contexts agree; cumulative topology preserved
1318,2117,65024,177536,65152,177664,0/2/0/255,0/1/254/255,T512,T510,S1107,farHaradArid,consistent pre-V2 opposite-side territory witnesses on the same local biome transition; two shifted contexts agree; cumulative topology preserved
1318,2118,65024,177664,65152,177792,0/2/0/255,0/1/254/255,T512,T510,S1107,farHaradArid,consistent pre-V2 opposite-side territory witnesses on the same local biome transition; two shifted contexts agree; cumulative topology preserved
1249,2126,56192,178688,56320,178816,0/2/0/255,0/2/11/255,T512,T523,S1108,farHaradArid,consistent pre-V2 opposite-side territory witnesses on the same local biome transition; two shifted contexts agree; cumulative topology preserved
1250,2126,56320,178688,56448,178816,0/2/0/255,0/2/11/255,T512,T523,S1108,farHaradArid,consistent pre-V2 opposite-side territory witnesses on the same local biome transition; two shifted contexts agree; cumulative topology preserved
1251,2126,56448,178688,56576,178816,0/2/0/255,0/2/11/255,T512,T523,S1108,farHaradArid,consistent pre-V2 opposite-side territory witnesses on the same local biome transition; two shifted contexts agree; cumulative topology preserved
1252,2126,56576,178688,56704,178816,0/2/0/255,0/2/11/255,T512,T523,S1108,farHaradArid,consistent pre-V2 opposite-side territory witnesses on the same local biome transition; two shifted contexts agree; cumulative topology preserved
1253,2126,56704,178688,56832,178816,0/2/0/255,0/2/11/255,T512,T523,S1108,farHaradArid,consistent pre-V2 opposite-side territory witnesses on the same local biome transition; two shifted contexts agree; cumulative topology preserved
1253,2127,56704,178816,56832,178944,0/2/0/255,0/2/11/255,T512,T523,S1108,farHaradArid,consistent pre-V2 opposite-side territory witnesses on the same local biome transition; two shifted contexts agree; cumulative topology preserved
1255,2129,56960,179072,57088,179200,0/2/11/255,0/2/0/255,T523,T512,S1109,farHaradAridHills,consistent pre-V2 opposite-side territory witnesses on the same local biome transition; two shifted contexts agree; cumulative topology preserved
1257,2130,57216,179200,57344,179328,0/2/0/255,0/2/11/255,T512,T523,S1110,farHaradArid,consistent pre-V2 opposite-side territory witnesses on the same local biome transition; two shifted contexts agree; cumulative topology preserved
1258,2130,57344,179200,57472,179328,0/2/0/255,0/2/11/255,T512,T523,S1110,farHaradArid,consistent pre-V2 opposite-side territory witnesses on the same local biome transition; two shifted contexts agree; cumulative topology preserved
1259,2130,57472,179200,57600,179328,0/2/0/255,0/2/11/255,T512,T523,S1110,farHaradArid,consistent pre-V2 opposite-side territory witnesses on the same local biome transition; two shifted contexts agree; cumulative topology preserved
1262,2131,57856,179328,57984,179456,0/2/11/255,0/2/0/255,T523,T512,S1111,farHaradAridHills,consistent pre-V2 opposite-side territory witnesses on the same local biome transition; two shifted contexts agree; cumulative topology preserved
1263,2131,57984,179328,58112,179456,0/2/11/255,0/2/0/255,T523,T512,S1111,farHaradAridHills,consistent pre-V2 opposite-side territory witnesses on the same local biome transition; two shifted contexts agree; cumulative topology preserved
1266,2132,58368,179456,58496,179584,0/2/0/255,0/2/11/255,T512,T523,S1112,farHaradArid,consistent pre-V2 opposite-side territory witnesses on the same local biome transition; two shifted contexts agree; cumulative topology preserved
1318,2132,65024,179456,65152,179584,0/2/0/255,0/1/254/255,T512,T510,S1113,farHaradArid,consistent pre-V2 opposite-side territory witnesses on the same local biome transition; two shifted contexts agree; cumulative topology preserved
1268,2133,58624,179584,58752,179712,0/2/0/255,0/2/11/255,T512,T523,S1114,farHaradArid,consistent pre-V2 opposite-side territory witnesses on the same local biome transition; two shifted contexts agree; cumulative topology preserved
1318,2133,65024,179584,65152,179712,0/2/0/255,0/1/254/255,T512,T510,S1113,farHaradArid,consistent pre-V2 opposite-side territory witnesses on the same local biome transition; two shifted contexts agree; cumulative topology preserved
1318,2134,65024,179712,65152,179840,0/2/0/255,0/1/254/255,T512,T510,S1113,farHaradArid,consistent pre-V2 opposite-side territory witnesses on the same local biome transition; two shifted contexts agree; cumulative topology preserved
1318,2135,65024,179840,65152,179968,0/2/0/255,0/1/254/255,T512,T510,S1113,farHaradArid,consistent pre-V2 opposite-side territory witnesses on the same local biome transition; two shifted contexts agree; cumulative topology preserved
1269,2136,58752,179968,58880,180096,0/2/0/255,0/2/11/255,T512,T523,S1115,farHaradArid,consistent pre-V2 opposite-side territory witnesses on the same local biome transition; two shifted contexts agree; cumulative topology preserved
1268,2137,58624,180096,58752,180224,0/2/0/255,0/2/11/255,T512,T523,S1115,farHaradArid,consistent pre-V2 opposite-side territory witnesses on the same local biome transition; two shifted contexts agree; cumulative topology preserved
1319,2137,65152,180096,65280,180224,0/2/0/255,0/1/254/255,T512,T510,S1116,farHaradArid,consistent pre-V2 opposite-side territory witnesses on the same local biome transition; two shifted contexts agree; cumulative topology preserved
1266,2138,58368,180224,58496,180352,0/2/0/255,0/2/11/255,T512,T523,S1117,farHaradArid,consistent pre-V2 opposite-side territory witnesses on the same local biome transition; two shifted contexts agree; cumulative topology preserved
1320,2138,65280,180224,65408,180352,0/2/0/255,0/1/254/255,T512,T510,S1116,farHaradArid,consistent pre-V2 opposite-side territory witnesses on the same local biome transition; two shifted contexts agree; cumulative topology preserved
1265,2139,58240,180352,58368,180480,0/2/0/255,0/2/11/255,T512,T523,S1117,farHaradArid,consistent pre-V2 opposite-side territory witnesses on the same local biome transition; two shifted contexts agree; cumulative topology preserved
1265,2142,58240,180736,58368,180864,0/2/0/255,0/2/11/255,T512,T523,S1118,farHaradArid,consistent pre-V2 opposite-side territory witnesses on the same local biome transition; two shifted contexts agree; cumulative topology preserved
1323,2143,65664,180864,65792,180992,0/2/0/255,0/1/254/255,T512,T510,S1119,farHaradArid,consistent pre-V2 opposite-side territory witnesses on the same local biome transition; two shifted contexts agree; cumulative topology preserved
1269,2147,58752,181376,58880,181504,0/2/0/255,0/2/11/255,T512,T523,S1120,farHaradArid,consistent pre-V2 opposite-side territory witnesses on the same local biome transition; two shifted contexts agree; cumulative topology preserved
1270,2148,58880,181504,59008,181632,0/2/0/255,0/2/11/255,T512,T523,S1120,farHaradArid,consistent pre-V2 opposite-side territory witnesses on the same local biome transition; two shifted contexts agree; cumulative topology preserved
1361,2149,70528,181632,70656,181760,0/1/254/255,0/2/0/255,T510,T512,S1121,farHaradAridHills,consistent pre-V2 opposite-side territory witnesses on the same local biome transition; two shifted contexts agree; cumulative topology preserved
1356,2150,69888,181760,70016,181888,0/1/254/255,0/2/0/255,T510,T512,S1122,farHaradAridHills,consistent pre-V2 opposite-side territory witnesses on the same local biome transition; two shifted contexts agree; cumulative topology preserved
1363,2150,70784,181760,70912,181888,0/1/254/255,0/2/0/255,T510,T512,S1123,farHaradAridHills,consistent pre-V2 opposite-side territory witnesses on the same local biome transition; two shifted contexts agree; cumulative topology preserved
1331,2151,66688,181888,66816,182016,0/2/0/255,0/1/254/255,T512,T510,S1124,farHaradArid,consistent pre-V2 opposite-side territory witnesses on the same local biome transition; two shifted contexts agree; cumulative topology preserved
1356,2151,69888,181888,70016,182016,0/1/254/255,0/2/0/255,T510,T512,S1122,farHaradAridHills,consistent pre-V2 opposite-side territory witnesses on the same local biome transition; two shifted contexts agree; cumulative topology preserved
1355,2153,69760,182144,69888,182272,0/2/0/255,0/1/254/255,T512,T510,S1125,farHaradArid,consistent pre-V2 opposite-side territory witnesses on the same local biome transition; two shifted contexts agree; cumulative topology preserved
1278,2156,59904,182528,60032,182656,0/2/0/255,0/2/11/255,T512,T523,S1126,farHaradArid,consistent pre-V2 opposite-side territory witnesses on the same local biome transition; two shifted contexts agree; cumulative topology preserved
1280,2157,60160,182656,60288,182784,0/2/0/255,0/2/11/255,T512,T523,S1127,farHaradArid,consistent pre-V2 opposite-side territory witnesses on the same local biome transition; two shifted contexts agree; cumulative topology preserved
1354,2157,69632,182656,69760,182784,0/2/0/255,0/1/254/255,T512,T510,S1128,farHaradArid,consistent pre-V2 opposite-side territory witnesses on the same local biome transition; two shifted contexts agree; cumulative topology preserved
1353,2158,69504,182784,69632,182912,0/2/0/255,0/1/254/255,T512,T510,S1128,farHaradArid,consistent pre-V2 opposite-side territory witnesses on the same local biome transition; two shifted contexts agree; cumulative topology preserved
1340,2159,67840,182912,67968,183040,0/2/0/255,0/1/254/255,T512,T510,S1129,farHaradArid,consistent pre-V2 opposite-side territory witnesses on the same local biome transition; two shifted contexts agree; cumulative topology preserved
1341,2159,67968,182912,68096,183040,0/2/0/255,0/1/254/255,T512,T510,S1129,farHaradArid,consistent pre-V2 opposite-side territory witnesses on the same local biome transition; two shifted contexts agree; cumulative topology preserved
1342,2159,68096,182912,68224,183040,0/2/0/255,0/1/254/255,T512,T510,S1129,farHaradArid,consistent pre-V2 opposite-side territory witnesses on the same local biome transition; two shifted contexts agree; cumulative topology preserved
1343,2159,68224,182912,68352,183040,0/2/0/255,0/1/254/255,T512,T510,S1129,farHaradArid,consistent pre-V2 opposite-side territory witnesses on the same local biome transition; two shifted contexts agree; cumulative topology preserved
1353,2159,69504,182912,69632,183040,0/2/0/255,0/1/254/255,T512,T510,S1128,farHaradArid,consistent pre-V2 opposite-side territory witnesses on the same local biome transition; two shifted contexts agree; cumulative topology preserved
1281,2160,60288,183040,60416,183168,0/2/0/255,0/2/11/255,T512,T523,S1130,farHaradArid,consistent pre-V2 opposite-side territory witnesses on the same local biome transition; two shifted contexts agree; cumulative topology preserved
1345,2160,68480,183040,68608,183168,0/2/0/255,0/1/254/255,T512,T510,S1131,farHaradArid,consistent pre-V2 opposite-side territory witnesses on the same local biome transition; two shifted contexts agree; cumulative topology preserved
1346,2160,68608,183040,68736,183168,0/2/0/255,0/1/254/255,T512,T510,S1131,farHaradArid,consistent pre-V2 opposite-side territory witnesses on the same local biome transition; two shifted contexts agree; cumulative topology preserved
1347,2160,68736,183040,68864,183168,0/2/0/255,0/1/254/255,T512,T510,S1131,farHaradArid,consistent pre-V2 opposite-side territory witnesses on the same local biome transition; two shifted contexts agree; cumulative topology preserved
1348,2160,68864,183040,68992,183168,0/2/0/255,0/1/254/255,T512,T510,S1131,farHaradArid,consistent pre-V2 opposite-side territory witnesses on the same local biome transition; two shifted contexts agree; cumulative topology preserved
1349,2160,68992,183040,69120,183168,0/2/0/255,0/1/254/255,T512,T510,S1131,farHaradArid,consistent pre-V2 opposite-side territory witnesses on the same local biome transition; two shifted contexts agree; cumulative topology preserved
1350,2160,69120,183040,69248,183168,0/2/0/255,0/1/254/255,T512,T510,S1131,farHaradArid,consistent pre-V2 opposite-side territory witnesses on the same local biome transition; two shifted contexts agree; cumulative topology preserved
1351,2160,69248,183040,69376,183168,0/2/0/255,0/1/254/255,T512,T510,S1131,farHaradArid,consistent pre-V2 opposite-side territory witnesses on the same local biome transition; two shifted contexts agree; cumulative topology preserved
1377,2160,72576,183040,72704,183168,0/2/0/255,0/2/2/255,T512,T514,S1132,farHaradArid,consistent pre-V2 opposite-side territory witnesses on the same local biome transition; two shifted contexts agree; cumulative topology preserved
1281,2161,60288,183168,60416,183296,0/2/0/255,0/2/11/255,T512,T523,S1130,farHaradArid,consistent pre-V2 opposite-side territory witnesses on the same local biome transition; two shifted contexts agree; cumulative topology preserved
1379,2161,72832,183168,72960,183296,0/2/0/255,0/2/2/255,T512,T514,S1133,farHaradArid,consistent pre-V2 opposite-side territory witnesses on the same local biome transition; two shifted contexts agree; cumulative topology preserved
1380,2161,72960,183168,73088,183296,0/2/0/255,0/2/2/255,T512,T514,S1133,farHaradArid,consistent pre-V2 opposite-side territory witnesses on the same local biome transition; two shifted contexts agree; cumulative topology preserved
1381,2161,73088,183168,73216,183296,0/2/0/255,0/2/2/255,T512,T514,S1133,farHaradArid,consistent pre-V2 opposite-side territory witnesses on the same local biome transition; two shifted contexts agree; cumulative topology preserved
1382,2161,73216,183168,73344,183296,0/2/0/255,0/2/2/255,T512,T514,S1133,farHaradArid,consistent pre-V2 opposite-side territory witnesses on the same local biome transition; two shifted contexts agree; cumulative topology preserved
1388,2161,73984,183168,74112,183296,0/2/0/255,0/2/2/255,T512,T514,S1134,farHaradArid,consistent pre-V2 opposite-side territory witnesses on the same local biome transition; two shifted contexts agree; cumulative topology preserved
1280,2162,60160,183296,60288,183424,0/2/0/255,0/2/11/255,T512,T523,S1130,farHaradArid,consistent pre-V2 opposite-side territory witnesses on the same local biome transition; two shifted contexts agree; cumulative topology preserved
1278,2163,59904,183424,60032,183552,0/2/0/255,0/2/11/255,T512,T523,S1135,farHaradArid,consistent pre-V2 opposite-side territory witnesses on the same local biome transition; two shifted contexts agree; cumulative topology preserved
1272,2166,59136,183808,59264,183936,0/2/0/255,0/2/11/255,T512,T523,S1136,farHaradArid,consistent pre-V2 opposite-side territory witnesses on the same local biome transition; two shifted contexts agree; cumulative topology preserved
1389,2166,74112,183808,74240,183936,0/2/0/255,0/2/2/255,T512,T514,S1137,farHaradArid,consistent pre-V2 opposite-side territory witnesses on the same local biome transition; two shifted contexts agree; cumulative topology preserved
1417,2166,77696,183808,77824,183936,0/2/2/255,0/2/6/255,T514,T518,S1138,farHaradAridHills,consistent pre-V2 opposite-side territory witnesses on the same local biome transition; two shifted contexts agree; cumulative topology preserved
1418,2166,77824,183808,77952,183936,0/2/2/255,0/2/6/255,T514,T518,S1138,farHaradAridHills,consistent pre-V2 opposite-side territory witnesses on the same local biome transition; two shifted contexts agree; cumulative topology preserved
1419,2166,77952,183808,78080,183936,0/2/2/255,0/2/6/255,T514,T518,S1138,farHaradAridHills,consistent pre-V2 opposite-side territory witnesses on the same local biome transition; two shifted contexts agree; cumulative topology preserved
1415,2167,77440,183936,77568,184064,0/2/2/255,0/2/6/255,T514,T518,S1139,farHaradAridHills,consistent pre-V2 opposite-side territory witnesses on the same local biome transition; two shifted contexts agree; cumulative topology preserved
1421,2167,78208,183936,78336,184064,0/2/6/255,0/2/2/255,T518,T514,S1140,farHaradArid,consistent pre-V2 opposite-side territory witnesses on the same local biome transition; two shifted contexts agree; cumulative topology preserved
1422,2167,78336,183936,78464,184064,0/2/6/255,0/2/2/255,T518,T514,S1140,farHaradArid,consistent pre-V2 opposite-side territory witnesses on the same local biome transition; two shifted contexts agree; cumulative topology preserved
1423,2167,78464,183936,78592,184064,0/2/6/255,0/2/2/255,T518,T514,S1140,farHaradArid,consistent pre-V2 opposite-side territory witnesses on the same local biome transition; two shifted contexts agree; cumulative topology preserved
1271,2168,59008,184064,59136,184192,0/2/0/255,0/2/11/255,T512,T523,S1141,farHaradArid,consistent pre-V2 opposite-side territory witnesses on the same local biome transition; two shifted contexts agree; cumulative topology preserved
1386,2168,73728,184064,73856,184192,0/2/0/255,0/2/2/255,T512,T514,S1142,farHaradArid,consistent pre-V2 opposite-side territory witnesses on the same local biome transition; two shifted contexts agree; cumulative topology preserved
1426,2169,78848,184192,78976,184320,0/2/6/255,0/2/2/255,T518,T514,S1143,farHaradArid,consistent pre-V2 opposite-side territory witnesses on the same local biome transition; two shifted contexts agree; cumulative topology preserved
1427,2169,78976,184192,79104,184320,0/2/6/255,0/2/2/255,T518,T514,S1143,farHaradArid,consistent pre-V2 opposite-side territory witnesses on the same local biome transition; two shifted contexts agree; cumulative topology preserved
1430,2170,79360,184320,79488,184448,0/2/6/255,0/2/2/255,T518,T514,S1144,farHaradArid,consistent pre-V2 opposite-side territory witnesses on the same local biome transition; two shifted contexts agree; cumulative topology preserved
1434,2171,79872,184448,80000,184576,0/2/6/255,0/2/2/255,T518,T514,S1145,farHaradArid,consistent pre-V2 opposite-side territory witnesses on the same local biome transition; two shifted contexts agree; cumulative topology preserved
1478,2174,85504,184832,85632,184960,0/2/2/255,0/2/6/255,T514,T518,S1146,farHaradAridHills,consistent pre-V2 opposite-side territory witnesses on the same local biome transition; two shifted contexts agree; cumulative topology preserved
1479,2174,85632,184832,85760,184960,0/2/2/255,0/2/6/255,T514,T518,S1146,farHaradAridHills,consistent pre-V2 opposite-side territory witnesses on the same local biome transition; two shifted contexts agree; cumulative topology preserved
1480,2174,85760,184832,85888,184960,0/2/2/255,0/2/6/255,T514,T518,S1146,farHaradAridHills,consistent pre-V2 opposite-side territory witnesses on the same local biome transition; two shifted contexts agree; cumulative topology preserved
1481,2174,85888,184832,86016,184960,0/2/2/255,0/2/6/255,T514,T518,S1146,farHaradAridHills,consistent pre-V2 opposite-side territory witnesses on the same local biome transition; two shifted contexts agree; cumulative topology preserved
1446,2175,81408,184960,81536,185088,0/2/6/255,0/2/2/255,T518,T514,S1147,farHaradArid,consistent pre-V2 opposite-side territory witnesses on the same local biome transition; two shifted contexts agree; cumulative topology preserved
1807,2175,127616,184960,127744,185088,0/2/12/255,0/2/3/255,T524,T515,S1148,farHaradArid,consistent pre-V2 opposite-side territory witnesses on the same local biome transition; two shifted contexts agree; cumulative topology preserved
1447,2176,81536,185088,81664,185216,0/2/6/255,0/2/2/255,T518,T514,S1147,farHaradArid,consistent pre-V2 opposite-side territory witnesses on the same local biome transition; two shifted contexts agree; cumulative topology preserved
1377,2177,72576,185216,72704,185344,0/2/2/255,0/2/0/255,T514,T512,S1149,farHaradAridHills,consistent pre-V2 opposite-side territory witnesses on the same local biome transition; two shifted contexts agree; cumulative topology preserved
1449,2177,81792,185216,81920,185344,0/2/6/255,0/2/2/255,T518,T514,S1150,farHaradArid,consistent pre-V2 opposite-side territory witnesses on the same local biome transition; two shifted contexts agree; cumulative topology preserved
1376,2178,72448,185344,72576,185472,0/2/2/255,0/2/0/255,T514,T512,S1149,farHaradAridHills,consistent pre-V2 opposite-side territory witnesses on the same local biome transition; two shifted contexts agree; cumulative topology preserved
1451,2178,82048,185344,82176,185472,0/2/6/255,0/2/2/255,T518,T514,S1151,farHaradArid,consistent pre-V2 opposite-side territory witnesses on the same local biome transition; two shifted contexts agree; cumulative topology preserved
1476,2178,85248,185344,85376,185472,0/2/6/255,0/2/2/255,T518,T514,S1152,farHaradArid,consistent pre-V2 opposite-side territory witnesses on the same local biome transition; two shifted contexts agree; cumulative topology preserved
1806,2178,127488,185344,127616,185472,0/2/12/255,0/2/3/255,T524,T515,S1153,farHaradArid,consistent pre-V2 opposite-side territory witnesses on the same local biome transition; two shifted contexts agree; cumulative topology preserved
1453,2179,82304,185472,82432,185600,0/2/6/255,0/2/2/255,T518,T514,S1154,farHaradArid,consistent pre-V2 opposite-side territory witnesses on the same local biome transition; two shifted contexts agree; cumulative topology preserved
1476,2179,85248,185472,85376,185600,0/2/6/255,0/2/2/255,T518,T514,S1152,farHaradArid,consistent pre-V2 opposite-side territory witnesses on the same local biome transition; two shifted contexts agree; cumulative topology preserved
1281,2180,60288,185600,60416,185728,0/2/0/255,0/2/11/255,T512,T523,S1155,farHaradArid,consistent pre-V2 opposite-side territory witnesses on the same local biome transition; two shifted contexts agree; cumulative topology preserved
1282,2181,60416,185728,60544,185856,0/2/0/255,0/2/11/255,T512,T523,S1155,farHaradArid,consistent pre-V2 opposite-side territory witnesses on the same local biome transition; two shifted contexts agree; cumulative topology preserved
1458,2181,82944,185728,83072,185856,0/2/6/255,0/2/2/255,T518,T514,S1156,farHaradArid,consistent pre-V2 opposite-side territory witnesses on the same local biome transition; two shifted contexts agree; cumulative topology preserved
1475,2181,85120,185728,85248,185856,0/2/6/255,0/2/2/255,T518,T514,S1157,farHaradArid,consistent pre-V2 opposite-side territory witnesses on the same local biome transition; two shifted contexts agree; cumulative topology preserved
1283,2182,60544,185856,60672,185984,0/2/0/255,0/2/11/255,T512,T523,S1155,farHaradArid,consistent pre-V2 opposite-side territory witnesses on the same local biome transition; two shifted contexts agree; cumulative topology preserved
1460,2182,83200,185856,83328,185984,0/2/6/255,0/2/2/255,T518,T514,S1158,farHaradArid,consistent pre-V2 opposite-side territory witnesses on the same local biome transition; two shifted contexts agree; cumulative topology preserved
1509,2182,89472,185856,89600,185984,0/2/2/255,0/2/6/255,T514,T518,S1159,farHaradAridHills,consistent pre-V2 opposite-side territory witnesses on the same local biome transition; two shifted contexts agree; cumulative topology preserved
1474,2183,84992,185984,85120,186112,0/2/6/255,0/2/2/255,T518,T514,S1160,farHaradArid,consistent pre-V2 opposite-side territory witnesses on the same local biome transition; two shifted contexts agree; cumulative topology preserved
1805,2183,127360,185984,127488,186112,0/2/12/255,0/2/3/255,T524,T515,S1161,farHaradArid,consistent pre-V2 opposite-side territory witnesses on the same local biome transition; two shifted contexts agree; cumulative topology preserved
1284,2184,60672,186112,60800,186240,0/2/11/255,0/2/0/255,T523,T512,S1162,farHaradAridHills,consistent pre-V2 opposite-side territory witnesses on the same local biome transition; two shifted contexts agree; cumulative topology preserved
1463,2184,83584,186112,83712,186240,0/2/6/255,0/2/2/255,T518,T514,S1163,farHaradArid,consistent pre-V2 opposite-side territory witnesses on the same local biome transition; two shifted contexts agree; cumulative topology preserved
1464,2184,83712,186112,83840,186240,0/2/6/255,0/2/2/255,T518,T514,S1163,farHaradArid,consistent pre-V2 opposite-side territory witnesses on the same local biome transition; two shifted contexts agree; cumulative topology preserved
1490,2184,87040,186112,87168,186240,0/2/2/255,0/2/6/255,T514,T518,S1164,farHaradAridHills,consistent pre-V2 opposite-side territory witnesses on the same local biome transition; two shifted contexts agree; cumulative topology preserved
1286,2185,60928,186240,61056,186368,0/2/11/255,0/2/0/255,T523,T512,S1165,farHaradAridHills,consistent pre-V2 opposite-side territory witnesses on the same local biome transition; two shifted contexts agree; cumulative topology preserved
1287,2185,61056,186240,61184,186368,0/2/11/255,0/2/0/255,T523,T512,S1165,farHaradAridHills,consistent pre-V2 opposite-side territory witnesses on the same local biome transition; two shifted contexts agree; cumulative topology preserved
1804,2185,127232,186240,127360,186368,0/2/12/255,0/2/3/255,T524,T515,S1166,farHaradArid,consistent pre-V2 opposite-side territory witnesses on the same local biome transition; two shifted contexts agree; cumulative topology preserved
1494,2188,87552,186624,87680,186752,0/2/6/255,0/2/2/255,T518,T514,S1167,farHaradArid,consistent pre-V2 opposite-side territory witnesses on the same local biome transition; two shifted contexts agree; cumulative topology preserved
1507,2190,89216,186880,89344,187008,0/2/6/255,0/2/2/255,T518,T514,S1168,farHaradArid,consistent pre-V2 opposite-side territory witnesses on the same local biome transition; two shifted contexts agree; cumulative topology preserved
1798,2190,126464,186880,126592,187008,0/2/12/255,0/2/3/255,T524,T515,S1169,farHaradArid,consistent pre-V2 opposite-side territory witnesses on the same local biome transition; two shifted contexts agree; cumulative topology preserved
1498,2192,88064,187136,88192,187264,0/2/6/255,0/2/2/255,T518,T514,S1170,farHaradArid,consistent pre-V2 opposite-side territory witnesses on the same local biome transition; two shifted contexts agree; cumulative topology preserved
1499,2192,88192,187136,88320,187264,0/2/6/255,0/2/2/255,T518,T514,S1170,farHaradArid,consistent pre-V2 opposite-side territory witnesses on the same local biome transition; two shifted contexts agree; cumulative topology preserved
1794,2193,125952,187264,126080,187392,0/2/12/255,0/2/3/255,T524,T515,S1171,farHaradArid,consistent pre-V2 opposite-side territory witnesses on the same local biome transition; two shifted contexts agree; cumulative topology preserved
1792,2195,125696,187520,125824,187648,0/2/12/255,0/2/3/255,T524,T515,S1172,farHaradArid,consistent pre-V2 opposite-side territory witnesses on the same local biome transition; two shifted contexts agree; cumulative topology preserved
1791,2196,125568,187648,125696,187776,0/2/12/255,0/2/3/255,T524,T515,S1172,farHaradArid,consistent pre-V2 opposite-side territory witnesses on the same local biome transition; two shifted contexts agree; cumulative topology preserved
1424,2197,78592,187776,78720,187904,0/2/6/255,0/2/22/255,T518,T534,S1173,farHaradArid,consistent pre-V2 opposite-side territory witnesses on the same local biome transition; two shifted contexts agree; cumulative topology preserved
1791,2197,125568,187776,125696,187904,0/2/12/255,0/2/3/255,T524,T515,S1172,farHaradArid,consistent pre-V2 opposite-side territory witnesses on the same local biome transition; two shifted contexts agree; cumulative topology preserved
1427,2198,78976,187904,79104,188032,0/2/6/255,0/2/22/255,T518,T534,S1174,farHaradArid,consistent pre-V2 opposite-side territory witnesses on the same local biome transition; two shifted contexts agree; cumulative topology preserved
1790,2198,125440,187904,125568,188032,0/2/12/255,0/2/3/255,T524,T515,S1172,farHaradArid,consistent pre-V2 opposite-side territory witnesses on the same local biome transition; two shifted contexts agree; cumulative topology preserved
1427,2199,78976,188032,79104,188160,0/2/6/255,0/2/22/255,T518,T534,S1174,farHaradArid,consistent pre-V2 opposite-side territory witnesses on the same local biome transition; two shifted contexts agree; cumulative topology preserved
1469,2199,84352,188032,84480,188160,0/2/22/255,0/2/6/255,T534,T518,S1175,farHaradAridHills,consistent pre-V2 opposite-side territory witnesses on the same local biome transition; two shifted contexts agree; cumulative topology preserved
1470,2199,84480,188032,84608,188160,0/2/22/255,0/2/6/255,T534,T518,S1175,farHaradAridHills,consistent pre-V2 opposite-side territory witnesses on the same local biome transition; two shifted contexts agree; cumulative topology preserved
1790,2199,125440,188032,125568,188160,0/2/12/255,0/2/3/255,T524,T515,S1172,farHaradArid,consistent pre-V2 opposite-side territory witnesses on the same local biome transition; two shifted contexts agree; cumulative topology preserved
1789,2200,125312,188160,125440,188288,0/2/12/255,0/2/3/255,T524,T515,S1172,farHaradArid,consistent pre-V2 opposite-side territory witnesses on the same local biome transition; two shifted contexts agree; cumulative topology preserved
1426,2201,78848,188288,78976,188416,0/2/6/255,0/2/22/255,T518,T534,S1176,farHaradArid,consistent pre-V2 opposite-side territory witnesses on the same local biome transition; two shifted contexts agree; cumulative topology preserved
1457,2201,82816,188288,82944,188416,0/2/6/255,0/2/22/255,T518,T534,S1177,farHaradArid,consistent pre-V2 opposite-side territory witnesses on the same local biome transition; two shifted contexts agree; cumulative topology preserved
1788,2201,125184,188288,125312,188416,0/2/12/255,0/2/3/255,T524,T515,S1172,farHaradArid,consistent pre-V2 opposite-side territory witnesses on the same local biome transition; two shifted contexts agree; cumulative topology preserved
1425,2202,78720,188416,78848,188544,0/2/6/255,0/2/22/255,T518,T534,S1176,farHaradArid,consistent pre-V2 opposite-side territory witnesses on the same local biome transition; two shifted contexts agree; cumulative topology preserved
1452,2202,82176,188416,82304,188544,0/2/6/255,0/2/22/255,T518,T534,S1178,farHaradArid,consistent pre-V2 opposite-side territory witnesses on the same local biome transition; two shifted contexts agree; cumulative topology preserved
1453,2202,82304,188416,82432,188544,0/2/6/255,0/2/22/255,T518,T534,S1178,farHaradArid,consistent pre-V2 opposite-side territory witnesses on the same local biome transition; two shifted contexts agree; cumulative topology preserved
1787,2202,125056,188416,125184,188544,0/2/12/255,0/2/3/255,T524,T515,S1172,farHaradArid,consistent pre-V2 opposite-side territory witnesses on the same local biome transition; two shifted contexts agree; cumulative topology preserved
1424,2204,78592,188672,78720,188800,0/2/6/255,0/2/22/255,T518,T534,S1179,farHaradArid,consistent pre-V2 opposite-side territory witnesses on the same local biome transition; two shifted contexts agree; cumulative topology preserved
1450,2204,81920,188672,82048,188800,0/2/6/255,0/2/22/255,T518,T534,S1180,farHaradArid,consistent pre-V2 opposite-side territory witnesses on the same local biome transition; two shifted contexts agree; cumulative topology preserved
1780,2204,124160,188672,124288,188800,0/2/12/255,0/2/3/255,T524,T515,S1181,farHaradArid,consistent pre-V2 opposite-side territory witnesses on the same local biome transition; two shifted contexts agree; cumulative topology preserved
1781,2204,124288,188672,124416,188800,0/2/12/255,0/2/3/255,T524,T515,S1181,farHaradArid,consistent pre-V2 opposite-side territory witnesses on the same local biome transition; two shifted contexts agree; cumulative topology preserved
1782,2204,124416,188672,124544,188800,0/2/12/255,0/2/3/255,T524,T515,S1181,farHaradArid,consistent pre-V2 opposite-side territory witnesses on the same local biome transition; two shifted contexts agree; cumulative topology preserved
1449,2205,81792,188800,81920,188928,0/2/6/255,0/2/22/255,T518,T534,S1180,farHaradArid,consistent pre-V2 opposite-side territory witnesses on the same local biome transition; two shifted contexts agree; cumulative topology preserved
1778,2205,123904,188800,124032,188928,0/2/3/255,0/2/12/255,T515,T524,S1182,farHarad,consistent pre-V2 opposite-side territory witnesses on the same local biome transition; two shifted contexts agree; cumulative topology preserved
1449,2206,81792,188928,81920,189056,0/2/6/255,0/2/22/255,T518,T534,S1180,farHaradArid,consistent pre-V2 opposite-side territory witnesses on the same local biome transition; two shifted contexts agree; cumulative topology preserved
1449,2207,81792,189056,81920,189184,0/2/6/255,0/2/22/255,T518,T534,S1180,farHaradArid,consistent pre-V2 opposite-side territory witnesses on the same local biome transition; two shifted contexts agree; cumulative topology preserved
1449,2208,81792,189184,81920,189312,0/2/6/255,0/2/22/255,T518,T534,S1180,farHaradArid,consistent pre-V2 opposite-side territory witnesses on the same local biome transition; two shifted contexts agree; cumulative topology preserved
1434,2209,79872,189312,80000,189440,0/2/6/255,0/2/22/255,T518,T534,S1183,farHaradArid,consistent pre-V2 opposite-side territory witnesses on the same local biome transition; two shifted contexts agree; cumulative topology preserved
1435,2209,80000,189312,80128,189440,0/2/6/255,0/2/22/255,T518,T534,S1183,farHaradArid,consistent pre-V2 opposite-side territory witnesses on the same local biome transition; two shifted contexts agree; cumulative topology preserved
1436,2209,80128,189312,80256,189440,0/2/6/255,0/2/22/255,T518,T534,S1183,farHaradArid,consistent pre-V2 opposite-side territory witnesses on the same local biome transition; two shifted contexts agree; cumulative topology preserved
1437,2209,80256,189312,80384,189440,0/2/6/255,0/2/22/255,T518,T534,S1183,farHaradArid,consistent pre-V2 opposite-side territory witnesses on the same local biome transition; two shifted contexts agree; cumulative topology preserved
1438,2209,80384,189312,80512,189440,0/2/6/255,0/2/22/255,T518,T534,S1183,farHaradArid,consistent pre-V2 opposite-side territory witnesses on the same local biome transition; two shifted contexts agree; cumulative topology preserved
1439,2209,80512,189312,80640,189440,0/2/6/255,0/2/22/255,T518,T534,S1183,farHaradArid,consistent pre-V2 opposite-side territory witnesses on the same local biome transition; two shifted contexts agree; cumulative topology preserved
1449,2209,81792,189312,81920,189440,0/2/6/255,0/2/22/255,T518,T534,S1180,farHaradArid,consistent pre-V2 opposite-side territory witnesses on the same local biome transition; two shifted contexts agree; cumulative topology preserved
971,2210,20608,189440,20736,189568,0/2/24/255,0/2/13/255,T536,T525,S1184,farHaradArid,consistent pre-V2 opposite-side territory witnesses on the same local biome transition; two shifted contexts agree; cumulative topology preserved
1433,2210,79744,189440,79872,189568,0/2/6/255,0/2/22/255,T518,T534,S1183,farHaradArid,consistent pre-V2 opposite-side territory witnesses on the same local biome transition; two shifted contexts agree; cumulative topology preserved
1440,2210,80640,189440,80768,189568,0/2/6/255,0/2/22/255,T518,T534,S1183,farHaradArid,consistent pre-V2 opposite-side territory witnesses on the same local biome transition; two shifted contexts agree; cumulative topology preserved
1449,2210,81792,189440,81920,189568,0/2/6/255,0/2/22/255,T518,T534,S1180,farHaradArid,consistent pre-V2 opposite-side territory witnesses on the same local biome transition; two shifted contexts agree; cumulative topology preserved
1432,2211,79616,189568,79744,189696,0/2/6/255,0/2/22/255,T518,T534,S1183,farHaradArid,consistent pre-V2 opposite-side territory witnesses on the same local biome transition; two shifted contexts agree; cumulative topology preserved
1441,2211,80768,189568,80896,189696,0/2/6/255,0/2/22/255,T518,T534,S1183,farHaradArid,consistent pre-V2 opposite-side territory witnesses on the same local biome transition; two shifted contexts agree; cumulative topology preserved
1449,2211,81792,189568,81920,189696,0/2/6/255,0/2/22/255,T518,T534,S1180,farHaradArid,consistent pre-V2 opposite-side territory witnesses on the same local biome transition; two shifted contexts agree; cumulative topology preserved
975,2212,21120,189696,21248,189824,0/2/24/255,0/2/13/255,T536,T525,S1185,farHaradArid,consistent pre-V2 opposite-side territory witnesses on the same local biome transition; two shifted contexts agree; cumulative topology preserved
1422,2212,78336,189696,78464,189824,0/2/22/255,0/2/6/255,T534,T518,S1186,farHaradAridHills,consistent pre-V2 opposite-side territory witnesses on the same local biome transition; two shifted contexts agree; cumulative topology preserved
1432,2212,79616,189696,79744,189824,0/2/6/255,0/2/22/255,T518,T534,S1183,farHaradArid,consistent pre-V2 opposite-side territory witnesses on the same local biome transition; two shifted contexts agree; cumulative topology preserved
1442,2212,80896,189696,81024,189824,0/2/6/255,0/2/22/255,T518,T534,S1183,farHaradArid,consistent pre-V2 opposite-side territory witnesses on the same local biome transition; two shifted contexts agree; cumulative topology preserved
1422,2213,78336,189824,78464,189952,0/2/22/255,0/2/6/255,T534,T518,S1186,farHaradAridHills,consistent pre-V2 opposite-side territory witnesses on the same local biome transition; two shifted contexts agree; cumulative topology preserved
1443,2213,81024,189824,81152,189952,0/2/6/255,0/2/22/255,T518,T534,S1183,farHaradArid,consistent pre-V2 opposite-side territory witnesses on the same local biome transition; two shifted contexts agree; cumulative topology preserved
1422,2214,78336,189952,78464,190080,0/2/22/255,0/2/6/255,T534,T518,S1186,farHaradAridHills,consistent pre-V2 opposite-side territory witnesses on the same local biome transition; two shifted contexts agree; cumulative topology preserved
979,2215,21632,190080,21760,190208,0/2/13/255,0/2/24/255,T525,T536,S1187,farHarad,consistent pre-V2 opposite-side territory witnesses on the same local biome transition; two shifted contexts agree; cumulative topology preserved
1422,2215,78336,190080,78464,190208,0/2/22/255,0/2/6/255,T534,T518,S1186,farHaradAridHills,consistent pre-V2 opposite-side territory witnesses on the same local biome transition; two shifted contexts agree; cumulative topology preserved
1445,2215,81280,190080,81408,190208,0/2/22/255,0/2/6/255,T534,T518,S1188,farHaradAridHills,consistent pre-V2 opposite-side territory witnesses on the same local biome transition; two shifted contexts agree; cumulative topology preserved
1446,2215,81408,190080,81536,190208,0/2/22/255,0/2/6/255,T534,T518,S1188,farHaradAridHills,consistent pre-V2 opposite-side territory witnesses on the same local biome transition; two shifted contexts agree; cumulative topology preserved
1447,2215,81536,190080,81664,190208,0/2/22/255,0/2/6/255,T534,T518,S1188,farHaradAridHills,consistent pre-V2 opposite-side territory witnesses on the same local biome transition; two shifted contexts agree; cumulative topology preserved
1423,2216,78464,190208,78592,190336,0/2/6/255,0/2/22/255,T518,T534,S1186,farHaradArid,consistent pre-V2 opposite-side territory witnesses on the same local biome transition; two shifted contexts agree; cumulative topology preserved
1431,2216,79488,190208,79616,190336,0/2/6/255,0/2/22/255,T518,T534,S1189,farHaradArid,consistent pre-V2 opposite-side territory witnesses on the same local biome transition; two shifted contexts agree; cumulative topology preserved
983,2218,22144,190464,22272,190592,0/2/24/255,0/2/13/255,T536,T525,S1190,farHaradArid,consistent pre-V2 opposite-side territory witnesses on the same local biome transition; two shifted contexts agree; cumulative topology preserved
1430,2218,79360,190464,79488,190592,0/2/6/255,0/2/22/255,T518,T534,S1191,farHaradArid,consistent pre-V2 opposite-side territory witnesses on the same local biome transition; two shifted contexts agree; cumulative topology preserved
983,2219,22144,190592,22272,190720,0/2/24/255,0/2/13/255,T536,T525,S1190,farHaradArid,consistent pre-V2 opposite-side territory witnesses on the same local biome transition; two shifted contexts agree; cumulative topology preserved
1427,2219,78976,190592,79104,190720,0/2/22/255,0/2/6/255,T534,T518,S1191,farHaradAridHills,consistent pre-V2 opposite-side territory witnesses on the same local biome transition; two shifted contexts agree; cumulative topology preserved
1428,2219,79104,190592,79232,190720,0/2/22/255,0/2/6/255,T534,T518,S1191,farHaradAridHills,consistent pre-V2 opposite-side territory witnesses on the same local biome transition; two shifted contexts agree; cumulative topology preserved
1429,2219,79232,190592,79360,190720,0/2/22/255,0/2/6/255,T534,T518,S1191,farHaradAridHills,consistent pre-V2 opposite-side territory witnesses on the same local biome transition; two shifted contexts agree; cumulative topology preserved
984,2221,22272,190848,22400,190976,0/2/24/255,0/2/13/255,T536,T525,S1192,farHaradArid,consistent pre-V2 opposite-side territory witnesses on the same local biome transition; two shifted contexts agree; cumulative topology preserved
1317,2224,64896,191232,65024,191360,0/2/21/255,0/2/11/255,T533,T523,S1193,farHaradArid,consistent pre-V2 opposite-side territory witnesses on the same local biome transition; two shifted contexts agree; cumulative topology preserved
1344,2224,68352,191232,68480,191360,0/2/21/255,0/2/22/255,T533,T534,S1194,farHaradArid,consistent pre-V2 opposite-side territory witnesses on the same local biome transition; two shifted contexts agree; cumulative topology preserved
988,2225,22784,191360,22912,191488,0/2/13/255,0/2/24/255,T525,T536,S1195,farHarad,consistent pre-V2 opposite-side territory witnesses on the same local biome transition; two shifted contexts agree; cumulative topology preserved
1317,2225,64896,191360,65024,191488,0/2/21/255,0/2/11/255,T533,T523,S1193,farHaradArid,consistent pre-V2 opposite-side territory witnesses on the same local biome transition; two shifted contexts agree; cumulative topology preserved
989,2226,22912,191488,23040,191616,0/2/13/255,0/2/24/255,T525,T536,S1195,farHarad,consistent pre-V2 opposite-side territory witnesses on the same local biome transition; two shifted contexts agree; cumulative topology preserved
1317,2226,64896,191488,65024,191616,0/2/21/255,0/2/11/255,T533,T523,S1193,farHaradArid,consistent pre-V2 opposite-side territory witnesses on the same local biome transition; two shifted contexts agree; cumulative topology preserved
1345,2226,68480,191488,68608,191616,0/2/21/255,0/2/22/255,T533,T534,S1196,farHaradArid,consistent pre-V2 opposite-side territory witnesses on the same local biome transition; two shifted contexts agree; cumulative topology preserved
1316,2227,64768,191616,64896,191744,0/2/21/255,0/2/11/255,T533,T523,S1193,farHaradArid,consistent pre-V2 opposite-side territory witnesses on the same local biome transition; two shifted contexts agree; cumulative topology preserved
1346,2227,68608,191616,68736,191744,0/2/21/255,0/2/22/255,T533,T534,S1196,farHaradArid,consistent pre-V2 opposite-side territory witnesses on the same local biome transition; two shifted contexts agree; cumulative topology preserved
992,2228,23296,191744,23424,191872,0/2/24/255,0/2/13/255,T536,T525,S1197,farHaradArid,consistent pre-V2 opposite-side territory witnesses on the same local biome transition; two shifted contexts agree; cumulative topology preserved
993,2228,23424,191744,23552,191872,0/2/24/255,0/2/13/255,T536,T525,S1197,farHaradArid,consistent pre-V2 opposite-side territory witnesses on the same local biome transition; two shifted contexts agree; cumulative topology preserved
1315,2228,64640,191744,64768,191872,0/2/21/255,0/2/11/255,T533,T523,S1193,farHaradArid,consistent pre-V2 opposite-side territory witnesses on the same local biome transition; two shifted contexts agree; cumulative topology preserved
1347,2228,68736,191744,68864,191872,0/2/21/255,0/2/22/255,T533,T534,S1196,farHaradArid,consistent pre-V2 opposite-side territory witnesses on the same local biome transition; two shifted contexts agree; cumulative topology preserved
1314,2229,64512,191872,64640,192000,0/2/21/255,0/2/11/255,T533,T523,S1193,farHaradArid,consistent pre-V2 opposite-side territory witnesses on the same local biome transition; two shifted contexts agree; cumulative topology preserved
1313,2231,64384,192128,64512,192256,0/2/21/255,0/2/11/255,T533,T523,S1198,farHaradArid,consistent pre-V2 opposite-side territory witnesses on the same local biome transition; two shifted contexts agree; cumulative topology preserved
999,2233,24192,192384,24320,192512,0/2/13/255,0/2/24/255,T525,T536,S1199,farHarad,consistent pre-V2 opposite-side territory witnesses on the same local biome transition; two shifted contexts agree; cumulative topology preserved
1310,2233,64000,192384,64128,192512,0/2/21/255,0/2/11/255,T533,T523,S1200,farHaradArid,consistent pre-V2 opposite-side territory witnesses on the same local biome transition; two shifted contexts agree; cumulative topology preserved
1309,2234,63872,192512,64000,192640,0/2/21/255,0/2/11/255,T533,T523,S1200,farHaradArid,consistent pre-V2 opposite-side territory witnesses on the same local biome transition; two shifted contexts agree; cumulative topology preserved
1308,2235,63744,192640,63872,192768,0/2/21/255,0/2/11/255,T533,T523,S1200,farHaradArid,consistent pre-V2 opposite-side territory witnesses on the same local biome transition; two shifted contexts agree; cumulative topology preserved
1307,2237,63616,192896,63744,193024,0/2/21/255,0/2/11/255,T533,T523,S1201,farHaradArid,consistent pre-V2 opposite-side territory witnesses on the same local biome transition; two shifted contexts agree; cumulative topology preserved
1359,2238,70272,193024,70400,193152,0/2/22/255,0/2/21/255,T534,T533,S1202,farHaradAridHills,consistent pre-V2 opposite-side territory witnesses on the same local biome transition; two shifted contexts agree; cumulative topology preserved
1361,2239,70528,193152,70656,193280,0/2/21/255,0/2/22/255,T533,T534,S1203,farHaradArid,consistent pre-V2 opposite-side territory witnesses on the same local biome transition; two shifted contexts agree; cumulative topology preserved
1007,2240,25216,193280,25344,193408,0/2/13/255,0/2/24/255,T525,T536,S1204,farHarad,consistent pre-V2 opposite-side territory witnesses on the same local biome transition; two shifted contexts agree; cumulative topology preserved
1007,2241,25216,193408,25344,193536,0/2/13/255,0/2/24/255,T525,T536,S1204,farHarad,consistent pre-V2 opposite-side territory witnesses on the same local biome transition; two shifted contexts agree; cumulative topology preserved
1367,2247,71296,194176,71424,194304,0/2/22/255,0/2/21/255,T534,T533,S1205,farHaradAridHills,consistent pre-V2 opposite-side territory witnesses on the same local biome transition; two shifted contexts agree; cumulative topology preserved
1709,2247,115072,194176,115200,194304,0/2/12/255,0/2/4/255,T524,T516,S1206,farHaradArid,consistent pre-V2 opposite-side territory witnesses on the same local biome transition; two shifted contexts agree; cumulative topology preserved
1704,2248,114432,194304,114560,194432,0/2/12/255,0/2/4/255,T524,T516,S1207,farHaradArid,consistent pre-V2 opposite-side territory witnesses on the same local biome transition; two shifted contexts agree; cumulative topology preserved
1705,2248,114560,194304,114688,194432,0/2/12/255,0/2/4/255,T524,T516,S1207,farHaradArid,consistent pre-V2 opposite-side territory witnesses on the same local biome transition; two shifted contexts agree; cumulative topology preserved
1706,2248,114688,194304,114816,194432,0/2/12/255,0/2/4/255,T524,T516,S1207,farHaradArid,consistent pre-V2 opposite-side territory witnesses on the same local biome transition; two shifted contexts agree; cumulative topology preserved
1702,2249,114176,194432,114304,194560,0/2/12/255,0/2/4/255,T524,T516,S1208,farHaradArid,consistent pre-V2 opposite-side territory witnesses on the same local biome transition; two shifted contexts agree; cumulative topology preserved
1017,2250,26496,194560,26624,194688,0/2/24/255,0/2/13/255,T536,T525,S1209,farHaradArid,consistent pre-V2 opposite-side territory witnesses on the same local biome transition; two shifted contexts agree; cumulative topology preserved
1682,2252,111616,194816,111744,194944,0/2/4/255,0/2/12/255,T516,T524,S1210,farHarad,consistent pre-V2 opposite-side territory witnesses on the same local biome transition; two shifted contexts agree; cumulative topology preserved
1698,2252,113664,194816,113792,194944,0/2/12/255,0/2/4/255,T524,T516,S1211,farHaradArid,consistent pre-V2 opposite-side territory witnesses on the same local biome transition; two shifted contexts agree; cumulative topology preserved
1018,2253,26624,194944,26752,195072,0/2/24/255,0/2/13/255,T536,T525,S1212,farHaradArid,consistent pre-V2 opposite-side territory witnesses on the same local biome transition; two shifted contexts agree; cumulative topology preserved
1684,2253,111872,194944,112000,195072,0/2/12/255,0/2/4/255,T524,T516,S1213,farHaradArid,consistent pre-V2 opposite-side territory witnesses on the same local biome transition; two shifted contexts agree; cumulative topology preserved
1685,2253,112000,194944,112128,195072,0/2/12/255,0/2/4/255,T524,T516,S1213,farHaradArid,consistent pre-V2 opposite-side territory witnesses on the same local biome transition; two shifted contexts agree; cumulative topology preserved
1696,2253,113408,194944,113536,195072,0/2/12/255,0/2/4/255,T524,T516,S1214,farHaradArid,consistent pre-V2 opposite-side territory witnesses on the same local biome transition; two shifted contexts agree; cumulative topology preserved
1018,2254,26624,195072,26752,195200,0/2/24/255,0/2/13/255,T536,T525,S1212,farHaradArid,consistent pre-V2 opposite-side territory witnesses on the same local biome transition; two shifted contexts agree; cumulative topology preserved
1672,2254,110336,195072,110464,195200,0/2/23/255,0/2/25/255,T535,T537,S1215,farHarad,consistent pre-V2 opposite-side territory witnesses on the same local biome transition; two shifted contexts agree; cumulative topology preserved
1686,2254,112128,195072,112256,195200,0/2/12/255,0/2/4/255,T524,T516,S1213,farHaradArid,consistent pre-V2 opposite-side territory witnesses on the same local biome transition; two shifted contexts agree; cumulative topology preserved
1687,2254,112256,195072,112384,195200,0/2/12/255,0/2/4/255,T524,T516,S1213,farHaradArid,consistent pre-V2 opposite-side territory witnesses on the same local biome transition; two shifted contexts agree; cumulative topology preserved
1688,2254,112384,195072,112512,195200,0/2/12/255,0/2/4/255,T524,T516,S1213,farHaradArid,consistent pre-V2 opposite-side territory witnesses on the same local biome transition; two shifted contexts agree; cumulative topology preserved
1689,2254,112512,195072,112640,195200,0/2/12/255,0/2/4/255,T524,T516,S1213,farHaradArid,consistent pre-V2 opposite-side territory witnesses on the same local biome transition; two shifted contexts agree; cumulative topology preserved
1690,2254,112640,195072,112768,195200,0/2/12/255,0/2/4/255,T524,T516,S1213,farHaradArid,consistent pre-V2 opposite-side territory witnesses on the same local biome transition; two shifted contexts agree; cumulative topology preserved
1693,2254,113024,195072,113152,195200,0/2/4/255,0/2/12/255,T516,T524,S1216,farHarad,consistent pre-V2 opposite-side territory witnesses on the same local biome transition; two shifted contexts agree; cumulative topology preserved
1018,2255,26624,195200,26752,195328,0/2/24/255,0/2/13/255,T536,T525,S1212,farHaradArid,consistent pre-V2 opposite-side territory witnesses on the same local biome transition; two shifted contexts agree; cumulative topology preserved
1672,2255,110336,195200,110464,195328,0/2/23/255,0/2/25/255,T535,T537,S1215,farHarad,consistent pre-V2 opposite-side territory witnesses on the same local biome transition; two shifted contexts agree; cumulative topology preserved
1343,2256,68224,195328,68352,195456,0/2/21/255,0/2/22/255,T533,T534,S1217,farHaradArid,consistent pre-V2 opposite-side territory witnesses on the same local biome transition; two shifted contexts agree; cumulative topology preserved
1344,2256,68352,195328,68480,195456,0/2/21/255,0/2/22/255,T533,T534,S1217,farHaradArid,consistent pre-V2 opposite-side territory witnesses on the same local biome transition; two shifted contexts agree; cumulative topology preserved
1345,2256,68480,195328,68608,195456,0/2/21/255,0/2/22/255,T533,T534,S1217,farHaradArid,consistent pre-V2 opposite-side territory witnesses on the same local biome transition; two shifted contexts agree; cumulative topology preserved
1672,2256,110336,195328,110464,195456,0/2/23/255,0/2/25/255,T535,T537,S1215,farHarad,consistent pre-V2 opposite-side territory witnesses on the same local biome transition; two shifted contexts agree; cumulative topology preserved
1345,2257,68480,195456,68608,195584,0/2/21/255,0/2/22/255,T533,T534,S1217,farHaradArid,consistent pre-V2 opposite-side territory witnesses on the same local biome transition; two shifted contexts agree; cumulative topology preserved
1346,2258,68608,195584,68736,195712,0/2/21/255,0/2/22/255,T533,T534,S1217,farHaradArid,consistent pre-V2 opposite-side territory witnesses on the same local biome transition; two shifted contexts agree; cumulative topology preserved
1346,2259,68608,195712,68736,195840,0/2/21/255,0/2/22/255,T533,T534,S1217,farHaradArid,consistent pre-V2 opposite-side territory witnesses on the same local biome transition; two shifted contexts agree; cumulative topology preserved
1346,2260,68608,195840,68736,195968,0/2/21/255,0/2/22/255,T533,T534,S1217,farHaradArid,consistent pre-V2 opposite-side territory witnesses on the same local biome transition; two shifted contexts agree; cumulative topology preserved
1673,2260,110464,195840,110592,195968,0/2/23/255,0/2/25/255,T535,T537,S1218,farHarad,consistent pre-V2 opposite-side territory witnesses on the same local biome transition; two shifted contexts agree; cumulative topology preserved
1674,2261,110592,195968,110720,196096,0/2/23/255,0/2/25/255,T535,T537,S1218,farHarad,consistent pre-V2 opposite-side territory witnesses on the same local biome transition; two shifted contexts agree; cumulative topology preserved
1335,2264,67200,196352,67328,196480,0/2/22/255,0/2/21/255,T534,T533,S1219,farHaradAridHills,consistent pre-V2 opposite-side territory witnesses on the same local biome transition; two shifted contexts agree; cumulative topology preserved
1357,2264,70016,196352,70144,196480,0/2/21/255,0/2/22/255,T533,T534,S1220,farHaradArid,consistent pre-V2 opposite-side territory witnesses on the same local biome transition; two shifted contexts agree; cumulative topology preserved
1365,2264,71040,196352,71168,196480,0/2/22/255,0/2/21/255,T534,T533,S1221,farHaradAridHills,consistent pre-V2 opposite-side territory witnesses on the same local biome transition; two shifted contexts agree; cumulative topology preserved
1361,2265,70528,196480,70656,196608,0/2/22/255,0/2/21/255,T534,T533,S1221,farHaradAridHills,consistent pre-V2 opposite-side territory witnesses on the same local biome transition; two shifted contexts agree; cumulative topology preserved
1362,2265,70656,196480,70784,196608,0/2/22/255,0/2/21/255,T534,T533,S1221,farHaradAridHills,consistent pre-V2 opposite-side territory witnesses on the same local biome transition; two shifted contexts agree; cumulative topology preserved
1363,2265,70784,196480,70912,196608,0/2/22/255,0/2/21/255,T534,T533,S1221,farHaradAridHills,consistent pre-V2 opposite-side territory witnesses on the same local biome transition; two shifted contexts agree; cumulative topology preserved
1364,2265,70912,196480,71040,196608,0/2/22/255,0/2/21/255,T534,T533,S1221,farHaradAridHills,consistent pre-V2 opposite-side territory witnesses on the same local biome transition; two shifted contexts agree; cumulative topology preserved
1349,2266,68992,196608,69120,196736,0/2/22/255,0/2/21/255,T534,T533,S1222,farHaradAridHills,consistent pre-V2 opposite-side territory witnesses on the same local biome transition; two shifted contexts agree; cumulative topology preserved
1680,2266,111360,196608,111488,196736,0/2/23/255,0/2/25/255,T535,T537,S1223,farHarad,consistent pre-V2 opposite-side territory witnesses on the same local biome transition; two shifted contexts agree; cumulative topology preserved
1682,2267,111616,196736,111744,196864,0/2/23/255,0/2/25/255,T535,T537,S1224,farHarad,consistent pre-V2 opposite-side territory witnesses on the same local biome transition; two shifted contexts agree; cumulative topology preserved
1332,2268,66816,196864,66944,196992,0/2/21/255,0/2/22/255,T533,T534,S1225,farHaradArid,consistent pre-V2 opposite-side territory witnesses on the same local biome transition; two shifted contexts agree; cumulative topology preserved
1683,2268,111744,196864,111872,196992,0/2/23/255,0/2/25/255,T535,T537,S1224,farHarad,consistent pre-V2 opposite-side territory witnesses on the same local biome transition; two shifted contexts agree; cumulative topology preserved
1332,2269,66816,196992,66944,197120,0/2/21/255,0/2/22/255,T533,T534,S1225,farHaradArid,consistent pre-V2 opposite-side territory witnesses on the same local biome transition; two shifted contexts agree; cumulative topology preserved
1684,2269,111872,196992,112000,197120,0/2/23/255,0/2/25/255,T535,T537,S1224,farHarad,consistent pre-V2 opposite-side territory witnesses on the same local biome transition; two shifted contexts agree; cumulative topology preserved
1332,2270,66816,197120,66944,197248,0/2/21/255,0/2/22/255,T533,T534,S1225,farHaradArid,consistent pre-V2 opposite-side territory witnesses on the same local biome transition; two shifted contexts agree; cumulative topology preserved
1333,2271,66944,197248,67072,197376,0/2/21/255,0/2/22/255,T533,T534,S1225,farHaradArid,consistent pre-V2 opposite-side territory witnesses on the same local biome transition; two shifted contexts agree; cumulative topology preserved
1689,2271,112512,197248,112640,197376,0/2/23/255,0/2/25/255,T535,T537,S1226,farHarad,consistent pre-V2 opposite-side territory witnesses on the same local biome transition; two shifted contexts agree; cumulative topology preserved
1690,2271,112640,197248,112768,197376,0/2/23/255,0/2/25/255,T535,T537,S1226,farHarad,consistent pre-V2 opposite-side territory witnesses on the same local biome transition; two shifted contexts agree; cumulative topology preserved
1691,2271,112768,197248,112896,197376,0/2/23/255,0/2/25/255,T535,T537,S1226,farHarad,consistent pre-V2 opposite-side territory witnesses on the same local biome transition; two shifted contexts agree; cumulative topology preserved
1692,2271,112896,197248,113024,197376,0/2/23/255,0/2/25/255,T535,T537,S1226,farHarad,consistent pre-V2 opposite-side territory witnesses on the same local biome transition; two shifted contexts agree; cumulative topology preserved
1693,2271,113024,197248,113152,197376,0/2/23/255,0/2/25/255,T535,T537,S1226,farHarad,consistent pre-V2 opposite-side territory witnesses on the same local biome transition; two shifted contexts agree; cumulative topology preserved
1694,2271,113152,197248,113280,197376,0/2/23/255,0/2/25/255,T535,T537,S1226,farHarad,consistent pre-V2 opposite-side territory witnesses on the same local biome transition; two shifted contexts agree; cumulative topology preserved
1695,2271,113280,197248,113408,197376,0/2/23/255,0/2/25/255,T535,T537,S1226,farHarad,consistent pre-V2 opposite-side territory witnesses on the same local biome transition; two shifted contexts agree; cumulative topology preserved
1334,2272,67072,197376,67200,197504,0/2/21/255,0/2/22/255,T533,T534,S1225,farHaradArid,consistent pre-V2 opposite-side territory witnesses on the same local biome transition; two shifted contexts agree; cumulative topology preserved
1697,2272,113536,197376,113664,197504,0/2/25/255,0/2/23/255,T537,T535,S1227,farHaradArid,consistent pre-V2 opposite-side territory witnesses on the same local biome transition; two shifted contexts agree; cumulative topology preserved
1706,2275,114688,197760,114816,197888,0/2/23/255,0/2/25/255,T535,T537,S1228,farHarad,consistent pre-V2 opposite-side territory witnesses on the same local biome transition; two shifted contexts agree; cumulative topology preserved
1708,2276,114944,197888,115072,198016,0/2/25/255,0/2/23/255,T537,T535,S1229,farHaradArid,consistent pre-V2 opposite-side territory witnesses on the same local biome transition; two shifted contexts agree; cumulative topology preserved
1337,2277,67456,198016,67584,198144,0/2/22/255,0/2/21/255,T534,T533,S1230,farHaradAridHills,consistent pre-V2 opposite-side territory witnesses on the same local biome transition; two shifted contexts agree; cumulative topology preserved
1709,2277,115072,198016,115200,198144,0/2/25/255,0/2/23/255,T537,T535,S1229,farHaradArid,consistent pre-V2 opposite-side territory witnesses on the same local biome transition; two shifted contexts agree; cumulative topology preserved
861,2278,6528,198144,6656,198272,0/2/26/255,0/2/5/255,T538,T517,S1231,farHaradArid,consistent pre-V2 opposite-side territory witnesses on the same local biome transition; two shifted contexts agree; cumulative topology preserved
862,2279,6656,198272,6784,198400,0/2/26/255,0/2/5/255,T538,T517,S1231,farHaradArid,consistent pre-V2 opposite-side territory witnesses on the same local biome transition; two shifted contexts agree; cumulative topology preserved
868,2283,7424,198784,7552,198912,0/2/26/255,0/2/5/255,T538,T517,S1232,farHaradArid,consistent pre-V2 opposite-side territory witnesses on the same local biome transition; two shifted contexts agree; cumulative topology preserved
1338,2283,67584,198784,67712,198912,0/2/21/255,0/2/22/255,T533,T534,S1233,farHaradArid,consistent pre-V2 opposite-side territory witnesses on the same local biome transition; two shifted contexts agree; cumulative topology preserved
1338,2284,67584,198912,67712,199040,0/2/21/255,0/2/22/255,T533,T534,S1233,farHaradArid,consistent pre-V2 opposite-side territory witnesses on the same local biome transition; two shifted contexts agree; cumulative topology preserved
1338,2285,67584,199040,67712,199168,0/2/21/255,0/2/22/255,T533,T534,S1233,farHaradArid,consistent pre-V2 opposite-side territory witnesses on the same local biome transition; two shifted contexts agree; cumulative topology preserved
1338,2286,67584,199168,67712,199296,0/2/21/255,0/2/22/255,T533,T534,S1233,farHaradArid,consistent pre-V2 opposite-side territory witnesses on the same local biome transition; two shifted contexts agree; cumulative topology preserved
876,2287,8448,199296,8576,199424,0/2/26/255,0/2/5/255,T538,T517,S1234,farHaradArid,consistent pre-V2 opposite-side territory witnesses on the same local biome transition; two shifted contexts agree; cumulative topology preserved
1338,2287,67584,199296,67712,199424,0/2/21/255,0/2/22/255,T533,T534,S1233,farHaradArid,consistent pre-V2 opposite-side territory witnesses on the same local biome transition; two shifted contexts agree; cumulative topology preserved
878,2288,8704,199424,8832,199552,0/2/26/255,0/2/5/255,T538,T517,S1235,farHaradArid,consistent pre-V2 opposite-side territory witnesses on the same local biome transition; two shifted contexts agree; cumulative topology preserved
1338,2288,67584,199424,67712,199552,0/2/21/255,0/2/22/255,T533,T534,S1233,farHaradArid,consistent pre-V2 opposite-side territory witnesses on the same local biome transition; two shifted contexts agree; cumulative topology preserved
1709,2288,115072,199424,115200,199552,0/2/25/255,0/2/23/255,T537,T535,S1236,farHaradArid,consistent pre-V2 opposite-side territory witnesses on the same local biome transition; two shifted contexts agree; cumulative topology preserved
1709,2289,115072,199552,115200,199680,0/2/25/255,0/2/23/255,T537,T535,S1236,farHaradArid,consistent pre-V2 opposite-side territory witnesses on the same local biome transition; two shifted contexts agree; cumulative topology preserved
882,2290,9216,199680,9344,199808,0/2/5/255,0/2/26/255,T517,T538,S1237,farHarad,consistent pre-V2 opposite-side territory witnesses on the same local biome transition; two shifted contexts agree; cumulative topology preserved
1308,2292,63744,199936,63872,200064,0/2/28/255,0/2/21/255,T540,T533,S1238,farHaradAridHills,consistent pre-V2 opposite-side territory witnesses on the same local biome transition; two shifted contexts agree; cumulative topology preserved
1339,2292,67712,199936,67840,200064,0/2/21/255,0/2/22/255,T533,T534,S1239,farHaradArid,consistent pre-V2 opposite-side territory witnesses on the same local biome transition; two shifted contexts agree; cumulative topology preserved
1520,2292,90880,199936,91008,200064,0/2/23/255,0/2/29/255,T535,T541,S1240,farHarad,consistent pre-V2 opposite-side territory witnesses on the same local biome transition; two shifted contexts agree; cumulative topology preserved
1521,2292,91008,199936,91136,200064,0/2/23/255,0/2/29/255,T535,T541,S1240,farHarad,consistent pre-V2 opposite-side territory witnesses on the same local biome transition; two shifted contexts agree; cumulative topology preserved
1522,2292,91136,199936,91264,200064,0/2/23/255,0/2/29/255,T535,T541,S1240,farHarad,consistent pre-V2 opposite-side territory witnesses on the same local biome transition; two shifted contexts agree; cumulative topology preserved
1708,2292,114944,199936,115072,200064,0/2/23/255,0/2/25/255,T535,T537,S1241,farHarad,consistent pre-V2 opposite-side territory witnesses on the same local biome transition; two shifted contexts agree; cumulative topology preserved
980,2293,21760,200064,21888,200192,0/2/26/255,0/2/13/255,T538,T525,S1242,farHaradArid,consistent pre-V2 opposite-side territory witnesses on the same local biome transition; two shifted contexts agree; cumulative topology preserved
981,2293,21888,200064,22016,200192,0/2/26/255,0/2/13/255,T538,T525,S1242,farHaradArid,consistent pre-V2 opposite-side territory witnesses on the same local biome transition; two shifted contexts agree; cumulative topology preserved
1308,2293,63744,200064,63872,200192,0/2/28/255,0/2/21/255,T540,T533,S1238,farHaradAridHills,consistent pre-V2 opposite-side territory witnesses on the same local biome transition; two shifted contexts agree; cumulative topology preserved
1524,2293,91392,200064,91520,200192,0/2/29/255,0/2/23/255,T541,T535,S1243,farHaradArid,consistent pre-V2 opposite-side territory witnesses on the same local biome transition; two shifted contexts agree; cumulative topology preserved
1525,2293,91520,200064,91648,200192,0/2/29/255,0/2/23/255,T541,T535,S1243,farHaradArid,consistent pre-V2 opposite-side territory witnesses on the same local biome transition; two shifted contexts agree; cumulative topology preserved
945,2294,17280,200192,17408,200320,0/2/26/255,0/2/13/255,T538,T525,S1244,farHaradArid,consistent pre-V2 opposite-side territory witnesses on the same local biome transition; two shifted contexts agree; cumulative topology preserved
946,2294,17408,200192,17536,200320,0/2/26/255,0/2/13/255,T538,T525,S1244,farHaradArid,consistent pre-V2 opposite-side territory witnesses on the same local biome transition; two shifted contexts agree; cumulative topology preserved
947,2294,17536,200192,17664,200320,0/2/26/255,0/2/13/255,T538,T525,S1244,farHaradArid,consistent pre-V2 opposite-side territory witnesses on the same local biome transition; two shifted contexts agree; cumulative topology preserved
1308,2294,63744,200192,63872,200320,0/2/28/255,0/2/21/255,T540,T533,S1238,farHaradAridHills,consistent pre-V2 opposite-side territory witnesses on the same local biome transition; two shifted contexts agree; cumulative topology preserved
1527,2294,91776,200192,91904,200320,0/2/23/255,0/2/29/255,T535,T541,S1245,farHarad,consistent pre-V2 opposite-side territory witnesses on the same local biome transition; two shifted contexts agree; cumulative topology preserved
1707,2294,114816,200192,114944,200320,0/2/25/255,0/2/23/255,T537,T535,S1246,farHaradArid,consistent pre-V2 opposite-side territory witnesses on the same local biome transition; two shifted contexts agree; cumulative topology preserved
967,2295,20096,200320,20224,200448,0/2/26/255,0/2/13/255,T538,T525,S1247,farHaradArid,consistent pre-V2 opposite-side territory witnesses on the same local biome transition; two shifted contexts agree; cumulative topology preserved
968,2295,20224,200320,20352,200448,0/2/26/255,0/2/13/255,T538,T525,S1247,farHaradArid,consistent pre-V2 opposite-side territory witnesses on the same local biome transition; two shifted contexts agree; cumulative topology preserved
969,2295,20352,200320,20480,200448,0/2/26/255,0/2/13/255,T538,T525,S1247,farHaradArid,consistent pre-V2 opposite-side territory witnesses on the same local biome transition; two shifted contexts agree; cumulative topology preserved
970,2295,20480,200320,20608,200448,0/2/26/255,0/2/13/255,T538,T525,S1247,farHaradArid,consistent pre-V2 opposite-side territory witnesses on the same local biome transition; two shifted contexts agree; cumulative topology preserved
971,2295,20608,200320,20736,200448,0/2/26/255,0/2/13/255,T538,T525,S1247,farHaradArid,consistent pre-V2 opposite-side territory witnesses on the same local biome transition; two shifted contexts agree; cumulative topology preserved
972,2295,20736,200320,20864,200448,0/2/26/255,0/2/13/255,T538,T525,S1247,farHaradArid,consistent pre-V2 opposite-side territory witnesses on the same local biome transition; two shifted contexts agree; cumulative topology preserved
973,2295,20864,200320,20992,200448,0/2/26/255,0/2/13/255,T538,T525,S1247,farHaradArid,consistent pre-V2 opposite-side territory witnesses on the same local biome transition; two shifted contexts agree; cumulative topology preserved
974,2295,20992,200320,21120,200448,0/2/26/255,0/2/13/255,T538,T525,S1247,farHaradArid,consistent pre-V2 opposite-side territory witnesses on the same local biome transition; two shifted contexts agree; cumulative topology preserved
975,2295,21120,200320,21248,200448,0/2/26/255,0/2/13/255,T538,T525,S1247,farHaradArid,consistent pre-V2 opposite-side territory witnesses on the same local biome transition; two shifted contexts agree; cumulative topology preserved
1308,2295,63744,200320,63872,200448,0/2/28/255,0/2/21/255,T540,T533,S1238,farHaradAridHills,consistent pre-V2 opposite-side territory witnesses on the same local biome transition; two shifted contexts agree; cumulative topology preserved
1340,2295,67840,200320,67968,200448,0/2/21/255,0/2/22/255,T533,T534,S1248,farHaradArid,consistent pre-V2 opposite-side territory witnesses on the same local biome transition; two shifted contexts agree; cumulative topology preserved
942,2296,16896,200448,17024,200576,0/2/26/255,0/2/13/255,T538,T525,S1249,farHaradArid,consistent pre-V2 opposite-side territory witnesses on the same local biome transition; two shifted contexts agree; cumulative topology preserved
1308,2296,63744,200448,63872,200576,0/2/28/255,0/2/21/255,T540,T533,S1238,farHaradAridHills,consistent pre-V2 opposite-side territory witnesses on the same local biome transition; two shifted contexts agree; cumulative topology preserved
1308,2297,63744,200576,63872,200704,0/2/28/255,0/2/21/255,T540,T533,S1238,farHaradAridHills,consistent pre-V2 opposite-side territory witnesses on the same local biome transition; two shifted contexts agree; cumulative topology preserved
1533,2297,92544,200576,92672,200704,0/2/29/255,0/2/23/255,T541,T535,S1250,farHaradArid,consistent pre-V2 opposite-side territory witnesses on the same local biome transition; two shifted contexts agree; cumulative topology preserved
937,2298,16256,200704,16384,200832,0/2/26/255,0/2/13/255,T538,T525,S1251,farHaradArid,consistent pre-V2 opposite-side territory witnesses on the same local biome transition; two shifted contexts agree; cumulative topology preserved
938,2298,16384,200704,16512,200832,0/2/26/255,0/2/13/255,T538,T525,S1251,farHaradArid,consistent pre-V2 opposite-side territory witnesses on the same local biome transition; two shifted contexts agree; cumulative topology preserved
1308,2298,63744,200704,63872,200832,0/2/28/255,0/2/21/255,T540,T533,S1238,farHaradAridHills,consistent pre-V2 opposite-side territory witnesses on the same local biome transition; two shifted contexts agree; cumulative topology preserved
887,2299,9856,200832,9984,200960,0/2/26/255,0/2/5/255,T538,T517,S1252,farHaradArid,consistent pre-V2 opposite-side territory witnesses on the same local biome transition; two shifted contexts agree; cumulative topology preserved
932,2299,15616,200832,15744,200960,0/2/26/255,0/2/13/255,T538,T525,S1253,farHaradArid,consistent pre-V2 opposite-side territory witnesses on the same local biome transition; two shifted contexts agree; cumulative topology preserved
933,2299,15744,200832,15872,200960,0/2/26/255,0/2/13/255,T538,T525,S1253,farHaradArid,consistent pre-V2 opposite-side territory witnesses on the same local biome transition; two shifted contexts agree; cumulative topology preserved
934,2299,15872,200832,16000,200960,0/2/26/255,0/2/13/255,T538,T525,S1253,farHaradArid,consistent pre-V2 opposite-side territory witnesses on the same local biome transition; two shifted contexts agree; cumulative topology preserved
1311,2299,64128,200832,64256,200960,0/2/21/255,0/2/28/255,T533,T540,S1254,farHaradArid,consistent pre-V2 opposite-side territory witnesses on the same local biome transition; two shifted contexts agree; cumulative topology preserved
1464,2299,83712,200832,83840,200960,0/2/29/255,0/2/22/255,T541,T534,S1255,farHaradArid,consistent pre-V2 opposite-side territory witnesses on the same local biome transition; two shifted contexts agree; cumulative topology preserved
887,2300,9856,200960,9984,201088,0/2/26/255,0/2/5/255,T538,T517,S1252,farHaradArid,consistent pre-V2 opposite-side territory witnesses on the same local biome transition; two shifted contexts agree; cumulative topology preserved
904,2300,12032,200960,12160,201088,0/2/26/255,0/2/5/255,T538,T517,S1256,farHaradArid,consistent pre-V2 opposite-side territory witnesses on the same local biome transition; two shifted contexts agree; cumulative topology preserved
929,2300,15232,200960,15360,201088,0/2/26/255,0/2/13/255,T538,T525,S1257,farHaradArid,consistent pre-V2 opposite-side territory witnesses on the same local biome transition; two shifted contexts agree; cumulative topology preserved
930,2300,15360,200960,15488,201088,0/2/26/255,0/2/13/255,T538,T525,S1257,farHaradArid,consistent pre-V2 opposite-side territory witnesses on the same local biome transition; two shifted contexts agree; cumulative topology preserved
1318,2300,65024,200960,65152,201088,0/2/21/255,0/2/28/255,T533,T540,S1258,farHaradArid,consistent pre-V2 opposite-side territory witnesses on the same local biome transition; two shifted contexts agree; cumulative topology preserved
887,2301,9856,201088,9984,201216,0/2/26/255,0/2/5/255,T538,T517,S1252,farHaradArid,consistent pre-V2 opposite-side territory witnesses on the same local biome transition; two shifted contexts agree; cumulative topology preserved
900,2301,11520,201088,11648,201216,0/2/26/255,0/2/5/255,T538,T517,S1259,farHaradArid,consistent pre-V2 opposite-side territory witnesses on the same local biome transition; two shifted contexts agree; cumulative topology preserved
925,2301,14720,201088,14848,201216,0/2/26/255,0/2/13/255,T538,T525,S1260,farHaradArid,consistent pre-V2 opposite-side territory witnesses on the same local biome transition; two shifted contexts agree; cumulative topology preserved
926,2301,14848,201088,14976,201216,0/2/26/255,0/2/13/255,T538,T525,S1260,farHaradArid,consistent pre-V2 opposite-side territory witnesses on the same local biome transition; two shifted contexts agree; cumulative topology preserved
927,2301,14976,201088,15104,201216,0/2/26/255,0/2/13/255,T538,T525,S1260,farHaradArid,consistent pre-V2 opposite-side territory witnesses on the same local biome transition; two shifted contexts agree; cumulative topology preserved
1468,2301,84224,201088,84352,201216,0/2/29/255,0/2/22/255,T541,T534,S1261,farHaradArid,consistent pre-V2 opposite-side territory witnesses on the same local biome transition; two shifted contexts agree; cumulative topology preserved
1469,2301,84352,201088,84480,201216,0/2/29/255,0/2/22/255,T541,T534,S1261,farHaradArid,consistent pre-V2 opposite-side territory witnesses on the same local biome transition; two shifted contexts agree; cumulative topology preserved
1470,2301,84480,201088,84608,201216,0/2/29/255,0/2/22/255,T541,T534,S1261,farHaradArid,consistent pre-V2 opposite-side territory witnesses on the same local biome transition; two shifted contexts agree; cumulative topology preserved
887,2302,9856,201216,9984,201344,0/2/26/255,0/2/5/255,T538,T517,S1252,farHaradArid,consistent pre-V2 opposite-side territory witnesses on the same local biome transition; two shifted contexts agree; cumulative topology preserved
887,2303,9856,201344,9984,201472,0/2/26/255,0/2/5/255,T538,T517,S1252,farHaradArid,consistent pre-V2 opposite-side territory witnesses on the same local biome transition; two shifted contexts agree; cumulative topology preserved
888,2303,9984,201344,10112,201472,0/2/26/255,0/2/5/255,T538,T517,S1252,farHaradArid,consistent pre-V2 opposite-side territory witnesses on the same local biome transition; two shifted contexts agree; cumulative topology preserved
889,2303,10112,201344,10240,201472,0/2/26/255,0/2/5/255,T538,T517,S1252,farHaradArid,consistent pre-V2 opposite-side territory witnesses on the same local biome transition; two shifted contexts agree; cumulative topology preserved
890,2303,10240,201344,10368,201472,0/2/26/255,0/2/5/255,T538,T517,S1252,farHaradArid,consistent pre-V2 opposite-side territory witnesses on the same local biome transition; two shifted contexts agree; cumulative topology preserved
891,2303,10368,201344,10496,201472,0/2/26/255,0/2/5/255,T538,T517,S1252,farHaradArid,consistent pre-V2 opposite-side territory witnesses on the same local biome transition; two shifted contexts agree; cumulative topology preserved
1320,2306,65280,201728,65408,201856,0/2/21/255,0/2/28/255,T533,T540,S1262,farHaradArid,consistent pre-V2 opposite-side territory witnesses on the same local biome transition; two shifted contexts agree; cumulative topology preserved
1320,2307,65280,201856,65408,201984,0/2/21/255,0/2/28/255,T533,T540,S1262,farHaradArid,consistent pre-V2 opposite-side territory witnesses on the same local biome transition; two shifted contexts agree; cumulative topology preserved
1320,2308,65280,201984,65408,202112,0/2/21/255,0/2/28/255,T533,T540,S1262,farHaradArid,consistent pre-V2 opposite-side territory witnesses on the same local biome transition; two shifted contexts agree; cumulative topology preserved
1320,2309,65280,202112,65408,202240,0/2/21/255,0/2/28/255,T533,T540,S1262,farHaradArid,consistent pre-V2 opposite-side territory witnesses on the same local biome transition; two shifted contexts agree; cumulative topology preserved
1319,2310,65152,202240,65280,202368,0/2/21/255,0/2/28/255,T533,T540,S1262,farHaradArid,consistent pre-V2 opposite-side territory witnesses on the same local biome transition; two shifted contexts agree; cumulative topology preserved
1317,2311,64896,202368,65024,202496,0/2/21/255,0/2/28/255,T533,T540,S1262,farHaradArid,consistent pre-V2 opposite-side territory witnesses on the same local biome transition; two shifted contexts agree; cumulative topology preserved
1318,2311,65024,202368,65152,202496,0/2/21/255,0/2/28/255,T533,T540,S1262,farHaradArid,consistent pre-V2 opposite-side territory witnesses on the same local biome transition; two shifted contexts agree; cumulative topology preserved
1547,2313,94336,202624,94464,202752,0/2/29/255,0/2/23/255,T541,T535,S1263,farHaradArid,consistent pre-V2 opposite-side territory witnesses on the same local biome transition; two shifted contexts agree; cumulative topology preserved
1312,2315,64256,202880,64384,203008,0/2/21/255,0/2/28/255,T533,T540,S1264,farHaradArid,consistent pre-V2 opposite-side territory witnesses on the same local biome transition; two shifted contexts agree; cumulative topology preserved
1313,2315,64384,202880,64512,203008,0/2/21/255,0/2/28/255,T533,T540,S1264,farHaradArid,consistent pre-V2 opposite-side territory witnesses on the same local biome transition; two shifted contexts agree; cumulative topology preserved
1311,2316,64128,203008,64256,203136,0/2/21/255,0/2/28/255,T533,T540,S1264,farHaradArid,consistent pre-V2 opposite-side territory witnesses on the same local biome transition; two shifted contexts agree; cumulative topology preserved
1412,2320,77056,203520,77184,203648,0/2/28/255,0/2/22/255,T540,T534,S1265,farHaradArid,consistent pre-V2 opposite-side territory witnesses on the same local biome transition; two shifted contexts agree; cumulative topology preserved
1411,2321,76928,203648,77056,203776,0/2/28/255,0/2/22/255,T540,T534,S1265,farHaradArid,consistent pre-V2 opposite-side territory witnesses on the same local biome transition; two shifted contexts agree; cumulative topology preserved
1410,2322,76800,203776,76928,203904,0/2/28/255,0/2/22/255,T540,T534,S1265,farHaradArid,consistent pre-V2 opposite-side territory witnesses on the same local biome transition; two shifted contexts agree; cumulative topology preserved
1407,2323,76416,203904,76544,204032,0/2/22/255,0/2/28/255,T534,T540,S1266,farHarad,consistent pre-V2 opposite-side territory witnesses on the same local biome transition; two shifted contexts agree; cumulative topology preserved
1566,2324,96768,204032,96896,204160,0/2/23/255,0/2/29/255,T535,T541,S1267,farHarad,consistent pre-V2 opposite-side territory witnesses on the same local biome transition; two shifted contexts agree; cumulative topology preserved
1315,2325,64640,204160,64768,204288,0/2/21/255,0/2/28/255,T533,T540,S1268,farHaradArid,consistent pre-V2 opposite-side territory witnesses on the same local biome transition; two shifted contexts agree; cumulative topology preserved
1571,2326,97408,204288,97536,204416,0/2/23/255,0/2/29/255,T535,T541,S1269,farHarad,consistent pre-V2 opposite-side territory witnesses on the same local biome transition; two shifted contexts agree; cumulative topology preserved
1578,2327,98304,204416,98432,204544,0/2/29/255,0/2/23/255,T541,T535,S1270,farHaradArid,consistent pre-V2 opposite-side territory witnesses on the same local biome transition; two shifted contexts agree; cumulative topology preserved
1579,2327,98432,204416,98560,204544,0/2/29/255,0/2/23/255,T541,T535,S1270,farHaradArid,consistent pre-V2 opposite-side territory witnesses on the same local biome transition; two shifted contexts agree; cumulative topology preserved
1580,2327,98560,204416,98688,204544,0/2/29/255,0/2/23/255,T541,T535,S1270,farHaradArid,consistent pre-V2 opposite-side territory witnesses on the same local biome transition; two shifted contexts agree; cumulative topology preserved
1671,2336,110208,205568,110336,205696,0/2/32/255,0/2/23/255,T544,T535,S1271,farHaradArid,consistent pre-V2 opposite-side territory witnesses on the same local biome transition; two shifted contexts agree; cumulative topology preserved
1669,2337,109952,205696,110080,205824,0/2/32/255,0/2/23/255,T544,T535,S1272,farHaradArid,consistent pre-V2 opposite-side territory witnesses on the same local biome transition; two shifted contexts agree; cumulative topology preserved
890,2338,10240,205824,10368,205952,0/2/35/255,0/2/26/255,T547,T538,S1273,farHarad,consistent pre-V2 opposite-side territory witnesses on the same local biome transition; two shifted contexts agree; cumulative topology preserved
1660,2339,108800,205952,108928,206080,0/2/32/255,0/2/23/255,T544,T535,S1274,farHaradArid,consistent pre-V2 opposite-side territory witnesses on the same local biome transition; two shifted contexts agree; cumulative topology preserved
1661,2339,108928,205952,109056,206080,0/2/32/255,0/2/23/255,T544,T535,S1274,farHaradArid,consistent pre-V2 opposite-side territory witnesses on the same local biome transition; two shifted contexts agree; cumulative topology preserved
901,2340,11648,206080,11776,206208,0/2/26/255,0/2/35/255,T538,T547,S1275,farHaradCloudForest,consistent pre-V2 opposite-side territory witnesses on the same local biome transition; two shifted contexts agree; cumulative topology preserved
902,2341,11776,206208,11904,206336,0/2/26/255,0/2/35/255,T538,T547,S1275,farHaradCloudForest,consistent pre-V2 opposite-side territory witnesses on the same local biome transition; two shifted contexts agree; cumulative topology preserved
904,2343,12032,206464,12160,206592,0/2/35/255,0/2/26/255,T547,T538,S1276,farHarad,consistent pre-V2 opposite-side territory witnesses on the same local biome transition; two shifted contexts agree; cumulative topology preserved
1648,2343,107264,206464,107392,206592,0/2/32/255,0/2/23/255,T544,T535,S1277,farHaradArid,consistent pre-V2 opposite-side territory witnesses on the same local biome transition; two shifted contexts agree; cumulative topology preserved
905,2344,12160,206592,12288,206720,0/2/35/255,0/2/26/255,T547,T538,S1276,farHarad,consistent pre-V2 opposite-side territory witnesses on the same local biome transition; two shifted contexts agree; cumulative topology preserved
906,2345,12288,206720,12416,206848,0/2/35/255,0/2/26/255,T547,T538,S1276,farHarad,consistent pre-V2 opposite-side territory witnesses on the same local biome transition; two shifted contexts agree; cumulative topology preserved
907,2345,12416,206720,12544,206848,0/2/35/255,0/2/26/255,T547,T538,S1276,farHarad,consistent pre-V2 opposite-side territory witnesses on the same local biome transition; two shifted contexts agree; cumulative topology preserved
1637,2345,105856,206720,105984,206848,0/2/32/255,0/2/23/255,T544,T535,S1278,farHaradArid,consistent pre-V2 opposite-side territory witnesses on the same local biome transition; two shifted contexts agree; cumulative topology preserved
1638,2345,105984,206720,106112,206848,0/2/32/255,0/2/23/255,T544,T535,S1278,farHaradArid,consistent pre-V2 opposite-side territory witnesses on the same local biome transition; two shifted contexts agree; cumulative topology preserved
908,2346,12544,206848,12672,206976,0/2/35/255,0/2/26/255,T547,T538,S1276,farHarad,consistent pre-V2 opposite-side territory witnesses on the same local biome transition; two shifted contexts agree; cumulative topology preserved
909,2346,12672,206848,12800,206976,0/2/35/255,0/2/26/255,T547,T538,S1276,farHarad,consistent pre-V2 opposite-side territory witnesses on the same local biome transition; two shifted contexts agree; cumulative topology preserved
1624,2347,104192,206976,104320,207104,0/2/32/255,0/2/23/255,T544,T535,S1279,farHaradArid,consistent pre-V2 opposite-side territory witnesses on the same local biome transition; two shifted contexts agree; cumulative topology preserved
1625,2347,104320,206976,104448,207104,0/2/32/255,0/2/23/255,T544,T535,S1279,farHaradArid,consistent pre-V2 opposite-side territory witnesses on the same local biome transition; two shifted contexts agree; cumulative topology preserved
1626,2347,104448,206976,104576,207104,0/2/32/255,0/2/23/255,T544,T535,S1279,farHaradArid,consistent pre-V2 opposite-side territory witnesses on the same local biome transition; two shifted contexts agree; cumulative topology preserved
1627,2347,104576,206976,104704,207104,0/2/32/255,0/2/23/255,T544,T535,S1279,farHaradArid,consistent pre-V2 opposite-side territory witnesses on the same local biome transition; two shifted contexts agree; cumulative topology preserved
1628,2347,104704,206976,104832,207104,0/2/32/255,0/2/23/255,T544,T535,S1279,farHaradArid,consistent pre-V2 opposite-side territory witnesses on the same local biome transition; two shifted contexts agree; cumulative topology preserved
1629,2347,104832,206976,104960,207104,0/2/32/255,0/2/23/255,T544,T535,S1279,farHaradArid,consistent pre-V2 opposite-side territory witnesses on the same local biome transition; two shifted contexts agree; cumulative topology preserved
1630,2347,104960,206976,105088,207104,0/2/32/255,0/2/23/255,T544,T535,S1279,farHaradArid,consistent pre-V2 opposite-side territory witnesses on the same local biome transition; two shifted contexts agree; cumulative topology preserved
1088,2352,35584,207616,35712,207744,0/2/35/255,0/2/24/255,T547,T536,S1280,farHarad,consistent pre-V2 opposite-side territory witnesses on the same local biome transition; two shifted contexts agree; cumulative topology preserved
1089,2353,35712,207744,35840,207872,0/2/35/255,0/2/24/255,T547,T536,S1280,farHarad,consistent pre-V2 opposite-side territory witnesses on the same local biome transition; two shifted contexts agree; cumulative topology preserved
1090,2353,35840,207744,35968,207872,0/2/35/255,0/2/24/255,T547,T536,S1280,farHarad,consistent pre-V2 opposite-side territory witnesses on the same local biome transition; two shifted contexts agree; cumulative topology preserved
1091,2353,35968,207744,36096,207872,0/2/35/255,0/2/24/255,T547,T536,S1280,farHarad,consistent pre-V2 opposite-side territory witnesses on the same local biome transition; two shifted contexts agree; cumulative topology preserved
1092,2353,36096,207744,36224,207872,0/2/35/255,0/2/24/255,T547,T536,S1280,farHarad,consistent pre-V2 opposite-side territory witnesses on the same local biome transition; two shifted contexts agree; cumulative topology preserved
1093,2353,36224,207744,36352,207872,0/2/35/255,0/2/24/255,T547,T536,S1280,farHarad,consistent pre-V2 opposite-side territory witnesses on the same local biome transition; two shifted contexts agree; cumulative topology preserved
928,2355,15104,208000,15232,208128,0/2/26/255,0/2/35/255,T538,T547,S1281,farHaradCloudForest,consistent pre-V2 opposite-side territory witnesses on the same local biome transition; two shifted contexts agree; cumulative topology preserved
1025,2355,27520,208000,27648,208128,0/2/26/255,0/2/35/255,T538,T547,S1282,farHaradCloudForest,consistent pre-V2 opposite-side territory witnesses on the same local biome transition; two shifted contexts agree; cumulative topology preserved
929,2356,15232,208128,15360,208256,0/2/26/255,0/2/35/255,T538,T547,S1281,farHaradCloudForest,consistent pre-V2 opposite-side territory witnesses on the same local biome transition; two shifted contexts agree; cumulative topology preserved
1095,2356,36480,208128,36608,208256,0/2/35/255,0/2/24/255,T547,T536,S1283,farHarad,consistent pre-V2 opposite-side territory witnesses on the same local biome transition; two shifted contexts agree; cumulative topology preserved
893,2357,10624,208256,10752,208384,0/2/35/255,0/2/30/255,T547,T542,S1284,haradMountains,consistent pre-V2 opposite-side territory witnesses on the same local biome transition; two shifted contexts agree; cumulative topology preserved
930,2357,15360,208256,15488,208384,0/2/26/255,0/2/35/255,T538,T547,S1281,farHaradCloudForest,consistent pre-V2 opposite-side territory witnesses on the same local biome transition; two shifted contexts agree; cumulative topology preserved
893,2358,10624,208384,10752,208512,0/2/35/255,0/2/30/255,T547,T542,S1284,haradMountains,consistent pre-V2 opposite-side territory witnesses on the same local biome transition; two shifted contexts agree; cumulative topology preserved
894,2358,10752,208384,10880,208512,0/2/35/255,0/2/30/255,T547,T542,S1284,haradMountains,consistent pre-V2 opposite-side territory witnesses on the same local biome transition; two shifted contexts agree; cumulative topology preserved
893,2359,10624,208512,10752,208640,0/2/35/255,0/2/30/255,T547,T542,S1284,haradMountains,consistent pre-V2 opposite-side territory witnesses on the same local biome transition; two shifted contexts agree; cumulative topology preserved
894,2359,10752,208512,10880,208640,0/2/35/255,0/2/30/255,T547,T542,S1284,haradMountains,consistent pre-V2 opposite-side territory witnesses on the same local biome transition; two shifted contexts agree; cumulative topology preserved
895,2359,10880,208512,11008,208640,0/2/35/255,0/2/30/255,T547,T542,S1284,haradMountains,consistent pre-V2 opposite-side territory witnesses on the same local biome transition; two shifted contexts agree; cumulative topology preserved
896,2360,11008,208640,11136,208768,0/2/35/255,0/2/30/255,T547,T542,S1284,haradMountains,consistent pre-V2 opposite-side territory witnesses on the same local biome transition; two shifted contexts agree; cumulative topology preserved
932,2361,15616,208768,15744,208896,0/2/35/255,0/2/26/255,T547,T538,S1285,farHarad,consistent pre-V2 opposite-side territory witnesses on the same local biome transition; two shifted contexts agree; cumulative topology preserved
1017,2362,26496,208896,26624,209024,0/2/26/255,0/2/35/255,T538,T547,S1286,farHaradCloudForest,consistent pre-V2 opposite-side territory witnesses on the same local biome transition; two shifted contexts agree; cumulative topology preserved
1018,2362,26624,208896,26752,209024,0/2/26/255,0/2/35/255,T538,T547,S1286,farHaradCloudForest,consistent pre-V2 opposite-side territory witnesses on the same local biome transition; two shifted contexts agree; cumulative topology preserved
1096,2362,36608,208896,36736,209024,0/2/35/255,0/2/24/255,T547,T536,S1287,farHarad,consistent pre-V2 opposite-side territory witnesses on the same local biome transition; two shifted contexts agree; cumulative topology preserved
898,2363,11264,209024,11392,209152,0/2/35/255,0/2/30/255,T547,T542,S1288,haradMountains,consistent pre-V2 opposite-side territory witnesses on the same local biome transition; two shifted contexts agree; cumulative topology preserved
1014,2363,26112,209024,26240,209152,0/2/26/255,0/2/35/255,T538,T547,S1289,farHaradCloudForest,consistent pre-V2 opposite-side territory witnesses on the same local biome transition; two shifted contexts agree; cumulative topology preserved
1097,2363,36736,209024,36864,209152,0/2/35/255,0/2/24/255,T547,T536,S1287,farHarad,consistent pre-V2 opposite-side territory witnesses on the same local biome transition; two shifted contexts agree; cumulative topology preserved
1098,2363,36864,209024,36992,209152,0/2/35/255,0/2/24/255,T547,T536,S1287,farHarad,consistent pre-V2 opposite-side territory witnesses on the same local biome transition; two shifted contexts agree; cumulative topology preserved
898,2364,11264,209152,11392,209280,0/2/35/255,0/2/30/255,T547,T542,S1288,haradMountains,consistent pre-V2 opposite-side territory witnesses on the same local biome transition; two shifted contexts agree; cumulative topology preserved
1011,2364,25728,209152,25856,209280,0/2/35/255,0/2/26/255,T547,T538,S1290,farHarad,consistent pre-V2 opposite-side territory witnesses on the same local biome transition; two shifted contexts agree; cumulative topology preserved
1099,2364,36992,209152,37120,209280,0/2/35/255,0/2/24/255,T547,T536,S1287,farHarad,consistent pre-V2 opposite-side territory witnesses on the same local biome transition; two shifted contexts agree; cumulative topology preserved
898,2365,11264,209280,11392,209408,0/2/35/255,0/2/30/255,T547,T542,S1288,haradMountains,consistent pre-V2 opposite-side territory witnesses on the same local biome transition; two shifted contexts agree; cumulative topology preserved
899,2365,11392,209280,11520,209408,0/2/35/255,0/2/30/255,T547,T542,S1288,haradMountains,consistent pre-V2 opposite-side territory witnesses on the same local biome transition; two shifted contexts agree; cumulative topology preserved
1101,2365,37248,209280,37376,209408,0/2/35/255,0/2/24/255,T547,T536,S1291,farHarad,consistent pre-V2 opposite-side territory witnesses on the same local biome transition; two shifted contexts agree; cumulative topology preserved
1102,2365,37376,209280,37504,209408,0/2/35/255,0/2/24/255,T547,T536,S1291,farHarad,consistent pre-V2 opposite-side territory witnesses on the same local biome transition; two shifted contexts agree; cumulative topology preserved
1103,2365,37504,209280,37632,209408,0/2/35/255,0/2/24/255,T547,T536,S1291,farHarad,consistent pre-V2 opposite-side territory witnesses on the same local biome transition; two shifted contexts agree; cumulative topology preserved
1104,2365,37632,209280,37760,209408,0/2/35/255,0/2/24/255,T547,T536,S1291,farHarad,consistent pre-V2 opposite-side territory witnesses on the same local biome transition; two shifted contexts agree; cumulative topology preserved
1105,2365,37760,209280,37888,209408,0/2/35/255,0/2/24/255,T547,T536,S1291,farHarad,consistent pre-V2 opposite-side territory witnesses on the same local biome transition; two shifted contexts agree; cumulative topology preserved
1106,2365,37888,209280,38016,209408,0/2/35/255,0/2/24/255,T547,T536,S1291,farHarad,consistent pre-V2 opposite-side territory witnesses on the same local biome transition; two shifted contexts agree; cumulative topology preserved
1107,2365,38016,209280,38144,209408,0/2/35/255,0/2/24/255,T547,T536,S1291,farHarad,consistent pre-V2 opposite-side territory witnesses on the same local biome transition; two shifted contexts agree; cumulative topology preserved
1108,2365,38144,209280,38272,209408,0/2/35/255,0/2/24/255,T547,T536,S1291,farHarad,consistent pre-V2 opposite-side territory witnesses on the same local biome transition; two shifted contexts agree; cumulative topology preserved
1109,2365,38272,209280,38400,209408,0/2/35/255,0/2/24/255,T547,T536,S1291,farHarad,consistent pre-V2 opposite-side territory witnesses on the same local biome transition; two shifted contexts agree; cumulative topology preserved
897,2366,11136,209408,11264,209536,0/2/35/255,0/2/30/255,T547,T542,S1288,haradMountains,consistent pre-V2 opposite-side territory witnesses on the same local biome transition; two shifted contexts agree; cumulative topology preserved
898,2366,11264,209408,11392,209536,0/2/35/255,0/2/30/255,T547,T542,S1288,haradMountains,consistent pre-V2 opposite-side territory witnesses on the same local biome transition; two shifted contexts agree; cumulative topology preserved
899,2366,11392,209408,11520,209536,0/2/35/255,0/2/30/255,T547,T542,S1288,haradMountains,consistent pre-V2 opposite-side territory witnesses on the same local biome transition; two shifted contexts agree; cumulative topology preserved
1002,2366,24576,209408,24704,209536,0/2/35/255,0/2/26/255,T547,T538,S1292,farHarad,consistent pre-V2 opposite-side territory witnesses on the same local biome transition; two shifted contexts agree; cumulative topology preserved
1110,2366,38400,209408,38528,209536,0/2/35/255,0/2/24/255,T547,T536,S1291,farHarad,consistent pre-V2 opposite-side territory witnesses on the same local biome transition; two shifted contexts agree; cumulative topology preserved
1000,2367,24320,209536,24448,209664,0/2/35/255,0/2/26/255,T547,T538,S1293,farHarad,consistent pre-V2 opposite-side territory witnesses on the same local biome transition; two shifted contexts agree; cumulative topology preserved
1113,2367,38784,209536,38912,209664,0/2/24/255,0/2/35/255,T536,T547,S1294,farHaradCloudForest,consistent pre-V2 opposite-side territory witnesses on the same local biome transition; two shifted contexts agree; cumulative topology preserved
999,2368,24192,209664,24320,209792,0/2/35/255,0/2/26/255,T547,T538,S1293,farHarad,consistent pre-V2 opposite-side territory witnesses on the same local biome transition; two shifted contexts agree; cumulative topology preserved
1115,2368,39040,209664,39168,209792,0/2/35/255,0/2/24/255,T547,T536,S1295,farHarad,consistent pre-V2 opposite-side territory witnesses on the same local biome transition; two shifted contexts agree; cumulative topology preserved
997,2369,23936,209792,24064,209920,0/2/35/255,0/2/26/255,T547,T538,S1296,farHarad,consistent pre-V2 opposite-side territory witnesses on the same local biome transition; two shifted contexts agree; cumulative topology preserved
1116,2369,39168,209792,39296,209920,0/2/35/255,0/2/24/255,T547,T536,S1295,farHarad,consistent pre-V2 opposite-side territory witnesses on the same local biome transition; two shifted contexts agree; cumulative topology preserved
1116,2370,39168,209920,39296,210048,0/2/35/255,0/2/24/255,T547,T536,S1295,farHarad,consistent pre-V2 opposite-side territory witnesses on the same local biome transition; two shifted contexts agree; cumulative topology preserved
1117,2370,39296,209920,39424,210048,0/2/35/255,0/2/24/255,T547,T536,S1295,farHarad,consistent pre-V2 opposite-side territory witnesses on the same local biome transition; two shifted contexts agree; cumulative topology preserved
1120,2371,39680,210048,39808,210176,0/2/35/255,0/2/24/255,T547,T536,S1297,farHarad,consistent pre-V2 opposite-side territory witnesses on the same local biome transition; two shifted contexts agree; cumulative topology preserved
1121,2371,39808,210048,39936,210176,0/2/35/255,0/2/24/255,T547,T536,S1297,farHarad,consistent pre-V2 opposite-side territory witnesses on the same local biome transition; two shifted contexts agree; cumulative topology preserved
1122,2371,39936,210048,40064,210176,0/2/35/255,0/2/24/255,T547,T536,S1297,farHarad,consistent pre-V2 opposite-side territory witnesses on the same local biome transition; two shifted contexts agree; cumulative topology preserved
994,2372,23552,210176,23680,210304,0/2/26/255,0/2/35/255,T538,T547,S1298,farHaradCloudForest,consistent pre-V2 opposite-side territory witnesses on the same local biome transition; two shifted contexts agree; cumulative topology preserved
1124,2372,40192,210176,40320,210304,0/2/35/255,0/2/24/255,T547,T536,S1299,farHarad,consistent pre-V2 opposite-side territory witnesses on the same local biome transition; two shifted contexts agree; cumulative topology preserved
1125,2373,40320,210304,40448,210432,0/2/35/255,0/2/24/255,T547,T536,S1299,farHarad,consistent pre-V2 opposite-side territory witnesses on the same local biome transition; two shifted contexts agree; cumulative topology preserved
1126,2374,40448,210432,40576,210560,0/2/35/255,0/2/24/255,T547,T536,S1299,farHarad,consistent pre-V2 opposite-side territory witnesses on the same local biome transition; two shifted contexts agree; cumulative topology preserved
938,2375,16384,210560,16512,210688,0/2/35/255,0/2/26/255,T547,T538,S1300,farHarad,consistent pre-V2 opposite-side territory witnesses on the same local biome transition; two shifted contexts agree; cumulative topology preserved
1851,2375,133248,210560,133376,210688,0/2/36/255,0/2/25/255,T548,T537,S1301,farHarad,consistent pre-V2 opposite-side territory witnesses on the same local biome transition; two shifted contexts agree; cumulative topology preserved
1852,2375,133376,210560,133504,210688,0/2/36/255,0/2/25/255,T548,T537,S1301,farHarad,consistent pre-V2 opposite-side territory witnesses on the same local biome transition; two shifted contexts agree; cumulative topology preserved
1857,2375,134016,210560,134144,210688,0/2/36/255,0/2/25/255,T548,T537,S1302,farHarad,consistent pre-V2 opposite-side territory witnesses on the same local biome transition; two shifted contexts agree; cumulative topology preserved
988,2376,22784,210688,22912,210816,0/2/35/255,0/2/26/255,T547,T538,S1303,farHarad,consistent pre-V2 opposite-side territory witnesses on the same local biome transition; two shifted contexts agree; cumulative topology preserved
957,2377,18816,210816,18944,210944,0/2/26/255,0/2/35/255,T538,T547,S1304,farHaradCloudForest,consistent pre-V2 opposite-side territory witnesses on the same local biome transition; two shifted contexts agree; cumulative topology preserved
958,2377,18944,210816,19072,210944,0/2/26/255,0/2/35/255,T538,T547,S1304,farHaradCloudForest,consistent pre-V2 opposite-side territory witnesses on the same local biome transition; two shifted contexts agree; cumulative topology preserved
959,2377,19072,210816,19200,210944,0/2/26/255,0/2/35/255,T538,T547,S1304,farHaradCloudForest,consistent pre-V2 opposite-side territory witnesses on the same local biome transition; two shifted contexts agree; cumulative topology preserved
960,2377,19200,210816,19328,210944,0/2/26/255,0/2/35/255,T538,T547,S1304,farHaradCloudForest,consistent pre-V2 opposite-side territory witnesses on the same local biome transition; two shifted contexts agree; cumulative topology preserved
961,2377,19328,210816,19456,210944,0/2/26/255,0/2/35/255,T538,T547,S1304,farHaradCloudForest,consistent pre-V2 opposite-side territory witnesses on the same local biome transition; two shifted contexts agree; cumulative topology preserved
962,2377,19456,210816,19584,210944,0/2/26/255,0/2/35/255,T538,T547,S1304,farHaradCloudForest,consistent pre-V2 opposite-side territory witnesses on the same local biome transition; two shifted contexts agree; cumulative topology preserved
963,2377,19584,210816,19712,210944,0/2/26/255,0/2/35/255,T538,T547,S1304,farHaradCloudForest,consistent pre-V2 opposite-side territory witnesses on the same local biome transition; two shifted contexts agree; cumulative topology preserved
964,2377,19712,210816,19840,210944,0/2/26/255,0/2/35/255,T538,T547,S1304,farHaradCloudForest,consistent pre-V2 opposite-side territory witnesses on the same local biome transition; two shifted contexts agree; cumulative topology preserved
941,2378,16768,210944,16896,211072,0/2/26/255,0/2/35/255,T538,T547,S1305,farHaradCloudForest,consistent pre-V2 opposite-side territory witnesses on the same local biome transition; two shifted contexts agree; cumulative topology preserved
942,2378,16896,210944,17024,211072,0/2/26/255,0/2/35/255,T538,T547,S1305,farHaradCloudForest,consistent pre-V2 opposite-side territory witnesses on the same local biome transition; two shifted contexts agree; cumulative topology preserved
943,2378,17024,210944,17152,211072,0/2/26/255,0/2/35/255,T538,T547,S1305,farHaradCloudForest,consistent pre-V2 opposite-side territory witnesses on the same local biome transition; two shifted contexts agree; cumulative topology preserved
944,2378,17152,210944,17280,211072,0/2/26/255,0/2/35/255,T538,T547,S1305,farHaradCloudForest,consistent pre-V2 opposite-side territory witnesses on the same local biome transition; two shifted contexts agree; cumulative topology preserved
945,2378,17280,210944,17408,211072,0/2/26/255,0/2/35/255,T538,T547,S1305,farHaradCloudForest,consistent pre-V2 opposite-side territory witnesses on the same local biome transition; two shifted contexts agree; cumulative topology preserved
946,2378,17408,210944,17536,211072,0/2/26/255,0/2/35/255,T538,T547,S1305,farHaradCloudForest,consistent pre-V2 opposite-side territory witnesses on the same local biome transition; two shifted contexts agree; cumulative topology preserved
956,2378,18688,210944,18816,211072,0/2/35/255,0/2/26/255,T547,T538,S1304,farHarad,consistent pre-V2 opposite-side territory witnesses on the same local biome transition; two shifted contexts agree; cumulative topology preserved
978,2378,21504,210944,21632,211072,0/2/26/255,0/2/35/255,T538,T547,S1306,farHaradCloudForest,consistent pre-V2 opposite-side territory witnesses on the same local biome transition; two shifted contexts agree; cumulative topology preserved
976,2379,21248,211072,21376,211200,0/2/35/255,0/2/26/255,T547,T538,S1307,farHarad,consistent pre-V2 opposite-side territory witnesses on the same local biome transition; two shifted contexts agree; cumulative topology preserved
949,2380,17792,211200,17920,211328,0/2/35/255,0/2/26/255,T547,T538,S1308,farHarad,consistent pre-V2 opposite-side territory witnesses on the same local biome transition; two shifted contexts agree; cumulative topology preserved
950,2380,17920,211200,18048,211328,0/2/35/255,0/2/26/255,T547,T538,S1308,farHarad,consistent pre-V2 opposite-side territory witnesses on the same local biome transition; two shifted contexts agree; cumulative topology preserved
951,2380,18048,211200,18176,211328,0/2/35/255,0/2/26/255,T547,T538,S1308,farHarad,consistent pre-V2 opposite-side territory witnesses on the same local biome transition; two shifted contexts agree; cumulative topology preserved
952,2380,18176,211200,18304,211328,0/2/35/255,0/2/26/255,T547,T538,S1308,farHarad,consistent pre-V2 opposite-side territory witnesses on the same local biome transition; two shifted contexts agree; cumulative topology preserved
953,2380,18304,211200,18432,211328,0/2/35/255,0/2/26/255,T547,T538,S1308,farHarad,consistent pre-V2 opposite-side territory witnesses on the same local biome transition; two shifted contexts agree; cumulative topology preserved
954,2380,18432,211200,18560,211328,0/2/35/255,0/2/26/255,T547,T538,S1308,farHarad,consistent pre-V2 opposite-side territory witnesses on the same local biome transition; two shifted contexts agree; cumulative topology preserved
975,2380,21120,211200,21248,211328,0/2/35/255,0/2/26/255,T547,T538,S1307,farHarad,consistent pre-V2 opposite-side territory witnesses on the same local biome transition; two shifted contexts agree; cumulative topology preserved
1127,2381,40576,211328,40704,211456,0/2/35/255,0/2/24/255,T547,T536,S1309,farHarad,consistent pre-V2 opposite-side territory witnesses on the same local biome transition; two shifted contexts agree; cumulative topology preserved
1844,2381,132352,211328,132480,211456,0/2/36/255,0/2/25/255,T548,T537,S1310,farHarad,consistent pre-V2 opposite-side territory witnesses on the same local biome transition; two shifted contexts agree; cumulative topology preserved
1845,2381,132480,211328,132608,211456,0/2/36/255,0/2/25/255,T548,T537,S1310,farHarad,consistent pre-V2 opposite-side territory witnesses on the same local biome transition; two shifted contexts agree; cumulative topology preserved
1129,2383,40832,211584,40960,211712,0/2/35/255,0/2/24/255,T547,T536,S1311,farHarad,consistent pre-V2 opposite-side territory witnesses on the same local biome transition; two shifted contexts agree; cumulative topology preserved
1867,2384,135296,211712,135424,211840,0/2/36/255,0/2/25/255,T548,T537,S1312,farHarad,consistent pre-V2 opposite-side territory witnesses on the same local biome transition; two shifted contexts agree; cumulative topology preserved
1133,2385,41344,211840,41472,211968,0/2/35/255,0/2/24/255,T547,T536,S1313,farHarad,consistent pre-V2 opposite-side territory witnesses on the same local biome transition; two shifted contexts agree; cumulative topology preserved
1135,2386,41600,211968,41728,212096,0/2/35/255,0/2/24/255,T547,T536,S1314,farHarad,consistent pre-V2 opposite-side territory witnesses on the same local biome transition; two shifted contexts agree; cumulative topology preserved
1839,2387,131712,212096,131840,212224,0/2/36/255,0/2/25/255,T548,T537,S1315,farHarad,consistent pre-V2 opposite-side territory witnesses on the same local biome transition; two shifted contexts agree; cumulative topology preserved
1869,2387,135552,212096,135680,212224,0/2/25/255,0/2/36/255,T537,T548,S1316,farHaradForest,consistent pre-V2 opposite-side territory witnesses on the same local biome transition; two shifted contexts agree; cumulative topology preserved
1785,2388,124800,212224,124928,212352,0/2/36/255,0/2/25/255,T548,T537,S1317,farHarad,consistent pre-V2 opposite-side territory witnesses on the same local biome transition; two shifted contexts agree; cumulative topology preserved
1838,2388,131584,212224,131712,212352,0/2/36/255,0/2/25/255,T548,T537,S1315,farHarad,consistent pre-V2 opposite-side territory witnesses on the same local biome transition; two shifted contexts agree; cumulative topology preserved
1777,2389,123776,212352,123904,212480,0/2/36/255,0/2/25/255,T548,T537,S1318,farHarad,consistent pre-V2 opposite-side territory witnesses on the same local biome transition; two shifted contexts agree; cumulative topology preserved
1870,2389,135680,212352,135808,212480,0/2/36/255,0/2/25/255,T548,T537,S1319,farHarad,consistent pre-V2 opposite-side territory witnesses on the same local biome transition; two shifted contexts agree; cumulative topology preserved
1776,2390,123648,212480,123776,212608,0/2/36/255,0/2/25/255,T548,T537,S1318,farHarad,consistent pre-V2 opposite-side territory witnesses on the same local biome transition; two shifted contexts agree; cumulative topology preserved
1870,2390,135680,212480,135808,212608,0/2/36/255,0/2/25/255,T548,T537,S1319,farHarad,consistent pre-V2 opposite-side territory witnesses on the same local biome transition; two shifted contexts agree; cumulative topology preserved
1775,2391,123520,212608,123648,212736,0/2/36/255,0/2/25/255,T548,T537,S1318,farHarad,consistent pre-V2 opposite-side territory witnesses on the same local biome transition; two shifted contexts agree; cumulative topology preserved
1834,2391,131072,212608,131200,212736,0/2/36/255,0/2/25/255,T548,T537,S1320,farHarad,consistent pre-V2 opposite-side territory witnesses on the same local biome transition; two shifted contexts agree; cumulative topology preserved
1835,2391,131200,212608,131328,212736,0/2/36/255,0/2/25/255,T548,T537,S1320,farHarad,consistent pre-V2 opposite-side territory witnesses on the same local biome transition; two shifted contexts agree; cumulative topology preserved
1833,2392,130944,212736,131072,212864,0/2/36/255,0/2/25/255,T548,T537,S1320,farHarad,consistent pre-V2 opposite-side territory witnesses on the same local biome transition; two shifted contexts agree; cumulative topology preserved
1796,2393,126208,212864,126336,212992,0/2/36/255,0/2/25/255,T548,T537,S1321,farHarad,consistent pre-V2 opposite-side territory witnesses on the same local biome transition; two shifted contexts agree; cumulative topology preserved
1795,2394,126080,212992,126208,213120,0/2/36/255,0/2/25/255,T548,T537,S1321,farHarad,consistent pre-V2 opposite-side territory witnesses on the same local biome transition; two shifted contexts agree; cumulative topology preserved
1832,2394,130816,212992,130944,213120,0/2/25/255,0/2/36/255,T537,T548,S1322,farHaradForest,consistent pre-V2 opposite-side territory witnesses on the same local biome transition; two shifted contexts agree; cumulative topology preserved
1138,2395,41984,213120,42112,213248,0/2/35/255,0/2/24/255,T547,T536,S1323,farHarad,consistent pre-V2 opposite-side territory witnesses on the same local biome transition; two shifted contexts agree; cumulative topology preserved
1794,2395,125952,213120,126080,213248,0/2/36/255,0/2/25/255,T548,T537,S1321,farHarad,consistent pre-V2 opposite-side territory witnesses on the same local biome transition; two shifted contexts agree; cumulative topology preserved
1804,2395,127232,213120,127360,213248,0/2/36/255,0/2/25/255,T548,T537,S1324,farHarad,consistent pre-V2 opposite-side territory witnesses on the same local biome transition; two shifted contexts agree; cumulative topology preserved
1831,2396,130688,213248,130816,213376,0/2/36/255,0/2/25/255,T548,T537,S1325,farHarad,consistent pre-V2 opposite-side territory witnesses on the same local biome transition; two shifted contexts agree; cumulative topology preserved
1769,2397,122752,213376,122880,213504,0/2/36/255,0/2/25/255,T548,T537,S1326,farHarad,consistent pre-V2 opposite-side territory witnesses on the same local biome transition; two shifted contexts agree; cumulative topology preserved
1767,2398,122496,213504,122624,213632,0/2/36/255,0/2/25/255,T548,T537,S1326,farHarad,consistent pre-V2 opposite-side territory witnesses on the same local biome transition; two shifted contexts agree; cumulative topology preserved
1768,2398,122624,213504,122752,213632,0/2/36/255,0/2/25/255,T548,T537,S1326,farHarad,consistent pre-V2 opposite-side territory witnesses on the same local biome transition; two shifted contexts agree; cumulative topology preserved
1830,2398,130560,213504,130688,213632,0/2/36/255,0/2/25/255,T548,T537,S1327,farHarad,consistent pre-V2 opposite-side territory witnesses on the same local biome transition; two shifted contexts agree; cumulative topology preserved
1762,2399,121856,213632,121984,213760,0/2/36/255,0/2/25/255,T548,T537,S1328,farHarad,consistent pre-V2 opposite-side territory witnesses on the same local biome transition; two shifted contexts agree; cumulative topology preserved
1763,2399,121984,213632,122112,213760,0/2/36/255,0/2/25/255,T548,T537,S1328,farHarad,consistent pre-V2 opposite-side territory witnesses on the same local biome transition; two shifted contexts agree; cumulative topology preserved
1764,2399,122112,213632,122240,213760,0/2/36/255,0/2/25/255,T548,T537,S1328,farHarad,consistent pre-V2 opposite-side territory witnesses on the same local biome transition; two shifted contexts agree; cumulative topology preserved
1812,2399,128256,213632,128384,213760,0/2/36/255,0/2/25/255,T548,T537,S1329,farHarad,consistent pre-V2 opposite-side territory witnesses on the same local biome transition; two shifted contexts agree; cumulative topology preserved
1827,2399,130176,213632,130304,213760,0/2/36/255,0/2/25/255,T548,T537,S1330,farHarad,consistent pre-V2 opposite-side territory witnesses on the same local biome transition; two shifted contexts agree; cumulative topology preserved
1761,2400,121728,213760,121856,213888,0/2/36/255,0/2/25/255,T548,T537,S1328,farHarad,consistent pre-V2 opposite-side territory witnesses on the same local biome transition; two shifted contexts agree; cumulative topology preserved
1819,2403,129152,214144,129280,214272,0/2/36/255,0/2/25/255,T548,T537,S1331,farHarad,consistent pre-V2 opposite-side territory witnesses on the same local biome transition; two shifted contexts agree; cumulative topology preserved
1820,2403,129280,214144,129408,214272,0/2/36/255,0/2/25/255,T548,T537,S1331,farHarad,consistent pre-V2 opposite-side territory witnesses on the same local biome transition; two shifted contexts agree; cumulative topology preserved
1750,2405,120320,214400,120448,214528,0/2/36/255,0/2/25/255,T548,T537,S1332,farHarad,consistent pre-V2 opposite-side territory witnesses on the same local biome transition; two shifted contexts agree; cumulative topology preserved
1737,2406,118656,214528,118784,214656,0/2/36/255,0/2/25/255,T548,T537,S1333,farHarad,consistent pre-V2 opposite-side territory witnesses on the same local biome transition; two shifted contexts agree; cumulative topology preserved
1868,2415,135424,215680,135552,215808,0/2/39/255,0/2/37/255,T551,T549,S1334,pertorogwaith,consistent pre-V2 opposite-side territory witnesses on the same local biome transition; two shifted contexts agree; cumulative topology preserved
1868,2416,135424,215808,135552,215936,0/2/39/255,0/2/37/255,T551,T549,S1334,pertorogwaith,consistent pre-V2 opposite-side territory witnesses on the same local biome transition; two shifted contexts agree; cumulative topology preserved
1868,2417,135424,215936,135552,216064,0/2/39/255,0/2/37/255,T551,T549,S1334,pertorogwaith,consistent pre-V2 opposite-side territory witnesses on the same local biome transition; two shifted contexts agree; cumulative topology preserved
1870,2421,135680,216448,135808,216576,0/2/37/255,0/2/39/255,T549,T551,S1335,halfTrollForest,consistent pre-V2 opposite-side territory witnesses on the same local biome transition; two shifted contexts agree; cumulative topology preserved
1871,2424,135808,216832,135936,216960,0/2/37/255,0/2/39/255,T549,T551,S1336,halfTrollForest,consistent pre-V2 opposite-side territory witnesses on the same local biome transition; two shifted contexts agree; cumulative topology preserved
1872,2426,135936,217088,136064,217216,0/2/39/255,0/2/37/255,T551,T549,S1337,pertorogwaith,consistent pre-V2 opposite-side territory witnesses on the same local biome transition; two shifted contexts agree; cumulative topology preserved
1872,2427,135936,217216,136064,217344,0/2/39/255,0/2/37/255,T551,T549,S1337,pertorogwaith,consistent pre-V2 opposite-side territory witnesses on the same local biome transition; two shifted contexts agree; cumulative topology preserved
1869,2438,135552,218624,135680,218752,0/2/39/255,0/2/37/255,T551,T549,S1338,pertorogwaith,consistent pre-V2 opposite-side territory witnesses on the same local biome transition; two shifted contexts agree; cumulative topology preserved
1671,2447,110208,219776,110336,219904,0/2/42/255,0/2/45/255,T554,T557,S1339,farHarad,consistent pre-V2 opposite-side territory witnesses on the same local biome transition; two shifted contexts agree; cumulative topology preserved
1672,2447,110336,219776,110464,219904,0/2/42/255,0/2/45/255,T554,T557,S1339,farHarad,consistent pre-V2 opposite-side territory witnesses on the same local biome transition; two shifted contexts agree; cumulative topology preserved
1673,2447,110464,219776,110592,219904,0/2/42/255,0/2/45/255,T554,T557,S1339,farHarad,consistent pre-V2 opposite-side territory witnesses on the same local biome transition; two shifted contexts agree; cumulative topology preserved
1865,2447,135040,219776,135168,219904,0/2/37/255,0/2/39/255,T549,T551,S1340,halfTrollForest,consistent pre-V2 opposite-side territory witnesses on the same local biome transition; two shifted contexts agree; cumulative topology preserved
1232,2448,54016,219904,54144,220032,0/2/41/255,0/2/40/255,T553,T552,S1341,farHarad,consistent pre-V2 opposite-side territory witnesses on the same local biome transition; two shifted contexts agree; cumulative topology preserved
1666,2448,109568,219904,109696,220032,0/2/45/255,0/2/42/255,T557,T554,S1342,farHaradForest,consistent pre-V2 opposite-side territory witnesses on the same local biome transition; two shifted contexts agree; cumulative topology preserved
1675,2448,110720,219904,110848,220032,0/2/45/255,0/2/42/255,T557,T554,S1343,farHaradForest,consistent pre-V2 opposite-side territory witnesses on the same local biome transition; two shifted contexts agree; cumulative topology preserved
1676,2448,110848,219904,110976,220032,0/2/45/255,0/2/42/255,T557,T554,S1343,farHaradForest,consistent pre-V2 opposite-side territory witnesses on the same local biome transition; two shifted contexts agree; cumulative topology preserved
1680,2449,111360,220032,111488,220160,0/2/42/255,0/2/45/255,T554,T557,S1344,farHarad,consistent pre-V2 opposite-side territory witnesses on the same local biome transition; two shifted contexts agree; cumulative topology preserved
1233,2452,54144,220416,54272,220544,0/2/40/255,0/2/41/255,T552,T553,S1345,farHaradCloudForest,consistent pre-V2 opposite-side territory witnesses on the same local biome transition; two shifted contexts agree; cumulative topology preserved
1684,2452,111872,220416,112000,220544,0/2/42/255,0/2/45/255,T554,T557,S1346,farHarad,consistent pre-V2 opposite-side territory witnesses on the same local biome transition; two shifted contexts agree; cumulative topology preserved
1233,2453,54144,220544,54272,220672,0/2/40/255,0/2/41/255,T552,T553,S1345,farHaradCloudForest,consistent pre-V2 opposite-side territory witnesses on the same local biome transition; two shifted contexts agree; cumulative topology preserved
1863,2453,134784,220544,134912,220672,0/2/37/255,0/2/39/255,T549,T551,S1347,halfTrollForest,consistent pre-V2 opposite-side territory witnesses on the same local biome transition; two shifted contexts agree; cumulative topology preserved
1234,2455,54272,220800,54400,220928,0/2/41/255,0/2/40/255,T553,T552,S1348,farHarad,consistent pre-V2 opposite-side territory witnesses on the same local biome transition; two shifted contexts agree; cumulative topology preserved
1663,2455,109184,220800,109312,220928,0/2/42/255,0/2/45/255,T554,T557,S1349,farHarad,consistent pre-V2 opposite-side territory witnesses on the same local biome transition; two shifted contexts agree; cumulative topology preserved
1234,2456,54272,220928,54400,221056,0/2/41/255,0/2/40/255,T553,T552,S1348,farHarad,consistent pre-V2 opposite-side territory witnesses on the same local biome transition; two shifted contexts agree; cumulative topology preserved
1691,2457,112768,221056,112896,221184,0/2/42/255,0/2/45/255,T554,T557,S1350,farHarad,consistent pre-V2 opposite-side territory witnesses on the same local biome transition; two shifted contexts agree; cumulative topology preserved
1692,2457,112896,221056,113024,221184,0/2/42/255,0/2/45/255,T554,T557,S1350,farHarad,consistent pre-V2 opposite-side territory witnesses on the same local biome transition; two shifted contexts agree; cumulative topology preserved
1236,2459,54528,221312,54656,221440,0/2/41/255,0/2/40/255,T553,T552,S1351,farHarad,consistent pre-V2 opposite-side territory witnesses on the same local biome transition; two shifted contexts agree; cumulative topology preserved
1694,2459,113152,221312,113280,221440,0/2/42/255,0/2/45/255,T554,T557,S1352,farHarad,consistent pre-V2 opposite-side territory witnesses on the same local biome transition; two shifted contexts agree; cumulative topology preserved
1236,2460,54528,221440,54656,221568,0/2/41/255,0/2/40/255,T553,T552,S1351,farHarad,consistent pre-V2 opposite-side territory witnesses on the same local biome transition; two shifted contexts agree; cumulative topology preserved
1236,2461,54528,221568,54656,221696,0/2/41/255,0/2/40/255,T553,T552,S1351,farHarad,consistent pre-V2 opposite-side territory witnesses on the same local biome transition; two shifted contexts agree; cumulative topology preserved
1658,2461,108544,221568,108672,221696,0/2/45/255,0/2/42/255,T557,T554,S1353,farHaradForest,consistent pre-V2 opposite-side territory witnesses on the same local biome transition; two shifted contexts agree; cumulative topology preserved
1695,2461,113280,221568,113408,221696,0/2/42/255,0/2/45/255,T554,T557,S1354,farHarad,consistent pre-V2 opposite-side territory witnesses on the same local biome transition; two shifted contexts agree; cumulative topology preserved
1851,2461,133248,221568,133376,221696,0/2/37/255,0/2/39/255,T549,T551,S1355,halfTrollForest,consistent pre-V2 opposite-side territory witnesses on the same local biome transition; two shifted contexts agree; cumulative topology preserved
1849,2462,132992,221696,133120,221824,0/2/39/255,0/2/37/255,T551,T549,S1356,pertorogwaith,consistent pre-V2 opposite-side territory witnesses on the same local biome transition; two shifted contexts agree; cumulative topology preserved
1237,2464,54656,221952,54784,222080,0/2/41/255,0/2/40/255,T553,T552,S1357,farHarad,consistent pre-V2 opposite-side territory witnesses on the same local biome transition; two shifted contexts agree; cumulative topology preserved
1657,2464,108416,221952,108544,222080,0/2/45/255,0/2/42/255,T557,T554,S1358,farHaradForest,consistent pre-V2 opposite-side territory witnesses on the same local biome transition; two shifted contexts agree; cumulative topology preserved
1237,2465,54656,222080,54784,222208,0/2/41/255,0/2/40/255,T553,T552,S1357,farHarad,consistent pre-V2 opposite-side territory witnesses on the same local biome transition; two shifted contexts agree; cumulative topology preserved
1701,2465,114048,222080,114176,222208,0/2/42/255,0/2/45/255,T554,T557,S1359,farHarad,consistent pre-V2 opposite-side territory witnesses on the same local biome transition; two shifted contexts agree; cumulative topology preserved
1702,2465,114176,222080,114304,222208,0/2/42/255,0/2/45/255,T554,T557,S1359,farHarad,consistent pre-V2 opposite-side territory witnesses on the same local biome transition; two shifted contexts agree; cumulative topology preserved
1703,2465,114304,222080,114432,222208,0/2/42/255,0/2/45/255,T554,T557,S1359,farHarad,consistent pre-V2 opposite-side territory witnesses on the same local biome transition; two shifted contexts agree; cumulative topology preserved
1704,2465,114432,222080,114560,222208,0/2/42/255,0/2/45/255,T554,T557,S1359,farHarad,consistent pre-V2 opposite-side territory witnesses on the same local biome transition; two shifted contexts agree; cumulative topology preserved
1705,2465,114560,222080,114688,222208,0/2/42/255,0/2/45/255,T554,T557,S1359,farHarad,consistent pre-V2 opposite-side territory witnesses on the same local biome transition; two shifted contexts agree; cumulative topology preserved
1237,2471,54656,222848,54784,222976,0/2/41/255,0/2/40/255,T553,T552,S1360,farHarad,consistent pre-V2 opposite-side territory witnesses on the same local biome transition; two shifted contexts agree; cumulative topology preserved
1236,2473,54528,223104,54656,223232,0/2/41/255,0/2/40/255,T553,T552,S1361,farHarad,consistent pre-V2 opposite-side territory witnesses on the same local biome transition; two shifted contexts agree; cumulative topology preserved
1648,2473,107264,223104,107392,223232,0/2/42/255,0/2/45/255,T554,T557,S1362,farHarad,consistent pre-V2 opposite-side territory witnesses on the same local biome transition; two shifted contexts agree; cumulative topology preserved
1235,2474,54400,223232,54528,223360,0/2/41/255,0/2/40/255,T553,T552,S1361,farHarad,consistent pre-V2 opposite-side territory witnesses on the same local biome transition; two shifted contexts agree; cumulative topology preserved
1235,2475,54400,223360,54528,223488,0/2/41/255,0/2/40/255,T553,T552,S1361,farHarad,consistent pre-V2 opposite-side territory witnesses on the same local biome transition; two shifted contexts agree; cumulative topology preserved
1643,2475,106624,223360,106752,223488,0/2/45/255,0/2/42/255,T557,T554,S1363,farHaradForest,consistent pre-V2 opposite-side territory witnesses on the same local biome transition; two shifted contexts agree; cumulative topology preserved
1235,2476,54400,223488,54528,223616,0/2/41/255,0/2/40/255,T553,T552,S1361,farHarad,consistent pre-V2 opposite-side territory witnesses on the same local biome transition; two shifted contexts agree; cumulative topology preserved
1637,2477,105856,223616,105984,223744,0/2/42/255,0/2/45/255,T554,T557,S1364,farHarad,consistent pre-V2 opposite-side territory witnesses on the same local biome transition; two shifted contexts agree; cumulative topology preserved
1841,2478,131968,223744,132096,223872,0/2/37/255,0/2/39/255,T549,T551,S1365,halfTrollForest,consistent pre-V2 opposite-side territory witnesses on the same local biome transition; two shifted contexts agree; cumulative topology preserved
1633,2479,105344,223872,105472,224000,0/2/45/255,0/2/42/255,T557,T554,S1366,farHaradForest,consistent pre-V2 opposite-side territory witnesses on the same local biome transition; two shifted contexts agree; cumulative topology preserved
1628,2482,104704,224256,104832,224384,0/2/42/255,0/2/45/255,T554,T557,S1367,farHarad,consistent pre-V2 opposite-side territory witnesses on the same local biome transition; two shifted contexts agree; cumulative topology preserved
1839,2482,131712,224256,131840,224384,0/2/37/255,0/2/39/255,T549,T551,S1368,halfTrollForest,consistent pre-V2 opposite-side territory witnesses on the same local biome transition; two shifted contexts agree; cumulative topology preserved
1235,2483,54400,224384,54528,224512,0/2/41/255,0/2/40/255,T553,T552,S1369,farHarad,consistent pre-V2 opposite-side territory witnesses on the same local biome transition; two shifted contexts agree; cumulative topology preserved
1627,2483,104576,224384,104704,224512,0/2/42/255,0/2/45/255,T554,T557,S1367,farHarad,consistent pre-V2 opposite-side territory witnesses on the same local biome transition; two shifted contexts agree; cumulative topology preserved
1838,2483,131584,224384,131712,224512,0/2/39/255,0/2/37/255,T551,T549,S1368,pertorogwaith,consistent pre-V2 opposite-side territory witnesses on the same local biome transition; two shifted contexts agree; cumulative topology preserved
1836,2488,131328,225024,131456,225152,0/2/39/255,0/2/37/255,T551,T549,S1370,pertorogwaith,consistent pre-V2 opposite-side territory witnesses on the same local biome transition; two shifted contexts agree; cumulative topology preserved
1836,2489,131328,225152,131456,225280,0/2/39/255,0/2/37/255,T551,T549,S1370,pertorogwaith,consistent pre-V2 opposite-side territory witnesses on the same local biome transition; two shifted contexts agree; cumulative topology preserved
1835,2492,131200,225536,131328,225664,0/2/37/255,0/2/39/255,T549,T551,S1371,halfTrollForest,consistent pre-V2 opposite-side territory witnesses on the same local biome transition; two shifted contexts agree; cumulative topology preserved
1234,2493,54272,225664,54400,225792,0/2/41/255,0/2/40/255,T553,T552,S1372,farHarad,consistent pre-V2 opposite-side territory witnesses on the same local biome transition; two shifted contexts agree; cumulative topology preserved
1835,2493,131200,225664,131328,225792,0/2/37/255,0/2/39/255,T549,T551,S1371,halfTrollForest,consistent pre-V2 opposite-side territory witnesses on the same local biome transition; two shifted contexts agree; cumulative topology preserved
1234,2494,54272,225792,54400,225920,0/2/41/255,0/2/40/255,T553,T552,S1372,farHarad,consistent pre-V2 opposite-side territory witnesses on the same local biome transition; two shifted contexts agree; cumulative topology preserved
1234,2495,54272,225920,54400,226048,0/2/41/255,0/2/40/255,T553,T552,S1372,farHarad,consistent pre-V2 opposite-side territory witnesses on the same local biome transition; two shifted contexts agree; cumulative topology preserved
1234,2496,54272,226048,54400,226176,0/2/41/255,0/2/40/255,T553,T552,S1372,farHarad,consistent pre-V2 opposite-side territory witnesses on the same local biome transition; two shifted contexts agree; cumulative topology preserved
1234,2497,54272,226176,54400,226304,0/2/41/255,0/2/40/255,T553,T552,S1372,farHarad,consistent pre-V2 opposite-side territory witnesses on the same local biome transition; two shifted contexts agree; cumulative topology preserved
1234,2498,54272,226304,54400,226432,0/2/41/255,0/2/40/255,T553,T552,S1372,farHarad,consistent pre-V2 opposite-side territory witnesses on the same local biome transition; two shifted contexts agree; cumulative topology preserved
1634,2498,105472,226304,105600,226432,0/2/42/255,0/2/45/255,T554,T557,S1373,farHarad,consistent pre-V2 opposite-side territory witnesses on the same local biome transition; two shifted contexts agree; cumulative topology preserved
1635,2498,105600,226304,105728,226432,0/2/42/255,0/2/45/255,T554,T557,S1373,farHarad,consistent pre-V2 opposite-side territory witnesses on the same local biome transition; two shifted contexts agree; cumulative topology preserved
1636,2498,105728,226304,105856,226432,0/2/42/255,0/2/45/255,T554,T557,S1373,farHarad,consistent pre-V2 opposite-side territory witnesses on the same local biome transition; two shifted contexts agree; cumulative topology preserved
1234,2499,54272,226432,54400,226560,0/2/41/255,0/2/40/255,T553,T552,S1372,farHarad,consistent pre-V2 opposite-side territory witnesses on the same local biome transition; two shifted contexts agree; cumulative topology preserved
1638,2500,105984,226560,106112,226688,0/2/42/255,0/2/45/255,T554,T557,S1374,farHarad,consistent pre-V2 opposite-side territory witnesses on the same local biome transition; two shifted contexts agree; cumulative topology preserved
1638,2501,105984,226688,106112,226816,0/2/42/255,0/2/45/255,T554,T557,S1374,farHarad,consistent pre-V2 opposite-side territory witnesses on the same local biome transition; two shifted contexts agree; cumulative topology preserved
1638,2502,105984,226816,106112,226944,0/2/42/255,0/2/45/255,T554,T557,S1374,farHarad,consistent pre-V2 opposite-side territory witnesses on the same local biome transition; two shifted contexts agree; cumulative topology preserved
1637,2504,105856,227072,105984,227200,0/2/42/255,0/2/45/255,T554,T557,S1375,farHarad,consistent pre-V2 opposite-side territory witnesses on the same local biome transition; two shifted contexts agree; cumulative topology preserved
1838,2504,131584,227072,131712,227200,0/2/37/255,0/2/39/255,T549,T551,S1376,halfTrollForest,consistent pre-V2 opposite-side territory witnesses on the same local biome transition; two shifted contexts agree; cumulative topology preserved
1235,2505,54400,227200,54528,227328,0/2/41/255,0/2/40/255,T553,T552,S1377,farHarad,consistent pre-V2 opposite-side territory witnesses on the same local biome transition; two shifted contexts agree; cumulative topology preserved
1637,2505,105856,227200,105984,227328,0/2/42/255,0/2/45/255,T554,T557,S1375,farHarad,consistent pre-V2 opposite-side territory witnesses on the same local biome transition; two shifted contexts agree; cumulative topology preserved
1839,2505,131712,227200,131840,227328,0/2/37/255,0/2/39/255,T549,T551,S1376,halfTrollForest,consistent pre-V2 opposite-side territory witnesses on the same local biome transition; two shifted contexts agree; cumulative topology preserved
1637,2506,105856,227328,105984,227456,0/2/42/255,0/2/45/255,T554,T557,S1375,farHarad,consistent pre-V2 opposite-side territory witnesses on the same local biome transition; two shifted contexts agree; cumulative topology preserved
1637,2507,105856,227456,105984,227584,0/2/42/255,0/2/45/255,T554,T557,S1375,farHarad,consistent pre-V2 opposite-side territory witnesses on the same local biome transition; two shifted contexts agree; cumulative topology preserved
1637,2508,105856,227584,105984,227712,0/2/42/255,0/2/45/255,T554,T557,S1375,farHarad,consistent pre-V2 opposite-side territory witnesses on the same local biome transition; two shifted contexts agree; cumulative topology preserved
1637,2509,105856,227712,105984,227840,0/2/42/255,0/2/45/255,T554,T557,S1375,farHarad,consistent pre-V2 opposite-side territory witnesses on the same local biome transition; two shifted contexts agree; cumulative topology preserved
1235,2510,54400,227840,54528,227968,0/2/41/255,0/2/40/255,T553,T552,S1378,farHarad,consistent pre-V2 opposite-side territory witnesses on the same local biome transition; two shifted contexts agree; cumulative topology preserved
1636,2510,105728,227840,105856,227968,0/2/42/255,0/2/45/255,T554,T557,S1375,farHarad,consistent pre-V2 opposite-side territory witnesses on the same local biome transition; two shifted contexts agree; cumulative topology preserved
1842,2510,132096,227840,132224,227968,0/2/39/255,0/2/37/255,T551,T549,S1379,pertorogwaith,consistent pre-V2 opposite-side territory witnesses on the same local biome transition; two shifted contexts agree; cumulative topology preserved
1234,2512,54272,228096,54400,228224,0/2/40/255,0/2/41/255,T552,T553,S1380,farHaradCloudForest,consistent pre-V2 opposite-side territory witnesses on the same local biome transition; two shifted contexts agree; cumulative topology preserved
1233,2513,54144,228224,54272,228352,0/2/40/255,0/2/41/255,T552,T553,S1380,farHaradCloudForest,consistent pre-V2 opposite-side territory witnesses on the same local biome transition; two shifted contexts agree; cumulative topology preserved
1232,2514,54016,228352,54144,228480,0/2/40/255,0/2/41/255,T552,T553,S1380,farHaradCloudForest,consistent pre-V2 opposite-side territory witnesses on the same local biome transition; two shifted contexts agree; cumulative topology preserved
1231,2515,53888,228480,54016,228608,0/2/40/255,0/2/41/255,T552,T553,S1380,farHaradCloudForest,consistent pre-V2 opposite-side territory witnesses on the same local biome transition; two shifted contexts agree; cumulative topology preserved
1630,2516,104960,228608,105088,228736,0/2/42/255,0/2/45/255,T554,T557,S1381,farHarad,consistent pre-V2 opposite-side territory witnesses on the same local biome transition; two shifted contexts agree; cumulative topology preserved
1229,2519,53632,228992,53760,229120,0/2/40/255,0/2/41/255,T552,T553,S1382,farHaradCloudForest,consistent pre-V2 opposite-side territory witnesses on the same local biome transition; two shifted contexts agree; cumulative topology preserved
1229,2520,53632,229120,53760,229248,0/2/40/255,0/2/41/255,T552,T553,S1382,farHaradCloudForest,consistent pre-V2 opposite-side territory witnesses on the same local biome transition; two shifted contexts agree; cumulative topology preserved
1229,2521,53632,229248,53760,229376,0/2/40/255,0/2/41/255,T552,T553,S1382,farHaradCloudForest,consistent pre-V2 opposite-side territory witnesses on the same local biome transition; two shifted contexts agree; cumulative topology preserved
1630,2521,104960,229248,105088,229376,0/2/45/255,0/2/42/255,T557,T554,S1383,farHaradForest,consistent pre-V2 opposite-side territory witnesses on the same local biome transition; two shifted contexts agree; cumulative topology preserved
1631,2522,105088,229376,105216,229504,0/2/45/255,0/2/42/255,T557,T554,S1383,farHaradForest,consistent pre-V2 opposite-side territory witnesses on the same local biome transition; two shifted contexts agree; cumulative topology preserved
1633,2523,105344,229504,105472,229632,0/2/45/255,0/2/42/255,T557,T554,S1384,farHaradForest,consistent pre-V2 opposite-side territory witnesses on the same local biome transition; two shifted contexts agree; cumulative topology preserved
1634,2523,105472,229504,105600,229632,0/2/45/255,0/2/42/255,T557,T554,S1384,farHaradForest,consistent pre-V2 opposite-side territory witnesses on the same local biome transition; two shifted contexts agree; cumulative topology preserved
1635,2523,105600,229504,105728,229632,0/2/45/255,0/2/42/255,T557,T554,S1384,farHaradForest,consistent pre-V2 opposite-side territory witnesses on the same local biome transition; two shifted contexts agree; cumulative topology preserved
1228,2524,53504,229632,53632,229760,0/2/40/255,0/2/41/255,T552,T553,S1385,farHaradCloudForest,consistent pre-V2 opposite-side territory witnesses on the same local biome transition; two shifted contexts agree; cumulative topology preserved
1637,2524,105856,229632,105984,229760,0/2/42/255,0/2/45/255,T554,T557,S1386,farHarad,consistent pre-V2 opposite-side territory witnesses on the same local biome transition; two shifted contexts agree; cumulative topology preserved
1638,2524,105984,229632,106112,229760,0/2/42/255,0/2/45/255,T554,T557,S1386,farHarad,consistent pre-V2 opposite-side territory witnesses on the same local biome transition; two shifted contexts agree; cumulative topology preserved
1639,2524,106112,229632,106240,229760,0/2/42/255,0/2/45/255,T554,T557,S1386,farHarad,consistent pre-V2 opposite-side territory witnesses on the same local biome transition; two shifted contexts agree; cumulative topology preserved
1228,2525,53504,229760,53632,229888,0/2/40/255,0/2/41/255,T552,T553,S1385,farHaradCloudForest,consistent pre-V2 opposite-side territory witnesses on the same local biome transition; two shifted contexts agree; cumulative topology preserved
1639,2525,106112,229760,106240,229888,0/2/42/255,0/2/45/255,T554,T557,S1386,farHarad,consistent pre-V2 opposite-side territory witnesses on the same local biome transition; two shifted contexts agree; cumulative topology preserved
1228,2526,53504,229888,53632,230016,0/2/40/255,0/2/41/255,T552,T553,S1385,farHaradCloudForest,consistent pre-V2 opposite-side territory witnesses on the same local biome transition; two shifted contexts agree; cumulative topology preserved
1639,2526,106112,229888,106240,230016,0/2/42/255,0/2/45/255,T554,T557,S1386,farHarad,consistent pre-V2 opposite-side territory witnesses on the same local biome transition; two shifted contexts agree; cumulative topology preserved
1639,2527,106112,230016,106240,230144,0/2/42/255,0/2/45/255,T554,T557,S1386,farHarad,consistent pre-V2 opposite-side territory witnesses on the same local biome transition; two shifted contexts agree; cumulative topology preserved
1848,2527,132864,230016,132992,230144,0/2/37/255,0/2/39/255,T549,T551,S1387,halfTrollForest,consistent pre-V2 opposite-side territory witnesses on the same local biome transition; two shifted contexts agree; cumulative topology preserved
1639,2528,106112,230144,106240,230272,0/2/42/255,0/2/45/255,T554,T557,S1386,farHarad,consistent pre-V2 opposite-side territory witnesses on the same local biome transition; two shifted contexts agree; cumulative topology preserved
1639,2529,106112,230272,106240,230400,0/2/42/255,0/2/45/255,T554,T557,S1386,farHarad,consistent pre-V2 opposite-side territory witnesses on the same local biome transition; two shifted contexts agree; cumulative topology preserved
1222,2532,52736,230656,52864,230784,0/2/41/255,0/2/40/255,T553,T552,S1388,farHarad,consistent pre-V2 opposite-side territory witnesses on the same local biome transition; two shifted contexts agree; cumulative topology preserved
1218,2533,52224,230784,52352,230912,0/2/40/255,0/2/41/255,T552,T553,S1389,farHaradCloudForest,consistent pre-V2 opposite-side territory witnesses on the same local biome transition; two shifted contexts agree; cumulative topology preserved
1209,2534,51072,230912,51200,231040,0/2/41/255,0/2/40/255,T553,T552,S1390,farHarad,consistent pre-V2 opposite-side territory witnesses on the same local biome transition; two shifted contexts agree; cumulative topology preserved
1210,2534,51200,230912,51328,231040,0/2/41/255,0/2/40/255,T553,T552,S1390,farHarad,consistent pre-V2 opposite-side territory witnesses on the same local biome transition; two shifted contexts agree; cumulative topology preserved
1211,2534,51328,230912,51456,231040,0/2/41/255,0/2/40/255,T553,T552,S1390,farHarad,consistent pre-V2 opposite-side territory witnesses on the same local biome transition; two shifted contexts agree; cumulative topology preserved
1212,2534,51456,230912,51584,231040,0/2/41/255,0/2/40/255,T553,T552,S1390,farHarad,consistent pre-V2 opposite-side territory witnesses on the same local biome transition; two shifted contexts agree; cumulative topology preserved
1208,2535,50944,231040,51072,231168,0/2/41/255,0/2/40/255,T553,T552,S1390,farHarad,consistent pre-V2 opposite-side territory witnesses on the same local biome transition; two shifted contexts agree; cumulative topology preserved
1641,2536,106368,231168,106496,231296,0/2/42/255,0/2/45/255,T554,T557,S1391,farHarad,consistent pre-V2 opposite-side territory witnesses on the same local biome transition; two shifted contexts agree; cumulative topology preserved
1641,2537,106368,231296,106496,231424,0/2/42/255,0/2/45/255,T554,T557,S1391,farHarad,consistent pre-V2 opposite-side territory witnesses on the same local biome transition; two shifted contexts agree; cumulative topology preserved
1641,2538,106368,231424,106496,231552,0/2/42/255,0/2/45/255,T554,T557,S1391,farHarad,consistent pre-V2 opposite-side territory witnesses on the same local biome transition; two shifted contexts agree; cumulative topology preserved
1641,2539,106368,231552,106496,231680,0/2/42/255,0/2/45/255,T554,T557,S1391,farHarad,consistent pre-V2 opposite-side territory witnesses on the same local biome transition; two shifted contexts agree; cumulative topology preserved
1641,2540,106368,231680,106496,231808,0/2/42/255,0/2/45/255,T554,T557,S1391,farHarad,consistent pre-V2 opposite-side territory witnesses on the same local biome transition; two shifted contexts agree; cumulative topology preserved
1206,2541,50688,231808,50816,231936,0/2/40/255,0/2/41/255,T552,T553,S1392,farHaradCloudForest,consistent pre-V2 opposite-side territory witnesses on the same local biome transition; two shifted contexts agree; cumulative topology preserved
1641,2541,106368,231808,106496,231936,0/2/42/255,0/2/45/255,T554,T557,S1391,farHarad,consistent pre-V2 opposite-side territory witnesses on the same local biome transition; two shifted contexts agree; cumulative topology preserved
1641,2542,106368,231936,106496,232064,0/2/42/255,0/2/45/255,T554,T557,S1391,farHarad,consistent pre-V2 opposite-side territory witnesses on the same local biome transition; two shifted contexts agree; cumulative topology preserved
1641,2543,106368,232064,106496,232192,0/2/42/255,0/2/45/255,T554,T557,S1391,farHarad,consistent pre-V2 opposite-side territory witnesses on the same local biome transition; two shifted contexts agree; cumulative topology preserved
1641,2544,106368,232192,106496,232320,0/2/42/255,0/2/45/255,T554,T557,S1391,farHarad,consistent pre-V2 opposite-side territory witnesses on the same local biome transition; two shifted contexts agree; cumulative topology preserved
1207,2547,50816,232576,50944,232704,0/2/40/255,0/2/41/255,T552,T553,S1393,farHaradCloudForest,consistent pre-V2 opposite-side territory witnesses on the same local biome transition; two shifted contexts agree; cumulative topology preserved
1844,2547,132352,232576,132480,232704,0/2/61/255,0/2/52/255,T573,T564,S1394,pertorogwaith,consistent pre-V2 opposite-side territory witnesses on the same local biome transition; two shifted contexts agree; cumulative topology preserved
1207,2548,50816,232704,50944,232832,0/2/40/255,0/2/41/255,T552,T553,S1393,farHaradCloudForest,consistent pre-V2 opposite-side territory witnesses on the same local biome transition; two shifted contexts agree; cumulative topology preserved
1845,2548,132480,232704,132608,232832,0/2/61/255,0/2/52/255,T573,T564,S1394,pertorogwaith,consistent pre-V2 opposite-side territory witnesses on the same local biome transition; two shifted contexts agree; cumulative topology preserved
1207,2549,50816,232832,50944,232960,0/2/40/255,0/2/41/255,T552,T553,S1393,farHaradCloudForest,consistent pre-V2 opposite-side territory witnesses on the same local biome transition; two shifted contexts agree; cumulative topology preserved
1207,2550,50816,232960,50944,233088,0/2/40/255,0/2/41/255,T552,T553,S1393,farHaradCloudForest,consistent pre-V2 opposite-side territory witnesses on the same local biome transition; two shifted contexts agree; cumulative topology preserved
1207,2551,50816,233088,50944,233216,0/2/40/255,0/2/41/255,T552,T553,S1393,farHaradCloudForest,consistent pre-V2 opposite-side territory witnesses on the same local biome transition; two shifted contexts agree; cumulative topology preserved
1846,2551,132608,233088,132736,233216,0/2/61/255,0/2/52/255,T573,T564,S1395,pertorogwaith,consistent pre-V2 opposite-side territory witnesses on the same local biome transition; two shifted contexts agree; cumulative topology preserved
1207,2552,50816,233216,50944,233344,0/2/40/255,0/2/41/255,T552,T553,S1393,farHaradCloudForest,consistent pre-V2 opposite-side territory witnesses on the same local biome transition; two shifted contexts agree; cumulative topology preserved
1650,2552,107520,233216,107648,233344,0/2/45/255,0/2/42/255,T557,T554,S1396,farHaradForest,consistent pre-V2 opposite-side territory witnesses on the same local biome transition; two shifted contexts agree; cumulative topology preserved
1651,2552,107648,233216,107776,233344,0/2/45/255,0/2/42/255,T557,T554,S1396,farHaradForest,consistent pre-V2 opposite-side territory witnesses on the same local biome transition; two shifted contexts agree; cumulative topology preserved
1652,2552,107776,233216,107904,233344,0/2/45/255,0/2/42/255,T557,T554,S1396,farHaradForest,consistent pre-V2 opposite-side territory witnesses on the same local biome transition; two shifted contexts agree; cumulative topology preserved
1653,2552,107904,233216,108032,233344,0/2/45/255,0/2/42/255,T557,T554,S1396,farHaradForest,consistent pre-V2 opposite-side territory witnesses on the same local biome transition; two shifted contexts agree; cumulative topology preserved
1654,2552,108032,233216,108160,233344,0/2/45/255,0/2/42/255,T557,T554,S1396,farHaradForest,consistent pre-V2 opposite-side territory witnesses on the same local biome transition; two shifted contexts agree; cumulative topology preserved
1655,2552,108160,233216,108288,233344,0/2/45/255,0/2/42/255,T557,T554,S1396,farHaradForest,consistent pre-V2 opposite-side territory witnesses on the same local biome transition; two shifted contexts agree; cumulative topology preserved
1847,2553,132736,233344,132864,233472,0/2/61/255,0/2/52/255,T573,T564,S1397,pertorogwaith,consistent pre-V2 opposite-side territory witnesses on the same local biome transition; two shifted contexts agree; cumulative topology preserved
1203,2554,50304,233472,50432,233600,0/2/41/255,0/2/40/255,T553,T552,S1398,farHarad,consistent pre-V2 opposite-side territory witnesses on the same local biome transition; two shifted contexts agree; cumulative topology preserved
1204,2554,50432,233472,50560,233600,0/2/41/255,0/2/40/255,T553,T552,S1398,farHarad,consistent pre-V2 opposite-side territory witnesses on the same local biome transition; two shifted contexts agree; cumulative topology preserved
1205,2554,50560,233472,50688,233600,0/2/41/255,0/2/40/255,T553,T552,S1398,farHarad,consistent pre-V2 opposite-side territory witnesses on the same local biome transition; two shifted contexts agree; cumulative topology preserved
1196,2555,49408,233600,49536,233728,0/2/41/255,0/2/40/255,T553,T552,S1399,farHarad,consistent pre-V2 opposite-side territory witnesses on the same local biome transition; two shifted contexts agree; cumulative topology preserved
1848,2555,132864,233600,132992,233728,0/2/61/255,0/2/52/255,T573,T564,S1400,pertorogwaith,consistent pre-V2 opposite-side territory witnesses on the same local biome transition; two shifted contexts agree; cumulative topology preserved
1849,2556,132992,233728,133120,233856,0/2/61/255,0/2/52/255,T573,T564,S1400,pertorogwaith,consistent pre-V2 opposite-side territory witnesses on the same local biome transition; two shifted contexts agree; cumulative topology preserved
1142,2557,42496,233856,42624,233984,0/2/41/255,0/2/40/255,T553,T552,S1401,farHarad,consistent pre-V2 opposite-side territory witnesses on the same local biome transition; two shifted contexts agree; cumulative topology preserved
1117,2558,39296,233984,39424,234112,0/2/41/255,0/2/40/255,T553,T552,S1402,farHarad,consistent pre-V2 opposite-side territory witnesses on the same local biome transition; two shifted contexts agree; cumulative topology preserved
1128,2558,40704,233984,40832,234112,0/2/41/255,0/2/40/255,T553,T552,S1403,farHarad,consistent pre-V2 opposite-side territory witnesses on the same local biome transition; two shifted contexts agree; cumulative topology preserved
1129,2558,40832,233984,40960,234112,0/2/41/255,0/2/40/255,T553,T552,S1403,farHarad,consistent pre-V2 opposite-side territory witnesses on the same local biome transition; two shifted contexts agree; cumulative topology preserved
1139,2558,42112,233984,42240,234112,0/2/41/255,0/2/40/255,T553,T552,S1404,farHarad,consistent pre-V2 opposite-side territory witnesses on the same local biome transition; two shifted contexts agree; cumulative topology preserved
1153,2558,43904,233984,44032,234112,0/2/40/255,0/2/41/255,T552,T553,S1405,farHaradCloudForest,consistent pre-V2 opposite-side territory witnesses on the same local biome transition; two shifted contexts agree; cumulative topology preserved
1154,2558,44032,233984,44160,234112,0/2/40/255,0/2/41/255,T552,T553,S1405,farHaradCloudForest,consistent pre-V2 opposite-side territory witnesses on the same local biome transition; two shifted contexts agree; cumulative topology preserved
1155,2558,44160,233984,44288,234112,0/2/40/255,0/2/41/255,T552,T553,S1405,farHaradCloudForest,consistent pre-V2 opposite-side territory witnesses on the same local biome transition; two shifted contexts agree; cumulative topology preserved
1156,2558,44288,233984,44416,234112,0/2/40/255,0/2/41/255,T552,T553,S1405,farHaradCloudForest,consistent pre-V2 opposite-side territory witnesses on the same local biome transition; two shifted contexts agree; cumulative topology preserved
1157,2558,44416,233984,44544,234112,0/2/40/255,0/2/41/255,T552,T553,S1405,farHaradCloudForest,consistent pre-V2 opposite-side territory witnesses on the same local biome transition; two shifted contexts agree; cumulative topology preserved
1166,2558,45568,233984,45696,234112,0/2/41/255,0/2/40/255,T553,T552,S1406,farHarad,consistent pre-V2 opposite-side territory witnesses on the same local biome transition; two shifted contexts agree; cumulative topology preserved
1193,2558,49024,233984,49152,234112,0/2/41/255,0/2/40/255,T553,T552,S1407,farHarad,consistent pre-V2 opposite-side territory witnesses on the same local biome transition; two shifted contexts agree; cumulative topology preserved
1190,2559,48640,234112,48768,234240,0/2/40/255,0/2/41/255,T552,T553,S1408,farHaradCloudForest,consistent pre-V2 opposite-side territory witnesses on the same local biome transition; two shifted contexts agree; cumulative topology preserved
1169,2560,45952,234240,46080,234368,0/2/41/255,0/2/40/255,T553,T552,S1409,farHarad,consistent pre-V2 opposite-side territory witnesses on the same local biome transition; two shifted contexts agree; cumulative topology preserved
1109,2561,38272,234368,38400,234496,0/2/41/255,0/2/40/255,T553,T552,S1410,farHarad,consistent pre-V2 opposite-side territory witnesses on the same local biome transition; two shifted contexts agree; cumulative topology preserved
1112,2561,38656,234368,38784,234496,0/2/40/255,0/2/41/255,T552,T553,S1411,farHaradCloudForest,consistent pre-V2 opposite-side territory witnesses on the same local biome transition; two shifted contexts agree; cumulative topology preserved
1113,2561,38784,234368,38912,234496,0/2/40/255,0/2/41/255,T552,T553,S1411,farHaradCloudForest,consistent pre-V2 opposite-side territory witnesses on the same local biome transition; two shifted contexts agree; cumulative topology preserved
1171,2561,46208,234368,46336,234496,0/2/40/255,0/2/41/255,T552,T553,S1412,farHaradCloudForest,consistent pre-V2 opposite-side territory witnesses on the same local biome transition; two shifted contexts agree; cumulative topology preserved
1172,2561,46336,234368,46464,234496,0/2/40/255,0/2/41/255,T552,T553,S1412,farHaradCloudForest,consistent pre-V2 opposite-side territory witnesses on the same local biome transition; two shifted contexts agree; cumulative topology preserved
1177,2561,46976,234368,47104,234496,0/2/41/255,0/2/40/255,T553,T552,S1413,farHarad,consistent pre-V2 opposite-side territory witnesses on the same local biome transition; two shifted contexts agree; cumulative topology preserved
1850,2561,133120,234368,133248,234496,0/2/61/255,0/2/52/255,T573,T564,S1414,pertorogwaith,consistent pre-V2 opposite-side territory witnesses on the same local biome transition; two shifted contexts agree; cumulative topology preserved
1849,2570,132992,235520,133120,235648,0/2/61/255,0/2/52/255,T573,T564,S1416,pertorogwaith,consistent pre-V2 opposite-side territory witnesses on the same local biome transition; two shifted contexts agree; cumulative topology preserved
1850,2572,133120,235776,133248,235904,0/2/61/255,0/2/52/255,T573,T564,S1417,pertorogwaith,consistent pre-V2 opposite-side territory witnesses on the same local biome transition; two shifted contexts agree; cumulative topology preserved
1838,2575,131584,236160,131712,236288,0/2/57/255,0/2/61/255,T569,T573,S1418,farHarad,consistent pre-V2 opposite-side territory witnesses on the same local biome transition; two shifted contexts agree; cumulative topology preserved
1852,2575,133376,236160,133504,236288,0/2/61/255,0/2/52/255,T573,T564,S1419,pertorogwaith,consistent pre-V2 opposite-side territory witnesses on the same local biome transition; two shifted contexts agree; cumulative topology preserved
1838,2576,131584,236288,131712,236416,0/2/57/255,0/2/61/255,T569,T573,S1418,farHarad,consistent pre-V2 opposite-side territory witnesses on the same local biome transition; two shifted contexts agree; cumulative topology preserved
1838,2577,131584,236416,131712,236544,0/2/57/255,0/2/61/255,T569,T573,S1418,farHarad,consistent pre-V2 opposite-side territory witnesses on the same local biome transition; two shifted contexts agree; cumulative topology preserved
1838,2578,131584,236544,131712,236672,0/2/57/255,0/2/61/255,T569,T573,S1418,farHarad,consistent pre-V2 opposite-side territory witnesses on the same local biome transition; two shifted contexts agree; cumulative topology preserved
1838,2579,131584,236672,131712,236800,0/2/57/255,0/2/61/255,T569,T573,S1418,farHarad,consistent pre-V2 opposite-side territory witnesses on the same local biome transition; two shifted contexts agree; cumulative topology preserved
1838,2580,131584,236800,131712,236928,0/2/57/255,0/2/61/255,T569,T573,S1418,farHarad,consistent pre-V2 opposite-side territory witnesses on the same local biome transition; two shifted contexts agree; cumulative topology preserved
1856,2581,133888,236928,134016,237056,0/2/61/255,0/2/52/255,T573,T564,S1420,pertorogwaith,consistent pre-V2 opposite-side territory witnesses on the same local biome transition; two shifted contexts agree; cumulative topology preserved
1856,2582,133888,237056,134016,237184,0/2/61/255,0/2/52/255,T573,T564,S1420,pertorogwaith,consistent pre-V2 opposite-side territory witnesses on the same local biome transition; two shifted contexts agree; cumulative topology preserved
1856,2583,133888,237184,134016,237312,0/2/61/255,0/2/52/255,T573,T564,S1420,pertorogwaith,consistent pre-V2 opposite-side territory witnesses on the same local biome transition; two shifted contexts agree; cumulative topology preserved
1856,2584,133888,237312,134016,237440,0/2/61/255,0/2/52/255,T573,T564,S1420,pertorogwaith,consistent pre-V2 opposite-side territory witnesses on the same local biome transition; two shifted contexts agree; cumulative topology preserved
1857,2587,134016,237696,134144,237824,0/2/61/255,0/2/52/255,T573,T564,S1421,pertorogwaith,consistent pre-V2 opposite-side territory witnesses on the same local biome transition; two shifted contexts agree; cumulative topology preserved
1857,2588,134016,237824,134144,237952,0/2/61/255,0/2/52/255,T573,T564,S1421,pertorogwaith,consistent pre-V2 opposite-side territory witnesses on the same local biome transition; two shifted contexts agree; cumulative topology preserved
1112,2590,38656,238080,38784,238208,0/2/51/255,0/2/40/255,T563,T552,S1422,farHarad,consistent pre-V2 opposite-side territory witnesses on the same local biome transition; two shifted contexts agree; cumulative topology preserved
1858,2591,134144,238208,134272,238336,0/2/61/255,0/2/52/255,T573,T564,S1423,pertorogwaith,consistent pre-V2 opposite-side territory witnesses on the same local biome transition; two shifted contexts agree; cumulative topology preserved
1858,2592,134144,238336,134272,238464,0/2/61/255,0/2/52/255,T573,T564,S1423,pertorogwaith,consistent pre-V2 opposite-side territory witnesses on the same local biome transition; two shifted contexts agree; cumulative topology preserved
1113,2594,38784,238592,38912,238720,0/2/40/255,0/2/51/255,T552,T563,S1424,farHaradSwamp,consistent pre-V2 opposite-side territory witnesses on the same local biome transition; two shifted contexts agree; cumulative topology preserved
1859,2594,134272,238592,134400,238720,0/2/61/255,0/2/52/255,T573,T564,S1425,pertorogwaith,consistent pre-V2 opposite-side territory witnesses on the same local biome transition; two shifted contexts agree; cumulative topology preserved
1860,2595,134400,238720,134528,238848,0/2/61/255,0/2/52/255,T573,T564,S1425,pertorogwaith,consistent pre-V2 opposite-side territory witnesses on the same local biome transition; two shifted contexts agree; cumulative topology preserved
1861,2596,134528,238848,134656,238976,0/2/61/255,0/2/52/255,T573,T564,S1425,pertorogwaith,consistent pre-V2 opposite-side territory witnesses on the same local biome transition; two shifted contexts agree; cumulative topology preserved
1842,2598,132096,239104,132224,239232,0/2/57/255,0/2/61/255,T569,T573,S1426,farHarad,consistent pre-V2 opposite-side territory witnesses on the same local biome transition; two shifted contexts agree; cumulative topology preserved
1116,2599,39168,239232,39296,239360,0/2/51/255,0/2/40/255,T563,T552,S1427,farHarad,consistent pre-V2 opposite-side territory witnesses on the same local biome transition; two shifted contexts agree; cumulative topology preserved
1117,2600,39296,239360,39424,239488,0/2/51/255,0/2/40/255,T563,T552,S1427,farHarad,consistent pre-V2 opposite-side territory witnesses on the same local biome transition; two shifted contexts agree; cumulative topology preserved
1119,2601,39552,239488,39680,239616,0/2/51/255,0/2/40/255,T563,T552,S1428,farHarad,consistent pre-V2 opposite-side territory witnesses on the same local biome transition; two shifted contexts agree; cumulative topology preserved
1846,2603,132608,239744,132736,239872,0/2/61/255,0/2/57/255,T573,T569,S1429,farHaradForest,consistent pre-V2 opposite-side territory witnesses on the same local biome transition; two shifted contexts agree; cumulative topology preserved
1509,2604,89472,239872,89600,240000,0/2/53/255,0/2/54/255,T565,T566,S1430,farHaradJungleEdge,consistent pre-V2 opposite-side territory witnesses on the same local biome transition; two shifted contexts agree; cumulative topology preserved
1510,2604,89600,239872,89728,240000,0/2/53/255,0/2/54/255,T565,T566,S1430,farHaradJungleEdge,consistent pre-V2 opposite-side territory witnesses on the same local biome transition; two shifted contexts agree; cumulative topology preserved
1511,2604,89728,239872,89856,240000,0/2/53/255,0/2/54/255,T565,T566,S1430,farHaradJungleEdge,consistent pre-V2 opposite-side territory witnesses on the same local biome transition; two shifted contexts agree; cumulative topology preserved
1847,2605,132736,240000,132864,240128,0/2/61/255,0/2/57/255,T573,T569,S1431,farHaradForest,consistent pre-V2 opposite-side territory witnesses on the same local biome transition; two shifted contexts agree; cumulative topology preserved
1141,2606,42368,240128,42496,240256,0/2/40/255,0/2/51/255,T552,T563,S1432,farHaradSwamp,consistent pre-V2 opposite-side territory witnesses on the same local biome transition; two shifted contexts agree; cumulative topology preserved
1142,2606,42496,240128,42624,240256,0/2/40/255,0/2/51/255,T552,T563,S1432,farHaradSwamp,consistent pre-V2 opposite-side territory witnesses on the same local biome transition; two shifted contexts agree; cumulative topology preserved
1143,2606,42624,240128,42752,240256,0/2/40/255,0/2/51/255,T552,T563,S1432,farHaradSwamp,consistent pre-V2 opposite-side territory witnesses on the same local biome transition; two shifted contexts agree; cumulative topology preserved
1144,2606,42752,240128,42880,240256,0/2/40/255,0/2/51/255,T552,T563,S1432,farHaradSwamp,consistent pre-V2 opposite-side territory witnesses on the same local biome transition; two shifted contexts agree; cumulative topology preserved
1145,2606,42880,240128,43008,240256,0/2/40/255,0/2/51/255,T552,T563,S1432,farHaradSwamp,consistent pre-V2 opposite-side territory witnesses on the same local biome transition; two shifted contexts agree; cumulative topology preserved
1146,2606,43008,240128,43136,240256,0/2/40/255,0/2/51/255,T552,T563,S1432,farHaradSwamp,consistent pre-V2 opposite-side territory witnesses on the same local biome transition; two shifted contexts agree; cumulative topology preserved
1133,2607,41344,240256,41472,240384,0/2/51/255,0/2/40/255,T563,T552,S1433,farHarad,consistent pre-V2 opposite-side territory witnesses on the same local biome transition; two shifted contexts agree; cumulative topology preserved
1134,2607,41472,240256,41600,240384,0/2/51/255,0/2/40/255,T563,T552,S1433,farHarad,consistent pre-V2 opposite-side territory witnesses on the same local biome transition; two shifted contexts agree; cumulative topology preserved
1135,2607,41600,240256,41728,240384,0/2/51/255,0/2/40/255,T563,T552,S1433,farHarad,consistent pre-V2 opposite-side territory witnesses on the same local biome transition; two shifted contexts agree; cumulative topology preserved
1136,2607,41728,240256,41856,240384,0/2/51/255,0/2/40/255,T563,T552,S1433,farHarad,consistent pre-V2 opposite-side territory witnesses on the same local biome transition; two shifted contexts agree; cumulative topology preserved
1150,2607,43520,240256,43648,240384,0/2/51/255,0/2/40/255,T563,T552,S1434,farHarad,consistent pre-V2 opposite-side territory witnesses on the same local biome transition; two shifted contexts agree; cumulative topology preserved
1151,2607,43648,240256,43776,240384,0/2/51/255,0/2/40/255,T563,T552,S1434,farHarad,consistent pre-V2 opposite-side territory witnesses on the same local biome transition; two shifted contexts agree; cumulative topology preserved
1152,2607,43776,240256,43904,240384,0/2/51/255,0/2/40/255,T563,T552,S1434,farHarad,consistent pre-V2 opposite-side territory witnesses on the same local biome transition; two shifted contexts agree; cumulative topology preserved
1153,2607,43904,240256,44032,240384,0/2/51/255,0/2/40/255,T563,T552,S1434,farHarad,consistent pre-V2 opposite-side territory witnesses on the same local biome transition; two shifted contexts agree; cumulative topology preserved
1154,2607,44032,240256,44160,240384,0/2/51/255,0/2/40/255,T563,T552,S1434,farHarad,consistent pre-V2 opposite-side territory witnesses on the same local biome transition; two shifted contexts agree; cumulative topology preserved
1155,2607,44160,240256,44288,240384,0/2/51/255,0/2/40/255,T563,T552,S1434,farHarad,consistent pre-V2 opposite-side territory witnesses on the same local biome transition; two shifted contexts agree; cumulative topology preserved
1848,2607,132864,240256,132992,240384,0/2/57/255,0/2/61/255,T569,T573,S1435,farHarad,consistent pre-V2 opposite-side territory witnesses on the same local biome transition; two shifted contexts agree; cumulative topology preserved
1849,2609,132992,240512,133120,240640,0/2/57/255,0/2/61/255,T569,T573,S1436,farHarad,consistent pre-V2 opposite-side territory witnesses on the same local biome transition; two shifted contexts agree; cumulative topology preserved
1849,2610,132992,240640,133120,240768,0/2/57/255,0/2/61/255,T569,T573,S1436,farHarad,consistent pre-V2 opposite-side territory witnesses on the same local biome transition; two shifted contexts agree; cumulative topology preserved
1520,2611,90880,240768,91008,240896,0/2/54/255,0/2/53/255,T566,T565,S1437,farHarad,consistent pre-V2 opposite-side territory witnesses on the same local biome transition; two shifted contexts agree; cumulative topology preserved
1850,2613,133120,241024,133248,241152,0/2/57/255,0/2/61/255,T569,T573,S1438,farHarad,consistent pre-V2 opposite-side territory witnesses on the same local biome transition; two shifted contexts agree; cumulative topology preserved
1866,2615,135168,241280,135296,241408,0/2/61/255,0/2/52/255,T573,T564,S1439,pertorogwaith,consistent pre-V2 opposite-side territory witnesses on the same local biome transition; two shifted contexts agree; cumulative topology preserved
1867,2616,135296,241408,135424,241536,0/2/61/255,0/2/52/255,T573,T564,S1439,pertorogwaith,consistent pre-V2 opposite-side territory witnesses on the same local biome transition; two shifted contexts agree; cumulative topology preserved
1869,2618,135552,241664,135680,241792,0/2/61/255,0/2/52/255,T573,T564,S1440,pertorogwaith,consistent pre-V2 opposite-side territory witnesses on the same local biome transition; two shifted contexts agree; cumulative topology preserved
1869,2619,135552,241792,135680,241920,0/2/61/255,0/2/52/255,T573,T564,S1440,pertorogwaith,consistent pre-V2 opposite-side territory witnesses on the same local biome transition; two shifted contexts agree; cumulative topology preserved
1532,2621,92416,242048,92544,242176,0/2/53/255,0/2/54/255,T565,T566,S1441,farHaradJungleEdge,consistent pre-V2 opposite-side territory witnesses on the same local biome transition; two shifted contexts agree; cumulative topology preserved
1871,2623,135808,242304,135936,242432,0/2/61/255,0/2/52/255,T573,T564,S1442,pertorogwaith,consistent pre-V2 opposite-side territory witnesses on the same local biome transition; two shifted contexts agree; cumulative topology preserved
1534,2624,92672,242432,92800,242560,0/2/53/255,0/2/54/255,T565,T566,S1443,farHaradJungleEdge,consistent pre-V2 opposite-side territory witnesses on the same local biome transition; two shifted contexts agree; cumulative topology preserved
1872,2624,135936,242432,136064,242560,0/2/61/255,0/2/52/255,T573,T564,S1442,pertorogwaith,consistent pre-V2 opposite-side territory witnesses on the same local biome transition; two shifted contexts agree; cumulative topology preserved
1872,2625,135936,242560,136064,242688,0/2/61/255,0/2/52/255,T573,T564,S1442,pertorogwaith,consistent pre-V2 opposite-side territory witnesses on the same local biome transition; two shifted contexts agree; cumulative topology preserved
1145,2626,42880,242688,43008,242816,0/2/51/255,0/2/56/255,T563,T568,S1444,farHarad,consistent pre-V2 opposite-side territory witnesses on the same local biome transition; two shifted contexts agree; cumulative topology preserved
1108,2628,38144,242944,38272,243072,0/2/51/255,0/2/56/255,T563,T568,S1445,farHarad,consistent pre-V2 opposite-side territory witnesses on the same local biome transition; two shifted contexts agree; cumulative topology preserved
1109,2628,38272,242944,38400,243072,0/2/51/255,0/2/56/255,T563,T568,S1445,farHarad,consistent pre-V2 opposite-side territory witnesses on the same local biome transition; two shifted contexts agree; cumulative topology preserved
1142,2628,42496,242944,42624,243072,0/2/51/255,0/2/56/255,T563,T568,S1446,farHarad,consistent pre-V2 opposite-side territory witnesses on the same local biome transition; two shifted contexts agree; cumulative topology preserved
1097,2629,36736,243072,36864,243200,0/2/51/255,0/2/56/255,T563,T568,S1447,farHarad,consistent pre-V2 opposite-side territory witnesses on the same local biome transition; two shifted contexts agree; cumulative topology preserved
1141,2629,42368,243072,42496,243200,0/2/51/255,0/2/56/255,T563,T568,S1446,farHarad,consistent pre-V2 opposite-side territory witnesses on the same local biome transition; two shifted contexts agree; cumulative topology preserved
1096,2630,36608,243200,36736,243328,0/2/51/255,0/2/56/255,T563,T568,S1447,farHarad,consistent pre-V2 opposite-side territory witnesses on the same local biome transition; two shifted contexts agree; cumulative topology preserved
1855,2630,133760,243200,133888,243328,0/2/57/255,0/2/61/255,T569,T573,S1448,farHarad,consistent pre-V2 opposite-side territory witnesses on the same local biome transition; two shifted contexts agree; cumulative topology preserved
1878,2630,136704,243200,136832,243328,0/2/61/255,0/2/52/255,T573,T564,S1449,pertorogwaith,consistent pre-V2 opposite-side territory witnesses on the same local biome transition; two shifted contexts agree; cumulative topology preserved
1117,2631,39296,243328,39424,243456,0/2/56/255,0/2/51/255,T568,T563,S1450,farHaradSwamp,consistent pre-V2 opposite-side territory witnesses on the same local biome transition; two shifted contexts agree; cumulative topology preserved
1879,2631,136832,243328,136960,243456,0/2/61/255,0/2/52/255,T573,T564,S1449,pertorogwaith,consistent pre-V2 opposite-side territory witnesses on the same local biome transition; two shifted contexts agree; cumulative topology preserved
1119,2632,39552,243456,39680,243584,0/2/51/255,0/2/56/255,T563,T568,S1451,farHarad,consistent pre-V2 opposite-side territory witnesses on the same local biome transition; two shifted contexts agree; cumulative topology preserved
1120,2632,39680,243456,39808,243584,0/2/51/255,0/2/56/255,T563,T568,S1451,farHarad,consistent pre-V2 opposite-side territory witnesses on the same local biome transition; two shifted contexts agree; cumulative topology preserved
1138,2632,41984,243456,42112,243584,0/2/51/255,0/2/56/255,T563,T568,S1452,farHarad,consistent pre-V2 opposite-side territory witnesses on the same local biome transition; two shifted contexts agree; cumulative topology preserved
1541,2632,93568,243456,93696,243584,0/2/54/255,0/2/53/255,T566,T565,S1453,farHarad,consistent pre-V2 opposite-side territory witnesses on the same local biome transition; two shifted contexts agree; cumulative topology preserved
1880,2632,136960,243456,137088,243584,0/2/61/255,0/2/52/255,T573,T564,S1449,pertorogwaith,consistent pre-V2 opposite-side territory witnesses on the same local biome transition; two shifted contexts agree; cumulative topology preserved
1124,2633,40192,243584,40320,243712,0/2/51/255,0/2/56/255,T563,T568,S1454,farHarad,consistent pre-V2 opposite-side territory witnesses on the same local biome transition; two shifted contexts agree; cumulative topology preserved
1125,2633,40320,243584,40448,243712,0/2/51/255,0/2/56/255,T563,T568,S1454,farHarad,consistent pre-V2 opposite-side territory witnesses on the same local biome transition; two shifted contexts agree; cumulative topology preserved
1135,2633,41600,243584,41728,243712,0/2/51/255,0/2/56/255,T563,T568,S1455,farHarad,consistent pre-V2 opposite-side territory witnesses on the same local biome transition; two shifted contexts agree; cumulative topology preserved
1136,2633,41728,243584,41856,243712,0/2/51/255,0/2/56/255,T563,T568,S1455,farHarad,consistent pre-V2 opposite-side territory witnesses on the same local biome transition; two shifted contexts agree; cumulative topology preserved
1544,2633,93952,243584,94080,243712,0/2/54/255,0/2/53/255,T566,T565,S1456,farHarad,consistent pre-V2 opposite-side territory witnesses on the same local biome transition; two shifted contexts agree; cumulative topology preserved
1858,2633,134144,243584,134272,243712,0/2/61/255,0/2/57/255,T573,T569,S1457,farHaradForest,consistent pre-V2 opposite-side territory witnesses on the same local biome transition; two shifted contexts agree; cumulative topology preserved
1859,2634,134272,243712,134400,243840,0/2/61/255,0/2/57/255,T573,T569,S1457,farHaradForest,consistent pre-V2 opposite-side territory witnesses on the same local biome transition; two shifted contexts agree; cumulative topology preserved
1552,2635,94976,243840,95104,243968,0/2/54/255,0/2/53/255,T566,T565,S1458,farHarad,consistent pre-V2 opposite-side territory witnesses on the same local biome transition; two shifted contexts agree; cumulative topology preserved
1867,2638,135296,244224,135424,244352,0/2/61/255,0/2/57/255,T573,T569,S1459,farHaradForest,consistent pre-V2 opposite-side territory witnesses on the same local biome transition; two shifted contexts agree; cumulative topology preserved
1870,2642,135680,244736,135808,244864,0/2/57/255,0/2/61/255,T569,T573,S1460,farHarad,consistent pre-V2 opposite-side territory witnesses on the same local biome transition; two shifted contexts agree; cumulative topology preserved
1885,2642,137600,244736,137728,244864,0/2/61/255,0/2/52/255,T573,T564,S1461,pertorogwaith,consistent pre-V2 opposite-side territory witnesses on the same local biome transition; two shifted contexts agree; cumulative topology preserved
1871,2645,135808,245120,135936,245248,0/2/57/255,0/2/61/255,T569,T573,S1462,farHarad,consistent pre-V2 opposite-side territory witnesses on the same local biome transition; two shifted contexts agree; cumulative topology preserved
1884,2645,137472,245120,137600,245248,0/2/61/255,0/2/52/255,T573,T564,S1463,pertorogwaith,consistent pre-V2 opposite-side territory witnesses on the same local biome transition; two shifted contexts agree; cumulative topology preserved
1319,2653,65152,246144,65280,246272,0/2/56/255,0/2/68/255,T568,T580,S1464,farHaradJungleEdge,consistent pre-V2 opposite-side territory witnesses on the same local biome transition; two shifted contexts agree; cumulative topology preserved
1312,2655,64256,246400,64384,246528,0/2/68/255,0/2/56/255,T580,T568,S1465,farHarad,consistent pre-V2 opposite-side territory witnesses on the same local biome transition; two shifted contexts agree; cumulative topology preserved
1861,2656,134528,246528,134656,246656,0/2/57/255,0/2/61/255,T569,T573,S1466,farHarad,consistent pre-V2 opposite-side territory witnesses on the same local biome transition; two shifted contexts agree; cumulative topology preserved
1862,2656,134656,246528,134784,246656,0/2/57/255,0/2/61/255,T569,T573,S1466,farHarad,consistent pre-V2 opposite-side territory witnesses on the same local biome transition; two shifted contexts agree; cumulative topology preserved
1871,2656,135808,246528,135936,246656,0/2/61/255,0/2/57/255,T573,T569,S1467,farHaradForest,consistent pre-V2 opposite-side territory witnesses on the same local biome transition; two shifted contexts agree; cumulative topology preserved
1860,2657,134400,246656,134528,246784,0/2/57/255,0/2/61/255,T569,T573,S1466,farHarad,consistent pre-V2 opposite-side territory witnesses on the same local biome transition; two shifted contexts agree; cumulative topology preserved
1859,2658,134272,246784,134400,246912,0/2/57/255,0/2/61/255,T569,T573,S1466,farHarad,consistent pre-V2 opposite-side territory witnesses on the same local biome transition; two shifted contexts agree; cumulative topology preserved
1859,2659,134272,246912,134400,247040,0/2/57/255,0/2/61/255,T569,T573,S1466,farHarad,consistent pre-V2 opposite-side territory witnesses on the same local biome transition; two shifted contexts agree; cumulative topology preserved
1859,2660,134272,247040,134400,247168,0/2/57/255,0/2/61/255,T569,T573,S1466,farHarad,consistent pre-V2 opposite-side territory witnesses on the same local biome transition; two shifted contexts agree; cumulative topology preserved
1859,2669,134272,248192,134400,248320,0/2/57/255,0/2/61/255,T569,T573,S1468,farHarad,consistent pre-V2 opposite-side territory witnesses on the same local biome transition; two shifted contexts agree; cumulative topology preserved
1729,2671,117632,248448,117760,248576,0/2/57/255,0/2/63/255,T569,T575,S1469,farHarad,consistent pre-V2 opposite-side territory witnesses on the same local biome transition; two shifted contexts agree; cumulative topology preserved
1858,2672,134144,248576,134272,248704,0/2/57/255,0/2/61/255,T569,T573,S1470,farHarad,consistent pre-V2 opposite-side territory witnesses on the same local biome transition; two shifted contexts agree; cumulative topology preserved
1035,2673,28800,248704,28928,248832,0/2/62/255,0/2/69/255,T574,T581,S1471,farHaradJungleEdge,consistent pre-V2 opposite-side territory witnesses on the same local biome transition; two shifted contexts agree; cumulative topology preserved
1730,2673,117760,248704,117888,248832,0/2/57/255,0/2/63/255,T569,T575,S1472,farHarad,consistent pre-V2 opposite-side territory witnesses on the same local biome transition; two shifted contexts agree; cumulative topology preserved
1812,2673,128256,248704,128384,248832,0/2/57/255,0/2/61/255,T569,T573,S1473,farHarad,consistent pre-V2 opposite-side territory witnesses on the same local biome transition; two shifted contexts agree; cumulative topology preserved
1813,2673,128384,248704,128512,248832,0/2/57/255,0/2/61/255,T569,T573,S1473,farHarad,consistent pre-V2 opposite-side territory witnesses on the same local biome transition; two shifted contexts agree; cumulative topology preserved
1858,2673,134144,248704,134272,248832,0/2/57/255,0/2/61/255,T569,T573,S1470,farHarad,consistent pre-V2 opposite-side territory witnesses on the same local biome transition; two shifted contexts agree; cumulative topology preserved
1858,2674,134144,248832,134272,248960,0/2/57/255,0/2/61/255,T569,T573,S1470,farHarad,consistent pre-V2 opposite-side territory witnesses on the same local biome transition; two shifted contexts agree; cumulative topology preserved
1858,2675,134144,248960,134272,249088,0/2/57/255,0/2/61/255,T569,T573,S1470,farHarad,consistent pre-V2 opposite-side territory witnesses on the same local biome transition; two shifted contexts agree; cumulative topology preserved
1041,2677,29568,249216,29696,249344,0/2/69/255,0/2/62/255,T581,T574,S1474,farHarad,consistent pre-V2 opposite-side territory witnesses on the same local biome transition; two shifted contexts agree; cumulative topology preserved
1805,2677,127360,249216,127488,249344,0/2/57/255,0/2/61/255,T569,T573,S1475,farHarad,consistent pre-V2 opposite-side territory witnesses on the same local biome transition; two shifted contexts agree; cumulative topology preserved
1817,2677,128896,249216,129024,249344,0/2/57/255,0/2/61/255,T569,T573,S1476,farHarad,consistent pre-V2 opposite-side territory witnesses on the same local biome transition; two shifted contexts agree; cumulative topology preserved
1044,2678,29952,249344,30080,249472,0/2/69/255,0/2/62/255,T581,T574,S1477,farHarad,consistent pre-V2 opposite-side territory witnesses on the same local biome transition; two shifted contexts agree; cumulative topology preserved
1804,2678,127232,249344,127360,249472,0/2/57/255,0/2/61/255,T569,T573,S1475,farHarad,consistent pre-V2 opposite-side territory witnesses on the same local biome transition; two shifted contexts agree; cumulative topology preserved
1045,2679,30080,249472,30208,249600,0/2/69/255,0/2/62/255,T581,T574,S1477,farHarad,consistent pre-V2 opposite-side territory witnesses on the same local biome transition; two shifted contexts agree; cumulative topology preserved
1047,2680,30336,249600,30464,249728,0/2/69/255,0/2/62/255,T581,T574,S1478,farHarad,consistent pre-V2 opposite-side territory witnesses on the same local biome transition; two shifted contexts agree; cumulative topology preserved
1049,2682,30592,249856,30720,249984,0/2/62/255,0/2/69/255,T574,T581,S1479,farHaradJungleEdge,consistent pre-V2 opposite-side territory witnesses on the same local biome transition; two shifted contexts agree; cumulative topology preserved
1802,2682,126976,249856,127104,249984,0/2/57/255,0/2/61/255,T569,T573,S1480,farHarad,consistent pre-V2 opposite-side territory witnesses on the same local biome transition; two shifted contexts agree; cumulative topology preserved
1049,2683,30592,249984,30720,250112,0/2/62/255,0/2/69/255,T574,T581,S1479,farHaradJungleEdge,consistent pre-V2 opposite-side territory witnesses on the same local biome transition; two shifted contexts agree; cumulative topology preserved
1049,2684,30592,250112,30720,250240,0/2/62/255,0/2/69/255,T574,T581,S1479,farHaradJungleEdge,consistent pre-V2 opposite-side territory witnesses on the same local biome transition; two shifted contexts agree; cumulative topology preserved
1801,2684,126848,250112,126976,250240,0/2/61/255,0/2/57/255,T573,T569,S1481,farHaradForest,consistent pre-V2 opposite-side territory witnesses on the same local biome transition; two shifted contexts agree; cumulative topology preserved
1743,2686,119424,250368,119552,250496,0/2/57/255,0/2/63/255,T569,T575,S1482,farHarad,consistent pre-V2 opposite-side territory witnesses on the same local biome transition; two shifted contexts agree; cumulative topology preserved
1854,2686,133632,250368,133760,250496,0/2/57/255,0/2/61/255,T569,T573,S1483,farHarad,consistent pre-V2 opposite-side territory witnesses on the same local biome transition; two shifted contexts agree; cumulative topology preserved
1070,2687,33280,250496,33408,250624,0/2/66/255,0/2/62/255,T578,T574,S1484,farHarad,consistent pre-V2 opposite-side territory witnesses on the same local biome transition; two shifted contexts agree; cumulative topology preserved
1743,2687,119424,250496,119552,250624,0/2/57/255,0/2/63/255,T569,T575,S1482,farHarad,consistent pre-V2 opposite-side territory witnesses on the same local biome transition; two shifted contexts agree; cumulative topology preserved
1852,2687,133376,250496,133504,250624,0/2/57/255,0/2/61/255,T569,T573,S1485,farHarad,consistent pre-V2 opposite-side territory witnesses on the same local biome transition; two shifted contexts agree; cumulative topology preserved
1079,2688,34432,250624,34560,250752,0/2/62/255,0/2/66/255,T574,T578,S1486,farHaradSwamp,consistent pre-V2 opposite-side territory witnesses on the same local biome transition; two shifted contexts agree; cumulative topology preserved
1080,2688,34560,250624,34688,250752,0/2/62/255,0/2/66/255,T574,T578,S1486,farHaradSwamp,consistent pre-V2 opposite-side territory witnesses on the same local biome transition; two shifted contexts agree; cumulative topology preserved
1851,2688,133248,250624,133376,250752,0/2/57/255,0/2/61/255,T569,T573,S1485,farHarad,consistent pre-V2 opposite-side territory witnesses on the same local biome transition; two shifted contexts agree; cumulative topology preserved
1782,2689,124416,250752,124544,250880,0/2/57/255,0/2/61/255,T569,T573,S1487,farHarad,consistent pre-V2 opposite-side territory witnesses on the same local biome transition; two shifted contexts agree; cumulative topology preserved
1850,2689,133120,250752,133248,250880,0/2/57/255,0/2/61/255,T569,T573,S1485,farHarad,consistent pre-V2 opposite-side territory witnesses on the same local biome transition; two shifted contexts agree; cumulative topology preserved
1046,2690,30208,250880,30336,251008,0/2/62/255,0/2/69/255,T574,T581,S1488,farHaradJungleEdge,consistent pre-V2 opposite-side territory witnesses on the same local biome transition; two shifted contexts agree; cumulative topology preserved
1083,2690,34944,250880,35072,251008,0/2/62/255,0/2/66/255,T574,T578,S1489,farHaradSwamp,consistent pre-V2 opposite-side territory witnesses on the same local biome transition; two shifted contexts agree; cumulative topology preserved
1782,2690,124416,250880,124544,251008,0/2/57/255,0/2/61/255,T569,T573,S1487,farHarad,consistent pre-V2 opposite-side territory witnesses on the same local biome transition; two shifted contexts agree; cumulative topology preserved
1826,2690,130048,250880,130176,251008,0/2/61/255,0/2/57/255,T573,T569,S1490,farHaradForest,consistent pre-V2 opposite-side territory witnesses on the same local biome transition; two shifted contexts agree; cumulative topology preserved
1095,2691,36480,251008,36608,251136,0/2/66/255,0/2/65/255,T578,T577,S1491,farHarad,consistent pre-V2 opposite-side territory witnesses on the same local biome transition; two shifted contexts agree; cumulative topology preserved
1636,2691,105728,251008,105856,251136,0/2/63/255,0/2/77/255,T575,T589,S1492,farHaradMangrove,consistent pre-V2 opposite-side territory witnesses on the same local biome transition; two shifted contexts agree; cumulative topology preserved
1782,2691,124416,251008,124544,251136,0/2/57/255,0/2/61/255,T569,T573,S1487,farHarad,consistent pre-V2 opposite-side territory witnesses on the same local biome transition; two shifted contexts agree; cumulative topology preserved
1637,2692,105856,251136,105984,251264,0/2/63/255,0/2/77/255,T575,T589,S1492,farHaradMangrove,consistent pre-V2 opposite-side territory witnesses on the same local biome transition; two shifted contexts agree; cumulative topology preserved
1782,2692,124416,251136,124544,251264,0/2/57/255,0/2/61/255,T569,T573,S1487,farHarad,consistent pre-V2 opposite-side territory witnesses on the same local biome transition; two shifted contexts agree; cumulative topology preserved
1828,2692,130304,251136,130432,251264,0/2/57/255,0/2/61/255,T569,T573,S1493,farHarad,consistent pre-V2 opposite-side territory witnesses on the same local biome transition; two shifted contexts agree; cumulative topology preserved
1849,2692,132992,251136,133120,251264,0/2/61/255,0/2/57/255,T573,T569,S1494,farHaradForest,consistent pre-V2 opposite-side territory witnesses on the same local biome transition; two shifted contexts agree; cumulative topology preserved
1638,2693,105984,251264,106112,251392,0/2/63/255,0/2/77/255,T575,T589,S1492,farHaradMangrove,consistent pre-V2 opposite-side territory witnesses on the same local biome transition; two shifted contexts agree; cumulative topology preserved
1782,2693,124416,251264,124544,251392,0/2/57/255,0/2/61/255,T569,T573,S1487,farHarad,consistent pre-V2 opposite-side territory witnesses on the same local biome transition; two shifted contexts agree; cumulative topology preserved
1831,2693,130688,251264,130816,251392,0/2/61/255,0/2/57/255,T573,T569,S1495,farHaradForest,consistent pre-V2 opposite-side territory witnesses on the same local biome transition; two shifted contexts agree; cumulative topology preserved
1066,2694,32768,251392,32896,251520,0/2/66/255,0/2/62/255,T578,T574,S1496,farHarad,consistent pre-V2 opposite-side territory witnesses on the same local biome transition; two shifted contexts agree; cumulative topology preserved
1639,2694,106112,251392,106240,251520,0/2/63/255,0/2/77/255,T575,T589,S1492,farHaradMangrove,consistent pre-V2 opposite-side territory witnesses on the same local biome transition; two shifted contexts agree; cumulative topology preserved
1834,2694,131072,251392,131200,251520,0/2/61/255,0/2/57/255,T573,T569,S1497,farHaradForest,consistent pre-V2 opposite-side territory witnesses on the same local biome transition; two shifted contexts agree; cumulative topology preserved
1835,2694,131200,251392,131328,251520,0/2/61/255,0/2/57/255,T573,T569,S1497,farHaradForest,consistent pre-V2 opposite-side territory witnesses on the same local biome transition; two shifted contexts agree; cumulative topology preserved
1042,2695,29696,251520,29824,251648,0/2/69/255,0/2/62/255,T581,T574,S1498,farHarad,consistent pre-V2 opposite-side territory witnesses on the same local biome transition; two shifted contexts agree; cumulative topology preserved
1640,2695,106240,251520,106368,251648,0/2/63/255,0/2/77/255,T575,T589,S1492,farHaradMangrove,consistent pre-V2 opposite-side territory witnesses on the same local biome transition; two shifted contexts agree; cumulative topology preserved
1838,2695,131584,251520,131712,251648,0/2/57/255,0/2/61/255,T569,T573,S1499,farHarad,consistent pre-V2 opposite-side territory witnesses on the same local biome transition; two shifted contexts agree; cumulative topology preserved
1839,2695,131712,251520,131840,251648,0/2/57/255,0/2/61/255,T569,T573,S1499,farHarad,consistent pre-V2 opposite-side territory witnesses on the same local biome transition; two shifted contexts agree; cumulative topology preserved
1642,2696,106496,251648,106624,251776,0/2/63/255,0/2/77/255,T575,T589,S1500,farHaradMangrove,consistent pre-V2 opposite-side territory witnesses on the same local biome transition; two shifted contexts agree; cumulative topology preserved
1103,2697,37504,251776,37632,251904,0/2/66/255,0/2/65/255,T578,T577,S1501,farHarad,consistent pre-V2 opposite-side territory witnesses on the same local biome transition; two shifted contexts agree; cumulative topology preserved
1193,2697,49024,251776,49152,251904,0/2/67/255,0/2/56/255,T579,T568,S1502,farHarad,consistent pre-V2 opposite-side territory witnesses on the same local biome transition; two shifted contexts agree; cumulative topology preserved
1104,2698,37632,251904,37760,252032,0/2/66/255,0/2/65/255,T578,T577,S1501,farHarad,consistent pre-V2 opposite-side territory witnesses on the same local biome transition; two shifted contexts agree; cumulative topology preserved
1785,2698,124800,251904,124928,252032,0/2/57/255,0/2/61/255,T569,T573,S1503,farHarad,consistent pre-V2 opposite-side territory witnesses on the same local biome transition; two shifted contexts agree; cumulative topology preserved
1786,2699,124928,252032,125056,252160,0/2/57/255,0/2/61/255,T569,T573,S1503,farHarad,consistent pre-V2 opposite-side territory witnesses on the same local biome transition; two shifted contexts agree; cumulative topology preserved
1197,2700,49536,252160,49664,252288,0/2/67/255,0/2/56/255,T579,T568,S1504,farHarad,consistent pre-V2 opposite-side territory witnesses on the same local biome transition; two shifted contexts agree; cumulative topology preserved
1249,2700,56192,252160,56320,252288,0/2/67/255,0/2/56/255,T579,T568,S1505,farHarad,consistent pre-V2 opposite-side territory witnesses on the same local biome transition; two shifted contexts agree; cumulative topology preserved
1109,2701,38272,252288,38400,252416,0/2/66/255,0/2/65/255,T578,T577,S1506,farHarad,consistent pre-V2 opposite-side territory witnesses on the same local biome transition; two shifted contexts agree; cumulative topology preserved
1066,2703,32768,252544,32896,252672,0/2/66/255,0/2/62/255,T578,T574,S1507,farHarad,consistent pre-V2 opposite-side territory witnesses on the same local biome transition; two shifted contexts agree; cumulative topology preserved
1206,2703,50688,252544,50816,252672,0/2/67/255,0/2/56/255,T579,T568,S1508,farHarad,consistent pre-V2 opposite-side territory witnesses on the same local biome transition; two shifted contexts agree; cumulative topology preserved
1247,2703,55936,252544,56064,252672,0/2/67/255,0/2/56/255,T579,T568,S1509,farHarad,consistent pre-V2 opposite-side territory witnesses on the same local biome transition; two shifted contexts agree; cumulative topology preserved
1208,2704,50944,252672,51072,252800,0/2/67/255,0/2/56/255,T579,T568,S1510,farHarad,consistent pre-V2 opposite-side territory witnesses on the same local biome transition; two shifted contexts agree; cumulative topology preserved
1750,2704,120320,252672,120448,252800,0/2/57/255,0/2/63/255,T569,T575,S1511,farHarad,consistent pre-V2 opposite-side territory witnesses on the same local biome transition; two shifted contexts agree; cumulative topology preserved
1040,2706,29440,252928,29568,253056,0/2/69/255,0/2/62/255,T581,T574,S1512,farHarad,consistent pre-V2 opposite-side territory witnesses on the same local biome transition; two shifted contexts agree; cumulative topology preserved
1065,2706,32640,252928,32768,253056,0/2/66/255,0/2/62/255,T578,T574,S1513,farHarad,consistent pre-V2 opposite-side territory witnesses on the same local biome transition; two shifted contexts agree; cumulative topology preserved
1218,2706,52224,252928,52352,253056,0/2/67/255,0/2/56/255,T579,T568,S1514,farHarad,consistent pre-V2 opposite-side territory witnesses on the same local biome transition; two shifted contexts agree; cumulative topology preserved
1122,2707,39936,253056,40064,253184,0/2/66/255,0/2/65/255,T578,T577,S1515,farHarad,consistent pre-V2 opposite-side territory witnesses on the same local biome transition; two shifted contexts agree; cumulative topology preserved
1231,2709,53888,253312,54016,253440,0/2/67/255,0/2/56/255,T579,T568,S1516,farHarad,consistent pre-V2 opposite-side territory witnesses on the same local biome transition; two shifted contexts agree; cumulative topology preserved
1232,2709,54016,253312,54144,253440,0/2/67/255,0/2/56/255,T579,T568,S1516,farHarad,consistent pre-V2 opposite-side territory witnesses on the same local biome transition; two shifted contexts agree; cumulative topology preserved
1233,2709,54144,253312,54272,253440,0/2/67/255,0/2/56/255,T579,T568,S1516,farHarad,consistent pre-V2 opposite-side territory witnesses on the same local biome transition; two shifted contexts agree; cumulative topology preserved
1234,2709,54272,253312,54400,253440,0/2/67/255,0/2/56/255,T579,T568,S1516,farHarad,consistent pre-V2 opposite-side territory witnesses on the same local biome transition; two shifted contexts agree; cumulative topology preserved
1235,2709,54400,253312,54528,253440,0/2/67/255,0/2/56/255,T579,T568,S1516,farHarad,consistent pre-V2 opposite-side territory witnesses on the same local biome transition; two shifted contexts agree; cumulative topology preserved
1236,2709,54528,253312,54656,253440,0/2/67/255,0/2/56/255,T579,T568,S1516,farHarad,consistent pre-V2 opposite-side territory witnesses on the same local biome transition; two shifted contexts agree; cumulative topology preserved
1237,2709,54656,253312,54784,253440,0/2/67/255,0/2/56/255,T579,T568,S1516,farHarad,consistent pre-V2 opposite-side territory witnesses on the same local biome transition; two shifted contexts agree; cumulative topology preserved
1238,2709,54784,253312,54912,253440,0/2/67/255,0/2/56/255,T579,T568,S1516,farHarad,consistent pre-V2 opposite-side territory witnesses on the same local biome transition; two shifted contexts agree; cumulative topology preserved
1239,2709,54912,253312,55040,253440,0/2/67/255,0/2/56/255,T579,T568,S1516,farHarad,consistent pre-V2 opposite-side territory witnesses on the same local biome transition; two shifted contexts agree; cumulative topology preserved
1652,2710,107776,253440,107904,253568,0/2/77/255,0/2/63/255,T589,T575,S1517,farHarad,consistent pre-V2 opposite-side territory witnesses on the same local biome transition; two shifted contexts agree; cumulative topology preserved
1757,2712,121216,253696,121344,253824,0/2/57/255,0/2/63/255,T569,T575,S1518,farHarad,consistent pre-V2 opposite-side territory witnesses on the same local biome transition; two shifted contexts agree; cumulative topology preserved
1586,2713,99328,253824,99456,253952,0/2/71/255,0/2/64/255,T583,T576,S1519,farHarad,consistent pre-V2 opposite-side territory witnesses on the same local biome transition; two shifted contexts agree; cumulative topology preserved
1653,2713,107904,253824,108032,253952,0/2/77/255,0/2/63/255,T589,T575,S1520,farHarad,consistent pre-V2 opposite-side territory witnesses on the same local biome transition; two shifted contexts agree; cumulative topology preserved
1757,2713,121216,253824,121344,253952,0/2/57/255,0/2/63/255,T569,T575,S1518,farHarad,consistent pre-V2 opposite-side territory witnesses on the same local biome transition; two shifted contexts agree; cumulative topology preserved
1653,2714,107904,253952,108032,254080,0/2/77/255,0/2/63/255,T589,T575,S1520,farHarad,consistent pre-V2 opposite-side territory witnesses on the same local biome transition; two shifted contexts agree; cumulative topology preserved
1757,2714,121216,253952,121344,254080,0/2/57/255,0/2/63/255,T569,T575,S1518,farHarad,consistent pre-V2 opposite-side territory witnesses on the same local biome transition; two shifted contexts agree; cumulative topology preserved
1036,2715,28928,254080,29056,254208,0/2/69/255,0/2/62/255,T581,T574,S1521,farHarad,consistent pre-V2 opposite-side territory witnesses on the same local biome transition; two shifted contexts agree; cumulative topology preserved
1065,2715,32640,254080,32768,254208,0/2/66/255,0/2/62/255,T578,T574,S1522,farHarad,consistent pre-V2 opposite-side territory witnesses on the same local biome transition; two shifted contexts agree; cumulative topology preserved
1127,2715,40576,254080,40704,254208,0/2/65/255,0/2/66/255,T577,T578,S1523,farHaradSwamp,consistent pre-V2 opposite-side territory witnesses on the same local biome transition; two shifted contexts agree; cumulative topology preserved
1588,2715,99584,254080,99712,254208,0/2/64/255,0/2/71/255,T576,T583,S1524,farHaradJungleEdge,consistent pre-V2 opposite-side territory witnesses on the same local biome transition; two shifted contexts agree; cumulative topology preserved
1654,2715,108032,254080,108160,254208,0/2/77/255,0/2/63/255,T589,T575,S1520,farHarad,consistent pre-V2 opposite-side territory witnesses on the same local biome transition; two shifted contexts agree; cumulative topology preserved
1757,2715,121216,254080,121344,254208,0/2/57/255,0/2/63/255,T569,T575,S1518,farHarad,consistent pre-V2 opposite-side territory witnesses on the same local biome transition; two shifted contexts agree; cumulative topology preserved
1036,2716,28928,254208,29056,254336,0/2/69/255,0/2/62/255,T581,T574,S1521,farHarad,consistent pre-V2 opposite-side territory witnesses on the same local biome transition; two shifted contexts agree; cumulative topology preserved
1065,2716,32640,254208,32768,254336,0/2/66/255,0/2/62/255,T578,T574,S1522,farHarad,consistent pre-V2 opposite-side territory witnesses on the same local biome transition; two shifted contexts agree; cumulative topology preserved
1757,2716,121216,254208,121344,254336,0/2/57/255,0/2/63/255,T569,T575,S1518,farHarad,consistent pre-V2 opposite-side territory witnesses on the same local biome transition; two shifted contexts agree; cumulative topology preserved
1036,2717,28928,254336,29056,254464,0/2/69/255,0/2/62/255,T581,T574,S1521,farHarad,consistent pre-V2 opposite-side territory witnesses on the same local biome transition; two shifted contexts agree; cumulative topology preserved
1065,2717,32640,254336,32768,254464,0/2/66/255,0/2/62/255,T578,T574,S1522,farHarad,consistent pre-V2 opposite-side territory witnesses on the same local biome transition; two shifted contexts agree; cumulative topology preserved
1589,2717,99712,254336,99840,254464,0/2/64/255,0/2/71/255,T576,T583,S1525,farHaradJungleEdge,consistent pre-V2 opposite-side territory witnesses on the same local biome transition; two shifted contexts agree; cumulative topology preserved
1757,2717,121216,254336,121344,254464,0/2/57/255,0/2/63/255,T569,T575,S1518,farHarad,consistent pre-V2 opposite-side territory witnesses on the same local biome transition; two shifted contexts agree; cumulative topology preserved
1036,2718,28928,254464,29056,254592,0/2/69/255,0/2/62/255,T581,T574,S1521,farHarad,consistent pre-V2 opposite-side territory witnesses on the same local biome transition; two shifted contexts agree; cumulative topology preserved
1065,2718,32640,254464,32768,254592,0/2/66/255,0/2/62/255,T578,T574,S1522,farHarad,consistent pre-V2 opposite-side territory witnesses on the same local biome transition; two shifted contexts agree; cumulative topology preserved
1128,2718,40704,254464,40832,254592,0/2/66/255,0/2/65/255,T578,T577,S1526,farHarad,consistent pre-V2 opposite-side territory witnesses on the same local biome transition; two shifted contexts agree; cumulative topology preserved
1757,2718,121216,254464,121344,254592,0/2/57/255,0/2/63/255,T569,T575,S1518,farHarad,consistent pre-V2 opposite-side territory witnesses on the same local biome transition; two shifted contexts agree; cumulative topology preserved
1786,2718,124928,254464,125056,254592,0/2/61/255,0/2/57/255,T573,T569,S1527,farHaradForest,consistent pre-V2 opposite-side territory witnesses on the same local biome transition; two shifted contexts agree; cumulative topology preserved
1036,2719,28928,254592,29056,254720,0/2/69/255,0/2/62/255,T581,T574,S1521,farHarad,consistent pre-V2 opposite-side territory witnesses on the same local biome transition; two shifted contexts agree; cumulative topology preserved
1065,2719,32640,254592,32768,254720,0/2/66/255,0/2/62/255,T578,T574,S1522,farHarad,consistent pre-V2 opposite-side territory witnesses on the same local biome transition; two shifted contexts agree; cumulative topology preserved
1128,2719,40704,254592,40832,254720,0/2/66/255,0/2/65/255,T578,T577,S1526,farHarad,consistent pre-V2 opposite-side territory witnesses on the same local biome transition; two shifted contexts agree; cumulative topology preserved
1757,2719,121216,254592,121344,254720,0/2/57/255,0/2/63/255,T569,T575,S1518,farHarad,consistent pre-V2 opposite-side territory witnesses on the same local biome transition; two shifted contexts agree; cumulative topology preserved
1065,2720,32640,254720,32768,254848,0/2/66/255,0/2/62/255,T578,T574,S1522,farHarad,consistent pre-V2 opposite-side territory witnesses on the same local biome transition; two shifted contexts agree; cumulative topology preserved
1757,2720,121216,254720,121344,254848,0/2/57/255,0/2/63/255,T569,T575,S1518,farHarad,consistent pre-V2 opposite-side territory witnesses on the same local biome transition; two shifted contexts agree; cumulative topology preserved
1065,2721,32640,254848,32768,254976,0/2/66/255,0/2/62/255,T578,T574,S1522,farHarad,consistent pre-V2 opposite-side territory witnesses on the same local biome transition; two shifted contexts agree; cumulative topology preserved
1657,2721,108416,254848,108544,254976,0/2/63/255,0/2/77/255,T575,T589,S1528,farHaradMangrove,consistent pre-V2 opposite-side territory witnesses on the same local biome transition; two shifted contexts agree; cumulative topology preserved
1757,2721,121216,254848,121344,254976,0/2/57/255,0/2/63/255,T569,T575,S1518,farHarad,consistent pre-V2 opposite-side territory witnesses on the same local biome transition; two shifted contexts agree; cumulative topology preserved
1065,2722,32640,254976,32768,255104,0/2/66/255,0/2/62/255,T578,T574,S1522,farHarad,consistent pre-V2 opposite-side territory witnesses on the same local biome transition; two shifted contexts agree; cumulative topology preserved
1129,2722,40832,254976,40960,255104,0/2/66/255,0/2/65/255,T578,T577,S1529,farHarad,consistent pre-V2 opposite-side territory witnesses on the same local biome transition; two shifted contexts agree; cumulative topology preserved
1065,2723,32640,255104,32768,255232,0/2/66/255,0/2/62/255,T578,T574,S1522,farHarad,consistent pre-V2 opposite-side territory witnesses on the same local biome transition; two shifted contexts agree; cumulative topology preserved
1129,2723,40832,255104,40960,255232,0/2/66/255,0/2/65/255,T578,T577,S1529,farHarad,consistent pre-V2 opposite-side territory witnesses on the same local biome transition; two shifted contexts agree; cumulative topology preserved
1759,2724,121472,255232,121600,255360,0/2/63/255,0/2/57/255,T575,T569,S1530,farHaradForest,consistent pre-V2 opposite-side territory witnesses on the same local biome transition; two shifted contexts agree; cumulative topology preserved
1659,2725,108672,255360,108800,255488,0/2/63/255,0/2/77/255,T575,T589,S1531,farHaradMangrove,consistent pre-V2 opposite-side territory witnesses on the same local biome transition; two shifted contexts agree; cumulative topology preserved
1064,2726,32512,255488,32640,255616,0/2/66/255,0/2/62/255,T578,T574,S1532,farHarad,consistent pre-V2 opposite-side territory witnesses on the same local biome transition; two shifted contexts agree; cumulative topology preserved
1659,2726,108672,255488,108800,255616,0/2/63/255,0/2/77/255,T575,T589,S1531,farHaradMangrove,consistent pre-V2 opposite-side territory witnesses on the same local biome transition; two shifted contexts agree; cumulative topology preserved
1062,2727,32256,255616,32384,255744,0/2/66/255,0/2/62/255,T578,T574,S1533,farHarad,consistent pre-V2 opposite-side territory witnesses on the same local biome transition; two shifted contexts agree; cumulative topology preserved
1659,2727,108672,255616,108800,255744,0/2/63/255,0/2/77/255,T575,T589,S1531,farHaradMangrove,consistent pre-V2 opposite-side territory witnesses on the same local biome transition; two shifted contexts agree; cumulative topology preserved
1762,2727,121856,255616,121984,255744,0/2/63/255,0/2/57/255,T575,T569,S1534,farHaradForest,consistent pre-V2 opposite-side territory witnesses on the same local biome transition; two shifted contexts agree; cumulative topology preserved
1629,2728,104832,255744,104960,255872,0/2/77/255,0/2/71/255,T589,T583,S1535,farHarad,consistent pre-V2 opposite-side territory witnesses on the same local biome transition; two shifted contexts agree; cumulative topology preserved
1659,2728,108672,255744,108800,255872,0/2/63/255,0/2/77/255,T575,T589,S1531,farHaradMangrove,consistent pre-V2 opposite-side territory witnesses on the same local biome transition; two shifted contexts agree; cumulative topology preserved
1630,2730,104960,256000,105088,256128,0/2/71/255,0/2/77/255,T583,T589,S1536,farHaradMangrove,consistent pre-V2 opposite-side territory witnesses on the same local biome transition; two shifted contexts agree; cumulative topology preserved
1660,2730,108800,256000,108928,256128,0/2/63/255,0/2/77/255,T575,T589,S1537,farHaradMangrove,consistent pre-V2 opposite-side territory witnesses on the same local biome transition; two shifted contexts agree; cumulative topology preserved
1774,2730,123392,256000,123520,256128,0/2/57/255,0/2/63/255,T569,T575,S1538,farHarad,consistent pre-V2 opposite-side territory witnesses on the same local biome transition; two shifted contexts agree; cumulative topology preserved
1775,2730,123520,256000,123648,256128,0/2/57/255,0/2/63/255,T569,T575,S1538,farHarad,consistent pre-V2 opposite-side territory witnesses on the same local biome transition; two shifted contexts agree; cumulative topology preserved
1593,2731,100224,256128,100352,256256,0/2/64/255,0/2/71/255,T576,T583,S1539,farHaradJungleEdge,consistent pre-V2 opposite-side territory witnesses on the same local biome transition; two shifted contexts agree; cumulative topology preserved
1660,2731,108800,256128,108928,256256,0/2/63/255,0/2/77/255,T575,T589,S1537,farHaradMangrove,consistent pre-V2 opposite-side territory witnesses on the same local biome transition; two shifted contexts agree; cumulative topology preserved
1594,2733,100352,256384,100480,256512,0/2/64/255,0/2/71/255,T576,T583,S1540,farHaradJungleEdge,consistent pre-V2 opposite-side territory witnesses on the same local biome transition; two shifted contexts agree; cumulative topology preserved
1595,2735,100480,256640,100608,256768,0/2/64/255,0/2/71/255,T576,T583,S1541,farHaradJungleEdge,consistent pre-V2 opposite-side territory witnesses on the same local biome transition; two shifted contexts agree; cumulative topology preserved
1630,2736,104960,256768,105088,256896,0/2/71/255,0/2/77/255,T583,T589,S1542,farHaradMangrove,consistent pre-V2 opposite-side territory witnesses on the same local biome transition; two shifted contexts agree; cumulative topology preserved
1629,2739,104832,257152,104960,257280,0/2/77/255,0/2/71/255,T589,T583,S1543,farHarad,consistent pre-V2 opposite-side territory witnesses on the same local biome transition; two shifted contexts agree; cumulative topology preserved
1663,2740,109184,257280,109312,257408,0/2/77/255,0/2/63/255,T589,T575,S1544,farHarad,consistent pre-V2 opposite-side territory witnesses on the same local biome transition; two shifted contexts agree; cumulative topology preserved
1664,2742,109312,257536,109440,257664,0/2/77/255,0/2/63/255,T589,T575,S1545,farHarad,consistent pre-V2 opposite-side territory witnesses on the same local biome transition; two shifted contexts agree; cumulative topology preserved
1838,2744,131584,257792,131712,257920,0/2/61/255,0/2/77/255,T573,T589,S1546,farHaradMangrove,consistent pre-V2 opposite-side territory witnesses on the same local biome transition; two shifted contexts agree; cumulative topology preserved
1839,2744,131712,257792,131840,257920,0/2/61/255,0/2/77/255,T573,T589,S1546,farHaradMangrove,consistent pre-V2 opposite-side territory witnesses on the same local biome transition; two shifted contexts agree; cumulative topology preserved
1840,2744,131840,257792,131968,257920,0/2/61/255,0/2/77/255,T573,T589,S1546,farHaradMangrove,consistent pre-V2 opposite-side territory witnesses on the same local biome transition; two shifted contexts agree; cumulative topology preserved
1841,2744,131968,257792,132096,257920,0/2/61/255,0/2/77/255,T573,T589,S1546,farHaradMangrove,consistent pre-V2 opposite-side territory witnesses on the same local biome transition; two shifted contexts agree; cumulative topology preserved
1842,2744,132096,257792,132224,257920,0/2/61/255,0/2/77/255,T573,T589,S1546,farHaradMangrove,consistent pre-V2 opposite-side territory witnesses on the same local biome transition; two shifted contexts agree; cumulative topology preserved
1628,2745,104704,257920,104832,258048,0/2/71/255,0/2/77/255,T583,T589,S1547,farHaradMangrove,consistent pre-V2 opposite-side territory witnesses on the same local biome transition; two shifted contexts agree; cumulative topology preserved
1831,2745,130688,257920,130816,258048,0/2/77/255,0/2/61/255,T589,T573,S1548,farHarad,consistent pre-V2 opposite-side territory witnesses on the same local biome transition; two shifted contexts agree; cumulative topology preserved
1832,2745,130816,257920,130944,258048,0/2/77/255,0/2/61/255,T589,T573,S1548,farHarad,consistent pre-V2 opposite-side territory witnesses on the same local biome transition; two shifted contexts agree; cumulative topology preserved
1833,2745,130944,257920,131072,258048,0/2/77/255,0/2/61/255,T589,T573,S1548,farHarad,consistent pre-V2 opposite-side territory witnesses on the same local biome transition; two shifted contexts agree; cumulative topology preserved
1834,2745,131072,257920,131200,258048,0/2/77/255,0/2/61/255,T589,T573,S1548,farHarad,consistent pre-V2 opposite-side territory witnesses on the same local biome transition; two shifted contexts agree; cumulative topology preserved
1835,2745,131200,257920,131328,258048,0/2/77/255,0/2/61/255,T589,T573,S1548,farHarad,consistent pre-V2 opposite-side territory witnesses on the same local biome transition; two shifted contexts agree; cumulative topology preserved
1824,2746,129792,258048,129920,258176,0/2/77/255,0/2/61/255,T589,T573,S1549,farHarad,consistent pre-V2 opposite-side territory witnesses on the same local biome transition; two shifted contexts agree; cumulative topology preserved
1627,2747,104576,258176,104704,258304,0/2/77/255,0/2/71/255,T589,T583,S1550,farHarad,consistent pre-V2 opposite-side territory witnesses on the same local biome transition; two shifted contexts agree; cumulative topology preserved
1626,2750,104448,258560,104576,258688,0/2/77/255,0/2/71/255,T589,T583,S1551,farHarad,consistent pre-V2 opposite-side territory witnesses on the same local biome transition; two shifted contexts agree; cumulative topology preserved
1753,2752,120704,258816,120832,258944,0/2/63/255,0/2/77/255,T575,T589,S1552,farHaradMangrove,consistent pre-V2 opposite-side territory witnesses on the same local biome transition; two shifted contexts agree; cumulative topology preserved
1774,2753,123392,258944,123520,259072,0/2/77/255,0/2/63/255,T589,T575,S1553,farHarad,consistent pre-V2 opposite-side territory witnesses on the same local biome transition; two shifted contexts agree; cumulative topology preserved
1775,2753,123520,258944,123648,259072,0/2/77/255,0/2/63/255,T589,T575,S1553,farHarad,consistent pre-V2 opposite-side territory witnesses on the same local biome transition; two shifted contexts agree; cumulative topology preserved
1776,2753,123648,258944,123776,259072,0/2/77/255,0/2/63/255,T589,T575,S1553,farHarad,consistent pre-V2 opposite-side territory witnesses on the same local biome transition; two shifted contexts agree; cumulative topology preserved
1777,2753,123776,258944,123904,259072,0/2/77/255,0/2/63/255,T589,T575,S1553,farHarad,consistent pre-V2 opposite-side territory witnesses on the same local biome transition; two shifted contexts agree; cumulative topology preserved
1778,2753,123904,258944,124032,259072,0/2/77/255,0/2/63/255,T589,T575,S1553,farHarad,consistent pre-V2 opposite-side territory witnesses on the same local biome transition; two shifted contexts agree; cumulative topology preserved
1779,2753,124032,258944,124160,259072,0/2/77/255,0/2/63/255,T589,T575,S1553,farHarad,consistent pre-V2 opposite-side territory witnesses on the same local biome transition; two shifted contexts agree; cumulative topology preserved
1780,2753,124160,258944,124288,259072,0/2/77/255,0/2/63/255,T589,T575,S1553,farHarad,consistent pre-V2 opposite-side territory witnesses on the same local biome transition; two shifted contexts agree; cumulative topology preserved
1781,2753,124288,258944,124416,259072,0/2/77/255,0/2/63/255,T589,T575,S1553,farHarad,consistent pre-V2 opposite-side territory witnesses on the same local biome transition; two shifted contexts agree; cumulative topology preserved
1782,2753,124416,258944,124544,259072,0/2/77/255,0/2/63/255,T589,T575,S1553,farHarad,consistent pre-V2 opposite-side territory witnesses on the same local biome transition; two shifted contexts agree; cumulative topology preserved
1783,2753,124544,258944,124672,259072,0/2/77/255,0/2/63/255,T589,T575,S1553,farHarad,consistent pre-V2 opposite-side territory witnesses on the same local biome transition; two shifted contexts agree; cumulative topology preserved
1748,2754,120064,259072,120192,259200,0/2/77/255,0/2/63/255,T589,T575,S1554,farHarad,consistent pre-V2 opposite-side territory witnesses on the same local biome transition; two shifted contexts agree; cumulative topology preserved
1745,2755,119680,259200,119808,259328,0/2/77/255,0/2/63/255,T589,T575,S1555,farHarad,consistent pre-V2 opposite-side territory witnesses on the same local biome transition; two shifted contexts agree; cumulative topology preserved
1736,2758,118528,259584,118656,259712,0/2/63/255,0/2/77/255,T575,T589,S1556,farHaradMangrove,consistent pre-V2 opposite-side territory witnesses on the same local biome transition; two shifted contexts agree; cumulative topology preserved
1725,2759,117120,259712,117248,259840,0/2/77/255,0/2/63/255,T589,T575,S1557,farHarad,consistent pre-V2 opposite-side territory witnesses on the same local biome transition; two shifted contexts agree; cumulative topology preserved
1119,2761,39552,259968,39680,260096,0/2/78/255,0/2/66/255,T590,T578,S1558,farHaradSwamp,consistent pre-V2 opposite-side territory witnesses on the same local biome transition; two shifted contexts agree; cumulative topology preserved
1118,2762,39424,260096,39552,260224,0/2/78/255,0/2/66/255,T590,T578,S1558,farHaradSwamp,consistent pre-V2 opposite-side territory witnesses on the same local biome transition; two shifted contexts agree; cumulative topology preserved
1719,2763,116352,260224,116480,260352,0/2/77/255,0/2/63/255,T589,T575,S1559,farHarad,consistent pre-V2 opposite-side territory witnesses on the same local biome transition; two shifted contexts agree; cumulative topology preserved
1115,2764,39040,260352,39168,260480,0/2/66/255,0/2/78/255,T578,T590,S1560,farHarad,consistent pre-V2 opposite-side territory witnesses on the same local biome transition; two shifted contexts agree; cumulative topology preserved
1626,2764,104448,260352,104576,260480,0/2/77/255,0/2/71/255,T589,T583,S1561,farHarad,consistent pre-V2 opposite-side territory witnesses on the same local biome transition; two shifted contexts agree; cumulative topology preserved
1717,2764,116096,260352,116224,260480,0/2/77/255,0/2/63/255,T589,T575,S1562,farHarad,consistent pre-V2 opposite-side territory witnesses on the same local biome transition; two shifted contexts agree; cumulative topology preserved
1685,2765,112000,260480,112128,260608,0/2/63/255,0/2/77/255,T575,T589,S1563,farHaradMangrove,consistent pre-V2 opposite-side territory witnesses on the same local biome transition; two shifted contexts agree; cumulative topology preserved
1627,2766,104576,260608,104704,260736,0/2/77/255,0/2/71/255,T589,T583,S1564,farHarad,consistent pre-V2 opposite-side territory witnesses on the same local biome transition; two shifted contexts agree; cumulative topology preserved
1627,2767,104576,260736,104704,260864,0/2/77/255,0/2/71/255,T589,T583,S1564,farHarad,consistent pre-V2 opposite-side territory witnesses on the same local biome transition; two shifted contexts agree; cumulative topology preserved
1693,2767,113024,260736,113152,260864,0/2/77/255,0/2/63/255,T589,T575,S1565,farHarad,consistent pre-V2 opposite-side territory witnesses on the same local biome transition; two shifted contexts agree; cumulative topology preserved
1694,2767,113152,260736,113280,260864,0/2/77/255,0/2/63/255,T589,T575,S1565,farHarad,consistent pre-V2 opposite-side territory witnesses on the same local biome transition; two shifted contexts agree; cumulative topology preserved
1710,2767,115200,260736,115328,260864,0/2/77/255,0/2/63/255,T589,T575,S1566,farHarad,consistent pre-V2 opposite-side territory witnesses on the same local biome transition; two shifted contexts agree; cumulative topology preserved
1696,2768,113408,260864,113536,260992,0/2/77/255,0/2/63/255,T589,T575,S1567,farHarad,consistent pre-V2 opposite-side territory witnesses on the same local biome transition; two shifted contexts agree; cumulative topology preserved
1697,2768,113536,260864,113664,260992,0/2/77/255,0/2/63/255,T589,T575,S1567,farHarad,consistent pre-V2 opposite-side territory witnesses on the same local biome transition; two shifted contexts agree; cumulative topology preserved
1698,2768,113664,260864,113792,260992,0/2/77/255,0/2/63/255,T589,T575,S1567,farHarad,consistent pre-V2 opposite-side territory witnesses on the same local biome transition; two shifted contexts agree; cumulative topology preserved
1699,2768,113792,260864,113920,260992,0/2/77/255,0/2/63/255,T589,T575,S1567,farHarad,consistent pre-V2 opposite-side territory witnesses on the same local biome transition; two shifted contexts agree; cumulative topology preserved
1700,2768,113920,260864,114048,260992,0/2/77/255,0/2/63/255,T589,T575,S1567,farHarad,consistent pre-V2 opposite-side territory witnesses on the same local biome transition; two shifted contexts agree; cumulative topology preserved
1701,2768,114048,260864,114176,260992,0/2/77/255,0/2/63/255,T589,T575,S1567,farHarad,consistent pre-V2 opposite-side territory witnesses on the same local biome transition; two shifted contexts agree; cumulative topology preserved
1702,2768,114176,260864,114304,260992,0/2/77/255,0/2/63/255,T589,T575,S1567,farHarad,consistent pre-V2 opposite-side territory witnesses on the same local biome transition; two shifted contexts agree; cumulative topology preserved
1703,2768,114304,260864,114432,260992,0/2/77/255,0/2/63/255,T589,T575,S1567,farHarad,consistent pre-V2 opposite-side territory witnesses on the same local biome transition; two shifted contexts agree; cumulative topology preserved
1704,2768,114432,260864,114560,260992,0/2/77/255,0/2/63/255,T589,T575,S1567,farHarad,consistent pre-V2 opposite-side territory witnesses on the same local biome transition; two shifted contexts agree; cumulative topology preserved
1705,2768,114560,260864,114688,260992,0/2/77/255,0/2/63/255,T589,T575,S1567,farHarad,consistent pre-V2 opposite-side territory witnesses on the same local biome transition; two shifted contexts agree; cumulative topology preserved
1706,2768,114688,260864,114816,260992,0/2/77/255,0/2/63/255,T589,T575,S1567,farHarad,consistent pre-V2 opposite-side territory witnesses on the same local biome transition; two shifted contexts agree; cumulative topology preserved
1707,2768,114816,260864,114944,260992,0/2/77/255,0/2/63/255,T589,T575,S1567,farHarad,consistent pre-V2 opposite-side territory witnesses on the same local biome transition; two shifted contexts agree; cumulative topology preserved
1628,2771,104704,261248,104832,261376,0/2/77/255,0/2/71/255,T589,T583,S1568,farHarad,consistent pre-V2 opposite-side territory witnesses on the same local biome transition; two shifted contexts agree; cumulative topology preserved
1628,2772,104704,261376,104832,261504,0/2/77/255,0/2/71/255,T589,T583,S1568,farHarad,consistent pre-V2 opposite-side territory witnesses on the same local biome transition; two shifted contexts agree; cumulative topology preserved
1107,2773,38016,261504,38144,261632,0/2/66/255,0/2/78/255,T578,T590,S1569,farHarad,consistent pre-V2 opposite-side territory witnesses on the same local biome transition; two shifted contexts agree; cumulative topology preserved
1628,2773,104704,261504,104832,261632,0/2/77/255,0/2/71/255,T589,T583,S1568,farHarad,consistent pre-V2 opposite-side territory witnesses on the same local biome transition; two shifted contexts agree; cumulative topology preserved
1007,2774,25216,261632,25344,261760,0/2/74/255,0/2/69/255,T586,T581,S1570,farHaradJungleEdge,consistent pre-V2 opposite-side territory witnesses on the same local biome transition; two shifted contexts agree; cumulative topology preserved
1096,2774,36608,261632,36736,261760,0/2/66/255,0/2/78/255,T578,T590,S1571,farHarad,consistent pre-V2 opposite-side territory witnesses on the same local biome transition; two shifted contexts agree; cumulative topology preserved
1097,2774,36736,261632,36864,261760,0/2/66/255,0/2/78/255,T578,T590,S1571,farHarad,consistent pre-V2 opposite-side territory witnesses on the same local biome transition; two shifted contexts agree; cumulative topology preserved
1098,2774,36864,261632,36992,261760,0/2/66/255,0/2/78/255,T578,T590,S1571,farHarad,consistent pre-V2 opposite-side territory witnesses on the same local biome transition; two shifted contexts agree; cumulative topology preserved
1099,2774,36992,261632,37120,261760,0/2/66/255,0/2/78/255,T578,T590,S1571,farHarad,consistent pre-V2 opposite-side territory witnesses on the same local biome transition; two shifted contexts agree; cumulative topology preserved
1100,2774,37120,261632,37248,261760,0/2/66/255,0/2/78/255,T578,T590,S1571,farHarad,consistent pre-V2 opposite-side territory witnesses on the same local biome transition; two shifted contexts agree; cumulative topology preserved
1101,2774,37248,261632,37376,261760,0/2/66/255,0/2/78/255,T578,T590,S1571,farHarad,consistent pre-V2 opposite-side territory witnesses on the same local biome transition; two shifted contexts agree; cumulative topology preserved
1628,2774,104704,261632,104832,261760,0/2/77/255,0/2/71/255,T589,T583,S1568,farHarad,consistent pre-V2 opposite-side territory witnesses on the same local biome transition; two shifted contexts agree; cumulative topology preserved
1089,2776,35712,261888,35840,262016,0/2/78/255,0/2/66/255,T590,T578,S1572,farHaradSwamp,consistent pre-V2 opposite-side territory witnesses on the same local biome transition; two shifted contexts agree; cumulative topology preserved
1090,2776,35840,261888,35968,262016,0/2/78/255,0/2/66/255,T590,T578,S1572,farHaradSwamp,consistent pre-V2 opposite-side territory witnesses on the same local biome transition; two shifted contexts agree; cumulative topology preserved
1091,2776,35968,261888,36096,262016,0/2/78/255,0/2/66/255,T590,T578,S1572,farHaradSwamp,consistent pre-V2 opposite-side territory witnesses on the same local biome transition; two shifted contexts agree; cumulative topology preserved
1006,2779,25088,262272,25216,262400,0/2/74/255,0/2/69/255,T586,T581,S1573,farHaradJungleEdge,consistent pre-V2 opposite-side territory witnesses on the same local biome transition; two shifted contexts agree; cumulative topology preserved
1626,2782,104448,262656,104576,262784,0/2/71/255,0/2/77/255,T583,T589,S1574,farHaradMangrove,consistent pre-V2 opposite-side territory witnesses on the same local biome transition; two shifted contexts agree; cumulative topology preserved
1626,2783,104448,262784,104576,262912,0/2/71/255,0/2/77/255,T583,T589,S1574,farHaradMangrove,consistent pre-V2 opposite-side territory witnesses on the same local biome transition; two shifted contexts agree; cumulative topology preserved
975,2784,21120,262912,21248,263040,0/2/69/255,0/2/74/255,T581,T586,S1575,farHarad,consistent pre-V2 opposite-side territory witnesses on the same local biome transition; two shifted contexts agree; cumulative topology preserved
976,2784,21248,262912,21376,263040,0/2/69/255,0/2/74/255,T581,T586,S1575,farHarad,consistent pre-V2 opposite-side territory witnesses on the same local biome transition; two shifted contexts agree; cumulative topology preserved
977,2784,21376,262912,21504,263040,0/2/69/255,0/2/74/255,T581,T586,S1575,farHarad,consistent pre-V2 opposite-side territory witnesses on the same local biome transition; two shifted contexts agree; cumulative topology preserved
978,2784,21504,262912,21632,263040,0/2/69/255,0/2/74/255,T581,T586,S1575,farHarad,consistent pre-V2 opposite-side territory witnesses on the same local biome transition; two shifted contexts agree; cumulative topology preserved
979,2784,21632,262912,21760,263040,0/2/69/255,0/2/74/255,T581,T586,S1575,farHarad,consistent pre-V2 opposite-side territory witnesses on the same local biome transition; two shifted contexts agree; cumulative topology preserved
980,2784,21760,262912,21888,263040,0/2/69/255,0/2/74/255,T581,T586,S1575,farHarad,consistent pre-V2 opposite-side territory witnesses on the same local biome transition; two shifted contexts agree; cumulative topology preserved
981,2784,21888,262912,22016,263040,0/2/69/255,0/2/74/255,T581,T586,S1575,farHarad,consistent pre-V2 opposite-side territory witnesses on the same local biome transition; two shifted contexts agree; cumulative topology preserved
982,2784,22016,262912,22144,263040,0/2/69/255,0/2/74/255,T581,T586,S1575,farHarad,consistent pre-V2 opposite-side territory witnesses on the same local biome transition; two shifted contexts agree; cumulative topology preserved
983,2784,22144,262912,22272,263040,0/2/69/255,0/2/74/255,T581,T586,S1575,farHarad,consistent pre-V2 opposite-side territory witnesses on the same local biome transition; two shifted contexts agree; cumulative topology preserved
984,2784,22272,262912,22400,263040,0/2/69/255,0/2/74/255,T581,T586,S1575,farHarad,consistent pre-V2 opposite-side territory witnesses on the same local biome transition; two shifted contexts agree; cumulative topology preserved
985,2784,22400,262912,22528,263040,0/2/69/255,0/2/74/255,T581,T586,S1575,farHarad,consistent pre-V2 opposite-side territory witnesses on the same local biome transition; two shifted contexts agree; cumulative topology preserved
986,2784,22528,262912,22656,263040,0/2/69/255,0/2/74/255,T581,T586,S1575,farHarad,consistent pre-V2 opposite-side territory witnesses on the same local biome transition; two shifted contexts agree; cumulative topology preserved
987,2784,22656,262912,22784,263040,0/2/69/255,0/2/74/255,T581,T586,S1575,farHarad,consistent pre-V2 opposite-side territory witnesses on the same local biome transition; two shifted contexts agree; cumulative topology preserved
988,2784,22784,262912,22912,263040,0/2/69/255,0/2/74/255,T581,T586,S1575,farHarad,consistent pre-V2 opposite-side territory witnesses on the same local biome transition; two shifted contexts agree; cumulative topology preserved
989,2784,22912,262912,23040,263040,0/2/69/255,0/2/74/255,T581,T586,S1575,farHarad,consistent pre-V2 opposite-side territory witnesses on the same local biome transition; two shifted contexts agree; cumulative topology preserved
994,2785,23552,263040,23680,263168,0/2/69/255,0/2/74/255,T581,T586,S1576,farHarad,consistent pre-V2 opposite-side territory witnesses on the same local biome transition; two shifted contexts agree; cumulative topology preserved
1625,2785,104320,263040,104448,263168,0/2/77/255,0/2/71/255,T589,T583,S1577,farHarad,consistent pre-V2 opposite-side territory witnesses on the same local biome transition; two shifted contexts agree; cumulative topology preserved
971,2786,20608,263168,20736,263296,0/2/74/255,0/2/69/255,T586,T581,S1578,farHaradJungleEdge,consistent pre-V2 opposite-side territory witnesses on the same local biome transition; two shifted contexts agree; cumulative topology preserved
970,2788,20480,263424,20608,263552,0/2/74/255,0/2/69/255,T586,T581,S1579,farHaradJungleEdge,consistent pre-V2 opposite-side territory witnesses on the same local biome transition; two shifted contexts agree; cumulative topology preserved
1624,2788,104192,263424,104320,263552,0/2/71/255,0/2/77/255,T583,T589,S1580,farHaradMangrove,consistent pre-V2 opposite-side territory witnesses on the same local biome transition; two shifted contexts agree; cumulative topology preserved
968,2790,20224,263680,20352,263808,0/2/74/255,0/2/69/255,T586,T581,S1581,farHaradJungleEdge,consistent pre-V2 opposite-side territory witnesses on the same local biome transition; two shifted contexts agree; cumulative topology preserved
1622,2791,103936,263808,104064,263936,0/2/77/255,0/2/71/255,T589,T583,S1582,farHarad,consistent pre-V2 opposite-side territory witnesses on the same local biome transition; two shifted contexts agree; cumulative topology preserved
1139,2793,42112,264064,42240,264192,0/2/78/255,0/2/73/255,T590,T585,S1583,farHaradJungleEdge,consistent pre-V2 opposite-side territory witnesses on the same local biome transition; two shifted contexts agree; cumulative topology preserved
1620,2793,103680,264064,103808,264192,0/2/77/255,0/2/71/255,T589,T583,S1584,farHarad,consistent pre-V2 opposite-side territory witnesses on the same local biome transition; two shifted contexts agree; cumulative topology preserved
1619,2794,103552,264192,103680,264320,0/2/77/255,0/2/71/255,T589,T583,S1584,farHarad,consistent pre-V2 opposite-side territory witnesses on the same local biome transition; two shifted contexts agree; cumulative topology preserved
1618,2795,103424,264320,103552,264448,0/2/77/255,0/2/71/255,T589,T583,S1584,farHarad,consistent pre-V2 opposite-side territory witnesses on the same local biome transition; two shifted contexts agree; cumulative topology preserved
1138,2796,41984,264448,42112,264576,0/2/78/255,0/2/73/255,T590,T585,S1585,farHaradJungleEdge,consistent pre-V2 opposite-side territory witnesses on the same local biome transition; two shifted contexts agree; cumulative topology preserved
1617,2796,103296,264448,103424,264576,0/2/77/255,0/2/71/255,T589,T583,S1584,farHarad,consistent pre-V2 opposite-side territory witnesses on the same local biome transition; two shifted contexts agree; cumulative topology preserved
954,2800,18432,264960,18560,265088,0/2/69/255,0/2/74/255,T581,T586,S1586,farHarad,consistent pre-V2 opposite-side territory witnesses on the same local biome transition; two shifted contexts agree; cumulative topology preserved
954,2801,18432,265088,18560,265216,0/2/69/255,0/2/74/255,T581,T586,S1586,farHarad,consistent pre-V2 opposite-side territory witnesses on the same local biome transition; two shifted contexts agree; cumulative topology preserved
1614,2801,102912,265088,103040,265216,0/2/71/255,0/2/77/255,T583,T589,S1587,farHaradMangrove,consistent pre-V2 opposite-side territory witnesses on the same local biome transition; two shifted contexts agree; cumulative topology preserved
954,2802,18432,265216,18560,265344,0/2/69/255,0/2/74/255,T581,T586,S1586,farHarad,consistent pre-V2 opposite-side territory witnesses on the same local biome transition; two shifted contexts agree; cumulative topology preserved
954,2803,18432,265344,18560,265472,0/2/69/255,0/2/74/255,T581,T586,S1586,farHarad,consistent pre-V2 opposite-side territory witnesses on the same local biome transition; two shifted contexts agree; cumulative topology preserved
954,2804,18432,265472,18560,265600,0/2/69/255,0/2/74/255,T581,T586,S1586,farHarad,consistent pre-V2 opposite-side territory witnesses on the same local biome transition; two shifted contexts agree; cumulative topology preserved
1612,2804,102656,265472,102784,265600,0/2/77/255,0/2/71/255,T589,T583,S1588,farHarad,consistent pre-V2 opposite-side territory witnesses on the same local biome transition; two shifted contexts agree; cumulative topology preserved
954,2805,18432,265600,18560,265728,0/2/69/255,0/2/74/255,T581,T586,S1586,farHarad,consistent pre-V2 opposite-side territory witnesses on the same local biome transition; two shifted contexts agree; cumulative topology preserved
954,2806,18432,265728,18560,265856,0/2/69/255,0/2/74/255,T581,T586,S1586,farHarad,consistent pre-V2 opposite-side territory witnesses on the same local biome transition; two shifted contexts agree; cumulative topology preserved
1610,2810,102400,266240,102528,266368,0/2/77/255,0/2/71/255,T589,T583,S1589,farHarad,consistent pre-V2 opposite-side territory witnesses on the same local biome transition; two shifted contexts agree; cumulative topology preserved
1128,2811,40704,266368,40832,266496,0/2/73/255,0/2/78/255,T585,T590,S1590,farHarad,consistent pre-V2 opposite-side territory witnesses on the same local biome transition; two shifted contexts agree; cumulative topology preserved
1610,2811,102400,266368,102528,266496,0/2/77/255,0/2/71/255,T589,T583,S1589,farHarad,consistent pre-V2 opposite-side territory witnesses on the same local biome transition; two shifted contexts agree; cumulative topology preserved
1608,2814,102144,266752,102272,266880,0/2/71/255,0/2/77/255,T583,T589,S1591,farHaradMangrove,consistent pre-V2 opposite-side territory witnesses on the same local biome transition; two shifted contexts agree; cumulative topology preserved
1607,2815,102016,266880,102144,267008,0/2/71/255,0/2/77/255,T583,T589,S1591,farHaradMangrove,consistent pre-V2 opposite-side territory witnesses on the same local biome transition; two shifted contexts agree; cumulative topology preserved
1606,2816,101888,267008,102016,267136,0/2/71/255,0/2/77/255,T583,T589,S1591,farHaradMangrove,consistent pre-V2 opposite-side territory witnesses on the same local biome transition; two shifted contexts agree; cumulative topology preserved
1605,2817,101760,267136,101888,267264,0/2/71/255,0/2/77/255,T583,T589,S1591,farHaradMangrove,consistent pre-V2 opposite-side territory witnesses on the same local biome transition; two shifted contexts agree; cumulative topology preserved
949,2818,17792,267264,17920,267392,0/2/69/255,0/2/74/255,T581,T586,S1592,farHarad,consistent pre-V2 opposite-side territory witnesses on the same local biome transition; two shifted contexts agree; cumulative topology preserved
1604,2818,101632,267264,101760,267392,0/2/71/255,0/2/77/255,T583,T589,S1591,farHaradMangrove,consistent pre-V2 opposite-side territory witnesses on the same local biome transition; two shifted contexts agree; cumulative topology preserved
1604,2819,101632,267392,101760,267520,0/2/71/255,0/2/77/255,T583,T589,S1591,farHaradMangrove,consistent pre-V2 opposite-side territory witnesses on the same local biome transition; two shifted contexts agree; cumulative topology preserved
945,2821,17280,267648,17408,267776,0/2/69/255,0/2/74/255,T581,T586,S1593,farHarad,consistent pre-V2 opposite-side territory witnesses on the same local biome transition; two shifted contexts agree; cumulative topology preserved
944,2823,17152,267904,17280,268032,0/2/69/255,0/2/74/255,T581,T586,S1594,farHarad,consistent pre-V2 opposite-side territory witnesses on the same local biome transition; two shifted contexts agree; cumulative topology preserved
1602,2824,101376,268032,101504,268160,0/2/71/255,0/2/77/255,T583,T589,S1595,farHaradMangrove,consistent pre-V2 opposite-side territory witnesses on the same local biome transition; two shifted contexts agree; cumulative topology preserved
1602,2825,101376,268160,101504,268288,0/2/71/255,0/2/77/255,T583,T589,S1595,farHaradMangrove,consistent pre-V2 opposite-side territory witnesses on the same local biome transition; two shifted contexts agree; cumulative topology preserved
1602,2826,101376,268288,101504,268416,0/2/71/255,0/2/77/255,T583,T589,S1595,farHaradMangrove,consistent pre-V2 opposite-side territory witnesses on the same local biome transition; two shifted contexts agree; cumulative topology preserved
942,2831,16896,268928,17024,269056,0/2/69/255,0/2/74/255,T581,T586,S1596,farHarad,consistent pre-V2 opposite-side territory witnesses on the same local biome transition; two shifted contexts agree; cumulative topology preserved
1092,2855,36096,272000,36224,272128,0/2/80/255,0/2/78/255,T592,T590,S1597,farHarad,consistent pre-V2 opposite-side territory witnesses on the same local biome transition; two shifted contexts agree; cumulative topology preserved
923,2874,14464,274432,14592,274560,0/2/69/255,0/2/82/255,T581,T594,S1598,farHarad,consistent pre-V2 opposite-side territory witnesses on the same local biome transition; two shifted contexts agree; cumulative topology preserved
923,2875,14464,274560,14592,274688,0/2/69/255,0/2/82/255,T581,T594,S1598,farHarad,consistent pre-V2 opposite-side territory witnesses on the same local biome transition; two shifted contexts agree; cumulative topology preserved
923,2876,14464,274688,14592,274816,0/2/69/255,0/2/82/255,T581,T594,S1598,farHarad,consistent pre-V2 opposite-side territory witnesses on the same local biome transition; two shifted contexts agree; cumulative topology preserved
1604,2876,101632,274688,101760,274816,0/2/81/255,0/2/77/255,T593,T589,S1599,farHaradMangrove,consistent pre-V2 opposite-side territory witnesses on the same local biome transition; two shifted contexts agree; cumulative topology preserved
923,2877,14464,274816,14592,274944,0/2/69/255,0/2/82/255,T581,T594,S1598,farHarad,consistent pre-V2 opposite-side territory witnesses on the same local biome transition; two shifted contexts agree; cumulative topology preserved
923,2878,14464,274944,14592,275072,0/2/69/255,0/2/82/255,T581,T594,S1598,farHarad,consistent pre-V2 opposite-side territory witnesses on the same local biome transition; two shifted contexts agree; cumulative topology preserved
1606,2878,101888,274944,102016,275072,0/2/81/255,0/2/77/255,T593,T589,S1600,farHaradMangrove,consistent pre-V2 opposite-side territory witnesses on the same local biome transition; two shifted contexts agree; cumulative topology preserved
1609,2881,102272,275328,102400,275456,0/2/81/255,0/2/77/255,T593,T589,S1601,farHaradMangrove,consistent pre-V2 opposite-side territory witnesses on the same local biome transition; two shifted contexts agree; cumulative topology preserved
1613,2883,102784,275584,102912,275712,0/2/81/255,0/2/77/255,T593,T589,S1602,farHaradMangrove,consistent pre-V2 opposite-side territory witnesses on the same local biome transition; two shifted contexts agree; cumulative topology preserved
1615,2884,103040,275712,103168,275840,0/2/81/255,0/2/77/255,T593,T589,S1603,farHaradMangrove,consistent pre-V2 opposite-side territory witnesses on the same local biome transition; two shifted contexts agree; cumulative topology preserved
1617,2885,103296,275840,103424,275968,0/2/77/255,0/2/81/255,T589,T593,S1604,farHaradJungleEdge,consistent pre-V2 opposite-side territory witnesses on the same local biome transition; two shifted contexts agree; cumulative topology preserved
921,2886,14208,275968,14336,276096,0/2/69/255,0/2/82/255,T581,T594,S1605,farHarad,consistent pre-V2 opposite-side territory witnesses on the same local biome transition; two shifted contexts agree; cumulative topology preserved
1618,2886,103424,275968,103552,276096,0/2/77/255,0/2/81/255,T589,T593,S1604,farHaradJungleEdge,consistent pre-V2 opposite-side territory witnesses on the same local biome transition; two shifted contexts agree; cumulative topology preserved
920,2888,14080,276224,14208,276352,0/2/69/255,0/2/82/255,T581,T594,S1606,farHarad,consistent pre-V2 opposite-side territory witnesses on the same local biome transition; two shifted contexts agree; cumulative topology preserved
1619,2888,103552,276224,103680,276352,0/2/81/255,0/2/77/255,T593,T589,S1607,farHaradMangrove,consistent pre-V2 opposite-side territory witnesses on the same local biome transition; two shifted contexts agree; cumulative topology preserved
920,2889,14080,276352,14208,276480,0/2/69/255,0/2/82/255,T581,T594,S1606,farHarad,consistent pre-V2 opposite-side territory witnesses on the same local biome transition; two shifted contexts agree; cumulative topology preserved
920,2890,14080,276480,14208,276608,0/2/69/255,0/2/82/255,T581,T594,S1606,farHarad,consistent pre-V2 opposite-side territory witnesses on the same local biome transition; two shifted contexts agree; cumulative topology preserved
920,2891,14080,276608,14208,276736,0/2/69/255,0/2/82/255,T581,T594,S1606,farHarad,consistent pre-V2 opposite-side territory witnesses on the same local biome transition; two shifted contexts agree; cumulative topology preserved
920,2892,14080,276736,14208,276864,0/2/69/255,0/2/82/255,T581,T594,S1606,farHarad,consistent pre-V2 opposite-side territory witnesses on the same local biome transition; two shifted contexts agree; cumulative topology preserved
1622,2892,103936,276736,104064,276864,0/2/81/255,0/2/77/255,T593,T589,S1608,farHaradMangrove,consistent pre-V2 opposite-side territory witnesses on the same local biome transition; two shifted contexts agree; cumulative topology preserved
920,2893,14080,276864,14208,276992,0/2/69/255,0/2/82/255,T581,T594,S1606,farHarad,consistent pre-V2 opposite-side territory witnesses on the same local biome transition; two shifted contexts agree; cumulative topology preserved
920,2894,14080,276992,14208,277120,0/2/69/255,0/2/82/255,T581,T594,S1606,farHarad,consistent pre-V2 opposite-side territory witnesses on the same local biome transition; two shifted contexts agree; cumulative topology preserved
1625,2894,104320,276992,104448,277120,0/2/81/255,0/2/77/255,T593,T589,S1609,farHaradMangrove,consistent pre-V2 opposite-side territory witnesses on the same local biome transition; two shifted contexts agree; cumulative topology preserved
920,2895,14080,277120,14208,277248,0/2/69/255,0/2/82/255,T581,T594,S1606,farHarad,consistent pre-V2 opposite-side territory witnesses on the same local biome transition; two shifted contexts agree; cumulative topology preserved
920,2896,14080,277248,14208,277376,0/2/69/255,0/2/82/255,T581,T594,S1606,farHarad,consistent pre-V2 opposite-side territory witnesses on the same local biome transition; two shifted contexts agree; cumulative topology preserved
920,2897,14080,277376,14208,277504,0/2/69/255,0/2/82/255,T581,T594,S1606,farHarad,consistent pre-V2 opposite-side territory witnesses on the same local biome transition; two shifted contexts agree; cumulative topology preserved
1054,2897,31232,277376,31360,277504,0/2/83/255,0/2/78/255,T595,T590,S1610,farHarad,consistent pre-V2 opposite-side territory witnesses on the same local biome transition; two shifted contexts agree; cumulative topology preserved
1048,2899,30464,277632,30592,277760,0/2/83/255,0/2/78/255,T595,T590,S1611,farHarad,consistent pre-V2 opposite-side territory witnesses on the same local biome transition; two shifted contexts agree; cumulative topology preserved
1049,2899,30592,277632,30720,277760,0/2/83/255,0/2/78/255,T595,T590,S1611,farHarad,consistent pre-V2 opposite-side territory witnesses on the same local biome transition; two shifted contexts agree; cumulative topology preserved
917,2901,13696,277888,13824,278016,0/2/69/255,0/2/82/255,T581,T594,S1612,farHarad,consistent pre-V2 opposite-side territory witnesses on the same local biome transition; two shifted contexts agree; cumulative topology preserved
1045,2901,30080,277888,30208,278016,0/2/83/255,0/2/78/255,T595,T590,S1613,farHarad,consistent pre-V2 opposite-side territory witnesses on the same local biome transition; two shifted contexts agree; cumulative topology preserved
916,2903,13568,278144,13696,278272,0/2/69/255,0/2/82/255,T581,T594,S1614,farHarad,consistent pre-V2 opposite-side territory witnesses on the same local biome transition; two shifted contexts agree; cumulative topology preserved
916,2904,13568,278272,13696,278400,0/2/69/255,0/2/82/255,T581,T594,S1614,farHarad,consistent pre-V2 opposite-side territory witnesses on the same local biome transition; two shifted contexts agree; cumulative topology preserved
916,2905,13568,278400,13696,278528,0/2/69/255,0/2/82/255,T581,T594,S1614,farHarad,consistent pre-V2 opposite-side territory witnesses on the same local biome transition; two shifted contexts agree; cumulative topology preserved
916,2906,13568,278528,13696,278656,0/2/69/255,0/2/82/255,T581,T594,S1614,farHarad,consistent pre-V2 opposite-side territory witnesses on the same local biome transition; two shifted contexts agree; cumulative topology preserved
916,2907,13568,278656,13696,278784,0/2/69/255,0/2/82/255,T581,T594,S1614,farHarad,consistent pre-V2 opposite-side territory witnesses on the same local biome transition; two shifted contexts agree; cumulative topology preserved
1043,2910,29824,279040,29952,279168,0/2/83/255,0/2/78/255,T595,T590,S1615,farHarad,consistent pre-V2 opposite-side territory witnesses on the same local biome transition; two shifted contexts agree; cumulative topology preserved
1044,2911,29952,279168,30080,279296,0/2/83/255,0/2/78/255,T595,T590,S1615,farHarad,consistent pre-V2 opposite-side territory witnesses on the same local biome transition; two shifted contexts agree; cumulative topology preserved
1045,2912,30080,279296,30208,279424,0/2/83/255,0/2/78/255,T595,T590,S1615,farHarad,consistent pre-V2 opposite-side territory witnesses on the same local biome transition; two shifted contexts agree; cumulative topology preserved
1046,2913,30208,279424,30336,279552,0/2/83/255,0/2/78/255,T595,T590,S1615,farHarad,consistent pre-V2 opposite-side territory witnesses on the same local biome transition; two shifted contexts agree; cumulative topology preserved
914,2914,13312,279552,13440,279680,0/2/69/255,0/2/82/255,T581,T594,S1616,farHarad,consistent pre-V2 opposite-side territory witnesses on the same local biome transition; two shifted contexts agree; cumulative topology preserved
1047,2914,30336,279552,30464,279680,0/2/83/255,0/2/78/255,T595,T590,S1615,farHarad,consistent pre-V2 opposite-side territory witnesses on the same local biome transition; two shifted contexts agree; cumulative topology preserved
1048,2916,30464,279808,30592,279936,0/2/78/255,0/2/83/255,T590,T595,S1617,farHaradJungleEdge,consistent pre-V2 opposite-side territory witnesses on the same local biome transition; two shifted contexts agree; cumulative topology preserved
879,2918,8832,280064,8960,280192,0/2/69/255,0/2/82/255,T581,T594,S1618,farHarad,consistent pre-V2 opposite-side territory witnesses on the same local biome transition; two shifted contexts agree; cumulative topology preserved
880,2918,8960,280064,9088,280192,0/2/69/255,0/2/82/255,T581,T594,S1618,farHarad,consistent pre-V2 opposite-side territory witnesses on the same local biome transition; two shifted contexts agree; cumulative topology preserved
909,2918,12672,280064,12800,280192,0/2/69/255,0/2/82/255,T581,T594,S1619,farHarad,consistent pre-V2 opposite-side territory witnesses on the same local biome transition; two shifted contexts agree; cumulative topology preserved
910,2918,12800,280064,12928,280192,0/2/69/255,0/2/82/255,T581,T594,S1619,farHarad,consistent pre-V2 opposite-side territory witnesses on the same local biome transition; two shifted contexts agree; cumulative topology preserved
1049,2918,30592,280064,30720,280192,0/2/83/255,0/2/78/255,T595,T590,S1620,farHarad,consistent pre-V2 opposite-side territory witnesses on the same local biome transition; two shifted contexts agree; cumulative topology preserved
1049,2919,30592,280192,30720,280320,0/2/83/255,0/2/78/255,T595,T590,S1620,farHarad,consistent pre-V2 opposite-side territory witnesses on the same local biome transition; two shifted contexts agree; cumulative topology preserved
1049,2920,30592,280320,30720,280448,0/2/83/255,0/2/78/255,T595,T590,S1620,farHarad,consistent pre-V2 opposite-side territory witnesses on the same local biome transition; two shifted contexts agree; cumulative topology preserved
1049,2921,30592,280448,30720,280576,0/2/83/255,0/2/78/255,T595,T590,S1620,farHarad,consistent pre-V2 opposite-side territory witnesses on the same local biome transition; two shifted contexts agree; cumulative topology preserved
1049,2922,30592,280576,30720,280704,0/2/83/255,0/2/78/255,T595,T590,S1620,farHarad,consistent pre-V2 opposite-side territory witnesses on the same local biome transition; two shifted contexts agree; cumulative topology preserved
1049,2923,30592,280704,30720,280832,0/2/83/255,0/2/78/255,T595,T590,S1620,farHarad,consistent pre-V2 opposite-side territory witnesses on the same local biome transition; two shifted contexts agree; cumulative topology preserved
860,2924,6400,280832,6528,280960,0/2/69/255,0/2/82/255,T581,T594,S1621,farHarad,consistent pre-V2 opposite-side territory witnesses on the same local biome transition; two shifted contexts agree; cumulative topology preserved
861,2924,6528,280832,6656,280960,0/2/69/255,0/2/82/255,T581,T594,S1621,farHarad,consistent pre-V2 opposite-side territory witnesses on the same local biome transition; two shifted contexts agree; cumulative topology preserved
862,2924,6656,280832,6784,280960,0/2/69/255,0/2/82/255,T581,T594,S1621,farHarad,consistent pre-V2 opposite-side territory witnesses on the same local biome transition; two shifted contexts agree; cumulative topology preserved
902,2924,11776,280832,11904,280960,0/2/82/255,0/2/69/255,T594,T581,S1622,farHaradJungleEdge,consistent pre-V2 opposite-side territory witnesses on the same local biome transition; two shifted contexts agree; cumulative topology preserved
1049,2924,30592,280832,30720,280960,0/2/83/255,0/2/78/255,T595,T590,S1620,farHarad,consistent pre-V2 opposite-side territory witnesses on the same local biome transition; two shifted contexts agree; cumulative topology preserved
863,2925,6784,280960,6912,281088,0/2/69/255,0/2/82/255,T581,T594,S1621,farHarad,consistent pre-V2 opposite-side territory witnesses on the same local biome transition; two shifted contexts agree; cumulative topology preserved
868,2925,7424,280960,7552,281088,0/2/82/255,0/2/69/255,T594,T581,S1623,farHaradJungleEdge,consistent pre-V2 opposite-side territory witnesses on the same local biome transition; two shifted contexts agree; cumulative topology preserved
869,2925,7552,280960,7680,281088,0/2/82/255,0/2/69/255,T594,T581,S1623,farHaradJungleEdge,consistent pre-V2 opposite-side territory witnesses on the same local biome transition; two shifted contexts agree; cumulative topology preserved
870,2925,7680,280960,7808,281088,0/2/82/255,0/2/69/255,T594,T581,S1623,farHaradJungleEdge,consistent pre-V2 opposite-side territory witnesses on the same local biome transition; two shifted contexts agree; cumulative topology preserved
848,2926,4864,281088,4992,281216,0/2/69/255,0/2/82/255,T581,T594,S1624,farHarad,consistent pre-V2 opposite-side territory witnesses on the same local biome transition; two shifted contexts agree; cumulative topology preserved
849,2926,4992,281088,5120,281216,0/2/69/255,0/2/82/255,T581,T594,S1624,farHarad,consistent pre-V2 opposite-side territory witnesses on the same local biome transition; two shifted contexts agree; cumulative topology preserved
850,2926,5120,281088,5248,281216,0/2/69/255,0/2/82/255,T581,T594,S1624,farHarad,consistent pre-V2 opposite-side territory witnesses on the same local biome transition; two shifted contexts agree; cumulative topology preserved
851,2926,5248,281088,5376,281216,0/2/69/255,0/2/82/255,T581,T594,S1624,farHarad,consistent pre-V2 opposite-side territory witnesses on the same local biome transition; two shifted contexts agree; cumulative topology preserved
852,2926,5376,281088,5504,281216,0/2/69/255,0/2/82/255,T581,T594,S1624,farHarad,consistent pre-V2 opposite-side territory witnesses on the same local biome transition; two shifted contexts agree; cumulative topology preserved
853,2926,5504,281088,5632,281216,0/2/69/255,0/2/82/255,T581,T594,S1624,farHarad,consistent pre-V2 opposite-side territory witnesses on the same local biome transition; two shifted contexts agree; cumulative topology preserved
854,2926,5632,281088,5760,281216,0/2/69/255,0/2/82/255,T581,T594,S1624,farHarad,consistent pre-V2 opposite-side territory witnesses on the same local biome transition; two shifted contexts agree; cumulative topology preserved
855,2926,5760,281088,5888,281216,0/2/69/255,0/2/82/255,T581,T594,S1624,farHarad,consistent pre-V2 opposite-side territory witnesses on the same local biome transition; two shifted contexts agree; cumulative topology preserved
901,2926,11648,281088,11776,281216,0/2/82/255,0/2/69/255,T594,T581,S1625,farHaradJungleEdge,consistent pre-V2 opposite-side territory witnesses on the same local biome transition; two shifted contexts agree; cumulative topology preserved
847,2927,4736,281216,4864,281344,0/2/69/255,0/2/82/255,T581,T594,S1624,farHarad,consistent pre-V2 opposite-side territory witnesses on the same local biome transition; two shifted contexts agree; cumulative topology preserved
847,2928,4736,281344,4864,281472,0/2/69/255,0/2/82/255,T581,T594,S1624,farHarad,consistent pre-V2 opposite-side territory witnesses on the same local biome transition; two shifted contexts agree; cumulative topology preserved
1046,2931,30208,281728,30336,281856,0/2/83/255,0/2/78/255,T595,T590,S1626,farHarad,consistent pre-V2 opposite-side territory witnesses on the same local biome transition; two shifted contexts agree; cumulative topology preserved
1045,2932,30080,281856,30208,281984,0/2/83/255,0/2/78/255,T595,T590,S1626,farHarad,consistent pre-V2 opposite-side territory witnesses on the same local biome transition; two shifted contexts agree; cumulative topology preserved
1044,2933,29952,281984,30080,282112,0/2/83/255,0/2/78/255,T595,T590,S1626,farHarad,consistent pre-V2 opposite-side territory witnesses on the same local biome transition; two shifted contexts agree; cumulative topology preserved
1043,2934,29824,282112,29952,282240,0/2/83/255,0/2/78/255,T595,T590,S1626,farHarad,consistent pre-V2 opposite-side territory witnesses on the same local biome transition; two shifted contexts agree; cumulative topology preserved
1041,2936,29568,282368,29696,282496,0/2/78/255,0/2/83/255,T590,T595,S1627,farHaradJungleEdge,consistent pre-V2 opposite-side territory witnesses on the same local biome transition; two shifted contexts agree; cumulative topology preserved
838,2939,3584,282752,3712,282880,0/2/82/255,0/2/69/255,T594,T581,S1628,farHaradJungleEdge,consistent pre-V2 opposite-side territory witnesses on the same local biome transition; two shifted contexts agree; cumulative topology preserved
1035,2941,28800,283008,28928,283136,0/2/83/255,0/2/78/255,T595,T590,S1629,farHarad,consistent pre-V2 opposite-side territory witnesses on the same local biome transition; two shifted contexts agree; cumulative topology preserved
1714,2941,115712,283008,115840,283136,0/2/77/255,0/2/92/255,T589,T604,S1630,farHarad,consistent pre-V2 opposite-side territory witnesses on the same local biome transition; two shifted contexts agree; cumulative topology preserved
1722,2941,116736,283008,116864,283136,0/2/92/255,0/2/77/255,T604,T589,S1631,farHaradMangrove,consistent pre-V2 opposite-side territory witnesses on the same local biome transition; two shifted contexts agree; cumulative topology preserved
1724,2942,116992,283136,117120,283264,0/2/77/255,0/2/92/255,T589,T604,S1632,farHarad,consistent pre-V2 opposite-side territory witnesses on the same local biome transition; two shifted contexts agree; cumulative topology preserved
1702,2943,114176,283264,114304,283392,0/2/92/255,0/2/77/255,T604,T589,S1633,farHaradMangrove,consistent pre-V2 opposite-side territory witnesses on the same local biome transition; two shifted contexts agree; cumulative topology preserved
1692,2944,112896,283392,113024,283520,0/2/92/255,0/2/77/255,T604,T589,S1634,farHaradMangrove,consistent pre-V2 opposite-side territory witnesses on the same local biome transition; two shifted contexts agree; cumulative topology preserved
1728,2944,117504,283392,117632,283520,0/2/77/255,0/2/92/255,T589,T604,S1635,farHarad,consistent pre-V2 opposite-side territory witnesses on the same local biome transition; two shifted contexts agree; cumulative topology preserved
1749,2945,120192,283520,120320,283648,0/2/77/255,0/2/92/255,T589,T604,S1636,farHarad,consistent pre-V2 opposite-side territory witnesses on the same local biome transition; two shifted contexts agree; cumulative topology preserved
1750,2945,120320,283520,120448,283648,0/2/77/255,0/2/92/255,T589,T604,S1636,farHarad,consistent pre-V2 opposite-side territory witnesses on the same local biome transition; two shifted contexts agree; cumulative topology preserved
1751,2945,120448,283520,120576,283648,0/2/77/255,0/2/92/255,T589,T604,S1636,farHarad,consistent pre-V2 opposite-side territory witnesses on the same local biome transition; two shifted contexts agree; cumulative topology preserved
1752,2945,120576,283520,120704,283648,0/2/77/255,0/2/92/255,T589,T604,S1636,farHarad,consistent pre-V2 opposite-side territory witnesses on the same local biome transition; two shifted contexts agree; cumulative topology preserved
1753,2945,120704,283520,120832,283648,0/2/77/255,0/2/92/255,T589,T604,S1636,farHarad,consistent pre-V2 opposite-side territory witnesses on the same local biome transition; two shifted contexts agree; cumulative topology preserved
1688,2946,112384,283648,112512,283776,0/2/92/255,0/2/77/255,T604,T589,S1637,farHaradMangrove,consistent pre-V2 opposite-side territory witnesses on the same local biome transition; two shifted contexts agree; cumulative topology preserved
1746,2946,119808,283648,119936,283776,0/2/77/255,0/2/92/255,T589,T604,S1638,farHarad,consistent pre-V2 opposite-side territory witnesses on the same local biome transition; two shifted contexts agree; cumulative topology preserved
1747,2946,119936,283648,120064,283776,0/2/77/255,0/2/92/255,T589,T604,S1638,farHarad,consistent pre-V2 opposite-side territory witnesses on the same local biome transition; two shifted contexts agree; cumulative topology preserved
1735,2947,118400,283776,118528,283904,0/2/92/255,0/2/77/255,T604,T589,S1639,farHaradMangrove,consistent pre-V2 opposite-side territory witnesses on the same local biome transition; two shifted contexts agree; cumulative topology preserved
1736,2947,118528,283776,118656,283904,0/2/92/255,0/2/77/255,T604,T589,S1639,farHaradMangrove,consistent pre-V2 opposite-side territory witnesses on the same local biome transition; two shifted contexts agree; cumulative topology preserved
1762,2947,121856,283776,121984,283904,0/2/92/255,0/2/77/255,T604,T589,S1640,farHaradMangrove,consistent pre-V2 opposite-side territory witnesses on the same local biome transition; two shifted contexts agree; cumulative topology preserved
1763,2948,121984,283904,122112,284032,0/2/92/255,0/2/77/255,T604,T589,S1640,farHaradMangrove,consistent pre-V2 opposite-side territory witnesses on the same local biome transition; two shifted contexts agree; cumulative topology preserved
1610,2950,102400,284160,102528,284288,0/2/77/255,0/2/81/255,T589,T593,S1641,farHarad,consistent pre-V2 opposite-side territory witnesses on the same local biome transition; two shifted contexts agree; cumulative topology preserved
1685,2950,112000,284160,112128,284288,0/2/92/255,0/2/77/255,T604,T589,S1642,farHaradMangrove,consistent pre-V2 opposite-side territory witnesses on the same local biome transition; two shifted contexts agree; cumulative topology preserved
1766,2951,122368,284288,122496,284416,0/2/92/255,0/2/77/255,T604,T589,S1643,farHaradMangrove,consistent pre-V2 opposite-side territory witnesses on the same local biome transition; two shifted contexts agree; cumulative topology preserved
1609,2952,102272,284416,102400,284544,0/2/77/255,0/2/81/255,T589,T593,S1644,farHarad,consistent pre-V2 opposite-side territory witnesses on the same local biome transition; two shifted contexts agree; cumulative topology preserved
1030,2953,28160,284544,28288,284672,0/2/83/255,0/2/78/255,T595,T590,S1645,farHarad,consistent pre-V2 opposite-side territory witnesses on the same local biome transition; two shifted contexts agree; cumulative topology preserved
1031,2953,28288,284544,28416,284672,0/2/83/255,0/2/78/255,T595,T590,S1645,farHarad,consistent pre-V2 opposite-side territory witnesses on the same local biome transition; two shifted contexts agree; cumulative topology preserved
1032,2953,28416,284544,28544,284672,0/2/83/255,0/2/78/255,T595,T590,S1645,farHarad,consistent pre-V2 opposite-side territory witnesses on the same local biome transition; two shifted contexts agree; cumulative topology preserved
1439,2953,80512,284544,80640,284672,0/2/85/255,0/2/84/255,T597,T596,S1646,farHaradJungleEdge,consistent pre-V2 opposite-side territory witnesses on the same local biome transition; two shifted contexts agree; cumulative topology preserved
1771,2953,123008,284544,123136,284672,0/2/92/255,0/2/77/255,T604,T589,S1647,farHaradMangrove,consistent pre-V2 opposite-side territory witnesses on the same local biome transition; two shifted contexts agree; cumulative topology preserved
1029,2954,28032,284672,28160,284800,0/2/83/255,0/2/78/255,T595,T590,S1645,farHarad,consistent pre-V2 opposite-side territory witnesses on the same local biome transition; two shifted contexts agree; cumulative topology preserved
1606,2955,101888,284800,102016,284928,0/2/77/255,0/2/81/255,T589,T593,S1648,farHarad,consistent pre-V2 opposite-side territory witnesses on the same local biome transition; two shifted contexts agree; cumulative topology preserved
1682,2955,111616,284800,111744,284928,0/2/92/255,0/2/77/255,T604,T589,S1649,farHaradMangrove,consistent pre-V2 opposite-side territory witnesses on the same local biome transition; two shifted contexts agree; cumulative topology preserved
1777,2955,123776,284800,123904,284928,0/2/77/255,0/2/92/255,T589,T604,S1650,farHarad,consistent pre-V2 opposite-side territory witnesses on the same local biome transition; two shifted contexts agree; cumulative topology preserved
1681,2956,111488,284928,111616,285056,0/2/92/255,0/2/77/255,T604,T589,S1649,farHaradMangrove,consistent pre-V2 opposite-side territory witnesses on the same local biome transition; two shifted contexts agree; cumulative topology preserved
1779,2956,124032,284928,124160,285056,0/2/77/255,0/2/92/255,T589,T604,S1651,farHarad,consistent pre-V2 opposite-side territory witnesses on the same local biome transition; two shifted contexts agree; cumulative topology preserved
1680,2957,111360,285056,111488,285184,0/2/92/255,0/2/77/255,T604,T589,S1649,farHaradMangrove,consistent pre-V2 opposite-side territory witnesses on the same local biome transition; two shifted contexts agree; cumulative topology preserved
1780,2957,124160,285056,124288,285184,0/2/77/255,0/2/92/255,T589,T604,S1651,farHarad,consistent pre-V2 opposite-side territory witnesses on the same local biome transition; two shifted contexts agree; cumulative topology preserved
1679,2958,111232,285184,111360,285312,0/2/92/255,0/2/77/255,T604,T589,S1649,farHaradMangrove,consistent pre-V2 opposite-side territory witnesses on the same local biome transition; two shifted contexts agree; cumulative topology preserved
1441,2959,80768,285312,80896,285440,0/2/85/255,0/2/84/255,T597,T596,S1652,farHaradJungleEdge,consistent pre-V2 opposite-side territory witnesses on the same local biome transition; two shifted contexts agree; cumulative topology preserved
1603,2959,101504,285312,101632,285440,0/2/81/255,0/2/77/255,T593,T589,S1653,farHaradMangrove,consistent pre-V2 opposite-side territory witnesses on the same local biome transition; two shifted contexts agree; cumulative topology preserved
1679,2959,111232,285312,111360,285440,0/2/92/255,0/2/77/255,T604,T589,S1649,farHaradMangrove,consistent pre-V2 opposite-side territory witnesses on the same local biome transition; two shifted contexts agree; cumulative topology preserved
1603,2960,101504,285440,101632,285568,0/2/81/255,0/2/77/255,T593,T589,S1653,farHaradMangrove,consistent pre-V2 opposite-side territory witnesses on the same local biome transition; two shifted contexts agree; cumulative topology preserved
1016,2961,26368,285568,26496,285696,0/2/83/255,0/2/78/255,T595,T590,S1654,farHarad,consistent pre-V2 opposite-side territory witnesses on the same local biome transition; two shifted contexts agree; cumulative topology preserved
1017,2961,26496,285568,26624,285696,0/2/83/255,0/2/78/255,T595,T590,S1654,farHarad,consistent pre-V2 opposite-side territory witnesses on the same local biome transition; two shifted contexts agree; cumulative topology preserved
1603,2961,101504,285568,101632,285696,0/2/81/255,0/2/77/255,T593,T589,S1653,farHaradMangrove,consistent pre-V2 opposite-side territory witnesses on the same local biome transition; two shifted contexts agree; cumulative topology preserved
1783,2961,124544,285568,124672,285696,0/2/92/255,0/2/77/255,T604,T589,S1655,farHaradMangrove,consistent pre-V2 opposite-side territory witnesses on the same local biome transition; two shifted contexts agree; cumulative topology preserved
1603,2962,101504,285696,101632,285824,0/2/81/255,0/2/77/255,T593,T589,S1653,farHaradMangrove,consistent pre-V2 opposite-side territory witnesses on the same local biome transition; two shifted contexts agree; cumulative topology preserved
1677,2962,110976,285696,111104,285824,0/2/92/255,0/2/77/255,T604,T589,S1656,farHaradMangrove,consistent pre-V2 opposite-side territory witnesses on the same local biome transition; two shifted contexts agree; cumulative topology preserved
1784,2962,124672,285696,124800,285824,0/2/92/255,0/2/77/255,T604,T589,S1655,farHaradMangrove,consistent pre-V2 opposite-side territory witnesses on the same local biome transition; two shifted contexts agree; cumulative topology preserved
1785,2963,124800,285824,124928,285952,0/2/92/255,0/2/77/255,T604,T589,S1655,farHaradMangrove,consistent pre-V2 opposite-side territory witnesses on the same local biome transition; two shifted contexts agree; cumulative topology preserved
1786,2964,124928,285952,125056,286080,0/2/92/255,0/2/77/255,T604,T589,S1655,farHaradMangrove,consistent pre-V2 opposite-side territory witnesses on the same local biome transition; two shifted contexts agree; cumulative topology preserved
1603,2965,101504,286080,101632,286208,0/2/77/255,0/2/81/255,T589,T593,S1657,farHarad,consistent pre-V2 opposite-side territory witnesses on the same local biome transition; two shifted contexts agree; cumulative topology preserved
1789,2966,125312,286208,125440,286336,0/2/77/255,0/2/92/255,T589,T604,S1658,farHarad,consistent pre-V2 opposite-side territory witnesses on the same local biome transition; two shifted contexts agree; cumulative topology preserved
1445,2967,81280,286336,81408,286464,0/2/85/255,0/2/84/255,T597,T596,S1659,farHaradJungleEdge,consistent pre-V2 opposite-side territory witnesses on the same local biome transition; two shifted contexts agree; cumulative topology preserved
1675,2969,110720,286592,110848,286720,0/2/92/255,0/2/77/255,T604,T589,S1660,farHaradMangrove,consistent pre-V2 opposite-side territory witnesses on the same local biome transition; two shifted contexts agree; cumulative topology preserved
1448,2972,81664,286976,81792,287104,0/2/85/255,0/2/84/255,T597,T596,S1661,farHaradJungleEdge,consistent pre-V2 opposite-side territory witnesses on the same local biome transition; two shifted contexts agree; cumulative topology preserved
1600,2975,101120,287360,101248,287488,0/2/77/255,0/2/81/255,T589,T593,S1662,farHarad,consistent pre-V2 opposite-side territory witnesses on the same local biome transition; two shifted contexts agree; cumulative topology preserved
1600,2976,101120,287488,101248,287616,0/2/77/255,0/2/81/255,T589,T593,S1662,farHarad,consistent pre-V2 opposite-side territory witnesses on the same local biome transition; two shifted contexts agree; cumulative topology preserved
1600,2977,101120,287616,101248,287744,0/2/77/255,0/2/81/255,T589,T593,S1662,farHarad,consistent pre-V2 opposite-side territory witnesses on the same local biome transition; two shifted contexts agree; cumulative topology preserved
1669,2977,109952,287616,110080,287744,0/2/92/255,0/2/77/255,T604,T589,S1663,farHaradMangrove,consistent pre-V2 opposite-side territory witnesses on the same local biome transition; two shifted contexts agree; cumulative topology preserved
1767,2977,122496,287616,122624,287744,0/2/92/255,0/2/88/255,T604,T600,S1664,farHaradKanuka,consistent pre-V2 opposite-side territory witnesses on the same local biome transition; two shifted contexts agree; cumulative topology preserved
1600,2978,101120,287744,101248,287872,0/2/77/255,0/2/81/255,T589,T593,S1662,farHarad,consistent pre-V2 opposite-side territory witnesses on the same local biome transition; two shifted contexts agree; cumulative topology preserved
1763,2978,121984,287744,122112,287872,0/2/88/255,0/2/92/255,T600,T604,S1665,farHarad,consistent pre-V2 opposite-side territory witnesses on the same local biome transition; two shifted contexts agree; cumulative topology preserved
1764,2978,122112,287744,122240,287872,0/2/88/255,0/2/92/255,T600,T604,S1665,farHarad,consistent pre-V2 opposite-side territory witnesses on the same local biome transition; two shifted contexts agree; cumulative topology preserved
1600,2979,101120,287872,101248,288000,0/2/77/255,0/2/81/255,T589,T593,S1662,farHarad,consistent pre-V2 opposite-side territory witnesses on the same local biome transition; two shifted contexts agree; cumulative topology preserved
1752,2979,120576,287872,120704,288000,0/2/88/255,0/2/92/255,T600,T604,S1666,farHarad,consistent pre-V2 opposite-side territory witnesses on the same local biome transition; two shifted contexts agree; cumulative topology preserved
1600,2980,101120,288000,101248,288128,0/2/77/255,0/2/81/255,T589,T593,S1662,farHarad,consistent pre-V2 opposite-side territory witnesses on the same local biome transition; two shifted contexts agree; cumulative topology preserved
1749,2981,120192,288128,120320,288256,0/2/88/255,0/2/92/255,T600,T604,S1667,farHarad,consistent pre-V2 opposite-side territory witnesses on the same local biome transition; two shifted contexts agree; cumulative topology preserved
1601,2982,101248,288256,101376,288384,0/2/77/255,0/2/81/255,T589,T593,S1668,farHarad,consistent pre-V2 opposite-side territory witnesses on the same local biome transition; two shifted contexts agree; cumulative topology preserved
1661,2982,108928,288256,109056,288384,0/2/77/255,0/2/92/255,T589,T604,S1669,farHarad,consistent pre-V2 opposite-side territory witnesses on the same local biome transition; two shifted contexts agree; cumulative topology preserved
1748,2982,120064,288256,120192,288384,0/2/88/255,0/2/92/255,T600,T604,S1667,farHarad,consistent pre-V2 opposite-side territory witnesses on the same local biome transition; two shifted contexts agree; cumulative topology preserved
1658,2983,108544,288384,108672,288512,0/2/77/255,0/2/92/255,T589,T604,S1670,farHarad,consistent pre-V2 opposite-side territory witnesses on the same local biome transition; two shifted contexts agree; cumulative topology preserved
1747,2983,119936,288384,120064,288512,0/2/88/255,0/2/92/255,T600,T604,S1667,farHarad,consistent pre-V2 opposite-side territory witnesses on the same local biome transition; two shifted contexts agree; cumulative topology preserved
1746,2985,119808,288640,119936,288768,0/2/88/255,0/2/92/255,T600,T604,S1671,farHarad,consistent pre-V2 opposite-side territory witnesses on the same local biome transition; two shifted contexts agree; cumulative topology preserved
1745,2986,119680,288768,119808,288896,0/2/88/255,0/2/92/255,T600,T604,S1671,farHarad,consistent pre-V2 opposite-side territory witnesses on the same local biome transition; two shifted contexts agree; cumulative topology preserved
1744,2987,119552,288896,119680,289024,0/2/88/255,0/2/92/255,T600,T604,S1671,farHarad,consistent pre-V2 opposite-side territory witnesses on the same local biome transition; two shifted contexts agree; cumulative topology preserved
1745,2987,119680,288896,119808,289024,0/2/88/255,0/2/92/255,T600,T604,S1671,farHarad,consistent pre-V2 opposite-side territory witnesses on the same local biome transition; two shifted contexts agree; cumulative topology preserved
1604,2988,101632,289024,101760,289152,0/2/77/255,0/2/81/255,T589,T593,S1672,farHarad,consistent pre-V2 opposite-side territory witnesses on the same local biome transition; two shifted contexts agree; cumulative topology preserved
1651,2988,107648,289024,107776,289152,0/2/77/255,0/2/92/255,T589,T604,S1673,farHarad,consistent pre-V2 opposite-side territory witnesses on the same local biome transition; two shifted contexts agree; cumulative topology preserved
1743,2988,119424,289024,119552,289152,0/2/88/255,0/2/92/255,T600,T604,S1671,farHarad,consistent pre-V2 opposite-side territory witnesses on the same local biome transition; two shifted contexts agree; cumulative topology preserved
1743,2989,119424,289152,119552,289280,0/2/88/255,0/2/92/255,T600,T604,S1671,farHarad,consistent pre-V2 opposite-side territory witnesses on the same local biome transition; two shifted contexts agree; cumulative topology preserved
1605,2990,101760,289280,101888,289408,0/2/77/255,0/2/81/255,T589,T593,S1674,farHarad,consistent pre-V2 opposite-side territory witnesses on the same local biome transition; two shifted contexts agree; cumulative topology preserved
1742,2990,119296,289280,119424,289408,0/2/88/255,0/2/92/255,T600,T604,S1671,farHarad,consistent pre-V2 opposite-side territory witnesses on the same local biome transition; two shifted contexts agree; cumulative topology preserved
1741,2991,119168,289408,119296,289536,0/2/88/255,0/2/92/255,T600,T604,S1671,farHarad,consistent pre-V2 opposite-side territory witnesses on the same local biome transition; two shifted contexts agree; cumulative topology preserved
1644,2992,106752,289536,106880,289664,0/2/77/255,0/2/92/255,T589,T604,S1675,farHarad,consistent pre-V2 opposite-side territory witnesses on the same local biome transition; two shifted contexts agree; cumulative topology preserved
1741,2992,119168,289536,119296,289664,0/2/88/255,0/2/92/255,T600,T604,S1671,farHarad,consistent pre-V2 opposite-side territory witnesses on the same local biome transition; two shifted contexts agree; cumulative topology preserved
1741,2993,119168,289664,119296,289792,0/2/88/255,0/2/92/255,T600,T604,S1671,farHarad,consistent pre-V2 opposite-side territory witnesses on the same local biome transition; two shifted contexts agree; cumulative topology preserved
1738,2994,118784,289792,118912,289920,0/2/88/255,0/2/92/255,T600,T604,S1671,farHarad,consistent pre-V2 opposite-side territory witnesses on the same local biome transition; two shifted contexts agree; cumulative topology preserved
1739,2994,118912,289792,119040,289920,0/2/88/255,0/2/92/255,T600,T604,S1671,farHarad,consistent pre-V2 opposite-side territory witnesses on the same local biome transition; two shifted contexts agree; cumulative topology preserved
1740,2994,119040,289792,119168,289920,0/2/88/255,0/2/92/255,T600,T604,S1671,farHarad,consistent pre-V2 opposite-side territory witnesses on the same local biome transition; two shifted contexts agree; cumulative topology preserved
1736,2995,118528,289920,118656,290048,0/2/88/255,0/2/92/255,T600,T604,S1676,farHarad,consistent pre-V2 opposite-side territory witnesses on the same local biome transition; two shifted contexts agree; cumulative topology preserved
1734,2996,118272,290048,118400,290176,0/2/88/255,0/2/92/255,T600,T604,S1677,farHarad,consistent pre-V2 opposite-side territory witnesses on the same local biome transition; two shifted contexts agree; cumulative topology preserved
1731,2997,117888,290176,118016,290304,0/2/88/255,0/2/92/255,T600,T604,S1678,farHarad,consistent pre-V2 opposite-side territory witnesses on the same local biome transition; two shifted contexts agree; cumulative topology preserved
1636,3000,105728,290560,105856,290688,0/2/77/255,0/2/92/255,T589,T604,S1679,farHarad,consistent pre-V2 opposite-side territory witnesses on the same local biome transition; two shifted contexts agree; cumulative topology preserved
1634,3001,105472,290688,105600,290816,0/2/77/255,0/2/92/255,T589,T604,S1680,farHarad,consistent pre-V2 opposite-side territory witnesses on the same local biome transition; two shifted contexts agree; cumulative topology preserved
1617,3002,103296,290816,103424,290944,0/2/92/255,0/2/77/255,T604,T589,S1681,farHaradMangrove,consistent pre-V2 opposite-side territory witnesses on the same local biome transition; two shifted contexts agree; cumulative topology preserved
1632,3002,105216,290816,105344,290944,0/2/77/255,0/2/92/255,T589,T604,S1682,farHarad,consistent pre-V2 opposite-side territory witnesses on the same local biome transition; two shifted contexts agree; cumulative topology preserved
1618,3003,103424,290944,103552,291072,0/2/92/255,0/2/77/255,T604,T589,S1681,farHaradMangrove,consistent pre-V2 opposite-side territory witnesses on the same local biome transition; two shifted contexts agree; cumulative topology preserved
1619,3003,103552,290944,103680,291072,0/2/92/255,0/2/77/255,T604,T589,S1681,farHaradMangrove,consistent pre-V2 opposite-side territory witnesses on the same local biome transition; two shifted contexts agree; cumulative topology preserved
1620,3003,103680,290944,103808,291072,0/2/92/255,0/2/77/255,T604,T589,S1681,farHaradMangrove,consistent pre-V2 opposite-side territory witnesses on the same local biome transition; two shifted contexts agree; cumulative topology preserved
1631,3003,105088,290944,105216,291072,0/2/77/255,0/2/92/255,T589,T604,S1682,farHarad,consistent pre-V2 opposite-side territory witnesses on the same local biome transition; two shifted contexts agree; cumulative topology preserved
1622,3004,103936,291072,104064,291200,0/2/92/255,0/2/77/255,T604,T589,S1683,farHaradMangrove,consistent pre-V2 opposite-side territory witnesses on the same local biome transition; two shifted contexts agree; cumulative topology preserved
1623,3004,104064,291072,104192,291200,0/2/92/255,0/2/77/255,T604,T589,S1683,farHaradMangrove,consistent pre-V2 opposite-side territory witnesses on the same local biome transition; two shifted contexts agree; cumulative topology preserved
1624,3004,104192,291072,104320,291200,0/2/92/255,0/2/77/255,T604,T589,S1683,farHaradMangrove,consistent pre-V2 opposite-side territory witnesses on the same local biome transition; two shifted contexts agree; cumulative topology preserved
1625,3004,104320,291072,104448,291200,0/2/92/255,0/2/77/255,T604,T589,S1683,farHaradMangrove,consistent pre-V2 opposite-side territory witnesses on the same local biome transition; two shifted contexts agree; cumulative topology preserved
1626,3004,104448,291072,104576,291200,0/2/92/255,0/2/77/255,T604,T589,S1683,farHaradMangrove,consistent pre-V2 opposite-side territory witnesses on the same local biome transition; two shifted contexts agree; cumulative topology preserved
1627,3004,104576,291072,104704,291200,0/2/92/255,0/2/77/255,T604,T589,S1683,farHaradMangrove,consistent pre-V2 opposite-side territory witnesses on the same local biome transition; two shifted contexts agree; cumulative topology preserved
1628,3004,104704,291072,104832,291200,0/2/92/255,0/2/77/255,T604,T589,S1683,farHaradMangrove,consistent pre-V2 opposite-side territory witnesses on the same local biome transition; two shifted contexts agree; cumulative topology preserved
1724,3004,116992,291072,117120,291200,0/2/88/255,0/2/92/255,T600,T604,S1684,farHarad,consistent pre-V2 opposite-side territory witnesses on the same local biome transition; two shifted contexts agree; cumulative topology preserved
1722,3005,116736,291200,116864,291328,0/2/88/255,0/2/92/255,T600,T604,S1684,farHarad,consistent pre-V2 opposite-side territory witnesses on the same local biome transition; two shifted contexts agree; cumulative topology preserved
1723,3005,116864,291200,116992,291328,0/2/88/255,0/2/92/255,T600,T604,S1684,farHarad,consistent pre-V2 opposite-side territory witnesses on the same local biome transition; two shifted contexts agree; cumulative topology preserved
1721,3006,116608,291328,116736,291456,0/2/88/255,0/2/92/255,T600,T604,S1684,farHarad,consistent pre-V2 opposite-side territory witnesses on the same local biome transition; two shifted contexts agree; cumulative topology preserved
1719,3007,116352,291456,116480,291584,0/2/88/255,0/2/92/255,T600,T604,S1685,farHarad,consistent pre-V2 opposite-side territory witnesses on the same local biome transition; two shifted contexts agree; cumulative topology preserved
1711,3008,115328,291584,115456,291712,0/2/92/255,0/2/88/255,T604,T600,S1686,farHaradKanuka,consistent pre-V2 opposite-side territory witnesses on the same local biome transition; two shifted contexts agree; cumulative topology preserved
1707,3010,114816,291840,114944,291968,0/2/92/255,0/2/88/255,T604,T600,S1687,farHaradKanuka,consistent pre-V2 opposite-side territory witnesses on the same local biome transition; two shifted contexts agree; cumulative topology preserved
1703,3011,114304,291968,114432,292096,0/2/88/255,0/2/92/255,T600,T604,S1688,farHarad,consistent pre-V2 opposite-side territory witnesses on the same local biome transition; two shifted contexts agree; cumulative topology preserved
1694,3013,113152,292224,113280,292352,0/2/88/255,0/2/92/255,T600,T604,S1689,farHarad,consistent pre-V2 opposite-side territory witnesses on the same local biome transition; two shifted contexts agree; cumulative topology preserved
1695,3013,113280,292224,113408,292352,0/2/88/255,0/2/92/255,T600,T604,S1689,farHarad,consistent pre-V2 opposite-side territory witnesses on the same local biome transition; two shifted contexts agree; cumulative topology preserved
1472,3017,84736,292736,84864,292864,0/2/85/255,0/2/90/255,T597,T602,S1690,farHaradJungleEdge,consistent pre-V2 opposite-side territory witnesses on the same local biome transition; two shifted contexts agree; cumulative topology preserved
1690,3019,112640,292992,112768,293120,0/2/88/255,0/2/92/255,T600,T604,S1691,farHarad,consistent pre-V2 opposite-side territory witnesses on the same local biome transition; two shifted contexts agree; cumulative topology preserved
1689,3020,112512,293120,112640,293248,0/2/88/255,0/2/92/255,T600,T604,S1691,farHarad,consistent pre-V2 opposite-side territory witnesses on the same local biome transition; two shifted contexts agree; cumulative topology preserved
1688,3021,112384,293248,112512,293376,0/2/88/255,0/2/92/255,T600,T604,S1691,farHarad,consistent pre-V2 opposite-side territory witnesses on the same local biome transition; two shifted contexts agree; cumulative topology preserved
1689,3021,112512,293248,112640,293376,0/2/88/255,0/2/92/255,T600,T604,S1691,farHarad,consistent pre-V2 opposite-side territory witnesses on the same local biome transition; two shifted contexts agree; cumulative topology preserved
1687,3022,112256,293376,112384,293504,0/2/88/255,0/2/92/255,T600,T604,S1691,farHarad,consistent pre-V2 opposite-side territory witnesses on the same local biome transition; two shifted contexts agree; cumulative topology preserved
980,3024,21760,293632,21888,293760,0/2/87/255,0/2/93/255,T599,T605,S1692,farHarad,consistent pre-V2 opposite-side territory witnesses on the same local biome transition; two shifted contexts agree; cumulative topology preserved
1474,3024,84992,293632,85120,293760,0/2/85/255,0/2/90/255,T597,T602,S1693,farHaradJungleEdge,consistent pre-V2 opposite-side territory witnesses on the same local biome transition; two shifted contexts agree; cumulative topology preserved
980,3025,21760,293760,21888,293888,0/2/87/255,0/2/93/255,T599,T605,S1692,farHarad,consistent pre-V2 opposite-side territory witnesses on the same local biome transition; two shifted contexts agree; cumulative topology preserved
1474,3025,84992,293760,85120,293888,0/2/85/255,0/2/90/255,T597,T602,S1693,farHaradJungleEdge,consistent pre-V2 opposite-side territory witnesses on the same local biome transition; two shifted contexts agree; cumulative topology preserved
980,3026,21760,293888,21888,294016,0/2/87/255,0/2/93/255,T599,T605,S1692,farHarad,consistent pre-V2 opposite-side territory witnesses on the same local biome transition; two shifted contexts agree; cumulative topology preserved
980,3027,21760,294016,21888,294144,0/2/87/255,0/2/93/255,T599,T605,S1692,farHarad,consistent pre-V2 opposite-side territory witnesses on the same local biome transition; two shifted contexts agree; cumulative topology preserved
980,3028,21760,294144,21888,294272,0/2/87/255,0/2/93/255,T599,T605,S1692,farHarad,consistent pre-V2 opposite-side territory witnesses on the same local biome transition; two shifted contexts agree; cumulative topology preserved
979,3029,21632,294272,21760,294400,0/2/87/255,0/2/93/255,T599,T605,S1692,farHarad,consistent pre-V2 opposite-side territory witnesses on the same local biome transition; two shifted contexts agree; cumulative topology preserved
1475,3030,85120,294400,85248,294528,0/2/85/255,0/2/90/255,T597,T602,S1694,farHaradJungleEdge,consistent pre-V2 opposite-side territory witnesses on the same local biome transition; two shifted contexts agree; cumulative topology preserved
1682,3030,111616,294400,111744,294528,0/2/88/255,0/2/92/255,T600,T604,S1695,farHarad,consistent pre-V2 opposite-side territory witnesses on the same local biome transition; two shifted contexts agree; cumulative topology preserved
1681,3031,111488,294528,111616,294656,0/2/88/255,0/2/92/255,T600,T604,S1695,farHarad,consistent pre-V2 opposite-side territory witnesses on the same local biome transition; two shifted contexts agree; cumulative topology preserved
974,3032,20992,294656,21120,294784,0/2/93/255,0/2/87/255,T605,T599,S1696,farHaradJungleEdge,consistent pre-V2 opposite-side territory witnesses on the same local biome transition; two shifted contexts agree; cumulative topology preserved
1476,3032,85248,294656,85376,294784,0/2/90/255,0/2/85/255,T602,T597,S1697,farHarad,consistent pre-V2 opposite-side territory witnesses on the same local biome transition; two shifted contexts agree; cumulative topology preserved
1681,3032,111488,294656,111616,294784,0/2/88/255,0/2/92/255,T600,T604,S1695,farHarad,consistent pre-V2 opposite-side territory witnesses on the same local biome transition; two shifted contexts agree; cumulative topology preserved
1681,3033,111488,294784,111616,294912,0/2/88/255,0/2/92/255,T600,T604,S1695,farHarad,consistent pre-V2 opposite-side territory witnesses on the same local biome transition; two shifted contexts agree; cumulative topology preserved
1680,3034,111360,294912,111488,295040,0/2/88/255,0/2/92/255,T600,T604,S1695,farHarad,consistent pre-V2 opposite-side territory witnesses on the same local biome transition; two shifted contexts agree; cumulative topology preserved
1679,3035,111232,295040,111360,295168,0/2/88/255,0/2/92/255,T600,T604,S1695,farHarad,consistent pre-V2 opposite-side territory witnesses on the same local biome transition; two shifted contexts agree; cumulative topology preserved
1678,3036,111104,295168,111232,295296,0/2/88/255,0/2/92/255,T600,T604,S1695,farHarad,consistent pre-V2 opposite-side territory witnesses on the same local biome transition; two shifted contexts agree; cumulative topology preserved
1674,3037,110592,295296,110720,295424,0/2/88/255,0/2/92/255,T600,T604,S1695,farHarad,consistent pre-V2 opposite-side territory witnesses on the same local biome transition; two shifted contexts agree; cumulative topology preserved
1675,3037,110720,295296,110848,295424,0/2/88/255,0/2/92/255,T600,T604,S1695,farHarad,consistent pre-V2 opposite-side territory witnesses on the same local biome transition; two shifted contexts agree; cumulative topology preserved
1676,3037,110848,295296,110976,295424,0/2/88/255,0/2/92/255,T600,T604,S1695,farHarad,consistent pre-V2 opposite-side territory witnesses on the same local biome transition; two shifted contexts agree; cumulative topology preserved
1677,3037,110976,295296,111104,295424,0/2/88/255,0/2/92/255,T600,T604,S1695,farHarad,consistent pre-V2 opposite-side territory witnesses on the same local biome transition; two shifted contexts agree; cumulative topology preserved
1486,3041,86528,295808,86656,295936,0/2/85/255,0/2/90/255,T597,T602,S1698,farHaradJungleEdge,consistent pre-V2 opposite-side territory witnesses on the same local biome transition; two shifted contexts agree; cumulative topology preserved
1666,3045,109568,296320,109696,296448,0/2/88/255,0/2/92/255,T600,T604,S1699,farHarad,consistent pre-V2 opposite-side territory witnesses on the same local biome transition; two shifted contexts agree; cumulative topology preserved
963,3047,19584,296576,19712,296704,0/2/87/255,0/2/93/255,T599,T605,S1700,farHarad,consistent pre-V2 opposite-side territory witnesses on the same local biome transition; two shifted contexts agree; cumulative topology preserved
1492,3050,87296,296960,87424,297088,0/2/90/255,0/2/85/255,T602,T597,S1701,farHarad,consistent pre-V2 opposite-side territory witnesses on the same local biome transition; two shifted contexts agree; cumulative topology preserved
1663,3050,109184,296960,109312,297088,0/2/88/255,0/2/92/255,T600,T604,S1702,farHarad,consistent pre-V2 opposite-side territory witnesses on the same local biome transition; two shifted contexts agree; cumulative topology preserved
956,3051,18688,297088,18816,297216,0/2/87/255,0/2/93/255,T599,T605,S1703,farHarad,consistent pre-V2 opposite-side territory witnesses on the same local biome transition; two shifted contexts agree; cumulative topology preserved
1494,3052,87552,297216,87680,297344,0/2/85/255,0/2/90/255,T597,T602,S1704,farHaradJungleEdge,consistent pre-V2 opposite-side territory witnesses on the same local biome transition; two shifted contexts agree; cumulative topology preserved
948,3053,17664,297344,17792,297472,0/2/87/255,0/2/93/255,T599,T605,S1705,farHarad,consistent pre-V2 opposite-side territory witnesses on the same local biome transition; two shifted contexts agree; cumulative topology preserved
949,3053,17792,297344,17920,297472,0/2/87/255,0/2/93/255,T599,T605,S1705,farHarad,consistent pre-V2 opposite-side territory witnesses on the same local biome transition; two shifted contexts agree; cumulative topology preserved
946,3054,17408,297472,17536,297600,0/2/93/255,0/2/87/255,T605,T599,S1706,farHaradJungleEdge,consistent pre-V2 opposite-side territory witnesses on the same local biome transition; two shifted contexts agree; cumulative topology preserved
1498,3056,88064,297728,88192,297856,0/2/90/255,0/2/85/255,T602,T597,S1707,farHarad,consistent pre-V2 opposite-side territory witnesses on the same local biome transition; two shifted contexts agree; cumulative topology preserved
1659,3056,108672,297728,108800,297856,0/2/88/255,0/2/92/255,T600,T604,S1708,farHarad,consistent pre-V2 opposite-side territory witnesses on the same local biome transition; two shifted contexts agree; cumulative topology preserved
1657,3057,108416,297856,108544,297984,0/2/88/255,0/2/92/255,T600,T604,S1708,farHarad,consistent pre-V2 opposite-side territory witnesses on the same local biome transition; two shifted contexts agree; cumulative topology preserved
1658,3057,108544,297856,108672,297984,0/2/88/255,0/2/92/255,T600,T604,S1708,farHarad,consistent pre-V2 opposite-side territory witnesses on the same local biome transition; two shifted contexts agree; cumulative topology preserved
1500,3059,88320,298112,88448,298240,0/2/90/255,0/2/85/255,T602,T597,S1709,farHarad,consistent pre-V2 opposite-side territory witnesses on the same local biome transition; two shifted contexts agree; cumulative topology preserved
1501,3061,88448,298368,88576,298496,0/2/90/255,0/2/85/255,T602,T597,S1710,farHarad,consistent pre-V2 opposite-side territory witnesses on the same local biome transition; two shifted contexts agree; cumulative topology preserved
1653,3061,107904,298368,108032,298496,0/2/88/255,0/2/92/255,T600,T604,S1711,farHarad,consistent pre-V2 opposite-side territory witnesses on the same local biome transition; two shifted contexts agree; cumulative topology preserved
1653,3062,107904,298496,108032,298624,0/2/88/255,0/2/92/255,T600,T604,S1711,farHarad,consistent pre-V2 opposite-side territory witnesses on the same local biome transition; two shifted contexts agree; cumulative topology preserved
1652,3063,107776,298624,107904,298752,0/2/88/255,0/2/92/255,T600,T604,S1711,farHarad,consistent pre-V2 opposite-side territory witnesses on the same local biome transition; two shifted contexts agree; cumulative topology preserved
1652,3069,107776,299392,107904,299520,0/2/88/255,0/2/92/255,T600,T604,S1712,farHarad,consistent pre-V2 opposite-side territory witnesses on the same local biome transition; two shifted contexts agree; cumulative topology preserved
1652,3074,107776,300032,107904,300160,0/2/88/255,0/2/92/255,T600,T604,S1713,farHarad,consistent pre-V2 opposite-side territory witnesses on the same local biome transition; two shifted contexts agree; cumulative topology preserved
1511,3075,89728,300160,89856,300288,0/2/95/255,0/2/92/255,T607,T604,S1714,farHarad,consistent pre-V2 opposite-side territory witnesses on the same local biome transition; two shifted contexts agree; cumulative topology preserved
1652,3075,107776,300160,107904,300288,0/2/88/255,0/2/92/255,T600,T604,S1713,farHarad,consistent pre-V2 opposite-side territory witnesses on the same local biome transition; two shifted contexts agree; cumulative topology preserved
1512,3076,89856,300288,89984,300416,0/2/95/255,0/2/92/255,T607,T604,S1714,farHarad,consistent pre-V2 opposite-side territory witnesses on the same local biome transition; two shifted contexts agree; cumulative topology preserved
1652,3076,107776,300288,107904,300416,0/2/88/255,0/2/92/255,T600,T604,S1713,farHarad,consistent pre-V2 opposite-side territory witnesses on the same local biome transition; two shifted contexts agree; cumulative topology preserved
1512,3077,89856,300416,89984,300544,0/2/95/255,0/2/92/255,T607,T604,S1714,farHarad,consistent pre-V2 opposite-side territory witnesses on the same local biome transition; two shifted contexts agree; cumulative topology preserved
1512,3078,89856,300544,89984,300672,0/2/95/255,0/2/92/255,T607,T604,S1714,farHarad,consistent pre-V2 opposite-side territory witnesses on the same local biome transition; two shifted contexts agree; cumulative topology preserved
1512,3079,89856,300672,89984,300800,0/2/95/255,0/2/92/255,T607,T604,S1714,farHarad,consistent pre-V2 opposite-side territory witnesses on the same local biome transition; two shifted contexts agree; cumulative topology preserved
1512,3080,89856,300800,89984,300928,0/2/95/255,0/2/92/255,T607,T604,S1714,farHarad,consistent pre-V2 opposite-side territory witnesses on the same local biome transition; two shifted contexts agree; cumulative topology preserved
1512,3081,89856,300928,89984,301056,0/2/95/255,0/2/92/255,T607,T604,S1714,farHarad,consistent pre-V2 opposite-side territory witnesses on the same local biome transition; two shifted contexts agree; cumulative topology preserved
1514,3083,90112,301184,90240,301312,0/2/95/255,0/2/92/255,T607,T604,S1715,farHarad,consistent pre-V2 opposite-side territory witnesses on the same local biome transition; two shifted contexts agree; cumulative topology preserved
1515,3084,90240,301312,90368,301440,0/2/95/255,0/2/92/255,T607,T604,S1715,farHarad,consistent pre-V2 opposite-side territory witnesses on the same local biome transition; two shifted contexts agree; cumulative topology preserved
896,3089,11008,301952,11136,302080,0/2/96/255,0/2/93/255,T608,T605,S1716,farHarad,consistent pre-V2 opposite-side territory witnesses on the same local biome transition; two shifted contexts agree; cumulative topology preserved
895,3090,10880,302080,11008,302208,0/2/96/255,0/2/93/255,T608,T605,S1716,farHarad,consistent pre-V2 opposite-side territory witnesses on the same local biome transition; two shifted contexts agree; cumulative topology preserved
1651,3090,107648,302080,107776,302208,0/2/88/255,0/2/92/255,T600,T604,S1717,farHarad,consistent pre-V2 opposite-side territory witnesses on the same local biome transition; two shifted contexts agree; cumulative topology preserved
895,3091,10880,302208,11008,302336,0/2/96/255,0/2/93/255,T608,T605,S1716,farHarad,consistent pre-V2 opposite-side territory witnesses on the same local biome transition; two shifted contexts agree; cumulative topology preserved
895,3092,10880,302336,11008,302464,0/2/96/255,0/2/93/255,T608,T605,S1716,farHarad,consistent pre-V2 opposite-side territory witnesses on the same local biome transition; two shifted contexts agree; cumulative topology preserved
895,3093,10880,302464,11008,302592,0/2/96/255,0/2/93/255,T608,T605,S1716,farHarad,consistent pre-V2 opposite-side territory witnesses on the same local biome transition; two shifted contexts agree; cumulative topology preserved
1652,3093,107776,302464,107904,302592,0/2/88/255,0/2/92/255,T600,T604,S1718,farHarad,consistent pre-V2 opposite-side territory witnesses on the same local biome transition; two shifted contexts agree; cumulative topology preserved
894,3095,10752,302720,10880,302848,0/2/96/255,0/2/93/255,T608,T605,S1719,farHarad,consistent pre-V2 opposite-side territory witnesses on the same local biome transition; two shifted contexts agree; cumulative topology preserved
894,3096,10752,302848,10880,302976,0/2/96/255,0/2/93/255,T608,T605,S1719,farHarad,consistent pre-V2 opposite-side territory witnesses on the same local biome transition; two shifted contexts agree; cumulative topology preserved
892,3097,10496,302976,10624,303104,0/2/96/255,0/2/93/255,T608,T605,S1719,farHarad,consistent pre-V2 opposite-side territory witnesses on the same local biome transition; two shifted contexts agree; cumulative topology preserved
893,3097,10624,302976,10752,303104,0/2/96/255,0/2/93/255,T608,T605,S1719,farHarad,consistent pre-V2 opposite-side territory witnesses on the same local biome transition; two shifted contexts agree; cumulative topology preserved
1520,3097,90880,302976,91008,303104,0/2/92/255,0/2/95/255,T604,T607,S1720,farHaradJungleEdge,consistent pre-V2 opposite-side territory witnesses on the same local biome transition; two shifted contexts agree; cumulative topology preserved
891,3098,10368,303104,10496,303232,0/2/96/255,0/2/93/255,T608,T605,S1719,farHarad,consistent pre-V2 opposite-side territory witnesses on the same local biome transition; two shifted contexts agree; cumulative topology preserved
883,3103,9344,303744,9472,303872,0/2/96/255,0/2/93/255,T608,T605,S1721,farHarad,consistent pre-V2 opposite-side territory witnesses on the same local biome transition; two shifted contexts agree; cumulative topology preserved
1522,3103,91136,303744,91264,303872,0/2/95/255,0/2/92/255,T607,T604,S1722,farHarad,consistent pre-V2 opposite-side territory witnesses on the same local biome transition; two shifted contexts agree; cumulative topology preserved
881,3105,9088,304000,9216,304128,0/2/96/255,0/2/93/255,T608,T605,S1723,farHarad,consistent pre-V2 opposite-side territory witnesses on the same local biome transition; two shifted contexts agree; cumulative topology preserved
880,3106,8960,304128,9088,304256,0/2/96/255,0/2/93/255,T608,T605,S1723,farHarad,consistent pre-V2 opposite-side territory witnesses on the same local biome transition; two shifted contexts agree; cumulative topology preserved
1651,3110,107648,304640,107776,304768,0/2/88/255,0/2/92/255,T600,T604,S1724,farHarad,consistent pre-V2 opposite-side territory witnesses on the same local biome transition; two shifted contexts agree; cumulative topology preserved
875,3114,8320,305152,8448,305280,0/2/96/255,0/2/93/255,T608,T605,S1725,farHarad,consistent pre-V2 opposite-side territory witnesses on the same local biome transition; two shifted contexts agree; cumulative topology preserved
1653,3115,107904,305280,108032,305408,0/2/88/255,0/2/92/255,T600,T604,S1726,farHarad,consistent pre-V2 opposite-side territory witnesses on the same local biome transition; two shifted contexts agree; cumulative topology preserved
1653,3116,107904,305408,108032,305536,0/2/88/255,0/2/92/255,T600,T604,S1726,farHarad,consistent pre-V2 opposite-side territory witnesses on the same local biome transition; two shifted contexts agree; cumulative topology preserved
1657,3124,108416,306432,108544,306560,0/2/106/255,0/2/92/255,T618,T604,S1727,farHarad,consistent pre-V2 opposite-side territory witnesses on the same local biome transition; two shifted contexts agree; cumulative topology preserved
1656,3126,108288,306688,108416,306816,0/2/106/255,0/2/92/255,T618,T604,S1728,farHarad,consistent pre-V2 opposite-side territory witnesses on the same local biome transition; two shifted contexts agree; cumulative topology preserved
1656,3127,108288,306816,108416,306944,0/2/106/255,0/2/92/255,T618,T604,S1728,farHarad,consistent pre-V2 opposite-side territory witnesses on the same local biome transition; two shifted contexts agree; cumulative topology preserved
868,3128,7424,306944,7552,307072,0/2/103/255,0/2/93/255,T615,T605,S1729,farHarad,consistent pre-V2 opposite-side territory witnesses on the same local biome transition; two shifted contexts agree; cumulative topology preserved
1655,3128,108160,306944,108288,307072,0/2/106/255,0/2/92/255,T618,T604,S1728,farHarad,consistent pre-V2 opposite-side territory witnesses on the same local biome transition; two shifted contexts agree; cumulative topology preserved
868,3129,7424,307072,7552,307200,0/2/103/255,0/2/93/255,T615,T605,S1729,farHarad,consistent pre-V2 opposite-side territory witnesses on the same local biome transition; two shifted contexts agree; cumulative topology preserved
875,3129,8320,307072,8448,307200,0/2/96/255,0/2/103/255,T608,T615,S1730,farHaradBushland,consistent pre-V2 opposite-side territory witnesses on the same local biome transition; two shifted contexts agree; cumulative topology preserved
867,3130,7296,307200,7424,307328,0/2/103/255,0/2/93/255,T615,T605,S1729,farHarad,consistent pre-V2 opposite-side territory witnesses on the same local biome transition; two shifted contexts agree; cumulative topology preserved
1654,3130,108032,307200,108160,307328,0/2/106/255,0/2/92/255,T618,T604,S1731,farHarad,consistent pre-V2 opposite-side territory witnesses on the same local biome transition; two shifted contexts agree; cumulative topology preserved
1652,3131,107776,307328,107904,307456,0/2/106/255,0/2/92/255,T618,T604,S1731,farHarad,consistent pre-V2 opposite-side territory witnesses on the same local biome transition; two shifted contexts agree; cumulative topology preserved
1653,3131,107904,307328,108032,307456,0/2/106/255,0/2/92/255,T618,T604,S1731,farHarad,consistent pre-V2 opposite-side territory witnesses on the same local biome transition; two shifted contexts agree; cumulative topology preserved
866,3132,7168,307456,7296,307584,0/2/103/255,0/2/93/255,T615,T605,S1732,farHarad,consistent pre-V2 opposite-side territory witnesses on the same local biome transition; two shifted contexts agree; cumulative topology preserved
877,3132,8576,307456,8704,307584,0/2/96/255,0/2/103/255,T608,T615,S1733,farHaradBushland,consistent pre-V2 opposite-side territory witnesses on the same local biome transition; two shifted contexts agree; cumulative topology preserved
1650,3132,107520,307456,107648,307584,0/2/106/255,0/2/92/255,T618,T604,S1731,farHarad,consistent pre-V2 opposite-side territory witnesses on the same local biome transition; two shifted contexts agree; cumulative topology preserved
1651,3132,107648,307456,107776,307584,0/2/106/255,0/2/92/255,T618,T604,S1731,farHarad,consistent pre-V2 opposite-side territory witnesses on the same local biome transition; two shifted contexts agree; cumulative topology preserved
865,3133,7040,307584,7168,307712,0/2/103/255,0/2/93/255,T615,T605,S1732,farHarad,consistent pre-V2 opposite-side territory witnesses on the same local biome transition; two shifted contexts agree; cumulative topology preserved
877,3133,8576,307584,8704,307712,0/2/96/255,0/2/103/255,T608,T615,S1733,farHaradBushland,consistent pre-V2 opposite-side territory witnesses on the same local biome transition; two shifted contexts agree; cumulative topology preserved
865,3134,7040,307712,7168,307840,0/2/103/255,0/2/93/255,T615,T605,S1732,farHarad,consistent pre-V2 opposite-side territory witnesses on the same local biome transition; two shifted contexts agree; cumulative topology preserved
878,3134,8704,307712,8832,307840,0/2/96/255,0/2/103/255,T608,T615,S1733,farHaradBushland,consistent pre-V2 opposite-side territory witnesses on the same local biome transition; two shifted contexts agree; cumulative topology preserved
1646,3134,107008,307712,107136,307840,0/2/92/255,0/2/106/255,T604,T618,S1734,farHaradBushland,consistent pre-V2 opposite-side territory witnesses on the same local biome transition; two shifted contexts agree; cumulative topology preserved
864,3135,6912,307840,7040,307968,0/2/103/255,0/2/93/255,T615,T605,S1732,farHarad,consistent pre-V2 opposite-side territory witnesses on the same local biome transition; two shifted contexts agree; cumulative topology preserved
1645,3135,106880,307840,107008,307968,0/2/92/255,0/2/106/255,T604,T618,S1734,farHaradBushland,consistent pre-V2 opposite-side territory witnesses on the same local biome transition; two shifted contexts agree; cumulative topology preserved
863,3136,6784,307968,6912,308096,0/2/103/255,0/2/93/255,T615,T605,S1732,farHarad,consistent pre-V2 opposite-side territory witnesses on the same local biome transition; two shifted contexts agree; cumulative topology preserved
1644,3136,106752,307968,106880,308096,0/2/92/255,0/2/106/255,T604,T618,S1734,farHaradBushland,consistent pre-V2 opposite-side territory witnesses on the same local biome transition; two shifted contexts agree; cumulative topology preserved
862,3137,6656,308096,6784,308224,0/2/93/255,0/2/103/255,T605,T615,S1732,farHaradBushland,consistent pre-V2 opposite-side territory witnesses on the same local biome transition; two shifted contexts agree; cumulative topology preserved
1644,3137,106752,308096,106880,308224,0/2/92/255,0/2/106/255,T604,T618,S1734,farHaradBushland,consistent pre-V2 opposite-side territory witnesses on the same local biome transition; two shifted contexts agree; cumulative topology preserved
861,3138,6528,308224,6656,308352,0/2/93/255,0/2/103/255,T605,T615,S1732,farHaradBushland,consistent pre-V2 opposite-side territory witnesses on the same local biome transition; two shifted contexts agree; cumulative topology preserved
879,3138,8832,308224,8960,308352,0/2/96/255,0/2/103/255,T608,T615,S1735,farHaradBushland,consistent pre-V2 opposite-side territory witnesses on the same local biome transition; two shifted contexts agree; cumulative topology preserved
1643,3139,106624,308352,106752,308480,0/2/92/255,0/2/106/255,T604,T618,S1736,farHaradBushland,consistent pre-V2 opposite-side territory witnesses on the same local biome transition; two shifted contexts agree; cumulative topology preserved
854,3145,5632,309120,5760,309248,0/2/93/255,0/2/103/255,T605,T615,S1737,farHaradBushland,consistent pre-V2 opposite-side territory witnesses on the same local biome transition; two shifted contexts agree; cumulative topology preserved
1641,3145,106368,309120,106496,309248,0/2/106/255,0/2/92/255,T618,T604,S1738,farHarad,consistent pre-V2 opposite-side territory witnesses on the same local biome transition; two shifted contexts agree; cumulative topology preserved
885,3147,9600,309376,9728,309504,0/2/103/255,0/2/96/255,T615,T608,S1739,farHaradJungleEdge,consistent pre-V2 opposite-side territory witnesses on the same local biome transition; two shifted contexts agree; cumulative topology preserved
1640,3148,106240,309504,106368,309632,0/2/92/255,0/2/106/255,T604,T618,S1740,farHaradBushland,consistent pre-V2 opposite-side territory witnesses on the same local biome transition; two shifted contexts agree; cumulative topology preserved
852,3150,5376,309760,5504,309888,0/2/103/255,0/2/93/255,T615,T605,S1741,farHarad,consistent pre-V2 opposite-side territory witnesses on the same local biome transition; two shifted contexts agree; cumulative topology preserved
851,3153,5248,310144,5376,310272,0/2/103/255,0/2/93/255,T615,T605,S1742,farHarad,consistent pre-V2 opposite-side territory witnesses on the same local biome transition; two shifted contexts agree; cumulative topology preserved
849,3155,4992,310400,5120,310528,0/2/103/255,0/2/93/255,T615,T605,S1743,farHarad,consistent pre-V2 opposite-side territory witnesses on the same local biome transition; two shifted contexts agree; cumulative topology preserved
1627,3155,104576,310400,104704,310528,0/2/92/255,0/2/106/255,T604,T618,S1744,farHaradBushland,consistent pre-V2 opposite-side territory witnesses on the same local biome transition; two shifted contexts agree; cumulative topology preserved
1625,3156,104320,310528,104448,310656,0/2/92/255,0/2/106/255,T604,T618,S1745,farHaradBushland,consistent pre-V2 opposite-side territory witnesses on the same local biome transition; two shifted contexts agree; cumulative topology preserved
846,3157,4608,310656,4736,310784,0/2/103/255,0/2/93/255,T615,T605,S1746,farHarad,consistent pre-V2 opposite-side territory witnesses on the same local biome transition; two shifted contexts agree; cumulative topology preserved
1622,3157,103936,310656,104064,310784,0/2/106/255,0/2/92/255,T618,T604,S1747,farHarad,consistent pre-V2 opposite-side territory witnesses on the same local biome transition; two shifted contexts agree; cumulative topology preserved
845,3158,4480,310784,4608,310912,0/2/103/255,0/2/93/255,T615,T605,S1746,farHarad,consistent pre-V2 opposite-side territory witnesses on the same local biome transition; two shifted contexts agree; cumulative topology preserved
1617,3158,103296,310784,103424,310912,0/2/106/255,0/2/92/255,T618,T604,S1748,farHarad,consistent pre-V2 opposite-side territory witnesses on the same local biome transition; two shifted contexts agree; cumulative topology preserved
843,3159,4224,310912,4352,311040,0/2/103/255,0/2/93/255,T615,T605,S1749,farHarad,consistent pre-V2 opposite-side territory witnesses on the same local biome transition; two shifted contexts agree; cumulative topology preserved
842,3160,4096,311040,4224,311168,0/2/103/255,0/2/93/255,T615,T605,S1749,farHarad,consistent pre-V2 opposite-side territory witnesses on the same local biome transition; two shifted contexts agree; cumulative topology preserved
1610,3160,102400,311040,102528,311168,0/2/106/255,0/2/92/255,T618,T604,S1750,farHarad,consistent pre-V2 opposite-side territory witnesses on the same local biome transition; two shifted contexts agree; cumulative topology preserved
840,3161,3840,311168,3968,311296,0/2/103/255,0/2/93/255,T615,T605,S1751,farHarad,consistent pre-V2 opposite-side territory witnesses on the same local biome transition; two shifted contexts agree; cumulative topology preserved
1609,3161,102272,311168,102400,311296,0/2/106/255,0/2/92/255,T618,T604,S1750,farHarad,consistent pre-V2 opposite-side territory witnesses on the same local biome transition; two shifted contexts agree; cumulative topology preserved
838,3162,3584,311296,3712,311424,0/2/103/255,0/2/93/255,T615,T605,S1751,farHarad,consistent pre-V2 opposite-side territory witnesses on the same local biome transition; two shifted contexts agree; cumulative topology preserved
839,3162,3712,311296,3840,311424,0/2/103/255,0/2/93/255,T615,T605,S1751,farHarad,consistent pre-V2 opposite-side territory witnesses on the same local biome transition; two shifted contexts agree; cumulative topology preserved
836,3163,3328,311424,3456,311552,0/2/103/255,0/2/93/255,T615,T605,S1752,farHarad,consistent pre-V2 opposite-side territory witnesses on the same local biome transition; two shifted contexts agree; cumulative topology preserved
1586,3163,99328,311424,99456,311552,0/2/101/255,0/2/92/255,T613,T604,S1753,farHarad,consistent pre-V2 opposite-side territory witnesses on the same local biome transition; two shifted contexts agree; cumulative topology preserved
1586,3164,99328,311552,99456,311680,0/2/101/255,0/2/92/255,T613,T604,S1753,farHarad,consistent pre-V2 opposite-side territory witnesses on the same local biome transition; two shifted contexts agree; cumulative topology preserved
833,3165,2944,311680,3072,311808,0/2/93/255,0/2/103/255,T605,T615,S1754,farHaradBushland,consistent pre-V2 opposite-side territory witnesses on the same local biome transition; two shifted contexts agree; cumulative topology preserved
834,3165,3072,311680,3200,311808,0/2/93/255,0/2/103/255,T605,T615,S1754,farHaradBushland,consistent pre-V2 opposite-side territory witnesses on the same local biome transition; two shifted contexts agree; cumulative topology preserved
1586,3165,99328,311680,99456,311808,0/2/101/255,0/2/92/255,T613,T604,S1753,farHarad,consistent pre-V2 opposite-side territory witnesses on the same local biome transition; two shifted contexts agree; cumulative topology preserved
832,3166,2816,311808,2944,311936,0/2/93/255,0/2/103/255,T605,T615,S1754,farHaradBushland,consistent pre-V2 opposite-side territory witnesses on the same local biome transition; two shifted contexts agree; cumulative topology preserved
831,3167,2688,311936,2816,312064,0/2/103/255,0/2/93/255,T615,T605,S1754,farHarad,consistent pre-V2 opposite-side territory witnesses on the same local biome transition; two shifted contexts agree; cumulative topology preserved
1605,3167,101760,311936,101888,312064,0/2/106/255,0/2/92/255,T618,T604,S1755,farHarad,consistent pre-V2 opposite-side territory witnesses on the same local biome transition; two shifted contexts agree; cumulative topology preserved
1604,3168,101632,312064,101760,312192,0/2/106/255,0/2/92/255,T618,T604,S1755,farHarad,consistent pre-V2 opposite-side territory witnesses on the same local biome transition; two shifted contexts agree; cumulative topology preserved
830,3169,2560,312192,2688,312320,0/2/103/255,0/2/93/255,T615,T605,S1756,farHarad,consistent pre-V2 opposite-side territory witnesses on the same local biome transition; two shifted contexts agree; cumulative topology preserved
1601,3171,101248,312448,101376,312576,0/2/106/255,0/2/92/255,T618,T604,S1757,farHarad,consistent pre-V2 opposite-side territory witnesses on the same local biome transition; two shifted contexts agree; cumulative topology preserved
828,3172,2304,312576,2432,312704,0/2/103/255,0/2/93/255,T615,T605,S1758,farHarad,consistent pre-V2 opposite-side territory witnesses on the same local biome transition; two shifted contexts agree; cumulative topology preserved
1600,3172,101120,312576,101248,312704,0/2/106/255,0/2/92/255,T618,T604,S1757,farHarad,consistent pre-V2 opposite-side territory witnesses on the same local biome transition; two shifted contexts agree; cumulative topology preserved
827,3173,2176,312704,2304,312832,0/2/103/255,0/2/93/255,T615,T605,S1758,farHarad,consistent pre-V2 opposite-side territory witnesses on the same local biome transition; two shifted contexts agree; cumulative topology preserved
1599,3173,100992,312704,101120,312832,0/2/106/255,0/2/92/255,T618,T604,S1757,farHarad,consistent pre-V2 opposite-side territory witnesses on the same local biome transition; two shifted contexts agree; cumulative topology preserved
1598,3174,100864,312832,100992,312960,0/2/106/255,0/2/92/255,T618,T604,S1757,farHarad,consistent pre-V2 opposite-side territory witnesses on the same local biome transition; two shifted contexts agree; cumulative topology preserved
1597,3175,100736,312960,100864,313088,0/2/106/255,0/2/92/255,T618,T604,S1757,farHarad,consistent pre-V2 opposite-side territory witnesses on the same local biome transition; two shifted contexts agree; cumulative topology preserved
883,3179,9344,313472,9472,313600,0/2/104/255,0/2/103/255,T616,T615,S1759,farHaradBushland,consistent pre-V2 opposite-side territory witnesses on the same local biome transition; two shifted contexts agree; cumulative topology preserved
873,3180,8064,313600,8192,313728,0/2/104/255,0/2/103/255,T616,T615,S1760,farHaradBushland,consistent pre-V2 opposite-side territory witnesses on the same local biome transition; two shifted contexts agree; cumulative topology preserved
885,3180,9600,313600,9728,313728,0/2/103/255,0/2/104/255,T615,T616,S1761,farHaradJungleEdge,consistent pre-V2 opposite-side territory witnesses on the same local biome transition; two shifted contexts agree; cumulative topology preserved
889,3181,10112,313728,10240,313856,0/2/104/255,0/2/103/255,T616,T615,S1762,farHaradBushland,consistent pre-V2 opposite-side territory witnesses on the same local biome transition; two shifted contexts agree; cumulative topology preserved
890,3181,10240,313728,10368,313856,0/2/104/255,0/2/103/255,T616,T615,S1762,farHaradBushland,consistent pre-V2 opposite-side territory witnesses on the same local biome transition; two shifted contexts agree; cumulative topology preserved
891,3181,10368,313728,10496,313856,0/2/104/255,0/2/103/255,T616,T615,S1762,farHaradBushland,consistent pre-V2 opposite-side territory witnesses on the same local biome transition; two shifted contexts agree; cumulative topology preserved
892,3181,10496,313728,10624,313856,0/2/104/255,0/2/103/255,T616,T615,S1762,farHaradBushland,consistent pre-V2 opposite-side territory witnesses on the same local biome transition; two shifted contexts agree; cumulative topology preserved
893,3181,10624,313728,10752,313856,0/2/104/255,0/2/103/255,T616,T615,S1762,farHaradBushland,consistent pre-V2 opposite-side territory witnesses on the same local biome transition; two shifted contexts agree; cumulative topology preserved
894,3181,10752,313728,10880,313856,0/2/104/255,0/2/103/255,T616,T615,S1762,farHaradBushland,consistent pre-V2 opposite-side territory witnesses on the same local biome transition; two shifted contexts agree; cumulative topology preserved
895,3181,10880,313728,11008,313856,0/2/104/255,0/2/103/255,T616,T615,S1762,farHaradBushland,consistent pre-V2 opposite-side territory witnesses on the same local biome transition; two shifted contexts agree; cumulative topology preserved
1592,3181,100096,313728,100224,313856,0/2/106/255,0/2/101/255,T618,T613,S1763,farHaradJungleEdge,consistent pre-V2 opposite-side territory witnesses on the same local biome transition; two shifted contexts agree; cumulative topology preserved
874,3186,8192,314368,8320,314496,0/2/104/255,0/2/103/255,T616,T615,S1764,farHaradBushland,consistent pre-V2 opposite-side territory witnesses on the same local biome transition; two shifted contexts agree; cumulative topology preserved
875,3187,8320,314496,8448,314624,0/2/104/255,0/2/103/255,T616,T615,S1764,farHaradBushland,consistent pre-V2 opposite-side territory witnesses on the same local biome transition; two shifted contexts agree; cumulative topology preserved
875,3188,8320,314624,8448,314752,0/2/104/255,0/2/103/255,T616,T615,S1764,farHaradBushland,consistent pre-V2 opposite-side territory witnesses on the same local biome transition; two shifted contexts agree; cumulative topology preserved
875,3189,8320,314752,8448,314880,0/2/104/255,0/2/103/255,T616,T615,S1764,farHaradBushland,consistent pre-V2 opposite-side territory witnesses on the same local biome transition; two shifted contexts agree; cumulative topology preserved
877,3192,8576,315136,8704,315264,0/2/104/255,0/2/103/255,T616,T615,S1765,farHaradBushland,consistent pre-V2 opposite-side territory witnesses on the same local biome transition; two shifted contexts agree; cumulative topology preserved
877,3193,8576,315264,8704,315392,0/2/104/255,0/2/103/255,T616,T615,S1765,farHaradBushland,consistent pre-V2 opposite-side territory witnesses on the same local biome transition; two shifted contexts agree; cumulative topology preserved
879,3197,8832,315776,8960,315904,0/2/104/255,0/2/103/255,T616,T615,S1766,farHaradBushland,consistent pre-V2 opposite-side territory witnesses on the same local biome transition; two shifted contexts agree; cumulative topology preserved
1583,3197,98944,315776,99072,315904,0/2/106/255,0/2/101/255,T618,T613,S1767,farHaradJungleEdge,consistent pre-V2 opposite-side territory witnesses on the same local biome transition; two shifted contexts agree; cumulative topology preserved
880,3199,8960,316032,9088,316160,0/2/104/255,0/2/103/255,T616,T615,S1768,farHaradBushland,consistent pre-V2 opposite-side territory witnesses on the same local biome transition; two shifted contexts agree; cumulative topology preserved
880,3200,8960,316160,9088,316288,0/2/104/255,0/2/103/255,T616,T615,S1768,farHaradBushland,consistent pre-V2 opposite-side territory witnesses on the same local biome transition; two shifted contexts agree; cumulative topology preserved
1582,3200,98816,316160,98944,316288,0/2/106/255,0/2/101/255,T618,T613,S1769,farHaradJungleEdge,consistent pre-V2 opposite-side territory witnesses on the same local biome transition; two shifted contexts agree; cumulative topology preserved
881,3202,9088,316416,9216,316544,0/2/104/255,0/2/103/255,T616,T615,S1770,farHaradBushland,consistent pre-V2 opposite-side territory witnesses on the same local biome transition; two shifted contexts agree; cumulative topology preserved
1581,3202,98688,316416,98816,316544,0/2/106/255,0/2/101/255,T618,T613,S1771,farHaradJungleEdge,consistent pre-V2 opposite-side territory witnesses on the same local biome transition; two shifted contexts agree; cumulative topology preserved
881,3203,9088,316544,9216,316672,0/2/104/255,0/2/103/255,T616,T615,S1770,farHaradBushland,consistent pre-V2 opposite-side territory witnesses on the same local biome transition; two shifted contexts agree; cumulative topology preserved
1582,3214,98816,317952,98944,318080,0/2/106/255,0/2/101/255,T618,T613,S1772,farHaradJungleEdge,consistent pre-V2 opposite-side territory witnesses on the same local biome transition; two shifted contexts agree; cumulative topology preserved
880,3218,8960,318464,9088,318592,0/2/104/255,0/2/103/255,T616,T615,S1773,farHaradBushland,consistent pre-V2 opposite-side territory witnesses on the same local biome transition; two shifted contexts agree; cumulative topology preserved
881,3220,9088,318720,9216,318848,0/2/104/255,0/2/103/255,T616,T615,S1774,farHaradBushland,consistent pre-V2 opposite-side territory witnesses on the same local biome transition; two shifted contexts agree; cumulative topology preserved
881,3221,9088,318848,9216,318976,0/2/104/255,0/2/103/255,T616,T615,S1774,farHaradBushland,consistent pre-V2 opposite-side territory witnesses on the same local biome transition; two shifted contexts agree; cumulative topology preserved
882,3223,9216,319104,9344,319232,0/2/104/255,0/2/103/255,T616,T615,S1775,farHaradBushland,consistent pre-V2 opposite-side territory witnesses on the same local biome transition; two shifted contexts agree; cumulative topology preserved
882,3224,9216,319232,9344,319360,0/2/104/255,0/2/103/255,T616,T615,S1775,farHaradBushland,consistent pre-V2 opposite-side territory witnesses on the same local biome transition; two shifted contexts agree; cumulative topology preserved
882,3225,9216,319360,9344,319488,0/2/104/255,0/2/103/255,T616,T615,S1775,farHaradBushland,consistent pre-V2 opposite-side territory witnesses on the same local biome transition; two shifted contexts agree; cumulative topology preserved
882,3226,9216,319488,9344,319616,0/2/104/255,0/2/103/255,T616,T615,S1775,farHaradBushland,consistent pre-V2 opposite-side territory witnesses on the same local biome transition; two shifted contexts agree; cumulative topology preserved
1580,3226,98560,319488,98688,319616,0/2/101/255,0/2/106/255,T613,T618,S1776,farHaradBushland,consistent pre-V2 opposite-side territory witnesses on the same local biome transition; two shifted contexts agree; cumulative topology preserved
1578,3232,98304,320256,98432,320384,0/2/106/255,0/2/101/255,T618,T613,S1777,farHaradJungleEdge,consistent pre-V2 opposite-side territory witnesses on the same local biome transition; two shifted contexts agree; cumulative topology preserved
1570,3239,97280,321152,97408,321280,0/2/101/255,0/2/106/255,T613,T618,S1778,farHaradBushland,consistent pre-V2 opposite-side territory witnesses on the same local biome transition; two shifted contexts agree; cumulative topology preserved
877,3241,8576,321408,8704,321536,0/2/104/255,0/2/103/255,T616,T615,S1779,farHaradBushland,consistent pre-V2 opposite-side territory witnesses on the same local biome transition; two shifted contexts agree; cumulative topology preserved
877,3242,8576,321536,8704,321664,0/2/104/255,0/2/103/255,T616,T615,S1779,farHaradBushland,consistent pre-V2 opposite-side territory witnesses on the same local biome transition; two shifted contexts agree; cumulative topology preserved
879,3245,8832,321920,8960,322048,0/2/104/255,0/2/103/255,T616,T615,S1780,farHaradBushland,consistent pre-V2 opposite-side territory witnesses on the same local biome transition; two shifted contexts agree; cumulative topology preserved
880,3247,8960,322176,9088,322304,0/2/104/255,0/2/103/255,T616,T615,S1781,farHaradBushland,consistent pre-V2 opposite-side territory witnesses on the same local biome transition; two shifted contexts agree; cumulative topology preserved
881,3248,9088,322304,9216,322432,0/2/104/255,0/2/103/255,T616,T615,S1781,farHaradBushland,consistent pre-V2 opposite-side territory witnesses on the same local biome transition; two shifted contexts agree; cumulative topology preserved
881,3249,9088,322432,9216,322560,0/2/104/255,0/2/103/255,T616,T615,S1781,farHaradBushland,consistent pre-V2 opposite-side territory witnesses on the same local biome transition; two shifted contexts agree; cumulative topology preserved
882,3251,9216,322688,9344,322816,0/2/104/255,0/2/103/255,T616,T615,S1782,farHaradBushland,consistent pre-V2 opposite-side territory witnesses on the same local biome transition; two shifted contexts agree; cumulative topology preserved
883,3254,9344,323072,9472,323200,0/2/104/255,0/2/103/255,T616,T615,S1783,farHaradBushland,consistent pre-V2 opposite-side territory witnesses on the same local biome transition; two shifted contexts agree; cumulative topology preserved
883,3255,9344,323200,9472,323328,0/2/104/255,0/2/103/255,T616,T615,S1783,farHaradBushland,consistent pre-V2 opposite-side territory witnesses on the same local biome transition; two shifted contexts agree; cumulative topology preserved
883,3256,9344,323328,9472,323456,0/2/104/255,0/2/103/255,T616,T615,S1783,farHaradBushland,consistent pre-V2 opposite-side territory witnesses on the same local biome transition; two shifted contexts agree; cumulative topology preserved
883,3257,9344,323456,9472,323584,0/2/104/255,0/2/103/255,T616,T615,S1783,farHaradBushland,consistent pre-V2 opposite-side territory witnesses on the same local biome transition; two shifted contexts agree; cumulative topology preserved
880,3262,8960,324096,9088,324224,0/2/103/255,0/2/104/255,T615,T616,S1784,farHaradJungleEdge,consistent pre-V2 opposite-side territory witnesses on the same local biome transition; two shifted contexts agree; cumulative topology preserved
880,3263,8960,324224,9088,324352,0/2/103/255,0/2/104/255,T615,T616,S1784,farHaradJungleEdge,consistent pre-V2 opposite-side territory witnesses on the same local biome transition; two shifted contexts agree; cumulative topology preserved
880,3264,8960,324352,9088,324480,0/2/103/255,0/2/104/255,T615,T616,S1784,farHaradJungleEdge,consistent pre-V2 opposite-side territory witnesses on the same local biome transition; two shifted contexts agree; cumulative topology preserved
880,3265,8960,324480,9088,324608,0/2/103/255,0/2/104/255,T615,T616,S1784,farHaradJungleEdge,consistent pre-V2 opposite-side territory witnesses on the same local biome transition; two shifted contexts agree; cumulative topology preserved
880,3266,8960,324608,9088,324736,0/2/103/255,0/2/104/255,T615,T616,S1784,farHaradJungleEdge,consistent pre-V2 opposite-side territory witnesses on the same local biome transition; two shifted contexts agree; cumulative topology preserved
880,3267,8960,324736,9088,324864,0/2/103/255,0/2/104/255,T615,T616,S1784,farHaradJungleEdge,consistent pre-V2 opposite-side territory witnesses on the same local biome transition; two shifted contexts agree; cumulative topology preserved
880,3268,8960,324864,9088,324992,0/2/103/255,0/2/104/255,T615,T616,S1784,farHaradJungleEdge,consistent pre-V2 opposite-side territory witnesses on the same local biome transition; two shifted contexts agree; cumulative topology preserved
881,3271,9088,325248,9216,325376,0/2/104/255,0/2/103/255,T616,T615,S1785,farHaradBushland,consistent pre-V2 opposite-side territory witnesses on the same local biome transition; two shifted contexts agree; cumulative topology preserved
881,3272,9088,325376,9216,325504,0/2/104/255,0/2/103/255,T616,T615,S1785,farHaradBushland,consistent pre-V2 opposite-side territory witnesses on the same local biome transition; two shifted contexts agree; cumulative topology preserved
881,3273,9088,325504,9216,325632,0/2/104/255,0/2/103/255,T616,T615,S1785,farHaradBushland,consistent pre-V2 opposite-side territory witnesses on the same local biome transition; two shifted contexts agree; cumulative topology preserved
881,3274,9088,325632,9216,325760,0/2/104/255,0/2/103/255,T616,T615,S1785,farHaradBushland,consistent pre-V2 opposite-side territory witnesses on the same local biome transition; two shifted contexts agree; cumulative topology preserved
881,3275,9088,325760,9216,325888,0/2/104/255,0/2/103/255,T616,T615,S1785,farHaradBushland,consistent pre-V2 opposite-side territory witnesses on the same local biome transition; two shifted contexts agree; cumulative topology preserved
881,3276,9088,325888,9216,326016,0/2/104/255,0/2/103/255,T616,T615,S1785,farHaradBushland,consistent pre-V2 opposite-side territory witnesses on the same local biome transition; two shifted contexts agree; cumulative topology preserved
883,3279,9344,326272,9472,326400,0/2/104/255,0/2/103/255,T616,T615,S1786,farHaradBushland,consistent pre-V2 opposite-side territory witnesses on the same local biome transition; two shifted contexts agree; cumulative topology preserved
1548,3287,94464,327296,94592,327424,0/2/108/255,0/2/106/255,T620,T618,S1787,farHaradBushland,consistent pre-V2 opposite-side territory witnesses on the same local biome transition; two shifted contexts agree; cumulative topology preserved
1550,3290,94720,327680,94848,327808,0/2/108/255,0/2/106/255,T620,T618,S1788,farHaradBushland,consistent pre-V2 opposite-side territory witnesses on the same local biome transition; two shifted contexts agree; cumulative topology preserved
1549,3295,94592,328320,94720,328448,0/2/108/255,0/2/106/255,T620,T618,S1789,farHaradBushland,consistent pre-V2 opposite-side territory witnesses on the same local biome transition; two shifted contexts agree; cumulative topology preserved
1549,3296,94592,328448,94720,328576,0/2/108/255,0/2/106/255,T620,T618,S1789,farHaradBushland,consistent pre-V2 opposite-side territory witnesses on the same local biome transition; two shifted contexts agree; cumulative topology preserved
1550,3297,94720,328576,94848,328704,0/2/108/255,0/2/106/255,T620,T618,S1789,farHaradBushland,consistent pre-V2 opposite-side territory witnesses on the same local biome transition; two shifted contexts agree; cumulative topology preserved
1550,3298,94720,328704,94848,328832,0/2/108/255,0/2/106/255,T620,T618,S1789,farHaradBushland,consistent pre-V2 opposite-side territory witnesses on the same local biome transition; two shifted contexts agree; cumulative topology preserved
1550,3301,94720,329088,94848,329216,0/2/108/255,0/2/106/255,T620,T618,S1790,farHaradBushland,consistent pre-V2 opposite-side territory witnesses on the same local biome transition; two shifted contexts agree; cumulative topology preserved
1550,3302,94720,329216,94848,329344,0/2/108/255,0/2/106/255,T620,T618,S1790,farHaradBushland,consistent pre-V2 opposite-side territory witnesses on the same local biome transition; two shifted contexts agree; cumulative topology preserved
1550,3303,94720,329344,94848,329472,0/2/108/255,0/2/106/255,T620,T618,S1790,farHaradBushland,consistent pre-V2 opposite-side territory witnesses on the same local biome transition; two shifted contexts agree; cumulative topology preserved
1550,3311,94720,330368,94848,330496,0/2/108/255,0/2/106/255,T620,T618,S1791,farHaradBushland,consistent pre-V2 opposite-side territory witnesses on the same local biome transition; two shifted contexts agree; cumulative topology preserved
1550,3312,94720,330496,94848,330624,0/2/108/255,0/2/106/255,T620,T618,S1791,farHaradBushland,consistent pre-V2 opposite-side territory witnesses on the same local biome transition; two shifted contexts agree; cumulative topology preserved
1550,3313,94720,330624,94848,330752,0/2/108/255,0/2/106/255,T620,T618,S1791,farHaradBushland,consistent pre-V2 opposite-side territory witnesses on the same local biome transition; two shifted contexts agree; cumulative topology preserved
1550,3314,94720,330752,94848,330880,0/2/108/255,0/2/106/255,T620,T618,S1791,farHaradBushland,consistent pre-V2 opposite-side territory witnesses on the same local biome transition; two shifted contexts agree; cumulative topology preserved
1550,3315,94720,330880,94848,331008,0/2/108/255,0/2/106/255,T620,T618,S1791,farHaradBushland,consistent pre-V2 opposite-side territory witnesses on the same local biome transition; two shifted contexts agree; cumulative topology preserved
1550,3316,94720,331008,94848,331136,0/2/108/255,0/2/106/255,T620,T618,S1791,farHaradBushland,consistent pre-V2 opposite-side territory witnesses on the same local biome transition; two shifted contexts agree; cumulative topology preserved
1550,3317,94720,331136,94848,331264,0/2/108/255,0/2/106/255,T620,T618,S1791,farHaradBushland,consistent pre-V2 opposite-side territory witnesses on the same local biome transition; two shifted contexts agree; cumulative topology preserved
1550,3318,94720,331264,94848,331392,0/2/108/255,0/2/106/255,T620,T618,S1791,farHaradBushland,consistent pre-V2 opposite-side territory witnesses on the same local biome transition; two shifted contexts agree; cumulative topology preserved
1512,3339,89856,333952,89984,334080,0/2/108/255,0/2/121/255,T620,T633,S1792,farHaradBushland,consistent pre-V2 opposite-side territory witnesses on the same local biome transition; two shifted contexts agree; cumulative topology preserved
1534,3340,92672,334080,92800,334208,0/2/108/255,0/2/121/255,T620,T633,S1793,farHaradBushland,consistent pre-V2 opposite-side territory witnesses on the same local biome transition; two shifted contexts agree; cumulative topology preserved
1535,3340,92800,334080,92928,334208,0/2/108/255,0/2/121/255,T620,T633,S1793,farHaradBushland,consistent pre-V2 opposite-side territory witnesses on the same local biome transition; two shifted contexts agree; cumulative topology preserved
1532,3341,92416,334208,92544,334336,0/2/108/255,0/2/121/255,T620,T633,S1794,farHaradBushland,consistent pre-V2 opposite-side territory witnesses on the same local biome transition; two shifted contexts agree; cumulative topology preserved
1529,3342,92032,334336,92160,334464,0/2/108/255,0/2/121/255,T620,T633,S1795,farHaradBushland,consistent pre-V2 opposite-side territory witnesses on the same local biome transition; two shifted contexts agree; cumulative topology preserved
1520,3343,90880,334464,91008,334592,0/2/121/255,0/2/108/255,T633,T620,S1796,farHaradJungleEdge,consistent pre-V2 opposite-side territory witnesses on the same local biome transition; two shifted contexts agree; cumulative topology preserved
1521,3343,91008,334464,91136,334592,0/2/121/255,0/2/108/255,T633,T620,S1796,farHaradJungleEdge,consistent pre-V2 opposite-side territory witnesses on the same local biome transition; two shifted contexts agree; cumulative topology preserved
1522,3343,91136,334464,91264,334592,0/2/121/255,0/2/108/255,T633,T620,S1796,farHaradJungleEdge,consistent pre-V2 opposite-side territory witnesses on the same local biome transition; two shifted contexts agree; cumulative topology preserved
1523,3343,91264,334464,91392,334592,0/2/121/255,0/2/108/255,T633,T620,S1796,farHaradJungleEdge,consistent pre-V2 opposite-side territory witnesses on the same local biome transition; two shifted contexts agree; cumulative topology preserved
1524,3343,91392,334464,91520,334592,0/2/121/255,0/2/108/255,T633,T620,S1796,farHaradJungleEdge,consistent pre-V2 opposite-side territory witnesses on the same local biome transition; two shifted contexts agree; cumulative topology preserved
1525,3343,91520,334464,91648,334592,0/2/121/255,0/2/108/255,T633,T620,S1796,farHaradJungleEdge,consistent pre-V2 opposite-side territory witnesses on the same local biome transition; two shifted contexts agree; cumulative topology preserved
1482,3368,86016,337664,86144,337792,0/2/121/255,0/2/114/255,T633,T626,S1797,farHaradJungleEdge,consistent pre-V2 opposite-side territory witnesses on the same local biome transition; two shifted contexts agree; cumulative topology preserved
1476,3375,85248,338560,85376,338688,0/2/114/255,0/2/121/255,T626,T633,S1798,farHaradBushland,consistent pre-V2 opposite-side territory witnesses on the same local biome transition; two shifted contexts agree; cumulative topology preserved
1473,3376,84864,338688,84992,338816,0/2/114/255,0/2/121/255,T626,T633,S1799,farHaradBushland,consistent pre-V2 opposite-side territory witnesses on the same local biome transition; two shifted contexts agree; cumulative topology preserved
1471,3377,84608,338816,84736,338944,0/2/114/255,0/2/121/255,T626,T633,S1800,farHaradBushland,consistent pre-V2 opposite-side territory witnesses on the same local biome transition; two shifted contexts agree; cumulative topology preserved
1468,3378,84224,338944,84352,339072,0/2/114/255,0/2/121/255,T626,T633,S1800,farHaradBushland,consistent pre-V2 opposite-side territory witnesses on the same local biome transition; two shifted contexts agree; cumulative topology preserved
1469,3378,84352,338944,84480,339072,0/2/114/255,0/2/121/255,T626,T633,S1800,farHaradBushland,consistent pre-V2 opposite-side territory witnesses on the same local biome transition; two shifted contexts agree; cumulative topology preserved
1470,3378,84480,338944,84608,339072,0/2/114/255,0/2/121/255,T626,T633,S1800,farHaradBushland,consistent pre-V2 opposite-side territory witnesses on the same local biome transition; two shifted contexts agree; cumulative topology preserved
1466,3379,83968,339072,84096,339200,0/2/114/255,0/2/121/255,T626,T633,S1801,farHaradBushland,consistent pre-V2 opposite-side territory witnesses on the same local biome transition; two shifted contexts agree; cumulative topology preserved
1464,3383,83712,339584,83840,339712,0/2/114/255,0/2/121/255,T626,T633,S1802,farHaradBushland,consistent pre-V2 opposite-side territory witnesses on the same local biome transition; two shifted contexts agree; cumulative topology preserved
1464,3384,83712,339712,83840,339840,0/2/114/255,0/2/121/255,T626,T633,S1802,farHaradBushland,consistent pre-V2 opposite-side territory witnesses on the same local biome transition; two shifted contexts agree; cumulative topology preserved
855,3385,5760,339840,5888,339968,0/2/119/255,0/2/122/255,T631,T634,S1803,farHaradBushland,consistent pre-V2 opposite-side territory witnesses on the same local biome transition; two shifted contexts agree; cumulative topology preserved
1464,3385,83712,339840,83840,339968,0/2/114/255,0/2/121/255,T626,T633,S1802,farHaradBushland,consistent pre-V2 opposite-side territory witnesses on the same local biome transition; two shifted contexts agree; cumulative topology preserved
1464,3386,83712,339968,83840,340096,0/2/114/255,0/2/121/255,T626,T633,S1802,farHaradBushland,consistent pre-V2 opposite-side territory witnesses on the same local biome transition; two shifted contexts agree; cumulative topology preserved
853,3387,5504,340096,5632,340224,0/2/119/255,0/2/122/255,T631,T634,S1804,farHaradBushland,consistent pre-V2 opposite-side territory witnesses on the same local biome transition; two shifted contexts agree; cumulative topology preserved
1464,3387,83712,340096,83840,340224,0/2/114/255,0/2/121/255,T626,T633,S1802,farHaradBushland,consistent pre-V2 opposite-side territory witnesses on the same local biome transition; two shifted contexts agree; cumulative topology preserved
1464,3388,83712,340224,83840,340352,0/2/114/255,0/2/121/255,T626,T633,S1802,farHaradBushland,consistent pre-V2 opposite-side territory witnesses on the same local biome transition; two shifted contexts agree; cumulative topology preserved
1464,3389,83712,340352,83840,340480,0/2/114/255,0/2/121/255,T626,T633,S1802,farHaradBushland,consistent pre-V2 opposite-side territory witnesses on the same local biome transition; two shifted contexts agree; cumulative topology preserved
1464,3390,83712,340480,83840,340608,0/2/114/255,0/2/121/255,T626,T633,S1802,farHaradBushland,consistent pre-V2 opposite-side territory witnesses on the same local biome transition; two shifted contexts agree; cumulative topology preserved
1464,3396,83712,341248,83840,341376,0/2/121/255,0/2/114/255,T633,T626,S1805,farHaradJungleEdge,consistent pre-V2 opposite-side territory witnesses on the same local biome transition; two shifted contexts agree; cumulative topology preserved
842,3397,4096,341376,4224,341504,0/2/122/255,0/2/119/255,T634,T631,S1806,farHaradJungleEdge,consistent pre-V2 opposite-side territory witnesses on the same local biome transition; two shifted contexts agree; cumulative topology preserved
1462,3400,83456,341760,83584,341888,0/2/114/255,0/2/121/255,T626,T633,S1807,farHaradBushland,consistent pre-V2 opposite-side territory witnesses on the same local biome transition; two shifted contexts agree; cumulative topology preserved
1459,3407,83072,342656,83200,342784,0/2/114/255,0/2/121/255,T626,T633,S1808,farHaradBushland,consistent pre-V2 opposite-side territory witnesses on the same local biome transition; two shifted contexts agree; cumulative topology preserved
1459,3408,83072,342784,83200,342912,0/2/114/255,0/2/121/255,T626,T633,S1808,farHaradBushland,consistent pre-V2 opposite-side territory witnesses on the same local biome transition; two shifted contexts agree; cumulative topology preserved
1459,3409,83072,342912,83200,343040,0/2/114/255,0/2/121/255,T626,T633,S1808,farHaradBushland,consistent pre-V2 opposite-side territory witnesses on the same local biome transition; two shifted contexts agree; cumulative topology preserved
837,3410,3456,343040,3584,343168,0/2/119/255,0/2/122/255,T631,T634,S1809,farHaradBushland,consistent pre-V2 opposite-side territory witnesses on the same local biome transition; two shifted contexts agree; cumulative topology preserved
1459,3410,83072,343040,83200,343168,0/2/114/255,0/2/121/255,T626,T633,S1808,farHaradBushland,consistent pre-V2 opposite-side territory witnesses on the same local biome transition; two shifted contexts agree; cumulative topology preserved
833,3413,2944,343424,3072,343552,0/2/119/255,0/2/122/255,T631,T634,S1810,farHaradBushland,consistent pre-V2 opposite-side territory witnesses on the same local biome transition; two shifted contexts agree; cumulative topology preserved
834,3413,3072,343424,3200,343552,0/2/119/255,0/2/122/255,T631,T634,S1810,farHaradBushland,consistent pre-V2 opposite-side territory witnesses on the same local biome transition; two shifted contexts agree; cumulative topology preserved
1461,3413,83328,343424,83456,343552,0/2/114/255,0/2/121/255,T626,T633,S1811,farHaradBushland,consistent pre-V2 opposite-side territory witnesses on the same local biome transition; two shifted contexts agree; cumulative topology preserved
832,3414,2816,343552,2944,343680,0/2/119/255,0/2/122/255,T631,T634,S1810,farHaradBushland,consistent pre-V2 opposite-side territory witnesses on the same local biome transition; two shifted contexts agree; cumulative topology preserved
1462,3415,83456,343680,83584,343808,0/2/114/255,0/2/121/255,T626,T633,S1812,farHaradBushland,consistent pre-V2 opposite-side territory witnesses on the same local biome transition; two shifted contexts agree; cumulative topology preserved
828,3418,2304,344064,2432,344192,0/2/119/255,0/2/122/255,T631,T634,S1813,farHaradBushland,consistent pre-V2 opposite-side territory witnesses on the same local biome transition; two shifted contexts agree; cumulative topology preserved
1464,3421,83712,344448,83840,344576,0/2/114/255,0/2/121/255,T626,T633,S1814,farHaradBushland,consistent pre-V2 opposite-side territory witnesses on the same local biome transition; two shifted contexts agree; cumulative topology preserved
1464,3422,83712,344576,83840,344704,0/2/114/255,0/2/121/255,T626,T633,S1814,farHaradBushland,consistent pre-V2 opposite-side territory witnesses on the same local biome transition; two shifted contexts agree; cumulative topology preserved
1464,3423,83712,344704,83840,344832,0/2/114/255,0/2/121/255,T626,T633,S1814,farHaradBushland,consistent pre-V2 opposite-side territory witnesses on the same local biome transition; two shifted contexts agree; cumulative topology preserved
827,3444,2176,347392,2304,347520,0/2/119/255,0/2/122/255,T631,T634,S1815,farHaradBushland,consistent pre-V2 opposite-side territory witnesses on the same local biome transition; two shifted contexts agree; cumulative topology preserved
828,3445,2304,347520,2432,347648,0/2/119/255,0/2/122/255,T631,T634,S1815,farHaradBushland,consistent pre-V2 opposite-side territory witnesses on the same local biome transition; two shifted contexts agree; cumulative topology preserved
829,3446,2432,347648,2560,347776,0/2/119/255,0/2/122/255,T631,T634,S1815,farHaradBushland,consistent pre-V2 opposite-side territory witnesses on the same local biome transition; two shifted contexts agree; cumulative topology preserved
829,3447,2432,347776,2560,347904,0/2/119/255,0/2/122/255,T631,T634,S1815,farHaradBushland,consistent pre-V2 opposite-side territory witnesses on the same local biome transition; two shifted contexts agree; cumulative topology preserved
830,3448,2560,347904,2688,348032,0/2/119/255,0/2/122/255,T631,T634,S1815,farHaradBushland,consistent pre-V2 opposite-side territory witnesses on the same local biome transition; two shifted contexts agree; cumulative topology preserved
1430,3461,79360,349568,79488,349696,0/2/117/255,0/2/121/255,T629,T633,S1816,farHaradBushland,consistent pre-V2 opposite-side territory witnesses on the same local biome transition; two shifted contexts agree; cumulative topology preserved
832,3463,2816,349824,2944,349952,0/2/119/255,0/2/122/255,T631,T634,S1817,farHaradBushland,consistent pre-V2 opposite-side territory witnesses on the same local biome transition; two shifted contexts agree; cumulative topology preserved
1428,3463,79104,349824,79232,349952,0/2/121/255,0/2/117/255,T633,T629,S1818,farHaradJungleEdge,consistent pre-V2 opposite-side territory witnesses on the same local biome transition; two shifted contexts agree; cumulative topology preserved
835,3465,3200,350080,3328,350208,0/2/119/255,0/2/122/255,T631,T634,S1819,farHaradBushland,consistent pre-V2 opposite-side territory witnesses on the same local biome transition; two shifted contexts agree; cumulative topology preserved
1419,3466,77952,350208,78080,350336,0/2/117/255,0/2/121/255,T629,T633,S1820,farHaradBushland,consistent pre-V2 opposite-side territory witnesses on the same local biome transition; two shifted contexts agree; cumulative topology preserved
1416,3468,77568,350464,77696,350592,0/2/117/255,0/2/121/255,T629,T633,S1821,farHaradBushland,consistent pre-V2 opposite-side territory witnesses on the same local biome transition; two shifted contexts agree; cumulative topology preserved
836,3469,3328,350592,3456,350720,0/2/119/255,0/2/122/255,T631,T634,S1822,farHaradBushland,consistent pre-V2 opposite-side territory witnesses on the same local biome transition; two shifted contexts agree; cumulative topology preserved
1415,3469,77440,350592,77568,350720,0/2/117/255,0/2/121/255,T629,T633,S1821,farHaradBushland,consistent pre-V2 opposite-side territory witnesses on the same local biome transition; two shifted contexts agree; cumulative topology preserved
836,3470,3328,350720,3456,350848,0/2/119/255,0/2/122/255,T631,T634,S1822,farHaradBushland,consistent pre-V2 opposite-side territory witnesses on the same local biome transition; two shifted contexts agree; cumulative topology preserved
1377,3470,72576,350720,72704,350848,0/2/117/255,0/2/121/255,T629,T633,S1823,farHaradBushland,consistent pre-V2 opposite-side territory witnesses on the same local biome transition; two shifted contexts agree; cumulative topology preserved
1378,3470,72704,350720,72832,350848,0/2/117/255,0/2/121/255,T629,T633,S1823,farHaradBushland,consistent pre-V2 opposite-side territory witnesses on the same local biome transition; two shifted contexts agree; cumulative topology preserved
1379,3470,72832,350720,72960,350848,0/2/117/255,0/2/121/255,T629,T633,S1823,farHaradBushland,consistent pre-V2 opposite-side territory witnesses on the same local biome transition; two shifted contexts agree; cumulative topology preserved
1380,3470,72960,350720,73088,350848,0/2/117/255,0/2/121/255,T629,T633,S1823,farHaradBushland,consistent pre-V2 opposite-side territory witnesses on the same local biome transition; two shifted contexts agree; cumulative topology preserved
1381,3470,73088,350720,73216,350848,0/2/117/255,0/2/121/255,T629,T633,S1823,farHaradBushland,consistent pre-V2 opposite-side territory witnesses on the same local biome transition; two shifted contexts agree; cumulative topology preserved
1382,3470,73216,350720,73344,350848,0/2/117/255,0/2/121/255,T629,T633,S1823,farHaradBushland,consistent pre-V2 opposite-side territory witnesses on the same local biome transition; two shifted contexts agree; cumulative topology preserved
1383,3470,73344,350720,73472,350848,0/2/117/255,0/2/121/255,T629,T633,S1823,farHaradBushland,consistent pre-V2 opposite-side territory witnesses on the same local biome transition; two shifted contexts agree; cumulative topology preserved
1384,3470,73472,350720,73600,350848,0/2/117/255,0/2/121/255,T629,T633,S1823,farHaradBushland,consistent pre-V2 opposite-side territory witnesses on the same local biome transition; two shifted contexts agree; cumulative topology preserved
1385,3470,73600,350720,73728,350848,0/2/117/255,0/2/121/255,T629,T633,S1823,farHaradBushland,consistent pre-V2 opposite-side territory witnesses on the same local biome transition; two shifted contexts agree; cumulative topology preserved
1414,3470,77312,350720,77440,350848,0/2/117/255,0/2/121/255,T629,T633,S1821,farHaradBushland,consistent pre-V2 opposite-side territory witnesses on the same local biome transition; two shifted contexts agree; cumulative topology preserved
1388,3471,73984,350848,74112,350976,0/2/121/255,0/2/117/255,T633,T629,S1824,farHaradJungleEdge,consistent pre-V2 opposite-side territory witnesses on the same local biome transition; two shifted contexts agree; cumulative topology preserved
1413,3471,77184,350848,77312,350976,0/2/117/255,0/2/121/255,T629,T633,S1821,farHaradBushland,consistent pre-V2 opposite-side territory witnesses on the same local biome transition; two shifted contexts agree; cumulative topology preserved
1412,3472,77056,350976,77184,351104,0/2/117/255,0/2/121/255,T629,T633,S1821,farHaradBushland,consistent pre-V2 opposite-side territory witnesses on the same local biome transition; two shifted contexts agree; cumulative topology preserved
1411,3473,76928,351104,77056,351232,0/2/117/255,0/2/121/255,T629,T633,S1821,farHaradBushland,consistent pre-V2 opposite-side territory witnesses on the same local biome transition; two shifted contexts agree; cumulative topology preserved
799,3474,-1408,351232,-1280,351360,0/2/130/255,0/2/122/255,T642,T634,S1825,farHaradBushland,consistent pre-V2 opposite-side territory witnesses on the same local biome transition; two shifted contexts agree; cumulative topology preserved
1401,3474,75648,351232,75776,351360,0/2/117/255,0/2/121/255,T629,T633,S1826,farHaradBushland,consistent pre-V2 opposite-side territory witnesses on the same local biome transition; two shifted contexts agree; cumulative topology preserved
1409,3474,76672,351232,76800,351360,0/2/117/255,0/2/121/255,T629,T633,S1827,farHaradBushland,consistent pre-V2 opposite-side territory witnesses on the same local biome transition; two shifted contexts agree; cumulative topology preserved
797,3477,-1664,351616,-1536,351744,0/2/130/255,0/2/122/255,T642,T634,S1828,farHaradBushland,consistent pre-V2 opposite-side territory witnesses on the same local biome transition; two shifted contexts agree; cumulative topology preserved
796,3478,-1792,351744,-1664,351872,0/2/130/255,0/2/122/255,T642,T634,S1828,farHaradBushland,consistent pre-V2 opposite-side territory witnesses on the same local biome transition; two shifted contexts agree; cumulative topology preserved
833,3482,2944,352256,3072,352384,0/2/119/255,0/2/122/255,T631,T634,S1829,farHaradBushland,consistent pre-V2 opposite-side territory witnesses on the same local biome transition; two shifted contexts agree; cumulative topology preserved
833,3483,2944,352384,3072,352512,0/2/119/255,0/2/122/255,T631,T634,S1829,farHaradBushland,consistent pre-V2 opposite-side territory witnesses on the same local biome transition; two shifted contexts agree; cumulative topology preserved
809,3490,-128,353280,0,353408,0/2/122/255,0/2/130/255,T634,T642,S1830,farHaradBushlandHills,consistent pre-V2 opposite-side territory witnesses on the same local biome transition; two shifted contexts agree; cumulative topology preserved
1420,3490,78080,353280,78208,353408,0/2/125/255,0/2/121/255,T637,T633,S1831,farHaradBushland,consistent pre-V2 opposite-side territory witnesses on the same local biome transition; two shifted contexts agree; cumulative topology preserved
832,3491,2816,353408,2944,353536,0/2/119/255,0/2/122/255,T631,T634,S1832,farHaradBushland,consistent pre-V2 opposite-side territory witnesses on the same local biome transition; two shifted contexts agree; cumulative topology preserved
1419,3491,77952,353408,78080,353536,0/2/125/255,0/2/121/255,T637,T633,S1831,farHaradBushland,consistent pre-V2 opposite-side territory witnesses on the same local biome transition; two shifted contexts agree; cumulative topology preserved
787,3492,-2944,353536,-2816,353664,0/2/130/255,0/2/122/255,T642,T634,S1833,farHaradBushland,consistent pre-V2 opposite-side territory witnesses on the same local biome transition; two shifted contexts agree; cumulative topology preserved
831,3493,2688,353664,2816,353792,0/2/119/255,0/2/122/255,T631,T634,S1834,farHaradBushland,consistent pre-V2 opposite-side territory witnesses on the same local biome transition; two shifted contexts agree; cumulative topology preserved
1418,3493,77824,353664,77952,353792,0/2/125/255,0/2/121/255,T637,T633,S1835,farHaradBushland,consistent pre-V2 opposite-side territory witnesses on the same local biome transition; two shifted contexts agree; cumulative topology preserved
830,3495,2560,353920,2688,354048,0/2/119/255,0/2/122/255,T631,T634,S1836,farHaradBushland,consistent pre-V2 opposite-side territory witnesses on the same local biome transition; two shifted contexts agree; cumulative topology preserved
1414,3495,77312,353920,77440,354048,0/2/125/255,0/2/121/255,T637,T633,S1837,farHaradBushland,consistent pre-V2 opposite-side territory witnesses on the same local biome transition; two shifted contexts agree; cumulative topology preserved
808,3496,-256,354048,-128,354176,0/2/130/255,0/2/122/255,T642,T634,S1838,farHaradBushland,consistent pre-V2 opposite-side territory witnesses on the same local biome transition; two shifted contexts agree; cumulative topology preserved
808,3497,-256,354176,-128,354304,0/2/130/255,0/2/122/255,T642,T634,S1838,farHaradBushland,consistent pre-V2 opposite-side territory witnesses on the same local biome transition; two shifted contexts agree; cumulative topology preserved
1406,3497,76288,354176,76416,354304,0/2/125/255,0/2/121/255,T637,T633,S1839,farHaradBushland,consistent pre-V2 opposite-side territory witnesses on the same local biome transition; two shifted contexts agree; cumulative topology preserved
1407,3497,76416,354176,76544,354304,0/2/125/255,0/2/121/255,T637,T633,S1839,farHaradBushland,consistent pre-V2 opposite-side territory witnesses on the same local biome transition; two shifted contexts agree; cumulative topology preserved
1408,3497,76544,354176,76672,354304,0/2/125/255,0/2/121/255,T637,T633,S1839,farHaradBushland,consistent pre-V2 opposite-side territory witnesses on the same local biome transition; two shifted contexts agree; cumulative topology preserved
1424,3497,78592,354176,78720,354304,0/2/125/255,0/2/121/255,T637,T633,S1840,farHaradBushland,consistent pre-V2 opposite-side territory witnesses on the same local biome transition; two shifted contexts agree; cumulative topology preserved
787,3498,-2944,354304,-2816,354432,0/2/130/255,0/2/122/255,T642,T634,S1841,farHaradBushland,consistent pre-V2 opposite-side territory witnesses on the same local biome transition; two shifted contexts agree; cumulative topology preserved
1403,3498,75904,354304,76032,354432,0/2/125/255,0/2/121/255,T637,T633,S1842,farHaradBushland,consistent pre-V2 opposite-side territory witnesses on the same local biome transition; two shifted contexts agree; cumulative topology preserved
787,3499,-2944,354432,-2816,354560,0/2/130/255,0/2/122/255,T642,T634,S1841,farHaradBushland,consistent pre-V2 opposite-side territory witnesses on the same local biome transition; two shifted contexts agree; cumulative topology preserved
787,3500,-2944,354560,-2816,354688,0/2/130/255,0/2/122/255,T642,T634,S1841,farHaradBushland,consistent pre-V2 opposite-side territory witnesses on the same local biome transition; two shifted contexts agree; cumulative topology preserved
787,3501,-2944,354688,-2816,354816,0/2/130/255,0/2/122/255,T642,T634,S1841,farHaradBushland,consistent pre-V2 opposite-side territory witnesses on the same local biome transition; two shifted contexts agree; cumulative topology preserved
810,3501,0,354688,128,354816,0/2/130/255,0/2/122/255,T642,T634,S1843,farHaradBushland,consistent pre-V2 opposite-side territory witnesses on the same local biome transition; two shifted contexts agree; cumulative topology preserved
1339,3501,67712,354688,67840,354816,0/2/123/255,0/2/121/255,T635,T633,S1844,farHaradBushland,consistent pre-V2 opposite-side territory witnesses on the same local biome transition; two shifted contexts agree; cumulative topology preserved
1396,3501,75008,354688,75136,354816,0/2/125/255,0/2/121/255,T637,T633,S1845,farHaradBushland,consistent pre-V2 opposite-side territory witnesses on the same local biome transition; two shifted contexts agree; cumulative topology preserved
1397,3501,75136,354688,75264,354816,0/2/125/255,0/2/121/255,T637,T633,S1845,farHaradBushland,consistent pre-V2 opposite-side territory witnesses on the same local biome transition; two shifted contexts agree; cumulative topology preserved
787,3502,-2944,354816,-2816,354944,0/2/130/255,0/2/122/255,T642,T634,S1841,farHaradBushland,consistent pre-V2 opposite-side territory witnesses on the same local biome transition; two shifted contexts agree; cumulative topology preserved
787,3503,-2944,354944,-2816,355072,0/2/130/255,0/2/122/255,T642,T634,S1841,farHaradBushland,consistent pre-V2 opposite-side territory witnesses on the same local biome transition; two shifted contexts agree; cumulative topology preserved
787,3504,-2944,355072,-2816,355200,0/2/130/255,0/2/122/255,T642,T634,S1841,farHaradBushland,consistent pre-V2 opposite-side territory witnesses on the same local biome transition; two shifted contexts agree; cumulative topology preserved
827,3504,2176,355072,2304,355200,0/2/119/255,0/2/122/255,T631,T634,S1846,farHaradBushland,consistent pre-V2 opposite-side territory witnesses on the same local biome transition; two shifted contexts agree; cumulative topology preserved
787,3505,-2944,355200,-2816,355328,0/2/130/255,0/2/122/255,T642,T634,S1841,farHaradBushland,consistent pre-V2 opposite-side territory witnesses on the same local biome transition; two shifted contexts agree; cumulative topology preserved
1334,3505,67072,355200,67200,355328,0/2/123/255,0/2/121/255,T635,T633,S1847,farHaradBushland,consistent pre-V2 opposite-side territory witnesses on the same local biome transition; two shifted contexts agree; cumulative topology preserved
1391,3506,74368,355328,74496,355456,0/2/125/255,0/2/121/255,T637,T633,S1848,farHaradBushland,consistent pre-V2 opposite-side territory witnesses on the same local biome transition; two shifted contexts agree; cumulative topology preserved
1333,3507,66944,355456,67072,355584,0/2/123/255,0/2/121/255,T635,T633,S1849,farHaradBushland,consistent pre-V2 opposite-side territory witnesses on the same local biome transition; two shifted contexts agree; cumulative topology preserved
1333,3508,66944,355584,67072,355712,0/2/123/255,0/2/121/255,T635,T633,S1849,farHaradBushland,consistent pre-V2 opposite-side territory witnesses on the same local biome transition; two shifted contexts agree; cumulative topology preserved
811,3509,128,355712,256,355840,0/2/122/255,0/2/130/255,T634,T642,S1850,farHaradBushlandHills,consistent pre-V2 opposite-side territory witnesses on the same local biome transition; two shifted contexts agree; cumulative topology preserved
1333,3509,66944,355712,67072,355840,0/2/123/255,0/2/121/255,T635,T633,S1849,farHaradBushland,consistent pre-V2 opposite-side territory witnesses on the same local biome transition; two shifted contexts agree; cumulative topology preserved
787,3510,-2944,355840,-2816,355968,0/2/130/255,0/2/122/255,T642,T634,S1851,farHaradBushland,consistent pre-V2 opposite-side territory witnesses on the same local biome transition; two shifted contexts agree; cumulative topology preserved
811,3510,128,355840,256,355968,0/2/122/255,0/2/130/255,T634,T642,S1850,farHaradBushlandHills,consistent pre-V2 opposite-side territory witnesses on the same local biome transition; two shifted contexts agree; cumulative topology preserved
1333,3510,66944,355840,67072,355968,0/2/123/255,0/2/121/255,T635,T633,S1849,farHaradBushland,consistent pre-V2 opposite-side territory witnesses on the same local biome transition; two shifted contexts agree; cumulative topology preserved
811,3511,128,355968,256,356096,0/2/122/255,0/2/130/255,T634,T642,S1850,farHaradBushlandHills,consistent pre-V2 opposite-side territory witnesses on the same local biome transition; two shifted contexts agree; cumulative topology preserved
1383,3511,73344,355968,73472,356096,0/2/125/255,0/2/121/255,T637,T633,S1852,farHaradBushland,consistent pre-V2 opposite-side territory witnesses on the same local biome transition; two shifted contexts agree; cumulative topology preserved
1384,3511,73472,355968,73600,356096,0/2/125/255,0/2/121/255,T637,T633,S1852,farHaradBushland,consistent pre-V2 opposite-side territory witnesses on the same local biome transition; two shifted contexts agree; cumulative topology preserved
1416,3511,77568,355968,77696,356096,0/2/125/255,0/2/121/255,T637,T633,S1853,farHaradBushland,consistent pre-V2 opposite-side territory witnesses on the same local biome transition; two shifted contexts agree; cumulative topology preserved
811,3512,128,356096,256,356224,0/2/122/255,0/2/130/255,T634,T642,S1850,farHaradBushlandHills,consistent pre-V2 opposite-side territory witnesses on the same local biome transition; two shifted contexts agree; cumulative topology preserved
1417,3512,77696,356096,77824,356224,0/2/125/255,0/2/121/255,T637,T633,S1853,farHaradBushland,consistent pre-V2 opposite-side territory witnesses on the same local biome transition; two shifted contexts agree; cumulative topology preserved
811,3513,128,356224,256,356352,0/2/122/255,0/2/130/255,T634,T642,S1850,farHaradBushlandHills,consistent pre-V2 opposite-side territory witnesses on the same local biome transition; two shifted contexts agree; cumulative topology preserved
1334,3513,67072,356224,67200,356352,0/2/123/255,0/2/121/255,T635,T633,S1854,farHaradBushland,consistent pre-V2 opposite-side territory witnesses on the same local biome transition; two shifted contexts agree; cumulative topology preserved
811,3514,128,356352,256,356480,0/2/122/255,0/2/130/255,T634,T642,S1850,farHaradBushlandHills,consistent pre-V2 opposite-side territory witnesses on the same local biome transition; two shifted contexts agree; cumulative topology preserved
1379,3514,72832,356352,72960,356480,0/2/125/255,0/2/121/255,T637,T633,S1855,farHaradBushland,consistent pre-V2 opposite-side territory witnesses on the same local biome transition; two shifted contexts agree; cumulative topology preserved
811,3515,128,356480,256,356608,0/2/122/255,0/2/130/255,T634,T642,S1850,farHaradBushlandHills,consistent pre-V2 opposite-side territory witnesses on the same local biome transition; two shifted contexts agree; cumulative topology preserved
811,3516,128,356608,256,356736,0/2/122/255,0/2/130/255,T634,T642,S1850,farHaradBushlandHills,consistent pre-V2 opposite-side territory witnesses on the same local biome transition; two shifted contexts agree; cumulative topology preserved
811,3517,128,356736,256,356864,0/2/122/255,0/2/130/255,T634,T642,S1850,farHaradBushlandHills,consistent pre-V2 opposite-side territory witnesses on the same local biome transition; two shifted contexts agree; cumulative topology preserved
1376,3517,72448,356736,72576,356864,0/2/121/255,0/2/125/255,T633,T637,S1856,farHaradBushlandHills,consistent pre-V2 opposite-side territory witnesses on the same local biome transition; two shifted contexts agree; cumulative topology preserved
829,3519,2432,356992,2560,357120,0/2/119/255,0/2/122/255,T631,T634,S1857,farHaradBushland,consistent pre-V2 opposite-side territory witnesses on the same local biome transition; two shifted contexts agree; cumulative topology preserved
830,3520,2560,357120,2688,357248,0/2/119/255,0/2/122/255,T631,T634,S1857,farHaradBushland,consistent pre-V2 opposite-side territory witnesses on the same local biome transition; two shifted contexts agree; cumulative topology preserved
1373,3521,72064,357248,72192,357376,0/2/125/255,0/2/121/255,T637,T633,S1858,farHaradBushland,consistent pre-V2 opposite-side territory witnesses on the same local biome transition; two shifted contexts agree; cumulative topology preserved
1334,3522,67072,357376,67200,357504,0/2/123/255,0/2/121/255,T635,T633,S1859,farHaradBushland,consistent pre-V2 opposite-side territory witnesses on the same local biome transition; two shifted contexts agree; cumulative topology preserved
1408,3524,76544,357632,76672,357760,0/2/125/255,0/2/121/255,T637,T633,S1860,farHaradBushland,consistent pre-V2 opposite-side territory witnesses on the same local biome transition; two shifted contexts agree; cumulative topology preserved
1402,3527,75776,358016,75904,358144,0/2/125/255,0/2/121/255,T637,T633,S1861,farHaradBushland,consistent pre-V2 opposite-side territory witnesses on the same local biome transition; two shifted contexts agree; cumulative topology preserved
833,3528,2944,358144,3072,358272,0/2/119/255,0/2/122/255,T631,T634,S1862,farHaradBushland,consistent pre-V2 opposite-side territory witnesses on the same local biome transition; two shifted contexts agree; cumulative topology preserved
1331,3528,66688,358144,66816,358272,0/2/121/255,0/2/123/255,T633,T635,S1863,farHaradJungleEdge,consistent pre-V2 opposite-side territory witnesses on the same local biome transition; two shifted contexts agree; cumulative topology preserved
1373,3528,72064,358144,72192,358272,0/2/125/255,0/2/121/255,T637,T633,S1864,farHaradBushland,consistent pre-V2 opposite-side territory witnesses on the same local biome transition; two shifted contexts agree; cumulative topology preserved
1402,3528,75776,358144,75904,358272,0/2/125/255,0/2/121/255,T637,T633,S1861,farHaradBushland,consistent pre-V2 opposite-side territory witnesses on the same local biome transition; two shifted contexts agree; cumulative topology preserved
1402,3529,75776,358272,75904,358400,0/2/125/255,0/2/121/255,T637,T633,S1861,farHaradBushland,consistent pre-V2 opposite-side territory witnesses on the same local biome transition; two shifted contexts agree; cumulative topology preserved
1402,3530,75776,358400,75904,358528,0/2/125/255,0/2/121/255,T637,T633,S1861,farHaradBushland,consistent pre-V2 opposite-side territory witnesses on the same local biome transition; two shifted contexts agree; cumulative topology preserved
816,3531,768,358528,896,358656,0/2/130/255,0/2/122/255,T642,T634,S1865,farHaradBushland,consistent pre-V2 opposite-side territory witnesses on the same local biome transition; two shifted contexts agree; cumulative topology preserved
817,3531,896,358528,1024,358656,0/2/130/255,0/2/122/255,T642,T634,S1865,farHaradBushland,consistent pre-V2 opposite-side territory witnesses on the same local biome transition; two shifted contexts agree; cumulative topology preserved
818,3531,1024,358528,1152,358656,0/2/130/255,0/2/122/255,T642,T634,S1865,farHaradBushland,consistent pre-V2 opposite-side territory witnesses on the same local biome transition; two shifted contexts agree; cumulative topology preserved
1375,3531,72320,358528,72448,358656,0/2/121/255,0/2/125/255,T633,T637,S1866,farHaradBushlandHills,consistent pre-V2 opposite-side territory witnesses on the same local biome transition; two shifted contexts agree; cumulative topology preserved
1402,3531,75776,358528,75904,358656,0/2/125/255,0/2/121/255,T637,T633,S1861,farHaradBushland,consistent pre-V2 opposite-side territory witnesses on the same local biome transition; two shifted contexts agree; cumulative topology preserved
1328,3534,66304,358912,66432,359040,0/2/123/255,0/2/121/255,T635,T633,S1867,farHaradBushland,consistent pre-V2 opposite-side territory witnesses on the same local biome transition; two shifted contexts agree; cumulative topology preserved
1328,3535,66304,359040,66432,359168,0/2/123/255,0/2/121/255,T635,T633,S1867,farHaradBushland,consistent pre-V2 opposite-side territory witnesses on the same local biome transition; two shifted contexts agree; cumulative topology preserved
1379,3537,72832,359296,72960,359424,0/2/121/255,0/2/125/255,T633,T637,S1868,farHaradBushlandHills,consistent pre-V2 opposite-side territory witnesses on the same local biome transition; two shifted contexts agree; cumulative topology preserved
844,3538,4352,359424,4480,359552,0/2/119/255,0/2/122/255,T631,T634,S1869,farHaradBushland,consistent pre-V2 opposite-side territory witnesses on the same local biome transition; two shifted contexts agree; cumulative topology preserved
845,3538,4480,359424,4608,359552,0/2/119/255,0/2/122/255,T631,T634,S1869,farHaradBushland,consistent pre-V2 opposite-side territory witnesses on the same local biome transition; two shifted contexts agree; cumulative topology preserved
846,3538,4608,359424,4736,359552,0/2/119/255,0/2/122/255,T631,T634,S1869,farHaradBushland,consistent pre-V2 opposite-side territory witnesses on the same local biome transition; two shifted contexts agree; cumulative topology preserved
847,3538,4736,359424,4864,359552,0/2/119/255,0/2/122/255,T631,T634,S1869,farHaradBushland,consistent pre-V2 opposite-side territory witnesses on the same local biome transition; two shifted contexts agree; cumulative topology preserved
848,3538,4864,359424,4992,359552,0/2/119/255,0/2/122/255,T631,T634,S1869,farHaradBushland,consistent pre-V2 opposite-side territory witnesses on the same local biome transition; two shifted contexts agree; cumulative topology preserved
849,3538,4992,359424,5120,359552,0/2/119/255,0/2/122/255,T631,T634,S1869,farHaradBushland,consistent pre-V2 opposite-side territory witnesses on the same local biome transition; two shifted contexts agree; cumulative topology preserved
850,3538,5120,359424,5248,359552,0/2/119/255,0/2/122/255,T631,T634,S1869,farHaradBushland,consistent pre-V2 opposite-side territory witnesses on the same local biome transition; two shifted contexts agree; cumulative topology preserved
851,3538,5248,359424,5376,359552,0/2/119/255,0/2/122/255,T631,T634,S1869,farHaradBushland,consistent pre-V2 opposite-side territory witnesses on the same local biome transition; two shifted contexts agree; cumulative topology preserved
852,3538,5376,359424,5504,359552,0/2/119/255,0/2/122/255,T631,T634,S1869,farHaradBushland,consistent pre-V2 opposite-side territory witnesses on the same local biome transition; two shifted contexts agree; cumulative topology preserved
1379,3538,72832,359424,72960,359552,0/2/121/255,0/2/125/255,T633,T637,S1868,farHaradBushlandHills,consistent pre-V2 opposite-side territory witnesses on the same local biome transition; two shifted contexts agree; cumulative topology preserved
1400,3539,75520,359552,75648,359680,0/2/125/255,0/2/121/255,T637,T633,S1870,farHaradBushland,consistent pre-V2 opposite-side territory witnesses on the same local biome transition; two shifted contexts agree; cumulative topology preserved
1381,3541,73088,359808,73216,359936,0/2/125/255,0/2/121/255,T637,T633,S1871,farHaradBushland,consistent pre-V2 opposite-side territory witnesses on the same local biome transition; two shifted contexts agree; cumulative topology preserved
831,3542,2688,359936,2816,360064,0/2/130/255,0/2/122/255,T642,T634,S1872,farHaradBushland,consistent pre-V2 opposite-side territory witnesses on the same local biome transition; two shifted contexts agree; cumulative topology preserved
857,3542,6016,359936,6144,360064,0/2/119/255,0/2/122/255,T631,T634,S1873,farHaradBushland,consistent pre-V2 opposite-side territory witnesses on the same local biome transition; two shifted contexts agree; cumulative topology preserved
1381,3542,73088,359936,73216,360064,0/2/125/255,0/2/121/255,T637,T633,S1871,farHaradBushland,consistent pre-V2 opposite-side territory witnesses on the same local biome transition; two shifted contexts agree; cumulative topology preserved
858,3543,6144,360064,6272,360192,0/2/119/255,0/2/122/255,T631,T634,S1873,farHaradBushland,consistent pre-V2 opposite-side territory witnesses on the same local biome transition; two shifted contexts agree; cumulative topology preserved
832,3544,2816,360192,2944,360320,0/2/130/255,0/2/122/255,T642,T634,S1874,farHaradBushland,consistent pre-V2 opposite-side territory witnesses on the same local biome transition; two shifted contexts agree; cumulative topology preserved
832,3545,2816,360320,2944,360448,0/2/130/255,0/2/122/255,T642,T634,S1874,farHaradBushland,consistent pre-V2 opposite-side territory witnesses on the same local biome transition; two shifted contexts agree; cumulative topology preserved
860,3545,6400,360320,6528,360448,0/2/119/255,0/2/122/255,T631,T634,S1875,farHaradBushland,consistent pre-V2 opposite-side territory witnesses on the same local biome transition; two shifted contexts agree; cumulative topology preserved
1399,3545,75392,360320,75520,360448,0/2/125/255,0/2/121/255,T637,T633,S1876,farHaradBushland,consistent pre-V2 opposite-side territory witnesses on the same local biome transition; two shifted contexts agree; cumulative topology preserved
833,3546,2944,360448,3072,360576,0/2/130/255,0/2/122/255,T642,T634,S1874,farHaradBushland,consistent pre-V2 opposite-side territory witnesses on the same local biome transition; two shifted contexts agree; cumulative topology preserved
1399,3546,75392,360448,75520,360576,0/2/125/255,0/2/121/255,T637,T633,S1876,farHaradBushland,consistent pre-V2 opposite-side territory witnesses on the same local biome transition; two shifted contexts agree; cumulative topology preserved
864,3547,6912,360576,7040,360704,0/2/119/255,0/2/122/255,T631,T634,S1877,farHaradBushland,consistent pre-V2 opposite-side territory witnesses on the same local biome transition; two shifted contexts agree; cumulative topology preserved
1399,3547,75392,360576,75520,360704,0/2/125/255,0/2/121/255,T637,T633,S1876,farHaradBushland,consistent pre-V2 opposite-side territory witnesses on the same local biome transition; two shifted contexts agree; cumulative topology preserved
866,3548,7168,360704,7296,360832,0/2/119/255,0/2/122/255,T631,T634,S1878,farHaradBushland,consistent pre-V2 opposite-side territory witnesses on the same local biome transition; two shifted contexts agree; cumulative topology preserved
867,3548,7296,360704,7424,360832,0/2/119/255,0/2/122/255,T631,T634,S1878,farHaradBushland,consistent pre-V2 opposite-side territory witnesses on the same local biome transition; two shifted contexts agree; cumulative topology preserved
868,3548,7424,360704,7552,360832,0/2/119/255,0/2/122/255,T631,T634,S1878,farHaradBushland,consistent pre-V2 opposite-side territory witnesses on the same local biome transition; two shifted contexts agree; cumulative topology preserved
869,3548,7552,360704,7680,360832,0/2/119/255,0/2/122/255,T631,T634,S1878,farHaradBushland,consistent pre-V2 opposite-side territory witnesses on the same local biome transition; two shifted contexts agree; cumulative topology preserved
870,3548,7680,360704,7808,360832,0/2/119/255,0/2/122/255,T631,T634,S1878,farHaradBushland,consistent pre-V2 opposite-side territory witnesses on the same local biome transition; two shifted contexts agree; cumulative topology preserved
871,3548,7808,360704,7936,360832,0/2/119/255,0/2/122/255,T631,T634,S1878,farHaradBushland,consistent pre-V2 opposite-side territory witnesses on the same local biome transition; two shifted contexts agree; cumulative topology preserved
872,3548,7936,360704,8064,360832,0/2/119/255,0/2/122/255,T631,T634,S1878,farHaradBushland,consistent pre-V2 opposite-side territory witnesses on the same local biome transition; two shifted contexts agree; cumulative topology preserved
873,3548,8064,360704,8192,360832,0/2/119/255,0/2/122/255,T631,T634,S1878,farHaradBushland,consistent pre-V2 opposite-side territory witnesses on the same local biome transition; two shifted contexts agree; cumulative topology preserved
874,3548,8192,360704,8320,360832,0/2/119/255,0/2/122/255,T631,T634,S1878,farHaradBushland,consistent pre-V2 opposite-side territory witnesses on the same local biome transition; two shifted contexts agree; cumulative topology preserved
875,3548,8320,360704,8448,360832,0/2/119/255,0/2/122/255,T631,T634,S1878,farHaradBushland,consistent pre-V2 opposite-side territory witnesses on the same local biome transition; two shifted contexts agree; cumulative topology preserved
876,3548,8448,360704,8576,360832,0/2/119/255,0/2/122/255,T631,T634,S1878,farHaradBushland,consistent pre-V2 opposite-side territory witnesses on the same local biome transition; two shifted contexts agree; cumulative topology preserved
877,3548,8576,360704,8704,360832,0/2/119/255,0/2/122/255,T631,T634,S1878,farHaradBushland,consistent pre-V2 opposite-side territory witnesses on the same local biome transition; two shifted contexts agree; cumulative topology preserved
878,3548,8704,360704,8832,360832,0/2/119/255,0/2/122/255,T631,T634,S1878,farHaradBushland,consistent pre-V2 opposite-side territory witnesses on the same local biome transition; two shifted contexts agree; cumulative topology preserved
879,3548,8832,360704,8960,360832,0/2/119/255,0/2/122/255,T631,T634,S1878,farHaradBushland,consistent pre-V2 opposite-side territory witnesses on the same local biome transition; two shifted contexts agree; cumulative topology preserved
880,3548,8960,360704,9088,360832,0/2/119/255,0/2/122/255,T631,T634,S1878,farHaradBushland,consistent pre-V2 opposite-side territory witnesses on the same local biome transition; two shifted contexts agree; cumulative topology preserved
881,3548,9088,360704,9216,360832,0/2/119/255,0/2/122/255,T631,T634,S1878,farHaradBushland,consistent pre-V2 opposite-side territory witnesses on the same local biome transition; two shifted contexts agree; cumulative topology preserved
882,3548,9216,360704,9344,360832,0/2/119/255,0/2/122/255,T631,T634,S1878,farHaradBushland,consistent pre-V2 opposite-side territory witnesses on the same local biome transition; two shifted contexts agree; cumulative topology preserved
839,3549,3712,360832,3840,360960,0/2/130/255,0/2/122/255,T642,T634,S1879,farHaradBushland,consistent pre-V2 opposite-side territory witnesses on the same local biome transition; two shifted contexts agree; cumulative topology preserved
840,3549,3840,360832,3968,360960,0/2/130/255,0/2/122/255,T642,T634,S1879,farHaradBushland,consistent pre-V2 opposite-side territory witnesses on the same local biome transition; two shifted contexts agree; cumulative topology preserved
885,3549,9600,360832,9728,360960,0/2/122/255,0/2/119/255,T634,T631,S1880,farHaradJungleEdge,consistent pre-V2 opposite-side territory witnesses on the same local biome transition; two shifted contexts agree; cumulative topology preserved
886,3549,9728,360832,9856,360960,0/2/122/255,0/2/119/255,T634,T631,S1880,farHaradJungleEdge,consistent pre-V2 opposite-side territory witnesses on the same local biome transition; two shifted contexts agree; cumulative topology preserved
888,3550,9984,360960,10112,361088,0/2/119/255,0/2/122/255,T631,T634,S1881,farHaradBushland,consistent pre-V2 opposite-side territory witnesses on the same local biome transition; two shifted contexts agree; cumulative topology preserved
892,3550,10496,360960,10624,361088,0/2/119/255,0/2/122/255,T631,T634,S1882,farHaradBushland,consistent pre-V2 opposite-side territory witnesses on the same local biome transition; two shifted contexts agree; cumulative topology preserved
893,3550,10624,360960,10752,361088,0/2/119/255,0/2/122/255,T631,T634,S1882,farHaradBushland,consistent pre-V2 opposite-side territory witnesses on the same local biome transition; two shifted contexts agree; cumulative topology preserved
1378,3551,72704,361088,72832,361216,0/2/125/255,0/2/121/255,T637,T633,S1883,farHaradBushland,consistent pre-V2 opposite-side territory witnesses on the same local biome transition; two shifted contexts agree; cumulative topology preserved
809,3555,-128,361600,0,361728,0/2/130/255,0/2/122/255,T642,T634,S1884,farHaradBushland,consistent pre-V2 opposite-side territory witnesses on the same local biome transition; two shifted contexts agree; cumulative topology preserved
854,3556,5632,361728,5760,361856,0/2/122/255,0/2/130/255,T634,T642,S1885,farHaradBushlandHills,consistent pre-V2 opposite-side territory witnesses on the same local biome transition; two shifted contexts agree; cumulative topology preserved
810,3557,0,361856,128,361984,0/2/122/255,0/2/130/255,T634,T642,S1886,farHaradBushlandHills,consistent pre-V2 opposite-side territory witnesses on the same local biome transition; two shifted contexts agree; cumulative topology preserved
854,3557,5632,361856,5760,361984,0/2/122/255,0/2/130/255,T634,T642,S1885,farHaradBushlandHills,consistent pre-V2 opposite-side territory witnesses on the same local biome transition; two shifted contexts agree; cumulative topology preserved
810,3558,0,361984,128,362112,0/2/122/255,0/2/130/255,T634,T642,S1886,farHaradBushlandHills,consistent pre-V2 opposite-side territory witnesses on the same local biome transition; two shifted contexts agree; cumulative topology preserved
810,3560,0,362240,128,362368,0/2/130/255,0/2/122/255,T642,T634,S1887,farHaradBushland,consistent pre-V2 opposite-side territory witnesses on the same local biome transition; two shifted contexts agree; cumulative topology preserved
857,3563,6016,362624,6144,362752,0/2/130/255,0/2/122/255,T642,T634,S1888,farHaradBushland,consistent pre-V2 opposite-side territory witnesses on the same local biome transition; two shifted contexts agree; cumulative topology preserved
1395,3563,74880,362624,75008,362752,0/2/125/255,0/2/121/255,T637,T633,S1889,farHaradBushland,consistent pre-V2 opposite-side territory witnesses on the same local biome transition; two shifted contexts agree; cumulative topology preserved
859,3564,6272,362752,6400,362880,0/2/130/255,0/2/122/255,T642,T634,S1890,farHaradBushland,consistent pre-V2 opposite-side territory witnesses on the same local biome transition; two shifted contexts agree; cumulative topology preserved
860,3564,6400,362752,6528,362880,0/2/130/255,0/2/122/255,T642,T634,S1890,farHaradBushland,consistent pre-V2 opposite-side territory witnesses on the same local biome transition; two shifted contexts agree; cumulative topology preserved
861,3564,6528,362752,6656,362880,0/2/130/255,0/2/122/255,T642,T634,S1890,farHaradBushland,consistent pre-V2 opposite-side territory witnesses on the same local biome transition; two shifted contexts agree; cumulative topology preserved
1394,3564,74752,362752,74880,362880,0/2/125/255,0/2/121/255,T637,T633,S1889,farHaradBushland,consistent pre-V2 opposite-side territory witnesses on the same local biome transition; two shifted contexts agree; cumulative topology preserved
812,3565,256,362880,384,363008,0/2/130/255,0/2/122/255,T642,T634,S1891,farHaradBushland,consistent pre-V2 opposite-side territory witnesses on the same local biome transition; two shifted contexts agree; cumulative topology preserved
1387,3570,73856,363520,73984,363648,0/2/125/255,0/2/121/255,T637,T633,S1892,farHaradBushland,consistent pre-V2 opposite-side territory witnesses on the same local biome transition; two shifted contexts agree; cumulative topology preserved
1311,3578,64128,364544,64256,364672,0/2/123/255,0/2/136/255,T635,T648,S1893,farHaradBushland,consistent pre-V2 opposite-side territory witnesses on the same local biome transition; two shifted contexts agree; cumulative topology preserved
1306,3583,63488,365184,63616,365312,0/2/136/255,0/2/123/255,T648,T635,S1894,farHaradJungleEdge,consistent pre-V2 opposite-side territory witnesses on the same local biome transition; two shifted contexts agree; cumulative topology preserved
1303,3584,63104,365312,63232,365440,0/2/123/255,0/2/136/255,T635,T648,S1895,farHaradBushland,consistent pre-V2 opposite-side territory witnesses on the same local biome transition; two shifted contexts agree; cumulative topology preserved
1304,3584,63232,365312,63360,365440,0/2/123/255,0/2/136/255,T635,T648,S1895,farHaradBushland,consistent pre-V2 opposite-side territory witnesses on the same local biome transition; two shifted contexts agree; cumulative topology preserved
1286,3585,60928,365440,61056,365568,0/2/123/255,0/2/136/255,T635,T648,S1896,farHaradBushland,consistent pre-V2 opposite-side territory witnesses on the same local biome transition; two shifted contexts agree; cumulative topology preserved
1287,3585,61056,365440,61184,365568,0/2/123/255,0/2/136/255,T635,T648,S1896,farHaradBushland,consistent pre-V2 opposite-side territory witnesses on the same local biome transition; two shifted contexts agree; cumulative topology preserved
923,3586,14464,365568,14592,365696,0/2/127/255,0/2/135/255,T639,T647,S1897,farHaradBushland,consistent pre-V2 opposite-side territory witnesses on the same local biome transition; two shifted contexts agree; cumulative topology preserved
1280,3586,60160,365568,60288,365696,0/2/123/255,0/2/136/255,T635,T648,S1896,farHaradBushland,consistent pre-V2 opposite-side territory witnesses on the same local biome transition; two shifted contexts agree; cumulative topology preserved
1281,3586,60288,365568,60416,365696,0/2/123/255,0/2/136/255,T635,T648,S1896,farHaradBushland,consistent pre-V2 opposite-side territory witnesses on the same local biome transition; two shifted contexts agree; cumulative topology preserved
1282,3586,60416,365568,60544,365696,0/2/123/255,0/2/136/255,T635,T648,S1896,farHaradBushland,consistent pre-V2 opposite-side territory witnesses on the same local biome transition; two shifted contexts agree; cumulative topology preserved
1283,3586,60544,365568,60672,365696,0/2/123/255,0/2/136/255,T635,T648,S1896,farHaradBushland,consistent pre-V2 opposite-side territory witnesses on the same local biome transition; two shifted contexts agree; cumulative topology preserved
1284,3586,60672,365568,60800,365696,0/2/123/255,0/2/136/255,T635,T648,S1896,farHaradBushland,consistent pre-V2 opposite-side territory witnesses on the same local biome transition; two shifted contexts agree; cumulative topology preserved
1285,3586,60800,365568,60928,365696,0/2/123/255,0/2/136/255,T635,T648,S1896,farHaradBushland,consistent pre-V2 opposite-side territory witnesses on the same local biome transition; two shifted contexts agree; cumulative topology preserved
931,3590,15488,366080,15616,366208,0/2/127/255,0/2/135/255,T639,T647,S1898,farHaradBushland,consistent pre-V2 opposite-side territory witnesses on the same local biome transition; two shifted contexts agree; cumulative topology preserved
932,3590,15616,366080,15744,366208,0/2/127/255,0/2/135/255,T639,T647,S1898,farHaradBushland,consistent pre-V2 opposite-side territory witnesses on the same local biome transition; two shifted contexts agree; cumulative topology preserved
933,3590,15744,366080,15872,366208,0/2/127/255,0/2/135/255,T639,T647,S1898,farHaradBushland,consistent pre-V2 opposite-side territory witnesses on the same local biome transition; two shifted contexts agree; cumulative topology preserved
934,3590,15872,366080,16000,366208,0/2/127/255,0/2/135/255,T639,T647,S1898,farHaradBushland,consistent pre-V2 opposite-side territory witnesses on the same local biome transition; two shifted contexts agree; cumulative topology preserved
935,3590,16000,366080,16128,366208,0/2/127/255,0/2/135/255,T639,T647,S1898,farHaradBushland,consistent pre-V2 opposite-side territory witnesses on the same local biome transition; two shifted contexts agree; cumulative topology preserved
936,3590,16128,366080,16256,366208,0/2/127/255,0/2/135/255,T639,T647,S1898,farHaradBushland,consistent pre-V2 opposite-side territory witnesses on the same local biome transition; two shifted contexts agree; cumulative topology preserved
937,3590,16256,366080,16384,366208,0/2/127/255,0/2/135/255,T639,T647,S1898,farHaradBushland,consistent pre-V2 opposite-side territory witnesses on the same local biome transition; two shifted contexts agree; cumulative topology preserved
938,3590,16384,366080,16512,366208,0/2/127/255,0/2/135/255,T639,T647,S1898,farHaradBushland,consistent pre-V2 opposite-side territory witnesses on the same local biome transition; two shifted contexts agree; cumulative topology preserved
939,3590,16512,366080,16640,366208,0/2/127/255,0/2/135/255,T639,T647,S1898,farHaradBushland,consistent pre-V2 opposite-side territory witnesses on the same local biome transition; two shifted contexts agree; cumulative topology preserved
940,3590,16640,366080,16768,366208,0/2/127/255,0/2/135/255,T639,T647,S1898,farHaradBushland,consistent pre-V2 opposite-side territory witnesses on the same local biome transition; two shifted contexts agree; cumulative topology preserved
955,3598,18560,367104,18688,367232,0/2/127/255,0/2/135/255,T639,T647,S1899,farHaradBushland,consistent pre-V2 opposite-side territory witnesses on the same local biome transition; two shifted contexts agree; cumulative topology preserved
956,3598,18688,367104,18816,367232,0/2/127/255,0/2/135/255,T639,T647,S1899,farHaradBushland,consistent pre-V2 opposite-side territory witnesses on the same local biome transition; two shifted contexts agree; cumulative topology preserved
957,3598,18816,367104,18944,367232,0/2/127/255,0/2/135/255,T639,T647,S1899,farHaradBushland,consistent pre-V2 opposite-side territory witnesses on the same local biome transition; two shifted contexts agree; cumulative topology preserved
958,3598,18944,367104,19072,367232,0/2/127/255,0/2/135/255,T639,T647,S1899,farHaradBushland,consistent pre-V2 opposite-side territory witnesses on the same local biome transition; two shifted contexts agree; cumulative topology preserved
959,3598,19072,367104,19200,367232,0/2/127/255,0/2/135/255,T639,T647,S1899,farHaradBushland,consistent pre-V2 opposite-side territory witnesses on the same local biome transition; two shifted contexts agree; cumulative topology preserved
963,3600,19584,367360,19712,367488,0/2/127/255,0/2/135/255,T639,T647,S1900,farHaradBushland,consistent pre-V2 opposite-side territory witnesses on the same local biome transition; two shifted contexts agree; cumulative topology preserved
1224,3602,52992,367616,53120,367744,0/2/133/255,0/2/136/255,T645,T648,S1901,farHaradBushland,consistent pre-V2 opposite-side territory witnesses on the same local biome transition; two shifted contexts agree; cumulative topology preserved
1225,3602,53120,367616,53248,367744,0/2/133/255,0/2/136/255,T645,T648,S1901,farHaradBushland,consistent pre-V2 opposite-side territory witnesses on the same local biome transition; two shifted contexts agree; cumulative topology preserved
1226,3602,53248,367616,53376,367744,0/2/133/255,0/2/136/255,T645,T648,S1901,farHaradBushland,consistent pre-V2 opposite-side territory witnesses on the same local biome transition; two shifted contexts agree; cumulative topology preserved
1227,3602,53376,367616,53504,367744,0/2/133/255,0/2/136/255,T645,T648,S1901,farHaradBushland,consistent pre-V2 opposite-side territory witnesses on the same local biome transition; two shifted contexts agree; cumulative topology preserved
1221,3603,52608,367744,52736,367872,0/2/133/255,0/2/136/255,T645,T648,S1902,farHaradBushland,consistent pre-V2 opposite-side territory witnesses on the same local biome transition; two shifted contexts agree; cumulative topology preserved
1219,3604,52352,367872,52480,368000,0/2/133/255,0/2/136/255,T645,T648,S1903,farHaradBushland,consistent pre-V2 opposite-side territory witnesses on the same local biome transition; two shifted contexts agree; cumulative topology preserved
1214,3608,51712,368384,51840,368512,0/2/133/255,0/2/136/255,T645,T648,S1904,farHaradBushland,consistent pre-V2 opposite-side territory witnesses on the same local biome transition; two shifted contexts agree; cumulative topology preserved
1214,3609,51712,368512,51840,368640,0/2/133/255,0/2/136/255,T645,T648,S1904,farHaradBushland,consistent pre-V2 opposite-side territory witnesses on the same local biome transition; two shifted contexts agree; cumulative topology preserved
1201,3614,50048,369152,50176,369280,0/2/133/255,0/2/136/255,T645,T648,S1905,farHaradBushland,consistent pre-V2 opposite-side territory witnesses on the same local biome transition; two shifted contexts agree; cumulative topology preserved
1202,3614,50176,369152,50304,369280,0/2/133/255,0/2/136/255,T645,T648,S1905,farHaradBushland,consistent pre-V2 opposite-side territory witnesses on the same local biome transition; two shifted contexts agree; cumulative topology preserved
1203,3614,50304,369152,50432,369280,0/2/133/255,0/2/136/255,T645,T648,S1905,farHaradBushland,consistent pre-V2 opposite-side territory witnesses on the same local biome transition; two shifted contexts agree; cumulative topology preserved
1204,3614,50432,369152,50560,369280,0/2/133/255,0/2/136/255,T645,T648,S1905,farHaradBushland,consistent pre-V2 opposite-side territory witnesses on the same local biome transition; two shifted contexts agree; cumulative topology preserved
1205,3614,50560,369152,50688,369280,0/2/133/255,0/2/136/255,T645,T648,S1905,farHaradBushland,consistent pre-V2 opposite-side territory witnesses on the same local biome transition; two shifted contexts agree; cumulative topology preserved
1206,3614,50688,369152,50816,369280,0/2/133/255,0/2/136/255,T645,T648,S1905,farHaradBushland,consistent pre-V2 opposite-side territory witnesses on the same local biome transition; two shifted contexts agree; cumulative topology preserved
1207,3614,50816,369152,50944,369280,0/2/133/255,0/2/136/255,T645,T648,S1905,farHaradBushland,consistent pre-V2 opposite-side territory witnesses on the same local biome transition; two shifted contexts agree; cumulative topology preserved
1208,3614,50944,369152,51072,369280,0/2/133/255,0/2/136/255,T645,T648,S1905,farHaradBushland,consistent pre-V2 opposite-side territory witnesses on the same local biome transition; two shifted contexts agree; cumulative topology preserved
1188,3618,48384,369664,48512,369792,0/2/133/255,0/2/136/255,T645,T648,S1906,farHaradBushland,consistent pre-V2 opposite-side territory witnesses on the same local biome transition; two shifted contexts agree; cumulative topology preserved
1189,3618,48512,369664,48640,369792,0/2/133/255,0/2/136/255,T645,T648,S1906,farHaradBushland,consistent pre-V2 opposite-side territory witnesses on the same local biome transition; two shifted contexts agree; cumulative topology preserved
997,3648,23936,373504,24064,373632,0/2/134/255,0/2/135/255,T646,T647,S1907,farHaradBushland,consistent pre-V2 opposite-side territory witnesses on the same local biome transition; two shifted contexts agree; cumulative topology preserved
999,3650,24192,373760,24320,373888,0/2/134/255,0/2/135/255,T646,T647,S1908,farHaradBushland,consistent pre-V2 opposite-side territory witnesses on the same local biome transition; two shifted contexts agree; cumulative topology preserved
1012,3659,25856,374912,25984,375040,0/2/134/255,0/2/135/255,T646,T647,S1909,farHaradBushland,consistent pre-V2 opposite-side territory witnesses on the same local biome transition; two shifted contexts agree; cumulative topology preserved
1013,3660,25984,375040,26112,375168,0/2/134/255,0/2/135/255,T646,T647,S1909,farHaradBushland,consistent pre-V2 opposite-side territory witnesses on the same local biome transition; two shifted contexts agree; cumulative topology preserved
1015,3662,26240,375296,26368,375424,0/2/134/255,0/2/135/255,T646,T647,S1910,farHaradBushland,consistent pre-V2 opposite-side territory witnesses on the same local biome transition; two shifted contexts agree; cumulative topology preserved
1105,3672,37760,376576,37888,376704,0/2/134/255,0/2/137/255,T646,T649,S1911,farHaradBushland,consistent pre-V2 opposite-side territory witnesses on the same local biome transition; two shifted contexts agree; cumulative topology preserved
1106,3672,37888,376576,38016,376704,0/2/134/255,0/2/137/255,T646,T649,S1911,farHaradBushland,consistent pre-V2 opposite-side territory witnesses on the same local biome transition; two shifted contexts agree; cumulative topology preserved
1107,3672,38016,376576,38144,376704,0/2/134/255,0/2/137/255,T646,T649,S1911,farHaradBushland,consistent pre-V2 opposite-side territory witnesses on the same local biome transition; two shifted contexts agree; cumulative topology preserved
1108,3672,38144,376576,38272,376704,0/2/134/255,0/2/137/255,T646,T649,S1911,farHaradBushland,consistent pre-V2 opposite-side territory witnesses on the same local biome transition; two shifted contexts agree; cumulative topology preserved
1109,3672,38272,376576,38400,376704,0/2/134/255,0/2/137/255,T646,T649,S1911,farHaradBushland,consistent pre-V2 opposite-side territory witnesses on the same local biome transition; two shifted contexts agree; cumulative topology preserved
1110,3672,38400,376576,38528,376704,0/2/134/255,0/2/137/255,T646,T649,S1911,farHaradBushland,consistent pre-V2 opposite-side territory witnesses on the same local biome transition; two shifted contexts agree; cumulative topology preserved
1111,3672,38528,376576,38656,376704,0/2/134/255,0/2/137/255,T646,T649,S1911,farHaradBushland,consistent pre-V2 opposite-side territory witnesses on the same local biome transition; two shifted contexts agree; cumulative topology preserved
1094,3673,36352,376704,36480,376832,0/2/134/255,0/2/137/255,T646,T649,S1912,farHaradBushland,consistent pre-V2 opposite-side territory witnesses on the same local biome transition; two shifted contexts agree; cumulative topology preserved
1092,3674,36096,376832,36224,376960,0/2/134/255,0/2/137/255,T646,T649,S1912,farHaradBushland,consistent pre-V2 opposite-side territory witnesses on the same local biome transition; two shifted contexts agree; cumulative topology preserved
1093,3674,36224,376832,36352,376960,0/2/134/255,0/2/137/255,T646,T649,S1912,farHaradBushland,consistent pre-V2 opposite-side territory witnesses on the same local biome transition; two shifted contexts agree; cumulative topology preserved
1074,3678,33792,377344,33920,377472,0/2/134/255,0/2/137/255,T646,T649,S1913,farHaradBushland,consistent pre-V2 opposite-side territory witnesses on the same local biome transition; two shifted contexts agree; cumulative topology preserved
1072,3679,33536,377472,33664,377600,0/2/134/255,0/2/137/255,T646,T649,S1914,farHaradBushland,consistent pre-V2 opposite-side territory witnesses on the same local biome transition; two shifted contexts agree; cumulative topology preserved
